{"STAT3-22323479-MACROPHAGE-MOUSE": ["NBAS", "PIK3R1"], "STAT3-18555785-MESC-MOUSE": ["PLEKHF2", "CAST", "OAT", "DENND4A", "CITED2", "IPP", "HMHA1", "NPL", "PIK3R1", "FOXO3", "KLF3", "KRCC1", "RELN", "CHSY1", "DAAM1", "NNT", "NINJ2", "ARL6IP5", "FLOT2", "SLC39A8", "TCF4", "SSX2IP", "CHST2", "HIST1H2AC"], "SUZ12-20075857-MESC-MOUSE": ["CDKN1C", "PIGZ", "ICAM4", "GALNT10", "MRC2", "LGALS3", "FRAT1", "LBH", "FRAT2", "SLC39A8", "CCDC92", "JAK2", "PITX1", "TMOD1", "NCOA1", "TESC", "LMO2", "SLC11A2", "HMHA1", "ANK1", "SLC7A8", "TST", "TAL1", "BLVRB", "TRIM58", "ZFPM2", "SSX2IP", "OPTN", "CHST2", "SLC22A4", "GYPC", "TRANK1", "ASAP1", "ZC3HAV1", "ABHD5", "SLC30A10", "FOXO3", "UGCG", "RELN", "CHSY1", "CHST11", "MAN2A1", "ST3GAL5", "NRIP3", "ANO10", "SLC25A21", "ANKRD27", "PKLR", "DDHD2", "CYBRD1", "PARP12", "EPOR", "CPEB1", "HIST3H2A", "FKBP1B", "PPT2", "RCOR3", "TMEM9B"], "GABP-19822575-HepG2-human": ["DET1", "PANK2", "IPP", "SLC2A1", "GDE1", "ABHD5", "PCMTD2", "IFT52", "RPS6KC1", "PPP2R3C", "CDC27", "SLC25A21", "CCDC92", "SPG11", "ATP6V1D", "ZNF266", "UPF2", "MKL2", "SS18L1", "UROS", "PRKAB1", "EHD1", "TBC1D5", "HMBS", "TAX1BP3", "PFDN5", "ZNF652"], "MYC-18358816-MESC-mouse": ["CITED2", "AK1", "ASH2L", "ZC3HAV1", "CLCN3", "ALAD", "EPM2AIP1", "RHOT1", "FRAT2", "CCDC53", "ATP6V1D", "VAT1", "ANKRD27", "SS18L1", "EIF2AK1", "UROS", "ATPIF1", "NCOA4", "HMHA1", "SLC30A1", "NME4", "PRKAB1", "CLK4", "PISD", "EHD1", "SLC25A37", "TST", "GLB1", "SLC29A1", "BIRC2"], "RCOR3-21632747-MESC-MOUSE": ["PLEKHF2", "DENND1B", "COL18A1", "NARF", "TRIM52", "SLC2A1", "FOXO3", "GALNT10", "RHD", "CYB5R1", "CCND3", "FRAT1", "RELN", "WDR7", "ATP6V1D", "YWHAH", "PHYH", "TSC22D1", "IQSEC1", "DUSP1", "TESC", "ANXA4", "LMO2", "CYBRD1", "SLC30A1", "KLF3", "ANK1", "PISD", "KAT2B", "TBC1D5", "NINJ2", "BLVRB", "SERPINI1", "SLC29A1", "YPEL5"], "FOXP1-21924763-HESC-HUMAN": ["CDKN1C", "DET1", "CSTB", "ASAH1", "USP15", "OAT", "BTG1", "TUFT1", "CITED2", "IQGAP2", "CLCN3", "DHTKD1", "ADD2", "THG1L", "UGCG", "HMGCL", "FRAT1", "RHOT1", "FRAT2", "CHST11", "BSG", "NEU1", "ARL6IP5", "HIST1H2AE", "TP53BP2", "FLOT2", "TNNI3", "AHSP", "DCAF10", "CCDC92", "SPG11", "ATP6V1D", "VAT1", "FKBPL", "PKLR", "TSC22D1", "DENND4A", "DUSP1", "SLC11A2", "TRIP4", "PRKAB1", "DAAM1", "TXNIP", "S100A4", "TCF4", "AIDA", "RCOR3", "BIRC2"], "RAD21-21589869-MESC-MOUSE": ["GYPA", "GRN", "CITED2", "MGST3", "AK1", "SLC2A1", "TRANK1", "UGCG", "UROD", "MAN2A1", "ERMAP", "YWHAH", "KLF10", "PHYH", "SERPINF1", "EIF2AK1", "BPGM", "DERA", "SLC25A37", "NPC2", "CAT", "ARMCX6", "PPT2", "ST6GALNAC4", "CHST2"], "JARID1A-20064375-MESC-MOUSE": ["OSBPL9", "GRN", "FKBPL", "MGST3", "SS18L1", "UROS", "STX8", "ATPIF1", "SLC10A3", "TRIP4", "PIGZ", "CLCN3", "IFT52", "HMGCL", "NPC2", "SERHL", "TPP1", "TAX1BP3", "TCF4", "ATP6V1D", "PFDN5", "BIRC2"], "NANOG-18692474-MESC-mouse": ["PLEKHF2", "DET1", "CDKN1B", "SLC2A1", "PCTP", "GLRX", "ZC3HAV1", "CLCN3", "TSPAN32", "RHD", "ARHGAP12", "UGCG", "CCND3", "FRAT2", "CHSY1", "MAN2A1", "ARL6IP5", "NSF", "CAST", "DUSP1", "NCOA4", "SLC30A1", "STAM", "KLF3", "CLK4", "GFI1B", "GLB1", "TCF4", "SLC29A1", "YPEL5", "FRYL"], "TP63-22573176-HFKS-HUMAN": ["COL18A1", "GRN", "EPB42", "TNXA", "ASH2L", "FOXO3", "KRCC1", "CYP3A5", "GALNT10", "CYB5R1", "EPM2AIP1", "SCPEP1", "LBH", "GPNMB", "CHSY1", "CHST11", "RPS6KC1", "NNT", "PSAP", "ST3GAL5", "FLOT2", "ANXA2", "IQSEC1", "SERPINF1", "SS18L1", "LMO2", "DDHD2", "BPGM", "ABCA8", "KLF3", "PRKAB1", "PISD", "GFI1B", "DAAM1", "SLC7A8", "RASA4", "FEZ1", "FKBP1B", "TXNIP", "TCF4", "RCOR3", "SLC29A1", "OPTN", "ZNF652"], "HOXA2-22223247-E11.5 EMBRYO-MOUSE": ["HIST1H2AE"], "REST-21632747-MESC-MOUSE": ["PLEKHF2", "CDKN1C", "COL18A1", "NBAS", "TRANK1", "ABHD5", "KRCC1", "GALNT10", "LGALS3", "RELN", "RPS6KC1", "PPP2R3C", "LONP2", "SLC25A21", "WDR7", "YWHAH", "NSF", "IQSEC1", "ANXA4", "KLF3", "PRKAB1", "ANK1", "PISD", "GALC", "GFI1B", "RRAGC", "TBC1D5", "TCF4", "YPEL5"], "SRY-25088423-EMBRYONIC GONADS-MOUSE": ["PLEKHF2", "CSTB", "BTG2", "CLIC3", "NARF", "SLC2A1", "GDE1", "PIK3R3", "MOSPD1", "PIGZ", "ICAM4", "GLRX", "FOXO3", "TSPAN32", "PCMTD2", "ALAD", "BSG", "NRIP3", "KCNN4", "ERMAP", "CTSB", "KLF10", "MKL2", "SLC30A9", "SERPINF1", "ANXA4", "HMHA1", "SLC30A1", "NME4", "ATG14", "PRKAB1", "ANK1", "PISD", "SH3YL1", "XK", "SLC7A8", "RASA4", "FEZ1", "SERPINI1", "SSX2IP", "PFDN5"], "SIN3B-21632747-MESC-MOUSE": ["GRN", "OAT", "CITED2", "AK1", "SLC2A1", "ABHD5", "GALNT10", "DHTKD1", "THG1L", "IFT52", "LGALS3", "COL4A3BP", "TUBB6", "RELN", "FRAT2", "SCP2", "CHSY1", "MAN2A2", "UROD", "PSAP", "LONP2", "SLC25A21", "WDR7", "JAK2", "NSF", "VAT1", "PHYH", "PLA2G12A", "FKBPL", "DUSP1", "ANXA4", "STX8", "ATPIF1", "SLC10A3", "SLC11A2", "STAM", "KLF3", "PRKAB1", "ANK1", "EHD1", "RRAGC", "TPP1", "SERPINI1", "YPEL5", "ST6GALNAC4", "CHST2"], "POU5F1-18692474-MESC-mouse": ["PLEKHF2", "DET1", "GRN", "NARF", "CITED2", "AK1", "SLC2A1", "ASH2L", "ZC3HAV1", "CLCN3", "TSPAN32", "RHD", "ADD2", "CYB5R1", "UGCG", "HMGCL", "SCPEP1", "CCND3", "FRAT1", "FRAT2", "UROD", "NNT", "IMPA2", "FLOT2", "TNNI3", "NSF", "CAST", "PHYH", "TSC22D1", "DUSP1", "HMHA1", "STAM", "KLF3", "PRKAB1", "ANK1", "SEPP1", "EHD1", "CARHSP1", "TST", "TXNIP", "TCF4", "SLC29A1", "YPEL5", "SSX2IP", "FRYL", "BIRC2"], "KDM5B-21448134-MESC-MOUSE": ["ASAH1", "USP15", "SLC22A5", "SLC2A1", "ASH2L", "PCTP", "IQGAP2", "SCPEP1", "COL4A3BP", "RHOT1", "SNX2", "PPP2R3C", "CDC27", "FBXO3", "SLC25A21", "CEP192", "SPG11", "PITX1", "CTSB", "OSBPL9", "STX8", "LMO2", "STX7", "NCOA4", "DDHD2", "CYBRD1", "TRIP4", "STAM", "PRKAB1", "ANK1", "CLK4", "DERA", "KAT2B", "RRAGC", "DAAM1", "SLC7A8", "TAL1", "NPC2", "TTC3", "SERPINI1", "AIDA", "ZFPM2"], "SETDB1-19884257-MESC-mouse": ["COL18A1", "TRIM52", "FOXO3", "GALNT10", "EPM2AIP1", "CCND3", "LBH", "PSAP", "ANO10", "HBQ1", "ATP6V1D", "PITX1", "IQSEC1", "DUSP1", "SERPINF1", "LMO2", "STAM", "KLF1", "SLC7A8", "GLB1", "FEZ1", "SERHL", "AIDA", "SLC29A1", "CHST2", "TJP2"], "TET1-21451524-MESC-MOUSE": ["COL18A1", "NBAS", "DUSP1", "STX7", "SORD", "GDE1", "CYBRD1", "HMHA1", "CPOX", "SLC4A1", "PPOX", "KRCC1", "SEPP1", "EHD1", "FRAT1", "SCP2", "RASA4", "PSAP", "TXNIP", "TNNI3", "SLC29A1"], "TP63-17297297-HaCaT-human": ["CDKN1C", "SERPINF1"]}