{"GTGGTGA,MIR-197": ["DNM1"], "AAGGGAT,MIR-188": ["PDE4A"], "AGCGCAG,MIR-191": ["SPEN"], "GCAAGGA,MIR-502": ["MID1"], "ACCAATC,MIR-509": ["RAB5C"], "CCAGGTT,MIR-490": ["SLC6A6"], "AACGGTT,MIR-451": ["SAMD4B"], "TACAATC,MIR-508": ["TAB3"], "GTCAACC,MIR-380-5P": ["MICAL2"], "CTCTATG,MIR-368": ["CACNA1G"], "ACAACTT,MIR-382": ["LPPR2"], "CCCACAT,MIR-299-3P": ["MAPRE3"], "AAGTCCA,MIR-422B,MIR-422A": ["PRKAR2A"], "TAGAACC,MIR-182": ["FXR2"], "GCGCCTT,MIR-525,MIR-524": ["HES1"], "TCTGATC,MIR-383": ["SAMD4B"], "CCTGAGT,MIR-510": ["ZDHHC9"], "CTAGGAA,MIR-384": ["PRDM4"], "CAGTCAC,MIR-134": ["ZDHHC9"], "GCGCTTT,MIR-518B,MIR-518C,MIR-518D": ["NFE2L1"]}