{"RFX5_K562_hg19": ["RAB5C", "FAM46C", "LAMB2", "NR1D1", "ANAPC11", "PER1", "GGA1", "ZMYM1", "ZDHHC9", "FAM195B", "FASTK", "ID1", "TSPAN4", "PDE4A", "MAN1B1", "SEPHS2", "POLR2K", "MAP3K11"], "TCF12_MCF-7_hg19": ["HES1", "NFE2L2"], "CTCF_IMR-90_hg19": ["ABCA2", "PRDM4", "TSTD2", "GRIN2C", "DNM1", "MED12L", "LRRC41", "RPGR", "ANAPC11", "SEC14L1", "GPC1", "C1QBP", "TYRO3", "PDE4A", "MAPT", "POLR2H", "SNCB", "DPEP3"], "POLR2A_GM12891_hg19": ["MIDN", "CCNK", "RAB5C", "CCNT1", "PKD2", "SLC9A1", "ZDHHC4", "ANAPC11", "GGA1", "ZMYM1", "KLC2", "FASTK", "ASNA1", "PRKAR2A", "C1QBP", "EXOSC8", "CPSF3L", "POLR2H", "PLA2G12A", "MKL1", "MYO9B", "PPRC1", "RNF167", "NPLOC4", "MIS18A", "PACS2", "MOB2", "ID1", "ARF5"], "YY1_K562_hg19": ["CCNK", "RBM15", "PRDM4", "WIZ", "SLC4A2", "PKD2", "LRRC41", "EPN1", "CELSR3", "SREBF2", "ANAPC11", "FAM189B", "RPS14", "MED25", "TMEM223", "MIS18A", "PCF11", "FASTK", "ASNA1", "TAB3", "MAN1B1", "NAT9"], "E2F4_GM12878_hg19": ["ATF7IP", "OFD1", "RAB5C", "FAM46C", "MKL1", "HAUS4", "ZDHHC4", "NRGN", "ANAPC11", "ZMYM1", "MIS18A", "FASTK", "C1QBP", "ID1", "TSPAN4", "MAN1B1", "POLR2H", "FAM60A"], "EP300_MCF-7_hg19": ["HES1", "NFE2L2"], "EP300_GM12878_hg19": ["CCNT1", "SLC4A2", "PKD2", "APEH", "CELSR3", "ZDHHC4", "RPGR", "ANAPC11", "RPS14", "ZMYM1", "KLC2", "DBP", "SEC14L1", "FASTK", "ASNA1", "PRKAR2A", "EXOSC8", "PSMD3", "TSPAN4", "HIVEP1", "HES1", "POLR2H", "SEPHS2", "POLR2K", "OFD1", "ELOVL1", "PLEKHA2", "MYO9B", "LRRC41", "EPN1", "FAM189B", "AHI1", "MED25", "NPLOC4", "ID1", "BHLHE40", "MAN1B1", "FXYD5", "NAT9", "FAM60A", "SSBP4", "MAP3K11", "NFE2L2"], "MAFK_HepG2_hg19": ["CCNK", "SRC", "ZDHHC4", "ANAPC11", "TRIM8", "GGA1", "ZMYM1", "NHSL1", "SEC14L1", "PCF11", "SEC61G", "TSPAN4", "PDE4A", "HES1", "SEPHS2", "ABCA2", "PLA2G4F", "FOXP1", "APBB1IP", "NPLOC4", "ZDHHC9", "MAN1B1", "NAT9", "FAM60A", "MAP3K11", "NFE2L2"], "RXRA_H1-hESC_hg19": ["KCNJ4", "GGA1"], "MAX_HepG2_hg19": ["RAB5C", "WDR1", "WIZ", "NENF", "CABP1", "PKD2", "APEH", "OPLAH", "MED12L", "ZDHHC4", "RPGR", "NHSL1", "SEC61G", "C1QBP", "PSMD3", "HES1", "POLR2K", "PAIP1", "CPT1A", "SVOP", "FAM46C", "MICAL2", "DNM1", "FAM189B", "SLC7A5", "MED25", "MAPT", "ARF5", "NFE2L1"], "GABPA_MEL cell line_mm9": ["NUMBL"], "IRF1_K562_hg19": ["MIDN", "RAB5C", "LENG8", "OPLAH", "GABARAP", "ZDHHC4", "GGA1", "ZMYM1", "TMEM223", "FAM178A", "SEC61G", "C1QBP", "PDE4A", "HES1", "SEPHS2", "POLR2K", "ATF7IP", "VAT1", "PLA2G12A", "MANBA", "TMEM184B", "FAM46C", "HAUS4", "MICAL2", "LRRC41", "EPN1", "FOXP1", "FAM189B", "SLC7A5", "MED25", "NPLOC4", "MIS18A", "ZDHHC9", "ID1", "LPPR2", "MAN1B1", "NAT9", "ARF5", "FAM60A", "SSBP4", "NFE2L1"], "CTCF_GM19238_hg19": ["PRDM4", "FAM46C", "CTNND2", "KCNA2", "GRIN2C", "DNM1", "MED12L", "APBB1IP", "AHI1", "TMEM223", "LPHN1", "NIPAL2", "MOB2", "MAPT", "POLR2H", "SNCB", "DPEP3", "NFE2L2"], "ESRRA_HepG2_hg19": ["ABCA2", "OPLAH"], "JUND_T47D_hg19": ["HES1"], "NANOG_H1-hESC_hg19": ["ID1"], "POLR2A_cortical plate_mm9": ["VAT1", "SEMA6B", "FAM46C", "AGAP1", "NENF", "SLC4A2", "TENC1", "OPLAH", "PPRC1", "ZDHHC4", "TMEM223", "EHD4", "FXR2", "ZFP385A", "MAPRE3", "RIN1", "BLVRA", "SIDT2", "GALK1"], "BRCA1_HepG2_hg19": ["MANBA", "CCNK", "RAB5C", "WDR1", "MKL1", "ANAPC11", "RNF167", "FAM189B", "AHI1", "MED25", "SEC14L1", "ID1", "PDE4A", "TAB3", "HES1", "MAPT", "NAT9", "NFE2L1"], "TAL1_K562_hg19": ["OFD1", "CCNK", "TSTD2", "SLC4A2", "OPLAH", "DNM1", "SLC9A1", "ZDHHC4", "RPGR", "SLC7A5", "AHI1", "RPS14", "MED25", "MIS18A", "PACS2", "C1QBP", "PSMD3", "HES1"]}