{"H3K9ac_NT2-D1_hg19": ["OFD1", "MANBA", "SYT3", "WDR1", "CLSTN1", "WIZ", "NENF", "EPN1", "LRRC1", "GGA1", "FAM178A", "MIS18A", "KIFC2", "FXYD5", "HAP1", "MAP3K11"], "H3K4me1_CH12.LX_mm9": ["GM7120", "H2-T24", "NUMBL", "PPAP2C", "WIZ", "CABP1", "ZMYM1", "KLC2", "DBP", "PRKAR2A", "FAM65A", "GBP3", "SEMA6B", "ABCA2", "MPP2", "SVOP", "PHC1", "PAQR4", "MT2", "NR1D1", "MID1", "GNG13", "KIFC2", "FAM131B", "MOB2", "ID1", "MGP", "MAPRE3", "FXYD5", "MAPT", "RIN1", "BLVRA"], "H3K36me3_astrocyte_hg19": ["ATF7IP", "OFD1", "TMEM184B", "PLEKHA2", "SLC4A2", "GABARAP", "FAM189B", "PABPN1", "ASNA1", "ZMIZ2", "SEC61G", "ID1", "EXOSC8", "POLR2H", "SLC16A2", "SEPHS2", "POLR2K", "MAP3K11"], "H3K27me3_heart_mm9": ["RTN4R", "CLSTN2", "CTNND2", "MPV17L", "RNF208", "ATP10A", "SLC1A6", "MED12L", "MAPK8IP1", "NRGN", "GNG13", "RASD2", "CHST10", "HAP1", "SNCB", "SHANK3", "S100A8", "WNT3"], "H2AFZ_CD14-positive monocyte_hg19": ["OFD1", "NRP2", "CNTNAP1", "TMEM184B", "PRDM4", "CCNT1", "LAMB2", "GPR162", "SLC7A5", "MED25", "DBP", "KIFC2", "C1QBP", "MOB2", "PSMD3", "TRIM35", "MAPT", "NFE2L1"], "H3K9ac_K562_hg19": ["CLSTN1", "TENC1", "ZDHHC4", "ANAPC11", "KLC2", "PCF11", "ZMIZ2", "PSMD3", "POLR2K", "OFD1", "ABCA2", "SYT3", "PHC1", "LAMB2", "MKL1", "MID1", "LRRC41", "EPN1", "NCOR2", "RNF167", "PACS2", "FAM195B", "KIFC2", "TBC1D24", "TRIM35", "MAN1B1", "NAT9", "PFN1", "RIN1", "MAP3K11", "SIDT2"], "H2AFZ_osteoblast_hg19": ["NUMBL", "PLA2G12A", "SVOP", "RAB5C", "CCNT1", "LAMB2", "CLSTN1", "MKL1", "APEH", "SREBF2", "LRRC1", "FOXP1", "SLC6A6", "PACS2", "FAM131B", "TRIM35", "MAN1B1"], "H3K27ac_T-cell acute lymphoblastic leukemia_hg19": ["ABCA2", "PHC1", "TOMM40", "MKL1", "DTX3", "TENC1", "MIS18A", "PACS2", "KIFC2", "ID1", "TRIM35", "NAT9", "PRR12", "SLC16A2", "BLVRA", "POLR2K", "MAP3K11"], "H3K9me3_ES-E14_mm9": ["ATF7IP", "GBP3"], "H2AFZ_myotube_hg19": ["KCNJ4", "MIDN", "WDR1", "FAM46C", "LAMB2", "DNM1", "ZDHHC4", "RPS14", "ZMYM1", "NPLOC4", "PCF11", "ID1", "TYRO3", "TAB3", "HES1", "NAT9", "SIDT2"], "H3K4me3_H1-hESC_hg19": ["OFD1", "RAB5C", "PLEKHA2", "LAMB2", "CTNND2", "CLSTN1", "ZDHHC8", "CELSR3", "NRGN", "GPR162", "AHI1", "PACS2", "FAM195B", "MAN1B1", "FXYD5", "PDLIM4", "BLVRA"], "H3K27ac_myotube_hg19": ["TMEM184B", "NENF", "APEH", "SREBF2", "RPGR", "TRIM8", "RNF167", "SLC7A5", "ZMYM1", "ASNA1", "SEC61G", "CHST10", "TAB3", "HES1", "ARF5", "POLR2K", "MAP3K11", "GBP3"], "H3K4me3_astrocyte_hg19": ["PHC1", "RNPEPL1", "TSTD2", "PLEKHA2", "MPV17L", "MID1", "LRRC1", "GPR162", "AHI1", "MED25", "PACS2", "KIFC2", "ZMIZ2", "PSMD3", "MAN1B1", "MAPT", "NAT9", "POLR2K"], "H3K27ac_bone marrow_mm9": ["ATF7IP", "OFD1", "PHC1", "WDR1", "MICAL2", "LENG8", "LRRC41", "ZMYM1", "AXL", "FASTK", "SEC61G", "CHST10", "EXOSC8", "TSPAN4", "TAB3", "PRR12", "SEPHS2", "2310011J03RIK"], "H3K27ac_keratinocyte_hg19": ["PLA2G4F", "MANBA", "TOMM40", "TSTD2", "LAMB2", "PDGFA", "MYO9B", "APEH", "LRRC1", "RNF167", "FAM189B", "MED25", "KLC2", "NHSL1", "MIS18A", "PACS2", "ZMIZ2"], "H3K79me2_H1-hESC_hg19": ["OFD1", "NUMBL", "RAB5C", "LENG8", "DTX3", "ZDHHC8", "APEH", "LRRC41", "AHI1", "PER1", "MED25", "SEC14L1", "FAM195B", "FASTK", "FAM131B", "ASNA1", "TSPAN4", "NAT9", "CIC"], "H3K79me2_myotube_hg19": ["MIDN", "PAQR4", "MYO9B", "ARHGAP39", "NR1D1", "APEH", "ANAPC11", "HNRNPL", "GGA1", "SEC14L1", "PABPN1", "ASNA1", "TBC1D24", "LPPR2", "POLR2H", "MAP3K11", "GBP3", "SIDT2"], "H3K4me3_brown adipose tissue_mm9": ["ATF7IP", "VAT1", "CLSTN2", "CTNND2", "LENG8", "MID1", "DNM1", "MED12L", "SLC9A1", "FAM189B", "GPR162", "SEC61G", "ZFP385A", "CHST10", "LY6H", "SEPHS2", "PAIP1"], "H3K9ac_A549_hg19": ["SYT3", "CNTNAP1", "PHC1", "MYO9B", "OPLAH", "TUBB4A", "ZDHHC4", "CACNA1G", "GPR162", "AHI1", "MED25", "PACS2", "ZMIZ2", "HAP1", "SNCB", "BLVRA", "MAP3K11"], "H3K4me2_mammary epithelial cell_hg19": ["OFD1", "SYT3", "SVOP", "TSTD2", "AATK", "GRIN2C", "OPLAH", "TUBB4A", "CELSR3", "LRRC1", "ZDHHC4", "GPR162", "AHI1", "MED25", "FAM195B", "RAC3", "MAN1B1", "HAP1"]}