{"STAT6-21828071-BEAS2B-HUMAN": ["PPP4R1", "SLC39A11"], "EBNA2-21746931-IB4-LCL-HUMAN": ["MBTPS1", "RNGTT", "FBXO18", "HIAT1", "BRAF", "IKBKAP", "MYO7A", "TUBG1", "LRP6", "ARNTL", "FAM134C", "TOM1L2", "GM2A", "SYT12", "GRK5", "GNB1", "EHBP1L1", "CNTN2", "PPP1R12C", "CLASP1", "OTUB1"], "RAD21-21589869-MESC-MOUSE": ["GOSR2", "GOLIM4", "DDX20", "MLLT1", "RLBP1", "LRP6", "IFIT2", "COIL", "MED14", "GJC3", "ENC1", "KCNH1", "PKNOX2", "NPFF", "1200014J11RIK", "TTC19", "DHRS3", "UHMK1", "CXCL12", "LATS2", "R3HCC1", "CALU", "VAMP1", "RARB", "AMOTL2", "MALAT1", "CRLF3", "ZFP652", "HIST1H4C", "PPP1R12C", "GPR125", "XKR6", "CNTNAP4"], "VDR-23849224-CD4+-HUMAN": ["ABCD2", "NUP107", "GOSR2", "PRCC", "DDX20", "IRS2", "CRKL", "TGOLN2", "COIL", "HIRA", "UBXN8", "PDK3", "UBXN4", "TNPO2", "ABT1", "FANCM", "STAT1", "PARP2", "DUSP1", "ATRX", "TAF11", "AP2B1", "THNSL1", "FBXO31", "SCAMP2", "KARS", "GLOD4", "CALU", "TMEM106B", "VAMP1", "SCLY", "CD68", "CRLF3", "HIST1H4C", "ANAPC1", "TNRC6B"], "ETS1-20019798-JURKAT-HUMAN": ["ABT1", "SLC30A6", "NUP107", "PANK3", "PARS2", "PRCC", "TAF11", "GTF2H1", "AP2B1", "KLHL24", "TERF2", "COASY", "THAP11", "FBXO31", "SNW1", "HINT3", "UBXN8", "SNIP1", "UBXN4", "LCORL", "PPP1R12C", "TNPO2", "CLASP1"], "EKLF-21900194-ERYTHROCYTE-MOUSE": ["MPST", "SLC38A1", "BTG2", "DTYMK", "GPR89", "TAF12", "PARP2", "PRCC", "CSTF2", "PEPD", "ADD3", "SPTB", "HIRA", "SYNCRIP", "SNW1", "KARS", "EHBP1L1", "SSR1", "EVI5", "EIF4G1"], "SPI1-23547873-NB4-HUMAN": ["GSK3B", "PANK3", "SPPL2A", "GOLIM4", "IFIT2", "SYNCRIP", "MED14", "GM2A", "UBXN8", "MLST8", "PLXNC1", "TNPO2", "APPL1", "ABT1", "SLC30A6", "DUSP1", "NPFF", "TMOD2", "SLC39A11", "RHOJ", "EHBP1L1", "PPP1R12C", "ABCG1", "IFNAR1", "OTUB1", "LUZP1", "TTYH2", "PPM1M", "CSTF2", "DDX20", "MOSPD1", "SNX30", "CBL", "CPLX2", "TGOLN2", "GJC3", "RBBP4", "CHST11", "SPP1", "ZBTB7A", "N4BP1", "RNGTT", "GTF2H1", "TDRD3", "KLHL9", "PTPRC", "SCLY", "CD68", "NIT2"], "TP53-22573176-HFKS-HUMAN": ["CX3CR1", "PTPRT", "KDM5A", "EPHA4", "NLGN1", "KCNH7", "AGL", "PRPF40A", "ELTD1", "PUM1", "ADD3", "DLG2", "RBBP4", "GPR180", "AKAP9", "PHACTR1", "PLCB1", "IFNAR1"], "LMO2-20887958-HPC-7-MOUSE": ["CX3CR1", "SLC23A2", "BTG2", "BMPR2", "PANK3", "MLLT1", "AKAP2", "RLBP1", "AGPAT3", "ADD2", "BCL2L13", "SCUBE1", "GM2A", "NFIL3", "CD34", "N4BP1", "DIAP2", "MPST", "SLC15A2", "TMOD2", "DHRS3", "SCAMP2", "MSH6", "2610005L07RIK", "IMPACT", "PLCB4", "MALAT1"], "SETDB1-19884257-MESC-mouse": ["ZFP445", "ABCD2", "UBA5", "SOX21", "AKAP2", "CRKL", "SCUBE1", "4921524J17RIK", "SPOCK2", "ENC1", "LRRC8A", "PLXNC1", "KCNH1", "ARNT2", "SLC38A1", "MYEF2", "RNGTT", "RYK", "DUSP1", "ZFP617", "KLHL24", "TEX2", "THNSL1", "GBAS", "SCAMP2", "KLHL9", "MSH6", "IMPACT", "RFXAP", "PXMP4", "MALAT1", "SCLY", "LCORL", "CDS2", "TNRC6B"], "RELA-24523406-FIBROSARCOMA-HUMAN": ["ARNT2", "SDC4", "STAT1", "DUSP1", "SPPL2A", "RNASE4", "AQP4", "AP2B1", "INHBA", "CPLX2", "F3", "AR", "GCLC", "GRIN2A", "RBBP4", "GRK5", "KCNMA1", "SPP1", "AMOTL2", "CD34"], "FOXP3-21729870-TREG-HUMAN": ["SRPK2", "KDM5A", "NUP107", "FANCM", "NAB1", "PRCC", "SLC39A11", "PRPF40A", "ADAR", "TEX2", "GATAD2B", "THAP11", "GCLC", "ALKBH5", "PPP3CB", "MLST8", "TADA1", "LRRC8A", "HIST1H4C", "TNPO2", "CLASP1", "LIMS1"], "RBPJ-22232070-NCS-MOUSE": ["EPHA4", "BMPR2"], "EZH2-22144423-EOC-HUMAN": ["CACNA1B", "PKNOX2"], "SPI1-20517297-HL60-HUMAN": ["SLC38A1", "TTYH2", "HIAT1", "MYO7A", "TUBG1", "TERF2", "TM7SF2", "FAM134C", "GRIN2A", "SYT12", "CALU", "CNTN2", "TMEM106B", "HIST1H4C", "NPTXR", "ABCG1", "IFNAR1"], "TET1-21490601-MESC-MOUSE": ["CYFIP2", "SDC4", "LUZP1", "UBA5", "IKBKAP", "SOX21", "SLC8A2", "FAM134C", "PPP3CB", "SCUBE1", "CHST11", "NFIL3", "ENC1", "MLST8", "PMS2", "N4BP1", "KCNH1", "CHRNB2", "SLC12A5", "SDF2L1", "STAT1", "TMOD2", "IFFO2", "TUBG1", "CACNB4", "LATS2", "KCNMA1", "AMOTL2", "ABCG1"], "STAT5-23275557-MAMMARY-EPITHELIUM-MOUSE": ["PANK3", "SLC15A2", "STAT1", "DDX20", "IRGM2", "B3GALT5", "TEX2", "CBL", "2810474O19RIK", "SYNCRIP", "KLF6", "GM2A", "GPR180", "JKAMP", "ARIH1", "ZFP652", "PPP1R12C", "LIMS1"], "FOXP1-22492998-STRATIUM-MOUSE": ["BCL11B"], "FLI1-20887958-HPC-7-MOUSE": ["KDM5A", "SLC23A2", "PPM1M", "PARS2", "SNX30", "ADD3", "IFIT2", "BCL2L13", "SCUBE1", "CHST11", "SNIP1", "SRP54A", "UBXN4", "ZBTB7A", "TNS1", "MYLIP", "RNASE4", "AP2B1", "KLF2", "COASY", "MSH6", "2610005L07RIK", "ZEB2", "IMPACT", "CALU", "TMEM106B", "HIST1H4C", "IFNAR1"], "GATA1-19941827-MEL-mouse": ["CYFIP2", "BTG2", "NLGN1", "HDLBP", "SNX30", "SOBP", "ADD3", "GLG1", "ACACA", "ADD2", "BCL2L13", "GRK5", "ATXN7", "PLXNC1", "ZFP146", "EVI5", "MPST", "MBTPS1", "RHBDD1", "CSNK1E", "TEX2", "PUM1", "DNM3", "EHBP1L1", "CCDC6", "CRLF3", "LIMS1", "TNRC6B"]}