{"MYC::MAX (human)": ["FAM101B"], "REST (human)": ["FAM101B"], "HNRNPK (human)": ["PRPF40A"], "PLAG1 (human)": ["FAM101B"], "NR1H2::RXRA (human)": ["FAM101B"], "INSM1 (human)": ["FAM101B"], "Tcfcp2l1 (mouse)": ["DSCAM"], "MIZF (human)": ["FAM101B"], "SOX2 (human)": ["OTUD7B"], "RXR::RAR_DR5 (human)": ["FAM101B"], "CTCF (human)": ["FAM101B"], "SMAD3 (human)": ["PLXNC1", "PPP1R12C"], "CPEB1 (human)": ["SCLY"], "RXRA::VDR (human)": ["FAM101B"], "RREB1 (human)": ["FAM101B"], "RORA_2 (human)": ["FAM101B"], "NHLH1 (human)": ["FAM101B"], "TLX1::NFIC (human)": ["FAM101B"], "IRF1 (human)": ["FAM101B"], "EWSR1-FLI1 (human)": ["FAM101B"]}