{"H3K36me3 Colon Smooth Muscle": ["KDM5A"], "H3K79me2 H9": ["ABT1", "SLC30A6", "DTYMK", "UTP6", "TAF12", "STAT1", "GTF2H1", "FOXRED1", "JKAMP", "CALU", "SERPING1", "MALAT1", "ANAPC1"], "H3K36me3 H1 Derived Mesenchymal Stem Cells": ["MPST", "ALKBH5", "CXCL12", "B3GALT5", "SOWAHA", "ADCY8"], "H3K36me3 Rectal Smooth Muscle": ["PRPF40A"], "H3K4me1 Fetal Brain": ["CYFIP2", "NUP107", "PARS2", "HDLBP", "CIB2", "ADARB1", "SOX21", "FAM134C", "ALKBH5", "SNIP1", "PDK3", "ENPP4", "KCNH1", "PIAS4", "ABT1", "SLC30A6", "SLC38A1", "STARD4", "FBXO18", "ATP11C", "RNASE4", "THNSL1", "FOXP2", "MSH6", "CACNB4", "SERPING1", "MALAT1", "ANAPC1", "SDC4", "CCDC23", "GPR88", "NPRL3", "CPLX2", "ACACA", "GRIN2A", "ATXN7", "SSR1", "GRIA4", "MPST", "SDF2L1", "NEBL", "RHBDD1", "KTI12", "INHBA", "PUM1", "SYT6", "GCLC", "DLG2", "SNW1", "PXMP4", "HIST1H4C", "NIT2", "PTPRT", "BTG2", "ANKRD33B", "IKBKAP", "PEPD", "GM2A", "NCS1", "LRRTM2", "UBXN8", "ARIH1", "ME2", "APPL1", "CAP1", "TRPC5", "PDPK1", "KCND3", "HIAT1", "PARP2", "OLIG2", "SMC1A", "TUBG1", "TERF2", "IMPACT", "LATS2", "RHOJ", "KCNMA1", "TMEM106B", "VAMP1", "RARB", "GPR125", "CNTNAP4", "DTYMK", "KCNA1", "GOSR2", "SNX30", "ADD3", "FOXRED1", "AGPAT3", "ADD2", "ARNTL", "PALMD", "RBBP4", "SPOCK2", "POLR2D", "PMS2", "LRRC8A", "GABRA2", "MBTPS1", "UTP6", "RNGTT", "TAF12", "RYK", "AGL", "TAF11", "DDHD2", "GAD2", "GTF2H1", "PLXDC2", "SUOX", "TTC19", "DHRS3", "TTC8", "KLF6", "GLOD4", "JKAMP", "CCDC6", "SCLY", "TNRC6B"], "H4K20me1 IMR90": ["NAB1", "SPOCK2"], "H3K36me3 Mobilized CD34 Primary Cells": ["LRRTM2"], "H3K9me3 Breast Myoepithelial Cells": ["CSTF2"], "H3K9me3 H1 Derived Mesenchymal Stem Cells": ["OLIG2"], "H3K4me1 Stomach Smooth Muscle": ["CYFIP2", "GABRB2", "BTG2", "CHIC1", "NUP107", "PARS2", "LRRC4", "CIB2", "IKBKAP", "PEPD", "SOX21", "SYNE1", "TM7SF2", "ALKBH5", "UBXN8", "ENPP4", "KCNH1", "APPL1", "STARD4", "SLC15A2", "KCND3", "TMOD2", "SLC39A11", "RNASE4", "MYO7A", "CSNK1E", "OLIG2", "THNSL1", "SMC1A", "DNM3", "TOM1L2", "IMPACT", "CACNB4", "AKAP9", "TMEM106B", "VAMP1", "SOWAHA", "ANAPC1", "RNF34", "LUZP1", "TTYH2", "CABP7", "PDE1A", "PRCC", "CACNA1B", "DDX20", "CPLX2", "ADCY8", "ADD3", "MCHR1", "FOXRED1", "ACACA", "LRP6", "ADD2", "BCL2L13", "PALMD", "NFIL3", "SPOCK2", "LRRC8A", "GRIA4", "GABRA2", "MBTPS1", "NTRK2", "SLC12A5", "RNGTT", "SDF2L1", "FANCM", "NEBL", "RHBDD1", "AGL", "TAF11", "GAD2", "GTF2H1", "KLHL24", "GBAS", "SUOX", "GRHL1", "TTC19", "SYT6", "TTC8", "KLF6", "CXCL12", "TSPAN13", "SNW1", "SYT12", "GLOD4", "CAMK4", "CNTN2", "PXMP4", "SCLY", "CRLF3", "HIST1H4C", "NIT2", "XKR6", "CDS2"], "H3K36me3 Penis Foreskin Fibroblast Primary Cells": ["DTYMK"], "H3K9me3 H1": ["UNC13B", "EPHA4", "NTRK2", "MYLIP", "BTG2", "SDF2L1", "KCND3", "CABP7", "KCNA1", "MLLT1", "SUOX", "SPTB", "GJC3", "HINT3", "SYT12", "GPR180", "GATAD1", "SOWAHA"], "H3K9me1 IMR90": ["KDM5A", "BTG2", "TTC8", "LATS2", "CCDC23", "STAT1", "PDE1A", "UBA5", "SPPL2A", "ADAR", "UBXN4"], "H3K9me3 CD4+ CD25- IL17+ PMA-Ionomcyin stimulated Th17 Primary Cells": ["PARVA"], "H3K36me3 Breast Myoepithelial Cells": ["AKAP2"], "H3K4me1 H1": ["CYFIP2", "NAB1", "SPPL2A", "GOLIM4", "TM7SF2", "IFIT2", "ALKBH5", "KCNH1", "PKNOX2", "PIAS4", "EPHA4", "SLC38A1", "SLC15A2", "FBXO18", "DSCAM", "TMOD2", "MYO7A", "FOXP2", "UHMK1", "SCAMP2", "INPP4A", "MSH6", "CLDN5", "CACNB4", "SERPING1", "IFNAR1", "TTYH2", "GPR88", "CACNA1B", "CPLX2", "ACACA", "BCL2L13", "GJC3", "GRIN2A", "SCUBE1", "GRK5", "IP6K1", "EVI5", "GRIA4", "FZD3", "SDF2L1", "FANCM", "NEBL", "RHBDD1", "KTI12", "PARVA", "PUM1", "GBAS", "THAP11", "CXCL12", "SNW1", "RFXAP", "PXMP4", "AMOTL2", "HIST1H4C", "FGFR3", "NIT2", "GABRB2", "ABCD2", "PEPD", "RLBP1", "SYNE1", "COIL", "ENC1", "MLST8", "PHACTR1", "TNPO2", "KCND3", "DUSP1", "SLC39A11", "OLIG2", "F3", "DNM3", "PLCB4", "LATS2", "RHOJ", "KCNMA1", "TMEM106B", "VAMP1", "RARB", "GPR125", "CNTNAP4", "OTUB1", "PDXK", "LUZP1", "PPM1M", "AMIGO1", "SNX30", "ADCY8", "ADD3", "FOXRED1", "ADD2", "PALMD", "NFIL3", "CNR1", "SPOCK2", "POLR2D", "PMS2", "MBTPS1", "ARNT2", "NTRK2", "TAF12", "AGL", "SUOX", "KLHL9", "TTC8", "KLF6", "GLOD4", "CAMK4", "R3HCC1", "CCDC6", "SCLY", "CD68", "CRLF3"], "H3K36me3 Duodenum Smooth Muscle": ["LRFN1"], "H3K36me3 CD4+ CD25- CD45RA+ Naive Primary Cells": ["GTF2H1"], "H3K9me3 Stomach Mucosa": ["RNGTT"], "H3K9ac Adult Liver": ["GSK3B", "CHIC1", "NAB1", "SPPL2A", "OTUD7B", "CIB2", "PEPD", "CRKL", "COIL", "GM2A", "UBXN8", "MLST8", "ANKFY1", "ARIH1", "ME2", "APPL1", "ABT1", "EPHA4", "TRPC5", "FBXO18", "ATRX", "COMMD2", "PRPF40A", "TEX2", "THNSL1", "SMC1A", "FOXP2", "TOM1L2", "RHOJ", "MALAT1", "PLCB1", "LCORL", "DLD", "ANAPC1", "ABCG1", "DTYMK", "TTYH2", "AMIGO1", "CSTF2", "MOSPD1", "FOXRED1", "ACACA", "LRP6", "ATXN7", "POLR2D", "SPP1", "IP6K1", "DECR2", "CLASP1", "N4BP1", "SRPK2", "MBTPS1", "UTP6", "FZD3", "RNGTT", "SDF2L1", "FANCM", "RHBDD1", "SLC10A3", "PARVA", "GTF2H1", "PLXDC2", "PUM1", "MIB1", "SNW1", "GLOD4", "GNB1", "AMOTL2", "HIST1H4C", "LIMS1"]}