{"GTCTACC,MIR-379": ["TNRC6B"], "CGCTGCT,MIR-503": ["EIF4G1"], "GGTGAAG,MIR-412": ["MBTPS1", "DDX6"], "GTAGGCA,MIR-189": ["SRPK2", "MOSPD1"], "TCTAGAG,MIR-517": ["ARIH1", "TNPO2"], "TGCACGA,MIR-517A,MIR-517C": ["ACACA"], "GGCAGAC,MIR-346": ["LRP6"], "AGTCTAG,MIR-151": ["CACNB4"], "CTCTATG,MIR-368": ["XKR6"], "CCCACAT,MIR-299-3P": ["KCNMA1", "ACACA"], "AGTGCGT,MIR-521": ["TNRC6B"], "TAGAACC,MIR-182": ["CNTN2"], "ATGCACG,MIR-517B": ["CABP7"], "CGCAAAA,MIR-450": ["DSCAM"], "TCCGTCC,MIR-184": ["TNRC6B"], "CCTGAGT,MIR-510": ["RNGTT", "RORB"], "TACGGGT,MIR-99A,MIR-100,MIR-99B": ["FGFR3"], "CTAGGAA,MIR-384": ["MOSPD1", "AQP4"], "ACAACCT,MIR-453": ["BCL11B", "PKNOX2"], "TTCCGTT,MIR-191": ["TMOD2"]}