{"MAFF_HepG2_hg19": ["LUZP1", "CSTF2", "OTUD7B", "COIL", "SYNCRIP", "PALMD", "GM2A", "SSR1", "UBXN4", "A2M", "TNS1", "ABT1", "SLC30A6", "MYLIP", "DUSP1", "COMMD2", "SLC39A11", "KTI12", "PRPF40A", "GTF2H1", "AP2B1", "TUBG1", "COASY", "RHOJ", "CALU", "TADA1", "TMEM106B", "VAMP1", "CD68", "CDS2"], "GABPA_HL-60_hg19": ["KDM5A", "NUP107", "PANK3", "PARS2", "GOSR2", "PRCC", "CSTF2", "SPPL2A", "OTUD7B", "MOSPD1", "HCCS", "MLLT1", "FOXRED1", "HIRA", "BCL2L13", "MED14", "GATAD1", "UBXN8", "SNIP1", "LRRC8A", "CAP1", "SLC30A6", "UTP6", "FBXO18", "TAF12", "FANCM", "STAT1", "TAF11", "COMMD2", "KTI12", "GTF2H1", "TERF2", "COASY", "THAP11", "IMPACT", "SNW1", "KARS", "CALU", "SCLY", "OTUB1"], "BCL11A_H1-hESC_hg19": ["KLF6", "CD68", "DHRS3"], "GABPA_MEL cell line_mm9": ["BRAF", "1200014J11RIK", "1190002N15RIK"], "STAT3_MCF 10A_hg19": ["NUP107", "PARS2", "HDLBP", "ADAR", "PEPD", "RLBP1", "COIL", "FAM134C", "SYNCRIP", "PPP3CB", "HINT3", "GM2A", "GATAD1", "UBXN8", "SNIP1", "UBXN4", "TNS1", "APPL1", "UNC13B", "CAP1", "SLC30A6", "MYLIP", "HIAT1", "COMMD2", "ATP11C", "SMC1A", "TERF2", "MSH6", "LCORL", "DLD", "ABCG1", "NLGN1", "CSTF2", "RBBP4", "SSR1", "IP6K1", "UTP6", "TAF12", "FANCM", "STAT1", "AGL", "TAF11", "GTF2H1", "SUOX", "GCLC", "TTC8", "RFXAP", "TADA1", "AMOTL2", "SCLY", "CD68", "CDS2", "EIF4G1"], "POLR2AphosphoS2_HepG2_hg19": ["KDM5A", "BTG2", "RNF34", "LUZP1", "ADAR", "LRP6", "CRKL", "TGOLN2", "ALKBH5", "GATAD1", "SNIP1", "PMS2", "ME2", "TNPO2", "ABT1", "SLC30A6", "MYLIP", "FBXO18", "STAT1", "TAF11", "DDHD2", "GTF2H1", "SMC1A", "TERF2", "GCLC", "TTC8", "KARS", "GLOD4", "AKAP9", "VAMP1", "FGFR3", "DLD"], "EP300_GM12878_hg19": ["KDM5A", "GSK3B", "ABCD2", "BMPR2", "PANK3", "PARS2", "GOLIM4", "IRS2", "HCCS", "IKBKAP", "TM7SF2", "ALKBH5", "HINT3", "GM2A", "GATAD1", "MLST8", "SNIP1", "PDK3", "PLXNC1", "UBXN4", "TNPO2", "ABT1", "SLC30A6", "ATRX", "PRPF40A", "SMC1A", "TERF2", "COASY", "AKAP9", "VAMP1", "MALAT1", "DLD", "DDX6", "PDXK", "LUZP1", "DDX20", "FOXRED1", "BCL2L13", "GRIN2A", "CHST11", "POLR2D", "PMS2", "SSR1", "EVI5", "MPST", "UTP6", "FANCM", "STAT1", "RHBDD1", "AGL", "TAF11", "DDHD2", "AP2B1", "KLHL24", "PUM1", "TDRD3", "FBXO31", "KLF6", "PTPRC", "GPR180", "GLOD4", "CAMK4", "R3HCC1", "CALU", "TADA1", "CD68", "HIST1H4C"], "FOXP2_PFSK-1_hg19": ["ABT1", "EHBP1L1", "DDX20", "ARIH1"], "MAFK_HepG2_hg19": ["KDM5A", "LUZP1", "KCNA1", "GOSR2", "CSTF2", "OTUD7B", "FOXRED1", "TM7SF2", "COIL", "FAM134C", "PALMD", "SPP1", "PMS2", "SSR1", "UBXN4", "TNPO2", "SCN1A", "UNC13B", "ABT1", "SLC30A6", "MBTPS1", "MYLIP", "TAF12", "PARP2", "DUSP1", "COMMD2", "SLC39A11", "PRPF40A", "GTF2H1", "MYO7A", "AP2B1", "THNSL1", "PUM1", "SUOX", "TUBG1", "COASY", "GCLC", "KLF6", "GLOD4", "JKAMP", "CCDC6", "TADA1", "TMEM106B", "VAMP1", "SCLY", "CD68", "HIST1H4C", "DLD"], "RXRA_H1-hESC_hg19": ["GABRB2", "MYLIP", "OTUD7B", "RARB"], "RELA_GM19193_hg19": ["BTG2", "PANK3", "PRCC", "SPPL2A", "HDLBP", "GOLIM4", "DDX20", "HIRA", "RBBP4", "CHST11", "CLASP1", "CAP1", "STARD4", "FBXO18", "STAT1", "PARP2", "RHBDD1", "PRPF40A", "BRAF", "FBXO31", "KLF6", "R3HCC1", "EHBP1L1", "CCDC6", "PXMP4", "MALAT1", "SCLY", "LCORL", "HIST1H4C", "PPP1R12C"], "SIRT6_H1-hESC_hg19": ["DTYMK", "GOSR2", "CSTF2", "LRP6", "CRKL", "BCL2L13", "RBBP4", "SPOCK2", "UBXN8", "ARIH1", "UNC13B", "SLC30A6", "EPHA4", "TAF12", "PARP2", "RHBDD1", "AGL", "ATRX", "TAF11", "KTI12", "PRPF40A", "PARVA", "GTF2H1", "THNSL1", "PUM1", "SMC1A", "SCAMP2", "TTC8", "SNW1", "CCDC6", "DLD", "IFNAR1"], "REST_HL-60_hg19": ["CHRNB2", "CCDC6", "GAD2", "SLC8A2"], "TCF12_MCF-7_hg19": ["MPST", "ADARB1", "GLG1", "CRKL"], "ELK1_GM12878_hg19": ["DDX6", "DTYMK", "GOSR2", "CSTF2", "SPPL2A", "DDX20", "OTUD7B", "IKBKAP", "COIL", "GATAD1", "POLR2D", "UBXN8", "SNIP1", "ANKFY1", "SSR1", "TNPO2", "ABT1", "RNGTT", "FANCM", "STAT1", "COMMD2", "RNASE4", "AP2B1", "SUOX", "TERF2", "COASY", "KARS", "GLOD4", "R3HCC1", "TADA1", "PXMP4", "XPR1"], "FOS_MCF 10A_hg19": ["OTUD7B", "IRS2", "SYNCRIP", "HINT3", "GM2A", "GATAD1", "SNIP1", "ANKFY1", "ME2", "UBXN4", "TNPO2", "UNC13B", "CAP1", "SLC30A6", "EPHA4", "PARP2", "DUSP1", "COMMD2", "SLC39A11", "PRPF40A", "THNSL1", "TERF2", "COASY", "MSH6", "IMPACT", "LATS2", "TMEM106B", "DLD", "ANAPC1", "IFNAR1", "LUZP1", "UBA5", "CSTF2", "FOXRED1", "BCL2L13", "CHST11", "PMS2", "SSR1", "LRRC8A", "EVI5", "N4BP1", "MBTPS1", "FZD3", "RNGTT", "TAF12", "TAF11", "GTF2H1", "AP2B1", "KLHL24", "PUM1", "GCLC", "GLOD4", "RFXAP", "R3HCC1", "TADA1", "SCLY", "CD68", "NIT2", "EIF4G1"], "ESRRA_HepG2_hg19": ["PDPK1", "KLHL24"], "HCFC1_CH12.LX_mm9": ["DDX6", "SDC4", "GPR89", "PLGRKT", "PRCC", "HCCS", "A230046K03RIK", "TM7SF2", "ALKBH5", "2610507B11RIK", "SNIP1", "PMS2", "ENPP4", "EXTL3", "ABT1", "HIAT1", "KTI12", "GTF2H1", "AP2B1", "PUM1", "COASY", "UHMK1", "MSH6", "2610005L07RIK", "GCLC", "SNW1", "KARS", "GLOD4", "AKAP9", "R3HCC1", "EHBP1L1", "VAMP1"], "NANOG_H1-hESC_hg19": ["KLF6", "RNF34", "SYT6"], "IRF3_GM12878_hg19": ["KDM5A", "DTYMK", "RNF34", "PRCC", "CSTF2", "MLLT1", "FOXRED1", "TM7SF2", "TGOLN2", "PPP3CB", "GM2A", "PMS2", "ENPP4", "ME2", "IP6K1", "APPL1", "SDF2L1", "FBXO18", "TAF12", "FANCM", "TAF11", "PRPF40A", "GTF2H1", "RNASE4", "SUOX", "TDRD3", "CALU", "TADA1", "PXMP4", "VAMP1", "SCLY", "HIST1H4C", "CDS2"]}