{"H3K4me3_SK-N-SH_hg19": ["BMPR2", "IKBKAP", "AGPAT3", "TGOLN2", "ALKBH5", "CNR1", "SPP1", "MLST8", "PLXNC1", "GRIA3", "EPHA4", "TRPC5", "STARD4", "SLC12A5", "HIAT1", "TTC19", "SCAMP2", "INPP4A", "CACNB4", "PLCB4", "MAP1B", "SOWAHA", "LCORL", "GPR125", "TNRC6B"], "H3K4me1_CH12.LX_mm9": ["CX3CR1", "ZFP445", "PDXK", "SDC4", "LUZP1", "CCDC23", "TTYH2", "PLGRKT", "ZFP868", "AMIGO1", "CAMK2A", "ADARB1", "CPLX2", "ADD3", "RLBP1", "SLC8A2", "TM7SF2", "CHST11", "ATXN7", "SPP1", "ENPP4", "UBXN4", "ZFP280D", "TNS1", "SLC30A6", "MBTPS1", "SDF2L1", "RBFOX2", "NPFF", "B3GALT5", "1700020I14RIK", "TERF2", "SPTB", "CCSAP", "DNM3", "FAM101B", "CACNB4", "DLG2", "LATS2", "CAMK4", "RHOJ", "CALU", "PXMP4", "NPTXR", "FGFR3", "XPR1", "ANAPC1", "EIF4G1"], "H3K36me3_mammary epithelial cell_hg19": ["PPM1M", "LRRC4", "ADAR", "FOXRED1", "ACACA", "ATXN7", "PIAS4", "MBTPS1", "SDF2L1", "DSCAM", "PDPK1", "PARP2", "ATRX", "PLEKHA5", "IFFO2", "PARVA", "GTF2H1", "INHBA", "TEX2", "MIB1", "KLHL9", "GLOD4", "AMOTL2", "NIT2", "ANAPC1"], "H3K4me3_kidney epithelial cell_hg19": ["ABCD2", "BMPR2", "IRS2", "MLLT1", "IKBKAP", "RORB", "TGOLN2", "GJC3", "ALKBH5", "MLST8", "PLXNC1", "STARD4", "SLC12A5", "BCL11B", "HIAT1", "DDHD2", "B3GALT5", "SCAMP2", "CACNB4", "PLCB4", "SOWAHA", "LCORL", "HIST1H4C", "GPR125", "TNRC6B"], "H3K4me3_brain_mm9": ["GPR89", "PRCC", "CSTF2", "SPPL2A", "H2-L", "CIB2", "ELTD1", "FOXRED1", "ALKBH5", "HINT3", "POLR2D", "LRRTM2", "UBXN8", "PDK3", "A2M", "STARD4", "NEBL", "PARP2", "COMMD2", "ATP11C", "F3", "KLF2", "TOM1L2", "ZFP322A", "PXMP4", "TNRC6B"], "H3K4me1_lung_mm9": ["PTPRT", "GPR89", "PLGRKT", "CABP7", "AMIGO1", "ADARB1", "AKAP2", "TM7SF2", "BCL2L13", "CNR1", "A2M", "EVI5", "NTRK2", "SLC12A5", "FANCM", "KCND3", "TMOD2", "SLC39A11", "GTF2H1", "SUOX", "TTC19", "AR", "FAM101B", "TTC8", "LRFN1", "KCNMA1"], "H3K9me3_fibroblast of dermis_hg19": ["PTPRT", "GSK3B", "PARS2", "HCCS", "IKBKAP", "CPLX2", "CRKL", "B3GALT1", "RBFOX2", "DSCAM", "DUSP1", "RHBDD1", "GABRA3", "PLEKHA5", "BRAF", "PARVA", "B3GALT5", "TEX2", "F3", "KLHL9", "TTC8", "PTPRC", "CALU", "AMOTL2", "CNTNAP4", "TNRC6B"], "H2AFZ_skeletal muscle myoblast_hg19": ["ABCD2", "PARS2", "GOSR2", "ADAR", "MLLT1", "SNX30", "PEPD", "SOBP", "SOX21", "COIL", "BCL2L13", "GM2A", "POLR2D", "PMS2", "ARIH1", "DECR2", "MBTPS1", "SLC15A2", "PUM1", "SUOX", "TTC8", "SNW1", "CAMK4", "AKAP9", "RHOJ", "EIF4G1"], "H3K36me3_K562_hg19": ["BTG2", "RNH1", "NUP107", "PRCC", "NPRL3", "HDLBP", "DDX20", "LRRC4", "SNX30", "FAM134C", "BCL2L13", "ATXN7", "UBXN8", "DECR2", "CLASP1", "SRPK2", "ABT1", "MPST", "MBTPS1", "SDF2L1", "TAF12", "STAT1", "HIAT1", "DUSP1", "GTF2H1", "SMC1A", "TUBG1", "SPTB", "KARS", "GPR180", "LRFN1", "GNB1", "NIT2", "LIMS1"], "H3K4me3_NT2-D1_hg19": ["ABCD2", "RNF34", "PPM1M", "CABP7", "AMIGO1", "CPLX2", "SPOCK2", "PMS2", "ENPP4", "CAP1", "EPHA4", "DSCAM", "NEBL", "GTF2H1", "TUBG1", "TDRD3", "GLOD4", "AKAP9", "KCNMA1", "PXMP4", "VAMP1", "RARB", "PLCB1", "NIT2", "ANAPC1", "IFNAR1", "TNRC6B"], "H3K9me3_ES-E14_mm9": ["B3GALT5", "ANAPC1", "AKAP2"], "H2AFZ_HeLa-S3_hg19": ["GOSR2", "ADAR", "SNX30", "PEPD", "CRKL", "COIL", "GJC3", "GATAD1", "UBXN8", "SNIP1", "PDK3", "ANKFY1", "ARIH1", "MPST", "RBFOX2", "BRAF", "CSNK1E", "THNSL1", "PUM1", "GBAS", "SCAMP2", "KLHL9", "GLOD4", "TMEM106B", "NPTXR", "ANAPC1"], "H3K4me2_mammary epithelial cell_hg19": ["ANKRD33B", "PPM1M", "CABP7", "AMIGO1", "HDLBP", "SOX21", "RLBP1", "FAM134C", "HIRA", "GJC3", "RBBP4", "UBXN8", "ENPP4", "CLASP1", "GRIA3", "SLC30A6", "ARNT2", "RNGTT", "FBXO18", "TAF12", "SUOX", "TUBG1", "GRHL1", "AR", "HIST1H4C", "ABCG1", "CNTNAP4"], "H3K27me3_HepG2_hg19": ["SLC30A6", "EPHA4", "NLGN1", "TRPC5", "RNGTT", "RNH1", "NUP107", "CCDC23", "PRCC", "HDLBP", "DDX20", "MOSPD1", "AQP4", "SCAMP2", "KLHL9", "COIL", "SNW1", "PALMD", "GLOD4", "UBXN8", "PMS2", "A2M", "HIST1H4C", "ANAPC1"], "H3K4me1_T-cell acute lymphoblastic leukemia_hg19": ["ABCD2", "LUZP1", "TTYH2", "AMIGO1", "HCCS", "SLC8A2", "GJC3", "POLR2D", "SPP1", "UBXN4", "CHRNB2", "FZD3", "SLC12A5", "RBFOX2", "SLC39A11", "KTI12", "GTF2H1", "TTC19", "DHRS3", "TOM1L2", "GPR180", "JKAMP", "AMOTL2", "HIST1H4C", "NIT2", "ABCG1", "EIF4G1"], "H3K4me3_skeletal muscle myoblast_hg19": ["ABCD2", "AMIGO1", "CSTF2", "SNX30", "SOX21", "ACACA", "FAM134C", "HIRA", "GM2A", "UBXN8", "PDK3", "PLXNC1", "SLC30A6", "MBTPS1", "NTRK2", "SLC12A5", "SUOX", "MIB1", "GLOD4", "CAMK4", "RHOJ", "CCDC6", "HIST1H4C", "ANAPC1", "TNRC6B"], "H3K4me2_fibroblast of dermis_hg19": ["DTYMK", "ABCD2", "PPM1M", "AMIGO1", "CSTF2", "CIB2", "FAM134C", "GJC3", "SPP1", "SLC30A6", "EPHA4", "RNGTT", "FBXO18", "TAF12", "FANCM", "SUOX", "TUBG1", "SYT6", "SCAMP2", "GLOD4", "CCDC6", "PLCB1", "HIST1H4C", "ANAPC1", "ABCG1", "TNRC6B"], "H3K79me2_myotube_hg19": ["DTYMK", "PPM1M", "CSTF2", "NPRL3", "HDLBP", "HCCS", "FOXRED1", "ACACA", "COIL", "CHST11", "UBXN8", "DECR2", "APPL1", "SLC30A6", "PARP2", "NPFF", "GBAS", "SUOX", "KLF2", "FAM101B", "KARS", "GLOD4", "PXMP4", "SCLY", "NIT2", "ANAPC1"], "H3K4me2_fibroblast of lung_hg19": ["ABCD2", "AMIGO1", "NPRL3", "CIB2", "ARNTL", "FAM134C", "HIRA", "SYNCRIP", "GJC3", "SPP1", "A2M", "ZBTB7A", "CLASP1", "GRIA3", "SLC30A6", "FZD3", "TAF12", "MYO7A", "OLIG2", "THNSL1", "SUOX", "TUBG1", "TTC19", "SCAMP2", "SERPING1", "ANAPC1"], "H4K20me1_HepG2_hg19": ["CPLX2", "GLG1", "LRP6", "CHST11", "POLR2D", "LRRTM2", "SNIP1", "KCNH1", "ABT1", "UTP6", "SLC12A5", "FBXO18", "STAT1", "KCND3", "RNASE4", "OLIG2", "SMC1A", "COASY", "SCAMP2", "CACNB4", "SNW1", "CAMK4", "RFXAP", "R3HCC1", "DLD"]}