{"ATGTCAC,MIR-489": ["ATP2A3"], "GTCTACC,MIR-379": ["SLC20A1"], "GCGCTTT,MIR-518B,MIR-518C,MIR-518D": ["RAP1B"], "CAGGTCC,MIR-492": ["SERF2"], "AATGGAG,MIR-136": ["MLLT11"], "AGGAGTG,MIR-483": ["PLXNA1"], "TCTATGA,MIR-376A,MIR-376B": ["CEBPB"], "GCTGAGT,MIR-512-5P": ["FAM60A"], "CTCTAGA,MIR-526C,MIR-518F,MIR-526A": ["EGLN3"], "GGTGAAG,MIR-412": ["TMSB4X"], "GCAAGGA,MIR-502": ["DAPK1"], "TCTGATC,MIR-383": ["SHMT2"], "AGGCACT,MIR-515-3P": ["GALE"], "TCTGGAC,MIR-198": ["DAZAP1"], "CTCAAGA,MIR-526B": ["PSME3"], "AGCGCTT,MIR-518F,MIR-518E,MIR-518A": ["RAP1B"], "ACCAATC,MIR-509": ["INSIG1"], "ACACTCC,MIR-122A": ["MSN"], "CTCTATG,MIR-368": ["MEF2C"], "CCCACAT,MIR-299-3P": ["ABCE1"]}