{"EBNA2-21746931-IB4-LCL-HUMAN": ["SPAG4", "SEMA3B", "NTPCR", "ATG14", "ISG20", "RAD52", "SLC7A5", "MRAS", "KLHL5", "LARS", "RRAGD", "CRY1", "TRIB3", "VAMP4", "YPEL4", "ZKSCAN1", "CD44"], "GATA2-20887958-HPC-7-MOUSE": ["POPDC2", "SEC16B", "STEAP3", "TGFB1", "OPN3", "GPR56", "RNF180", "MAMDC2", "MGST2", "NMNAT3", "PUS7L", "PDGFRL", "NAGLU", "CREB3L1", "MICALL2", "GRB10", "TNNI3", "CHAC1", "RHEBL1", "MYL9", "ATF3", "SCN1B"], "GABP-19822575-HepG2-human": ["GFM2", "ZC3H8", "SLC3A2", "ZC3H6", "CCDC106", "BPHL", "STYXL1", "ALKBH3", "SEPN1", "MTG1", "DHX58", "TCTEX1D2", "THEM4", "RDH14", "ACAD11", "ZKSCAN1", "TRDMT1", "RARS2", "CDKL3", "WARS", "YIPF2", "RING1", "NUBPL", "TINF2", "MIB2", "SARS", "FBXO15", "NR1D1", "SUPT3H", "RSPH3", "POLG2", "TCEA2", "DYNLRB2", "CDS2"], "AR-19668381-PC3-HUMAN": ["INVS", "GPM6A", "STEAP3", "NNMT", "CRABP2", "LAMA3", "IKZF2", "ENO2", "SLC7A1", "RHOBTB1", "CLYBL", "ALKBH3", "IMMP2L", "CCND2", "LARS", "CREB3L1", "MMP28", "GRB10", "SPIN1", "LRRC8D", "RDH14", "ACAD11", "ZKSCAN1", "TRDMT1", "SCN1B", "SLC12A8", "ATG10", "TMEM62", "FBXO15", "NR1D1", "TM6SF1", "SUPT3H", "VEGFA", "ISG20", "PER2", "SLC4A7", "ACTA1", "DES", "MRAS", "SLC6A9", "MDFIC", "CRY1", "DYNLRB2", "GALM", "ATF3"], "STAT3-23295773-U87-HUMAN": ["ZCCHC7", "GFM2", "SP140", "RNF180", "LAMA3", "DUSP19", "IKZF2", "LIAS", "RHOBTB1", "CLYBL", "ALKBH3", "EPS8", "FGGY", "MTHFD1L", "CHCHD6", "AOX1", "NEK1", "ACAD10", "SLC12A8", "OSBPL6", "CAV2", "KCNIP3", "SIAH2", "MAMDC2", "MIB2", "PLA2G4A", "SARS", "ASNS", "NMNAT3", "EMP2", "APTX", "SUPT3H", "VEGFA", "RSPH3", "SLC6A9", "MDFIC", "GSTA1", "SLC29A1", "FBXL4", "SLC25A33", "LYPLAL1", "JDP2"], "STAT3-22323479-MACROPHAGE-MOUSE": ["CRY1"], "REST-21632747-MESC-MOUSE": ["ZCCHC7", "RAMP2", "STYXL1", "SESN2", "GRB10", "SEC16B", "RWDD3", "HAGHL", "MAMDC2", "ASNS", "RFXANK", "NMNAT3", "PUS7L", "SOD3", "TMEFF1", "ACTA1", "METTL22", "MRAS", "GLRB", "RRAGD", "TCEA3", "CRY1", "RELL2", "BCAT1", "SLC25A33", "IFI27L2B", "ATF3"], "RBPJ-21746931-IB4-LCL-HUMAN": ["SPON2", "SEMA3B", "NTPCR", "ENO2", "SLC7A1", "TMEM86A", "PRAF2", "SPAG4", "OSGIN1", "IQCC", "TM6SF1", "PGD", "ATG14", "RAD52", "SLC7A5", "KLHL5", "MTHFD2", "RRAGD", "CRY1", "ANGPTL2", "TRIB3", "RELL2", "VAMP4", "BCAT1", "YPEL4", "CD44"], "E2F1-17053090-MCF7-human": ["TSPYL2", "WARS", "TINF2", "TMEM62", "LRRC51", "SLC3A2", "NR1D1", "SLC7A1", "CASC1", "HERPUD1", "RUNX1", "EPS8", "NAGLU", "C1QTNF5", "TCEAL1", "MMP28", "CRY1", "FXYD5", "ACAD10"], "ZNF217-24962896-MCF7-HUMAN": ["SEC16B", "CDV3", "SIAH2", "MAMDC2", "OSGIN1", "PLA2G4A", "EMP2", "IKZF2", "RUNX1", "SLC4A7", "DTWD1", "SLC7A5", "HEY1", "NFIL3", "CHCHD6", "GRB10", "SPIN1", "THEM4", "GALM", "LYPLAL1"], "BP1-19119308-Hs578T-human": ["VEGFA"], "RUNX2-22187159-PCA-HUMAN": ["ZCCHC7", "SPON2", "NRN1", "SH2D4A", "PSCA", "CEBPG", "XPA", "SLC7A1", "FGGY", "MTHFD1L", "GRB10", "SPIN1", "FBXO4", "NEK1", "RDH14", "ACAD10", "CBR4", "TRIM45", "PRMT6", "SEC16B", "LAMB3", "EPHX2", "OSGIN1", "FBXO15", "SMARCA1", "SOD3", "RUNX1", "VEGFA", "ISG20", "SLC4A7", "ARHGEF9", "GLRB", "KCNS3", "CRY1", "ANGPTL2", "DYNLRB2", "SLC29A1", "LYPLAL1"], "AR-20517297-VCAP-HUMAN": ["NNMT", "PSCA", "SHMT2", "VLDLR", "SLC7A11", "HAPLN3", "HERPUD1", "ALKBH3", "EPS8", "SEPN1", "TCTEX1D2", "SLC38A9", "CC2D2A", "TRDMT1", "SLC12A8", "BEND6", "ARG2", "CAV2", "SPAG4", "AGTRAP", "CYP2U1", "RRAGD", "RFT1", "KLF9", "CYP1A1", "MYL9"], "BCL11B-21912641-STHDH STRIATAL CELLS-MOUSE": ["SP140"], "YY1-23942234-MYOBLASTS AND MYOTUBES-MOUSE": ["NUBPL", "LAMA3", "TMEM180", "TMEM62", "ZC3H6", "ATG14", "ALKBH3", "PREPL", "KLHL5", "CHCHD6", "SLC17A5", "FBXO4", "SFXN1", "ACAD11", "CC2D2A", "ATF4"], "PHF8-20622854-HELA-HUMAN": ["ZCCHC7", "RWDD3", "DENND4A", "FAM35A", "ZC3H8", "PHF7", "UCKL1", "HERPUD1", "VEGFA", "EPS8", "SLC7A5", "CTH", "DDIT3", "FBXO4", "ATF5", "PHLDA2", "RIBC1", "CTBS", "TRIM45", "ATF4"], "EGR1-19374776-THP-1-human": ["PER2", "ATF4"], "DMRT1-23473982-TESTES-MOUSE": ["POPDC2", "SLC43A2", "ARL2", "CCDC106", "NTPCR", "PCSK4", "EPS8", "MTHFD1L", "STBD1", "SPIN1", "ACAD10", "TSPYL2", "SEC16B", "WARS", "GPR56", "KCNIP3", "TMEM62", "PRPF40B", "EMP2", "CYS1", "COQ10A", "RUNX1", "PER2", "METTL22", "DDIT3", "SSPN", "ADAM9", "SFXN1", "RHEBL1", "ZFP597"], "STAT6-21828071-BEAS2B-HUMAN": ["SHBG"], "KDM5B-21448134-MESC-MOUSE": ["INVS", "ZCCHC7", "GPM6A", "RNASEL", "RAMP2", "NRN1", "GFM2", "ZC3H8", "EPRS", "HERPUD1", "MTHFD1L", "LARS", "SESN2", "MMP28", "EIF4EBP1", "GRB10", "NEK1", "FNIP1", "CC2D2A", "ZKSCAN1", "SLC12A8", "RARS2", "CDV3", "GPR56", "NUBPL", "GPT2", "USP2", "MAMDC2", "ASNS", "FBXO15", "PGD", "COQ10A", "PDGFRL", "TMEFF1", "FBXL8", "SLC7A5", "POLG2", "POC5", "CTH", "MARS", "ADAM9", "GARS", "SFXN1", "BCAT1", "SLC25A33"]}