{"SP4 (human)": ["NEK5", "MICALL2", "VEGFA"], "Esrrb (mouse)": ["PCK2"], "NFE2L1 (human)": ["LARS", "CHCHD6"], "TBX5 (human)": ["ALDH3B1"], "STAT1 (mouse)": ["CASP4"], "ESR2 (mouse)": ["NUDT18"], "NFYB (human)": ["DDIT3"], "PDX1 (human)": ["SNAPC5", "SLC7A7"], "Myf (human)": ["N4BP2L1", "SLC29A1"], "SOX2 (human)": ["TMEM180", "TRIB3"], "Zfx (mouse)": ["GADD45A"], "VDR (human)": ["BCAT1", "UCKL1"], "IRF7 (human)": ["TMEFF1", "ZC3H6", "SHBG"], "SMAD3 (human)": ["SERPINE1"], "GABPA (human)": ["MTHFD2", "MICALL2", "JDP2"], "MXI1 (human)": ["ITGA2B"], "SMAD3 (mouse)": ["ISG20"], "MAFB (human)": ["TSPYL2", "ACAD11"], "MIR210 (human)": ["NRN1"], "HNRNPK (human)": ["OSGIN1"]}