{"H3K9me3 Adult Kidney": ["THNSL2"], "H3K4me1 Neurosphere Cultured Cells Cortex Derived": ["SERPINE1", "SAYSD1", "ZFAND1", "NUDT6", "MANEA", "CASC1", "HDDC3", "TATDN3", "ALKBH3", "CHCHD6", "PHLDA2", "ACAD10", "SCN1B", "SLC12A8", "RARS2", "CCDC159", "VASH2", "ATG10", "CYS1", "PGD", "ATG14", "THNSL2", "PDGFRL", "RUNX1", "PREPL", "CYP2U1", "DDIT3", "RRAGD", "RELL2", "ATF5", "PEX11G", "ZCCHC7", "CRABP2", "SHMT2", "LIAS", "RHOBTB1", "FGGY", "TCTEX1D2", "EIF4EBP1", "HYI", "THEM4", "RDH14", "SLC38A9", "PCK2", "TMEM86A", "CAV2", "NEK5", "DENND4A", "EPHX2", "KLHDC1", "OSGIN1", "ASNS", "ISG20", "COL1A2", "SSPN", "CYP1A1", "ECHDC3", "DYNLRB2", "FXYD5", "SHBG", "INVS", "SH2D4A", "GFM2", "CAB39L", "N4BP2L1", "ZC3H6", "SLC7A11", "PHF7", "CLYBL", "HEBP1", "DTWD1", "IMMP2L", "ADAMTSL4", "AOX1", "PRMT6", "CDV3", "ARG2", "KCND1", "TNNC1", "CCDC37", "PLA2G4A", "AGTRAP", "FAHD2A", "SUPT3H", "TMEFF1", "METTL22", "SLC7A7", "MDFIC", "RFT1", "GARS", "PTPLAD2", "VAMP4", "BCAT1", "OTUB2", "RAMP2", "LAMA3", "CCDC106", "PTGS2", "MICALL2", "SLC17A5", "GNG8", "ZMYM6NB", "YIPF2", "SMAGP", "PRAF2", "NMNAT3", "PUS7L", "APTX", "SOD3", "RSPH3", "DES", "PER3", "GLRB", "CTH", "MARS", "KCNS3", "TCEA3", "GALM", "RHEBL1", "MMACHC", "RAB9B", "CCDC62"], "H3K36me3 Peripheral Blood Mononuclear Primary Cells": ["CCDC17"], "H3K9me3 Duodenum Smooth Muscle": ["NRN1"], "H3K9me3 Breast Myoepithelial Cells": ["PRAF2"], "H3K36me3 CD4 Memory Primary Cells": ["RDH14"], "H3K9me3 Mobilized CD34 Primary Cells": ["ZFR2", "KLF15"], "H3K36me3 Rectal Smooth Muscle": ["PRAF2"], "H3K36me3 H1 BMP4 Derived Mesendoderm Cultured Cells": ["NHEJ1"], "H3K9me3 Stomach Mucosa": ["THEM4"], "H3K9me3 CD4+ CD25- IL17+ PMA-Ionomcyin stimulated Th17 Primary Cells": ["CASP4"], "H3K36me3 Brain Cingulate Gyrus": ["SLC50A1"], "H3K27me3 Penis Foreskin Keratinocyte Primary Cells": ["GPM6A", "RRAGD"], "H3K27me3 Bone Marrow Derived Mesenchymal Stem Cell Cultured Cells": ["COMP", "RAMP2", "MMP28", "LAMA3", "SLC12A8"], "H3K9me3 iPS DF 19.11": ["SLC43A2", "GFM2", "SERPINE1", "SLC3A2", "RHOBTB1", "COMP", "DBP", "NAGLU", "MTHFD1L", "SLC22A18", "MMP28", "SLC16A6", "LRRC8D", "TIMP3", "SLC38A9", "PUSL1", "PHLDA2", "ACAD11", "ATP6V1C2", "TMEM86A", "NAT8B", "OSBPL6", "YIPF2", "GADD45A", "CCDC159", "ZFR2", "STRADB", "SIAH2", "EPHX2", "CCDC37", "PGAM2", "TINF2", "MAMDC2", "CYS1", "PGD", "VEGFA", "PER2", "DES", "RRAGD", "TRIB3"], "H3K27me3 Penis Foreskin Fibroblast Primary Cells": ["TGFB1", "GPR56", "GADD45A", "PGAM2", "LAMA3", "VASH2", "VLDLR", "CYS1", "TMEFF1", "FBXL8", "SLC16A6", "YPEL4", "SCN1B", "PURG", "PCK2", "ATF4"], "H3K36me3 H1": ["ATP6V1C2"], "H3K9me3 IMR90": ["ZFR2", "EPHX2", "LAMA3", "TNNI3"], "H3K27me3 IMR90": ["COMP", "CDA", "ARHGEF9", "DES", "RNF180", "MMP28", "CYS1", "THNSL2", "RAB9B", "RHOBTB1", "FGF21"], "H3K9me3 Th17 Primary Cells": ["EPS8", "NRN1"]}