{"ACTTTAT,MIR-142-5P": ["HERPUD1"], "GGCACTT,MIR-519E": ["YPEL4"], "ACTGTAG,MIR-139": ["JDP2"], "AATGGAG,MIR-136": ["KCND1"], "CACTGCC,MIR-34A,MIR-34C,MIR-449": ["SERPINE1"], "TAATAAT,MIR-126": ["ADAM9"], "CCTGTGA,MIR-513": ["ARHGEF9"], "TTTGCAG,MIR-518A-2": ["GADD45A"], "TCTGATA,MIR-361": ["CRY1"], "CACCAGC,MIR-138": ["SCN1B"], "CTTTGCA,MIR-527": ["GADD45A"], "AACTGGA,MIR-145": ["MDFIC"], "CTTGTAT,MIR-381": ["PURG"], "AAAGACA,MIR-511": ["KLF9"], "ACTGAAA,MIR-30A-3P,MIR-30E-3P": ["OSBPL6"], "AGGGCCA,MIR-328": ["GPM6A"], "ATGCTGC,MIR-103,MIR-107": ["GTPBP2"], "TTTGCAC,MIR-19A,MIR-19B": ["CCND2", "MDFIC", "RHEBL1"], "CCTGCTG,MIR-214": ["ARL2"], "TGCTTTG,MIR-330": ["GPM6A", "ARHGEF9"]}