{"MAFF_HepG2_hg19": ["PPP1R15A", "INVS", "CAB39L", "PPP1R35", "SLC3A2", "SLC7A11", "EPRS", "CASC1", "PCSK4", "TATDN3", "FGGY", "LARS", "STBD1", "HCFC1R1", "RDH14", "ACAD10", "ZKSCAN1", "CBR4", "SEC16B", "GADD45A", "LYSMD1", "COQ10A", "FAHD2A", "SUPT3H", "RSPH3", "ARHGEF9", "MARS", "GALM", "RELL2", "MMACHC", "CDS2"], "GABPA_HL-60_hg19": ["INVS", "ZCCHC7", "PSCA", "GFM2", "USP11", "PPP1R35", "NUDT6", "STYXL1", "TATDN3", "ALKBH3", "DTWD1", "MTG1", "LARS", "THEM4", "ACAD11", "ACAD10", "ZKSCAN1", "TRDMT1", "PRMT6", "RARS2", "CDKL3", "WARS", "YIPF2", "TINF2", "MIB2", "LYSMD1", "RFXANK", "SLC50A1", "APTX", "RSPH3", "FBXL8", "POLG2", "POC5", "MARS", "CAPRIN2", "TRIB3", "DYNLRB2", "ATF4"], "POLR2A_bone marrow_mm9": ["CETN4", "TMEM180", "ZC3H8", "N4BP2L1", "ZFAND1", "NTPCR", "EPRS", "HDDC3", "NAGLU", "NFIL3", "HCFC1R1", "UAP1L1", "SLC16A6", "HYI", "THEM4", "CTBS", "AP5S1", "OPN3", "RING1", "OSGIN1", "ASNS", "IQCC", "ISG20", "SLC7A5", "METTL22", "PREPL", "TMEM256", "OXLD1", "PER3"], "POLR2A_HeLa-S3_hg19": ["CDA", "STEAP3", "SH2D4A", "PSCA", "GFM2", "TMEM180", "SAYSD1", "PHF7", "IKZF2", "ENO2", "TATDN3", "ADAMTSL4", "SPIN1", "ACAD11", "ACAD10", "RARS2", "CDKL3", "ARG2", "STRADB", "RHBDF2", "USP2", "VASH2", "ATG10", "EMP2", "PGD", "ATG14", "FAHD2A", "SUPT3H", "PREPL", "RFT1", "COL8A2", "GARS", "VAMP4", "SLC29A1", "PEX11G", "SLC43A2", "ARL2", "LIAS", "SLC38A9", "FNIP1", "ZMYM6NB", "BEND6", "TRIM45", "PCK2", "RWDD3", "DENND4A", "NUBPL", "SMAGP", "SIAH2", "PRAF2", "EPHX2", "LYSMD1", "UCKL1", "ISG20", "RSPH3", "SLC6A9", "CYP1A1", "ALDH18A1", "RHEBL1", "MMACHC"], "CBX3_K562_hg19": ["INVS", "RNASEL", "GFM2", "CAB39L", "DUSP19", "ARL2", "LIAS", "NUDT6", "TATDN3", "ALKBH3", "DTWD1", "HINT3", "SESN2", "TCTEX1D2", "FBXO4", "NEK1", "ACAD11", "FNIP1", "ACAD10", "ZKSCAN1", "CDKL3", "WARS", "YIPF2", "CAV2", "USP2", "PLA2G4A", "LYSMD1", "SUPT3H", "ISG20", "SLC7A5", "PER3", "CYP2U1", "POLG2", "POC5", "MTHFD2", "CTH", "MARS", "GARS"], "ZEB1_HepG2_hg19": ["SLC7A7", "KCNS3", "DUSP19", "SLC7A11"], "NR2F2_HepG2_hg19": ["SERPINE1", "SLC50A1", "SMARCA1"], "RXRA_SK-N-SH_hg19": ["CCDC159", "SERPINE1", "HCFC1R1"], "MAFK_HepG2_hg19": ["ZCCHC7", "ZC3H8", "SLC3A2", "SAYSD1", "SLC7A11", "EPRS", "BPHL", "HDDC3", "TATDN3", "SNAPC5", "FGGY", "LARS", "STBD1", "SESN2", "CASP4", "TCEAL1", "LRRC8D", "RDH14", "ACAD10", "CBR4", "RARS2", "RWDD3", "WARS", "GADD45A", "CCDC159", "NUBPL", "ADHFE1", "OSGIN1", "LYSMD1", "RFXANK", "ATG14", "APTX", "COQ10A", "FAHD2A", "VEGFA", "ISG20", "RSPH3", "ARHGEF9", "PREPL", "MARS", "CRY1", "GALM", "VAMP4", "ATF5", "MMACHC", "LYPLAL1"], "JUND_H1-hESC_hg19": ["INVS", "ZCCHC7", "ZC3H8", "N4BP2L1", "VLDLR", "ENO2", "HAPLN3", "HDDC3", "TATDN3", "SNAPC5", "CCND2", "HINT3", "LARS", "FBXO4", "RDH14", "ACAD10", "ZKSCAN1", "NHEJ1", "RING1", "NUBPL", "SPAG4", "AGTRAP", "PRPF40B", "IQCC", "ATG14", "APTX", "COQ10A", "FAHD2A", "RAD52", "MDFIC", "ANGPTL2", "SLC29A1", "YPEL4", "CDS2"], "GABPA_MEL cell line_mm9": ["SLC6A9", "SPAG4", "TINF2", "AOX1"], "MAFK_HeLa-S3_hg19": ["CDA", "CAB39L", "PPP1R35", "SAYSD1", "STYXL1", "HERPUD1", "TATDN3", "SNAPC5", "HEY1", "LARS", "CASP4", "TCEAL1", "TCTEX1D2", "NHEJ1", "PCK2", "RARS2", "RWDD3", "YIPF2", "USP2", "ANGEL1", "OSGIN1", "MIB2", "TMEM62", "APTX", "COQ10A", "ISG20", "ARHGEF9", "MARS", "RELL2", "RHEBL1"], "TCF12_MCF-7_hg19": ["EPS8", "CCDC159", "SEMA3B", "ACAD11"], "FOXM1_MCF-7_hg19": ["EPS8", "CCDC159", "SEMA3B", "ACAD11"], "CTCF_H1-hESC_hg19": ["PSCA", "CAB39L", "PHF7", "EPRS", "NUDT6", "HDDC3", "CLYBL", "SNAPC5", "DTWD1", "C1QTNF1", "HINT3", "SPIN1", "FBXO4", "AOX1", "ARG2", "USP2", "TINF2", "PRPF40B", "EMP2", "CYS1", "COQ10A", "CYP2U1", "MDFIC", "POLG2", "RFT1", "COL8A2", "ANGPTL2", "PPP1R15A", "SLC43A2", "CRABP2", "ARL2", "PTGS2", "PDLIM2", "MTHFD1L", "TCTEX1D2", "ZMYM6NB", "NHEJ1", "CBR4", "BEND6", "TRIM45", "RWDD3", "TGFB1", "OSBPL6", "NEK5", "PRAF2", "SLC50A1", "PUS7L", "ISG20", "RAD52", "RSPH3", "TMCO6", "KLHL5", "MARS", "CAPRIN2", "CDS2"], "TBP_HeLa-S3_hg19": ["CDA", "CEBPG", "ZC3H8", "LIAS", "STYXL1", "HCFC1R1", "FBXO4", "ACAD11", "ACAD10", "ZKSCAN1", "FGF21", "PCK2", "RARS2", "ARG2", "OSBPL6", "GPR56", "GADD45A", "TMEM62", "PGD", "PUS7L", "APTX", "COQ10A", "FAHD2A", "VEGFA", "ISG20", "CYP1A1", "RELL2", "MMACHC"], "JUND_T47D_hg19": ["CCDC159", "HCFC1R1"], "GABPA_GM12878_hg19": ["ZCCHC7", "GFM2", "CAB39L", "USP11", "PPP1R35", "NUDT6", "STYXL1", "TATDN3", "ALKBH3", "DTWD1", "MTG1", "LARS", "EIF4EBP1", "SLC38A9", "ACAD11", "ACAD10", "ZKSCAN1", "CBR4", "PRMT6", "RARS2", "CDKL3", "WARS", "YIPF2", "RING1", "TINF2", "MIB2", "LYSMD1", "RFXANK", "SLC50A1", "APTX", "COQ10A", "SUPT3H", "UCKL1", "POLG2", "MARS", "DYNLRB2"], "ESRRA_HepG2_hg19": ["BPHL", "UCKL1"], "BRCA1_HepG2_hg19": ["PPP1R15A", "ZCCHC7", "CAB39L", "SLC7A11", "EPRS", "BPHL", "STYXL1", "TATDN3", "SNAPC5", "LARS", "SLC17A5", "NEK1", "CBR4", "SEC16B", "WARS", "YIPF2", "NEK5", "TINF2", "LYSMD1", "IQCC", "RFXANK", "APTX", "COQ10A", "VEGFA", "RAD52", "RSPH3", "RFT1", "CDS2"]}