{"H2AFZ_astrocyte_hg19": ["PSCA", "GFM2", "USP11", "ARL2", "SAYSD1", "MANEA", "STYXL1", "RHOBTB1", "TATDN3", "HEY1", "FAM120C", "LARS", "CC2D2A", "TRIM45", "CDKL3", "CCDC159", "SMAGP", "PRAF2", "USP2", "LYSMD1", "NMNAT3", "APTX", "FAHD2A", "UCKL1", "ISG20", "RAD52", "METTL22", "SLC7A7", "CYP2U1", "TCEA3", "VAMP4", "MMACHC", "CCDC62"], "H3K9ac_ES-E14_mm9": ["LAMA3", "CETN4", "XPA", "BPHL", "HDDC3", "FGGY", "NFIL3", "SLC22A18", "MMP28", "SLC17A5", "THEM4", "GNG8", "PHLDA2", "RING1", "CAV2", "NEK5", "DENND4A", "CCDC37", "MIB2", "ATG10", "PUS7L", "GTPBP2", "PER2", "FBXL8", "RFT1", "COL8A2", "ECHDC3", "RELL2", "VAMP4", "RHEBL1"], "H2AFZ_skeletal muscle myoblast_hg19": ["PPP1R35", "SEMA3B", "ZC3H8", "ARL2", "SAYSD1", "EPRS", "NUDT6", "BPHL", "ALKBH3", "FAM120C", "LARS", "UAP1L1", "CASP4", "FNIP1", "ACAD10", "SCN1B", "SLC12A8", "PURG", "CDKL3", "CCDC159", "SMAGP", "PRAF2", "MARS", "DYNLRB2", "PTPLAD2", "SLC29A1", "MMACHC", "SLC25A33", "JDP2", "CCDC62"], "H2AFZ_HeLa-S3_hg19": ["SAYSD1", "MANEA", "STYXL1", "PCSK4", "ALKBH3", "NAGLU", "UAP1L1", "SLC17A5", "RDH14", "ACAD11", "FNIP1", "CC2D2A", "TRIM45", "CDKL3", "OSBPL6", "YIPF2", "NUBPL", "SMAGP", "SPAG4", "USP2", "KLHDC1", "MAMDC2", "OSGIN1", "VASH2", "SLC50A1", "PUS7L", "FAHD2A", "PREPL", "PER3", "CYP2U1", "RELL2", "SHBG", "MYL9", "MMACHC"], "H3K27me3_megakaryocyte_mm9": ["GPM6A", "CLIC3", "NNMT", "SH2D4A", "LAMA3", "SAYSD1", "COMP", "HEY1", "STBD1", "UAP1L1", "TNNI3", "CAR11", "RIBC1", "SCN1B", "SLC12A8", "BEND6", "PURG", "TSPYL2", "OSBPL6", "GPR56", "CAV2", "GPT2", "FBXO15", "EMP2", "TM6SF1", "SMARCA1", "THNSL2", "ARHGEF9", "COL1A2", "GLRB", "CYP2U1", "MDFIC", "CTH", "KCNS3", "SSPN", "BCAT1", "SHBG", "MYL9", "ATF3", "RAB9B"], "H4K20me1_CD14-positive monocyte_hg19": ["CLIC3", "CRABP2", "GFM2", "PPP1R35", "SEMA3B", "FAM35A", "ZFAND1", "PHF7", "HCFC1R1", "MICALL2", "RDH14", "ZMYM6NB", "CTBS", "ACAD10", "PCK2", "TSPYL2", "YIPF2", "RING1", "GADD45A", "ADHFE1", "RHBDF2", "MIB2", "NR1D1", "SLC4A7", "MARS", "ANGPTL2", "ECHDC3", "GALM", "SHBG", "CDS2"], "H2AFZ_CD14-positive monocyte_hg19": ["NRN1", "GFM2", "SP140", "USP11", "TMEM180", "ARL2", "N4BP2L1", "SLC3A2", "SAYSD1", "PHF7", "FGGY", "DBP", "C1QTNF1", "THEM4", "SLC38A9", "ACAD10", "PURG", "RARS2", "YIPF2", "PRAF2", "OSGIN1", "ASNS", "SUPT3H", "SLC7A5", "PREPL", "PER3", "MRAS", "SSPN", "YPEL4", "MYL9", "CD44"], "H3K4me1_T-cell acute lymphoblastic leukemia_hg19": ["RAMP2", "CLIC3", "PSCA", "N4BP2L1", "ZFAND1", "BPHL", "PCSK4", "CLYBL", "SNAPC5", "SEPN1", "C1QTNF1", "CHCHD6", "SLC38A9", "CHAC1", "NEK5", "CCDC159", "SPAG4", "USP2", "HAGHL", "OSGIN1", "COQ10A", "PDGFRL", "RSPH3", "METTL22", "CTH", "FXYD5", "BCAT1", "SLC29A1", "FBXL4", "MMACHC", "RAB9B"], "H3K4me3_H1-hESC_hg19": ["RNASEL", "SLC43A2", "GFM2", "NUDT6", "MANEA", "BPHL", "RHOBTB1", "CLYBL", "TATDN3", "CHCHD6", "NEK1", "NUDT18", "CHAC1", "RARS2", "CCDC159", "USP2", "ATG10", "LYSMD1", "PYCR1", "IQCC", "TM6SF1", "SOD3", "FAHD2A", "ISG20", "PER3", "SLC7A7", "TCEA3", "DYNLRB2", "FXYD5", "VAMP4", "MMACHC", "RAB9B"], "H4K20me1_mammary epithelial cell_hg19": ["PPP1R15A", "STEAP3", "FAM35A", "XPA", "SLC3A2", "ZFAND1", "NTPCR", "COMP", "SNAPC5", "PDLIM2", "HINT3", "SESN2", "MICALL2", "SLC16A6", "NEK1", "PUSL1", "PHLDA2", "PRMT6", "ADHFE1", "PGAM2", "NR1D2", "EMP2", "TM6SF1", "KLF15", "SLC4A7", "ACTA1", "KCNS3", "TRIB3", "SFXN1", "PTPLAD2", "ATF5", "RAB9B", "JDP2", "ATF4"], "H3K27me3_GM12878_hg19": ["CDA", "GPM6A", "CLIC3", "RNF180", "SEMA3B", "LAMA3", "VLDLR", "PTGS2", "HAPLN3", "RHOBTB1", "EPS8", "HEBP1", "COMP", "SEPN1", "C1QTNF1", "HEY1", "NFIL3", "ADAMTSL4", "CREB3L1", "STBD1", "MMP28", "TNNI3", "PHLDA2", "SCN1B", "SLC12A8", "FGF21", "ATP6V1C2", "RWDD3", "ARG2", "OSBPL6", "SMAGP", "MAMDC2", "PLA2G4A", "NR1D2", "EMP2", "PDGFRL", "TMEFF1", "ACTA1", "GLRB", "CYP2U1", "KCNS3", "SSPN", "DYNLRB2", "YPEL4"], "H3K79me2_HepG2_hg19": ["GFM2", "SEMA3B", "DUSP19", "TMEM180", "ZC3H6", "PHF7", "BPHL", "ALKBH3", "FGGY", "NAGLU", "TCEAL1", "TCTEX1D2", "NUDT18", "SLC38A9", "ACAD10", "SEC16B", "CDKL3", "YIPF2", "ADHFE1", "MIB2", "ATG10", "LYSMD1", "IQCC", "RFXANK", "GTPBP2", "COQ10A", "RSPH3", "FBXL8", "CYP2U1", "RFT1"], "H2AFZ_endothelial cell of umbilical vein_hg19": ["GFM2", "ARL2", "MANEA", "BPHL", "RHOBTB1", "HERPUD1", "FGGY", "HEY1", "LARS", "CHCHD6", "NEK1", "ACAD11", "FNIP1", "ACAD10", "CBR4", "TRIM45", "RARS2", "CDKL3", "YIPF2", "CCDC159", "RHBDF2", "CCDC37", "IQCC", "METTL22", "PER3", "CTH", "KCNS3", "ANGPTL2", "FXYD5", "RHEBL1", "MYL9"], "H3K27me3_endothelial cell of umbilical vein_hg19": ["CDA", "SH2D4A", "DUSP19", "VLDLR", "COMP", "CCND2", "DBP", "C1QTNF1", "ADAMTSL4", "CREB3L1", "MMP28", "SLC16A6", "AOX1", "TIMP3", "SLC12A8", "NAT8B", "KCND1", "CCDC37", "USP2", "PGAM2", "FBXO15", "CYS1", "THNSL2", "PDGFRL", "ACTA1", "RRAGD", "CD44", "PPP1R15A", "GPM6A", "RAMP2", "NRN1", "CRABP2", "RNF180", "SEMA3B", "SLC3A2", "GNG8", "TNNI3", "ATP6V1C2", "IFITM10", "ZFR2", "EPHX2", "NMNAT3", "SMARCA1", "SOD3", "INHBE", "SLC6A9", "KCNS3", "TCEA3", "SFXN1", "YPEL4"], "H2AFZ_T-cell acute lymphoblastic leukemia_hg19": ["ZCCHC7", "GFM2", "SAYSD1", "ZFAND1", "NTPCR", "ENO2", "HDDC3", "CLYBL", "MTG1", "SESN2", "SLC17A5", "FBXO4", "NEK1", "SLC38A9", "FNIP1", "ACAD10", "PCK2", "TMEM86A", "WARS", "YIPF2", "PRAF2", "SPAG4", "PGD", "PUS7L", "FAHD2A", "RAD52", "METTL22", "MTHFD2", "MARS", "FXYD5", "RELL2", "VAMP4", "RAB9B"], "H3K9ac_NT2-D1_hg19": ["STEAP3", "RNASEL", "CRABP2", "GFM2", "SERPINE1", "SAYSD1", "NUDT6", "MANEA", "BPHL", "PCSK4", "HEBP1", "DTWD1", "SLC17A5", "FBXO4", "HYI", "SLC38A9", "ACAD10", "TRIM45", "OSBPL6", "SPAG4", "LYSMD1", "IQCC", "SMARCA1", "FAHD2A", "SUPT3H", "PREPL", "KCNS3", "RFT1", "FXYD5", "RELL2", "PEX11G", "ATF4"], "H3K4me2_B cell_hg19": ["RAMP2", "CRABP2", "CEBPG", "SLC7A11", "PHF7", "BPHL", "RHOBTB1", "CLYBL", "DTWD1", "FGGY", "TMEM204", "SLC17A5", "AOX1", "NUDT18", "CC2D2A", "SCN1B", "ATP6V1C2", "CDKL3", "RWDD3", "ARG2", "RING1", "GPT2", "USP2", "ATG10", "GTPBP2", "APTX", "FAHD2A", "SUPT3H", "PREPL", "SLC7A7", "CTH", "KCNS3", "ECHDC3", "MYL9"], "H3K4me2_fibroblast of lung_hg19": ["RAMP2", "SEMA3B", "TMEM180", "ARL2", "NTPCR", "PCSK4", "CLYBL", "CCND2", "STBD1", "DHX58", "SLC17A5", "SLC16A6", "FBXO4", "AOX1", "CHAC1", "TMEM86A", "EPHX2", "RHBDF2", "USP2", "ATG10", "PYCR1", "TM6SF1", "PUS7L", "FAHD2A", "SUPT3H", "RUNX1", "ISG20", "SLC7A7", "POLG2", "TRIB3", "DYNLRB2", "RHEBL1", "SLC29A1"], "H3K4me1_lung_mm9": ["ENO2", "AKR1B8", "CLYBL", "ALKBH3", "DTWD1", "CASP12", "TCTEX1D2", "FBXO4", "NUDT18", "CHAC1", "PHLDA2", "TRIM45", "ATP6V1C2", "CDKL3", "ZFR2", "ADHFE1", "USP2", "PYCR1", "PUS7L", "ISG20", "SLC7A5", "TMCO6", "GLRB", "MARS", "KCNS3", "COL8A2", "ANGPTL2", "ALDH18A1", "YPEL4", "MYL9", "MMACHC", "RAB9B"], "H3K27ac_cortical plate_mm9": ["INVS", "PPP1R35", "PHF7", "ENO2", "MANEA", "SNAPC5", "FGGY", "NAGLU", "HINT3", "TMEM204", "HCFC1R1", "SLC16A6", "HYI", "NEK1", "NHEJ1", "TRDMT1", "CBR4", "BEND6", "TMEM86A", "RING1", "DENND4A", "SIAH2", "TMEM62", "NMNAT3", "PREPL", "OXLD1", "CYP2U1", "KLF9", "YPEL4", "RAB9B", "CCDC62"]}