{"TP63-23658742-EP156T-HUMAN": ["DYRK3", "NOTCH1", "TFRC", "AMIGO2", "CDCA7", "CRMP1", "CXCL1", "SNN", "MGAT1", "KNTC1", "FADD", "RRP12", "MFSD2A", "EOMES", "MAP2K4", "RFC3", "EDN1", "MIR23B", "HSBP1", "HSPA4", "SRD5A1", "AP1B1", "ALG13", "NETO2", "DUSP6", "SQLE", "FASN", "LANCL2", "TARDBP", "SFI1"], "STAT3-18555785-MESC-MOUSE": ["NOTCH1", "MIR23B", "COL14A1", "ZFAND2A", "GINS3", "GXYLT1", "RRP8", "DUSP6", "SNTG2", "NCLN", "FASN", "HNRNPA2B1", "ATG2A", "RRP12", "CHST2"], "FOXA2-19822575-HepG2-human": ["EDN1", "NARF", "RRM2", "TSSC1", "HSPA4", "ZFAND2A", "TPRG1L", "PHB", "AXIN2", "SAMHD1", "DUSP6", "LRRC1", "DHRS4", "SFPQ", "DEPDC1B", "NUP85", "FASN", "HIST1H3F", "CDC42EP2", "ATG2A", "PHLDA1", "SFI1", "SNRPB"], "RUNX2-22187159-PCA-HUMAN": ["TSSC1", "NAT10", "LRRC1", "SNTG2", "DACT2", "FADD", "E2F6", "FBXO9", "OSR2", "MBD5", "RFC3", "SF3A1", "CENPW", "MIR23B", "HSBP1", "DUSP1", "MX2", "DDX11", "SIGMAR1", "DONSON", "ALG13", "SNHG4", "TPCN2", "DUSP6", "FMNL3", "CENPE", "SFPQ", "TRIP13", "TARDBP", "RBMX"], "GATA2-20887958-HPC-7-MOUSE": ["STAT5A", "DYRK3", "FZD3", "DUSP1", "CCNF", "CELF5", "PCDHB22", "RRP8", "NDC80", "FAM102B", "DEPDC1B", "COTL1", "PGP", "CDC42EP2", "MON1B"], "GATA1-21571218-MEGAKARYOCYTES-HUMAN": ["STAT5A", "SLC10A4", "DYRK3", "NOTCH1", "CDCA3", "PRDM4", "TFRC", "FAM46C", "TTC33", "NFYC", "PHB", "NETO2", "EXOG", "DHRS1", "SNN", "FAM102B", "DEPDC1B", "POLA2", "NCLN", "DACT2", "TCEB1", "TRIP13", "SFI1", "PDK1"], "TP63-22573176-HFKS-HUMAN": ["CCNF", "CDCA7", "RBM4B", "TMEM222", "SNN", "CHAF1A", "SCRN1", "HIST1H3F", "HOXC5", "MGAT1", "RRP12", "S1PR5", "MIR23B", "TMEM50B", "AP1B1", "MRPL49", "ISG15", "DDX51", "EXOG", "GATAD2A", "FMNL3", "MED22", "DEPDC1B", "NASP", "ATG2A", "HIST1H2BH", "TRIP13", "TARDBP", "MPND"], "SOX2-21211035-LN229_GBM-HUMAN": ["TSSC1", "TFRC", "COL14A1", "PHB", "SNTG2", "TATDN2", "SCRN1", "MGAT1", "UTP14A", "E2F6", "PDK1", "STAT5A", "EOMES", "MBD5", "RFC3", "FAM46C", "HSBP1", "DUSP1", "KCNJ14", "AXIN2", "FMNL3", "DNAJA1", "BMP2", "DEPDC1B", "LANCL2", "TEK"], "PPARD-21283829-MYOFIBROBLAST-HUMAN": ["DYRK3", "COL14A1", "AMIGO2", "CDCA7", "PHB", "SAMHD1", "PVR", "TMEM222", "SNTG2", "NCLN", "FAM83D", "PHLDA1", "E2F6", "MBD5", "TGIF2", "CENPW", "MIR23B", "FAM46C", "SNHG4", "ARFGAP1", "MED22", "LANCL2", "CCNYL1", "TEK", "NOL12", "ASF1B"], "TCF4-23295773-U87-HUMAN": ["NOTCH1", "TSSC1", "TFRC", "CTTNBP2", "COL14A1", "AMIGO2", "SAMHD1", "HIGD1A", "LRRC1", "SNN", "SNTG2", "CHAF1A", "SCRN1", "COTL1", "NDN", "RRP12", "FAM83D", "RIMKLA", "E2F6", "FZD3", "FAM46C", "HSBP1", "HSPA4", "DUSP1", "NFYC", "DDX11", "AP1B1", "NETO2", "ARFGAP1", "GATAD2A", "FAM101B", "SFPQ", "NASP", "SFI1", "CHST2"], "YAP1-20516196-MESC-MOUSE": ["HEXIM1", "DDX46", "CTTNBP2", "HSPA4", "COL14A1", "AXIN2", "PVR", "NDC80", "CENPE", "SCRN1", "HNRNPA2B1", "NDN", "SFI1", "CHST2", "FBXO9", "SNRPB"], "REST-21632747-MESC-MOUSE": ["DYRK3", "EDN1", "MIOS", "TSSC1", "FAM46C", "TTC22", "HSBP1", "HSPA4", "SRD5A1", "ZFAND2A", "CCNF", "GXYLT1", "CRMP1", "FBXL15", "KRT10", "NCLN", "TAOK2", "FAM83D", "MON1B"], "SMAD4-21799915-A2780-HUMAN": ["SLC10A4", "MBD5", "PCYT1B", "EDN1", "DHX9", "DUSP1", "GINS3", "AMIGO2", "DDX51", "AXIN2", "DUSP6", "LRRC1", "FMNL3", "BMP2", "FAM102B", "HNRNPA2B1", "E2F6", "FBXO9", "SNRPB"], "RCOR3-21632747-MESC-MOUSE": ["STAT5A", "ANKRD37", "EDN1", "NARF", "TSSC1", "MIR23B", "TTC22", "HSBP1", "SRD5A1", "DUSP1", "TMEM50B", "TESK2", "CRMP1", "MLF1", "TATDN2", "NCLN", "CCNE1", "ATG2A", "FAM83D", "UBE2K", "MXD3", "ASF1B"], "SRY-25088423-EMBRYONIC GONADS-MOUSE": ["FEN1", "NARF", "DHX9", "TTC22", "GXYLT1", "PIK3R3", "TMEM97", "ADAMTS10", "LRRC1", "LDHA", "SNTG2", "NCLN", "HOXC5", "HOXA5", "TPI1", "MIOS", "CMTM3", "HSBP1", "ALG13", "DUSP6", "DNAJA1", "YRDC", "BMP2", "SFPQ", "NASP", "PGP", "CDC42EP2", "ATG2A", "MXD3"], "RUNX1-21571218-MEGAKARYOCYTES-HUMAN": ["NOTCH1", "NARF", "MCM7", "TFRC", "FAM13B", "CDCA7", "TPRG1L", "NAT10", "PIK3R3", "CRMP1", "RBM4B", "TMEM97", "ADAMTS10", "FAM102B", "EXOSC5", "SNTG2", "NCLN", "SCRN1", "COTL1", "WDR6", "MGAT1", "FADD", "APBB3", "STAT5A", "HEXIM1", "SF3A1", "GCA", "SRD5A1", "TTC33", "DUSP1", "GINS3", "DDX11", "SIGMAR1", "MRPL49", "PRPF4B", "FBXL15", "TPCN2", "DUSP6", "DHRS4", "FAM101B", "SQLE", "LANCL2", "PIH1D2", "TRIP13", "SFI1", "SNRPA", "SNRPB"], "E2F7-22180533-HELA-HUMAN": ["MCM7", "CDCA7"], "STAT3-23295773-U87-HUMAN": ["RFC3", "TGIF2", "TFRC", "TTC22", "CTTNBP2", "HSPA4", "COL14A1", "ZFAND2A", "AMIGO2", "CDCA7", "PIK3R3", "NETO2", "KRT10", "SAMHD1", "LRRC1", "GATAD2A", "FAM102B", "SNTG2", "POLA2", "CHAF1A", "DZIP1", "PDK1"], "TP53-23651856-MEF-MOUSE": ["DYRK3", "FAHD1", "NOTCH1", "RRM2", "DDX46", "MCM7", "FAM13B", "HSPA4", "SRD5A1", "CCNF", "PIK3R3", "LRRC1", "TMEM222", "SNTG2", "NCLN", "CHAF1A", "ESPL1", "HOXC5", "FADD", "TEK", "FAM83D", "DZIP1", "SFI1", "MXD4"], "TP63-17297297-HaCaT-human": ["NOTCH1", "FASN"]}