{"SP4 (human)": ["CCNE1"], "SOX2 (human)": ["SNRPB"], "RXRA::VDR (human)": ["FAM101B"], "PBX1 (human)": ["FAM101B"], "PLAG1 (human)": ["FAM101B"], "NR1H2::RXRA (human)": ["FAM101B"], "MYC::MAX (human)": ["FAM101B"], "RXR::RAR_DR5 (human)": ["FAM101B"], "REST (human)": ["FAM101B"], "MIZF (human)": ["FAM101B"], "TAL1::TCF3 (human)": ["FAM101B"], "MYCN (human)": ["TTC33"], "CTCF (human)": ["FAM101B"], "INSM1 (human)": ["FAM101B"], "IRF1 (human)": ["FAM101B"], "RREB1 (human)": ["FAM101B"], "NHLH1 (human)": ["FAM101B"], "RORA_2 (human)": ["FAM101B"], "TLX1::NFIC (human)": ["FAM101B"], "EWSR1-FLI1 (human)": ["FAM101B"]}