{"CHD7_H1-hESC_hg19": ["RBM28", "SLC20A1", "ITPR1", "KIAA0020", "NOLC1", "SLC7A11", "CENPA", "PFAS", "IPO4", "ZMPSTE24", "STIP1", "RAB11FIP1", "RUVBL1", "WBSCR22", "PTRF", "NQO1", "EGLN3", "HSPA5", "GCH1", "C21ORF59", "RPP40", "TNFRSF10B", "IMP4", "UTP11L", "NOC3L", "NME1", "FAM173A", "NDUFAF4", "PSME3", "POLR3G", "SLC25A32", "CD24", "NFE2L2"], "UBTF_MEL cell line_mm9": ["CBFB", "GBE1", "CEBPG", "ARPC5L", "ITPR1", "ATP2A3", "UAP1", "SLC7A11", "NUDT3", "SRM", "FAM216A", "SOCS2", "CCND2", "MYC", "LRRC8D", "PLXNA1", "LRRC8B", "FAM3C", "SH2B3", "VASP", "CISH", "GCH1", "RHOG", "HNRNPAB", "TMEM158", "RAB31", "PSAT1", "BHLHE40", "FDX1", "MAFF", "GARS", "NAA15", "ITGA5", "GCLM", "FKBP4"], "CTCF_GM10248_hg19": ["ZNF593", "IFITM2", "POGK", "SOCS2", "STIP1", "LIMA1", "DNMT3B", "WBSCR22", "COTL1", "FLNA", "CHAC1", "FAM3C", "IER2", "VASP", "RPL39L", "ARG2", "SDF2L1", "SMAGP", "TXNRD1", "RPP40", "MRPS2", "IMP4", "NOC3L", "MLLT11", "ARL4A", "DAB2", "LSG1", "PSRC1", "FABP5", "NDUFAF4", "MARS", "TRIB3", "CD24", "BCL2L1", "RAI14"], "JUND_T47D_hg19": ["KRT18", "WDR74", "MIR21", "HES1", "IER3"], "TCF12_MCF-7_hg19": ["KRT18", "WDR74", "HES1", "FKBP4", "NFE2L2"], "GABPA_SK-N-SH_hg19": ["DPAGT1", "RBM28", "ZNF593", "DDX21", "TIMM10", "MRPL12", "IPO4", "ZMPSTE24", "EMG1", "IMPA1", "C1QBP", "TAF1A", "SSSCA1", "CEP55", "MCL1", "CAP1", "RPL39L", "C21ORF59", "DDX10", "TFB2M", "UTP11L", "NOC3L", "TUFM", "NME1", "CCT6A", "YRDC", "GALE", "FAM173A", "MARS", "PSME3", "NHP2", "TFAM", "SNRPA1", "SLC25A32", "PPIB", "INTS9", "SPC25"], "ZEB1_HepG2_hg19": ["ID1", "FLNA", "LSR", "SLC7A11", "LRRC8B", "DHCR7"], "ETS1_GM12878_hg19": ["MAK16", "WDR74", "AHSA1", "KPNA2", "INTS9", "SPC25"], "RXRA_SK-N-SH_hg19": ["ARHGAP22", "SOCS2", "BHLHE40", "TAGLN2", "MIR21", "VIM", "IER3"], "CTCF_GM10266_hg19": ["IFITM3", "ZNF593", "IFITM2", "POGK", "MRPL12", "SOCS2", "STIP1", "MYC", "TAF1A", "DNMT3B", "FLNA", "CHAC1", "FAM3C", "IER2", "VASP", "RPL39L", "ARG2", "JUND", "SDF2L1", "IGFBP4", "SMAGP", "TXNRD1", "RPP40", "MRPS2", "MLLT11", "UCK2", "ARL4A", "FABP5", "FAM173A", "NDUFAF4", "TAGLN2", "TRIB3", "CD24", "BCL2L1", "RAI14"], "GABPA_MEL cell line_mm9": ["NQO1", "ANKRD55", "ARHGDIB", "FDXR", "MRPS2", "ENO1", "GCLM"], "SMC3_GM12878_hg19": ["IFITM1", "ZNF593", "INPP1", "SLC20A1", "PAK1IP1", "SLC7A11", "IPO4", "ZMPSTE24", "SOCS2", "GRPEL1", "TMSB4X", "C1QBP", "LRRC8B", "PIM2", "IER2", "IER3", "SRGN", "ARG2", "JUND", "TXNRD1", "LAPTM5", "FNDC3B", "PA2G4", "ARHGAP25", "RHOB", "MLLT11", "ARL4A", "NDUFAF4", "MARS", "ID1", "FDX1", "TFAM", "CD69", "SPC25"], "CTCF_SK-N-SH_hg19": ["RBM28", "IFITM2", "NUDT3", "TMSB4X", "C1QBP", "MYC", "LONP1", "SSSCA1", "CHAC1", "FAM3C", "IER2", "MRPS2", "MIF", "SLC39A14", "TUFM", "NME1", "RHOB", "ARL4A", "MTHFD2", "FAM173A", "FDX1", "TFAM", "PPIB", "CEBPB", "ZNF593", "SLC20A1", "AMIGO2", "DDX21", "MRPL12", "ARHGAP22", "SOCS2", "STIP1", "LIMA1", "EMG1", "SH2B3", "SERF2", "VASP", "RPL39L", "TGFB1", "SDF2L1", "GCH1", "SMAGP", "PLCL1", "PLK1", "RPP40", "ASNS", "ERAL1", "NOC3L", "MLLT11", "DAB2", "FABP5", "BAMBI", "NDUFAF4", "MARS", "IARS", "GCLM", "ABCE1", "BCL2L1", "NFE2L2"], "CEBPB_HeLa-S3_hg19": ["IFITM3", "DPAGT1", "RBM28", "ZNF593", "PDCD5", "NOLC1", "SLC2A3", "MRPL12", "IPO4", "EMG1", "MRPL2", "PBK", "LRRC8D", "PIM2", "TIMP1", "VASP", "SDF2L1", "TXNRD1", "MIF", "PA2G4", "HNRNPAB", "CCT6A", "FOSL1", "BOP1", "LSG1", "KRT18", "FAM173A", "MRTO4", "MAFF", "POLR3G", "DHCR7", "FAM60A", "SPC25"], "HCFC1_MEL cell line_mm9": ["RBM28", "VARS", "POGK", "SLC2A3", "MRPL12", "IPO4", "SRM", "DDA1", "EMG1", "MRPL2", "EXOSC4", "TCOF1", "RUVBL2", "SSSCA1", "BID", "IER3", "WARS", "HSPA5", "ACTR6", "WDR74", "MRPS2", "IMP4", "UTP11L", "ERAL1", "MANF", "MLLT11", "YRDC", "UCK2", "EBNA1BP2", "LSG1", "POLR3D", "NHP2", "TFAM", "INTS9", "SPC25"], "CTCF_Caco-2_hg19": ["CEBPB", "ZNF593", "CXCL3", "MRPL12", "ARHGAP22", "SOCS2", "STIP1", "LIMA1", "C1QBP", "MYC", "EPB41L2", "DNMT3B", "FLNA", "CHAC1", "FAM3C", "CTSC", "IER2", "IER3", "ARG2", "SMAGP", "RPP40", "MRPS2", "ASNS", "NOC3L", "TUFM", "MLLT11", "ARL4A", "DAB2", "NDUFAF4", "TRIB3", "DHCR7", "ESYT1", "INTS9", "CD24", "BCL2L1"], "POLR2A_IMR-90_hg19": ["DAZAP1", "SLC20A1", "MAK16", "ITPR1", "ENO1", "HMGCR", "CXCL3", "EXOSC4", "RAB11FIP1", "GRPEL1", "LRRC8B", "GABRE", "CTSC", "CEP55", "PCK2", "MCCC2", "NQO1", "ARG2", "NQO2", "YES1", "GCH1", "TXNRD1", "GFPT1", "RPP40", "MRPS2", "SERPINB9", "ERAL1", "YRDC", "RAB31", "BAMBI", "CTH", "NDUFAF4", "PSME3", "SNRPA1", "IARS"], "POLR2AphosphoS5_GM12891_hg19": ["WDR3", "CEBPG", "ITPR1", "NUDT3", "DDA1", "RAP1B", "STIP1", "RUVBL1", "TAF1A", "CHAC1", "IER2", "MCCC2", "RPL39L", "NQO1", "SDF2L1", "GCH1", "PRKCB", "ACTR6", "GFPT1", "PLK1", "FNDC3B", "DDX10", "AHSA1", "UTP11L", "ERAL1", "GALE", "POLR3D", "GARS", "CD69", "DHCR7", "IARS", "FCGR2C"], "RAD21_IMR-90_hg19": ["ECM1", "IFITM2", "SLC7A11", "CXCL3", "ARHGAP22", "STIP1", "TMSB4X", "C1QBP", "FAM3C", "TIMP1", "CTSC", "TGFB1", "ACTR6", "PLCL1", "TXNRD1", "C21ORF59", "RPP40", "FN1", "MRPS2", "PA2G4", "ERAL1", "NOC3L", "TUFM", "NME1", "MLLT11", "CCT6A", "FOSL1", "GALE", "MRTO4", "TFAM", "IARS", "ABCE1", "PPIB", "NFE2L2"], "CTCF_BJ_hg19": ["ZNF593", "SLC7A11", "CXCL3", "MRPL12", "CENPA", "SRM", "SOCS2", "STIP1", "LIMA1", "C1QBP", "EPB41L2", "DNMT3B", "FAM3C", "IER2", "ARG2", "SMAGP", "TXNRD1", "RPP40", "MRPS2", "PDE4DIP", "ASNS", "ERAL1", "NOC3L", "TUFM", "MLLT11", "ARL4A", "DAB2", "FABP5", "PSAT1", "NDUFAF4", "TRIB3", "VIM", "IARS", "INTS9", "BCL2L1"]}