{"H3K27me3 H1 Derived Mesenchymal Stem Cells": ["EOMES", "FZD3", "TSLP"], "H3K79me2 H9": ["FEN1", "NCBP1", "MCM7", "PRDM4", "AMIGO2", "MRPL49", "DHRS1", "NDC80", "CENPE", "EXOSC5", "HNRNPA2B1", "HIST1H3F", "PIH1D2", "TRIP13", "RRP12", "PHLDA1", "SFI1", "APBB3"], "H3K36me3 Adult Liver": ["KCNJ14", "KRT10"], "H3K36me3 IMR90": ["SLC10A4", "KCNJ14", "KRT10", "HOXA5"], "H3K9me3 Duodenum Smooth Muscle": ["OSR2"], "H3K36me3 Mobilized CD34 Primary Cells": ["KRT10"], "H3K27me3 Mobilized CD34 Primary Cells": ["ERCC6L", "TTC22", "CTTNBP2", "COL14A1", "CRMP1", "CXCL1", "SAMHD1", "DACT2", "RIMKLA", "S1PR5", "PHLDA1", "MFSD2A", "SLC10A4", "EOMES", "TRAPPC2", "PCYT1B", "FZD3", "MIR23B", "TSLP", "GK", "NETO2", "KRT10", "MLF1", "BMP2", "CDC42EP2", "DZIP1", "CUL4B"], "H3K9me3 Mesenchymal Stem Cell Derived Adipocyte Cultured Cells": ["SLC10A4"], "H3K36me3 Brain Hippocampus Middle": ["ARHGAP35"], "H3K36me3 Rectal Smooth Muscle": ["HSPA4", "KCNJ14", "HOXA5"], "H3K36me3 Muscle Satellite Cultured Cells": ["CDCA3", "HNRNPA2B1", "KCNJ14", "NAT10", "PTRHD1"], "H3K36me3 Stomach Mucosa": ["MBD5", "CDCA3", "MIR23B", "HNRNPA2B1"], "H3K27me3 Brain Anterior Caudate": ["TRAPPC2", "TSLP", "CRMP1", "ADAMTS10"], "H3K9me3 CD8 Naive Primary Cells": ["SFI1"], "H3K9me3 Brain Anterior Caudate": ["OSR2", "HOXA5"], "H3K36me3 H1": ["SLC10A4"], "H3K9me3 Adipose Nuclei": ["CDCA3"], "H3K9me3 Stomach Mucosa": ["OSR2"], "H3K36me3 CD34 Cultured Cells": ["KCNJ14"], "H3K27me3 CD3 Primary Cells": ["TSLP", "CDC42EP2", "ALG13", "CXCL1", "NETO2"]}