{"GTGGTGA,MIR-197": ["DDX11"], "GCACCTT,MIR-18A,MIR-18B": ["TARDBP"], "AAACCAC,MIR-140": ["MGAT1"], "TGTGTGA,MIR-377": ["PRPF4B"], "GGTGAAG,MIR-412": ["DDX11"], "TCTATGA,MIR-376A,MIR-376B": ["MBD5"], "TTTGCAC,MIR-19A,MIR-19B": ["FAM46C", "PIK3R3", "TESK2"], "CAGCACT,MIR-512-3P": ["MAP2K4"], "ATCATGA,MIR-433": ["HOXA5"], "CTTTGCA,MIR-527": ["TARDBP"], "GCAAAAA,MIR-129": ["TGIF2"], "AAGTCCA,MIR-422B,MIR-422A": ["EDN1"], "ATGTTAA,MIR-302C": ["BMP2"], "GCATTTG,MIR-105": ["PRPF4B"], "TAATAAT,MIR-126": ["CDCA7"], "CTGAGCC,MIR-24": ["SNN"], "CCACACA,MIR-147": ["SNRPA"], "ATACTGT,MIR-144": ["TFRC"], "CCTGCTG,MIR-214": ["KCNJ14"], "CAGCTTT,MIR-320": ["TFRC"]}