{"NR3C1_HepG2_hg19": ["DDX51", "DHRS1", "E2F6", "NDC80"], "CTCF_HepG2_hg19": ["DDX46", "PRDM4", "TSSC1", "CDCA7", "NAT10", "TESK2", "CELF5", "TMEM222", "FAM102B", "HIST1H3F", "RRP12", "FAM83D", "PHLDA1", "HOXA5", "FBXO9", "EOMES", "EDN1", "CDADC1", "CENPW", "TTC33", "ALG13", "EXOG", "SNHG4", "FMNL3", "WRAP73", "ESPL1", "FASN", "TSR2", "FASTKD5", "CCNYL1", "PIH1D2", "SRSF3", "SFI1"], "CTCF_IMR-90_hg19": ["CDADC1", "DDX46", "PRDM4", "TTC33", "CDCA7", "TESK2", "ALG13", "CXCL1", "DDX51", "EXOG", "TMEM97", "RRP8", "TMEM222", "SQLE", "WRAP73", "TATDN2", "FASN", "PGP", "CCNYL1", "SRSF3", "UBE2K", "FBXO9"], "CEBPB_K562_hg19": ["DYRK3", "FAM13B", "TTC22", "HSD17B7", "TMEM222", "LDHA", "CHAF1A", "COTL1", "WDR6", "CLSPN", "FAM83D", "UTP14A", "APBB3", "CDADC1", "DUSP1", "MRPL49", "KTI12", "ALG13", "DHRS1", "ARFGAP1", "MLF1", "CENPE", "SFPQ", "FASTKD5", "SRSF3", "HIST1H2BH", "SRSF6", "RBMX", "MXD3", "MON1B"], "JUND_T47D_hg19": ["HEXIM1", "EDN1", "E2F6"], "CTCF_MCF-7_hg19": ["DYRK3", "DDX46", "PRDM4", "TFRC", "FAM13B", "TTC22", "COL14A1", "CCNF", "NAT10", "CELF5", "TMEM97", "RRP8", "FAM102B", "TATDN2", "COTL1", "PHLDA1", "HOXA5", "EOMES", "MAP2K4", "EDN1", "CDADC1", "TTC33", "DUSP1", "ALG13", "DDX51", "MLF1", "WRAP73", "SFPQ", "DEPDC1B", "ESPL1", "FASTKD5", "LANCL2", "CDC42EP2", "SRSF3", "SRSF6", "SFI1", "ASF1B", "AMIGO2", "CDCA7", "RBM4B", "FAM83D", "FZD3", "GCA", "KTI12", "ISG15", "NETO2", "EXOG", "SNHG4", "PTRHD1", "DHODH", "DHRS4", "FMNL3", "SQLE", "FASN", "HNRNPA2B1", "CCNYL1", "MON1B"], "CTCF_WI38_hg19": ["DDX46", "CTTNBP2", "AMIGO2", "CELF5", "LRRC1", "FAM102B", "HIST1H3F", "FAM83D", "PHLDA1", "HOXA5", "EOMES", "EDN1", "TTC33", "DUSP1", "TMEM50B", "ALG13", "PRPF4B", "NETO2", "EXOG", "PTRHD1", "DHRS4", "FMNL3", "DEPDC1B", "ESPL1", "LANCL2", "ASF1B"], "BHLHE40_HepG2_hg19": ["ANKRD37", "FEN1", "CTF1", "DDX46", "SRSF1", "PHB", "SLC4A2", "TMEM97", "HIGD1A", "LDHA", "NUP85", "WDR6", "FAHD1", "NCBP1", "MIOS", "TTC33", "DUSP1", "SIGMAR1", "AP1B1", "AXIN2", "ARFGAP1", "DHODH", "DDX39A", "TAOK2", "MXD3"], "CTCF_HeLa-S3_hg19": ["DYRK3", "NAA40", "DDX46", "PRDM4", "TSSC1", "NAT10", "CELF5", "SAMHD1", "LMNB2", "RRP8", "FAM83D", "PHLDA1", "FBXO9", "STAT5A", "EOMES", "TRAPPC2", "RFC3", "EDN1", "FZD3", "MIOS", "TTC33", "ALG13", "DDX51", "EXOG", "WRAP73", "POLA2", "NASP", "ESPL1", "FASN", "HNRNPA2B1", "FASTKD5", "LANCL2", "PIH1D2", "SRSF3", "SFI1"], "CEBPB_A549_hg19": ["NOTCH1", "MCM7", "AMIGO2", "CDCA7", "NAT10", "TESK2", "CXCL1", "HSD17B7", "TMEM222", "EXOSC5", "CHAF1A", "COTL1", "WDR6", "KNTC1", "HOXA5", "FBXO9", "NCBP1", "TSLP", "HSBP1", "HSPA4", "DUSP1", "TPRKB", "ALG13", "DHRS1", "DUSP6", "PTRHD1", "DDX39A", "ATG2A", "SRSF3", "RBMX", "MXD4", "MON1B"], "ZKSCAN1_HeLa-S3_hg19": ["DDX46", "NCBP1", "FAM13B", "HSBP1", "PIK3R3", "SLC4A2", "DHRS1", "SAMHD1", "RRP8", "DHODH", "DNAJA1", "CENPE", "YRDC", "SQLE", "WRAP73", "LDHA", "DDX39A", "COTL1", "TCEB1", "HIST1H2BH", "CLSPN", "SRSF6", "UBE2K", "E2F6"], "BCL11A_H1-hESC_hg19": ["CCDC92", "DUSP6"], "NRF1_GM12878_hg19": ["RFC3", "CMTM3", "TSSC1", "HSBP1", "MX2", "TPRKB", "GXYLT1", "ISG15", "DDX51", "AXIN2", "TPCN2", "ARFGAP1", "WRAP73", "ESPL1", "FASTKD5", "CLSPN", "TRIP13", "FAM83D", "PHLDA1", "SFI1", "E2F6", "MON1B"], "SMC3_GM12878_hg19": ["TRAPPC2", "FAHD1", "DDX46", "CMTM3", "TFRC", "TTC33", "NFYC", "SRSF1", "MRPL49", "NAT10", "ALG13", "PRPF4B", "DHODH", "TMEM222", "NCLN", "ESPL1", "NUP85", "SRSF3", "KNTC1", "FAM83D", "SRSF6", "UBE2K", "SFI1"], "eGFP-GATA2_K562_hg19": ["OSR2", "PCYT1B", "FEN1", "FAHD1", "CENPW", "HSPA4", "GINS3", "SRSF1", "TPRKB", "MRPL49", "KTI12", "SLC4A2", "MLF1", "LDHA", "TATDN2", "DDX39A", "NASP", "ATG2A", "KNTC1", "HIST1H2BH", "UTP14A", "SNRPA", "SNRPB", "MON1B"], "STAT1_GM12878_hg19": ["DYRK3", "MBD5", "RFC3", "CDADC1", "CENPW", "FAM13B", "TTC33", "DDX11", "GXYLT1", "NAT10", "ISG15", "SLC4A2", "DHODH", "WRAP73", "DDX39A", "FASTKD5", "FADD", "FAM83D", "NOL12", "TRIM21", "RBMX", "E2F6", "MXD3", "CHST2"], "CTCF_fibroblast of the aortic adventitia_hg19": ["FEN1", "NAA40", "DDX46", "TTC22", "COL14A1", "NAT10", "TESK2", "CELF5", "SAMHD1", "RRP8", "TMEM222", "FAM83D", "PHLDA1", "FBXO9", "EDN1", "TTC33", "ALG13", "EXOG", "WRAP73", "FASN", "FASTKD5", "CCNYL1", "PIH1D2", "SRSF3", "SFI1", "MON1B"], "MAFF_HepG2_hg19": ["HEXIM1", "FEN1", "CENPW", "GCA", "TFRC", "DHX9", "DUSP1", "GINS3", "KTI12", "ISG15", "KRT10", "DHRS1", "ARFGAP1", "DHODH", "SFPQ", "LDHA", "DDX39A", "NUP85", "FASTKD5", "SRSF3", "FAM83D", "TARDBP", "SNRPB"], "POLR2A_cortical plate_mm9": ["NOTCH1", "DDX46", "FAM46C", "HSBP1", "MX2", "TMEM50B", "DDX11", "ISG15", "SLC4A2", "LMNB2", "TPCN2", "SQLE", "SCRN1", "TSR2", "FASTKD5", "CDC42EP2", "FADD", "FAM83D", "S1PR5", "E2F6", "CHST2", "TPRN", "SNRPB"], "POLR2A_kidney_mm9": ["MAP2K4", "OSR2", "ANKRD37", "FAHD1", "NOTCH1", "DDX46", "GCA", "FAM46C", "HSBP1", "SIGMAR1", "MRPL49", "ISG15", "HN1", "DUSP6", "SLC7A9", "SRSF2", "WDR6", "SRSF3", "FADD", "APBB3", "MFSD2A", "TPRN", "SNRPB"]}