{"H3K9ac_HeLa-S3_hg19": ["EOMES", "DYRK3", "MBD5", "GK", "TMEM50B", "AMIGO2", "TPRG1L", "PIK3R3", "RBM4B", "DDX51", "AXIN2", "YRDC", "HNRNPA2B1", "CCNYL1", "S1PR5", "E2F6", "MON1B"], "H3K4me3_GM12878_hg19": ["DYRK3", "NARF", "CDCA3", "TTC22", "AMIGO2", "TPRG1L", "HSD17B7", "LRRC1", "MGAT1", "CLSPN", "TPRN", "SLC10A4", "EOMES", "EDN1", "MIOS", "DUSP1", "TMEM50B", "MRPL49", "DDX51", "FBXL15", "SNHG4", "MLF1", "PTRHD1", "DHODH", "DHRS4", "BMP2", "CCNE1", "FASN", "ATG2A", "TRIP13", "DZIP1", "SNRPA"], "H3K4me2_CD14-positive monocyte_hg19": ["HOMEZ", "TTC22", "SIGMAR1", "MRPL49", "NAT10", "DDX51", "PHB", "TMEM97", "HIGD1A", "NDC80", "PTRHD1", "DHODH", "DHRS4", "CCNE1", "FASN", "RIMKLA", "CCDC92", "TRIM21", "PDK1"], "H3K4me3_erythroblast_mm9": ["TRAPPC2", "HOMEZ", "ANKRD37", "FAHD1", "GCA", "CMTM3", "TTC33", "ZFP758", "TPRKB", "AP1B1", "NAT10", "CELF5", "ISG15", "DHODH", "TIMM10B", "YRDC", "FAM101B", "EXOSC5", "NCLN", "RRP12", "RIMKLA", "UTP14A", "MXD4"], "H3K4me3_NT2-D1_hg19": ["TRAPPC2", "DYRK3", "MBD5", "ANKRD37", "MRPL49", "RBM4B", "CXCL1", "DDX51", "PHB", "DHRS1", "LRRC1", "DHRS4", "DNAJA1", "YRDC", "BMP2", "NUP85", "TRIP13", "RIMKLA", "APBB3"], "H3K4me1_A549_hg19": ["DDX46", "SLC4A2", "LDHA", "TATDN2", "SCRN1", "FADD", "RRP12", "TRIM21", "MFSD2A", "STAT5A", "PCYT1B", "TGIF2", "MIOS", "CMTM3", "GINS3", "MX2", "KTI12", "ALG13", "ISG15", "FBXL15", "EXOG", "KRT10", "BMP2", "ESPL1", "SLC7A9"], "H3K4me3_C2C12_mm9": ["HOMEZ", "OSR2", "DYRK3", "FEN1", "CDADC1", "CDCA3", "TTC33", "DONSON", "PVR", "ARFGAP1", "LRRC1", "DHODH", "DHRS4", "WDR6", "CLSPN", "TRIP13", "RRP12", "APBB3"], "H3K4me3_CD14-positive monocyte_hg19": ["HOMEZ", "ERCC6L", "FEN1", "TTC22", "NAT10", "CXCL1", "PHB", "TMEM97", "MGAT1", "RIMKLA", "E2F6", "FAHD1", "TGIF2", "GK", "SRD5A1", "DDX11", "SIGMAR1", "DDX51", "FBXL15", "SNHG4", "MLF1", "NDC80", "PTRHD1", "DHRS4", "YRDC", "BMP2", "ESPL1", "CCNE1", "PIH1D2", "SFI1", "SNRPA"], "H3K9me3_ES-E14_mm9": ["DDX46", "MRPL49", "SFI1"], "H3K27ac_endothelial cell of umbilical vein_hg19": ["TRAPPC2", "HOMEZ", "FAHD1", "HSPA4", "TPRG1L", "DHRS1", "GATAD2A", "YRDC", "FAM102B", "CHAF1A", "FASN", "COTL1", "PGP", "CCNYL1", "WDR6", "MXD3", "TPRN"], "H3K4me3_A549_hg19": ["NOTCH1", "NARF", "NAA40", "PRDM4", "TPRG1L", "TESK2", "CXCL1", "PHB", "HSD17B7", "DACT2", "RIMKLA", "CCDC92", "TRAPPC2", "HEXIM1", "FAHD1", "GK", "FAM46C", "HSPA4", "SRD5A1", "TMEM50B", "DDX11", "ISG15", "DDX51", "MLF1", "PTRHD1", "DHODH", "DHRS4", "YRDC", "BMP2", "CCNE1", "LANCL2", "ATG2A", "TARDBP", "SFI1", "ASF1B"], "H3K9me3_T-cell acute lymphoblastic leukemia_hg19": ["SF3A1", "TSSC1", "TFRC", "DHX9", "HSBP1", "GINS3", "TPRKB", "AP1B1", "SFPQ", "LDHA", "NUP85", "TAOK2", "SRSF3", "KNTC1", "FAM83D", "DZIP1", "PDK1"], "H3K27me3_HepG2_hg19": ["STAT5A", "SLC10A4", "CMTM3", "FAM13B", "MX2", "MRPL49", "NDC80", "PTRHD1", "DHODH", "DNAJA1", "ESPL1", "TAOK2", "PIH1D2", "KNTC1", "TRIM21", "SFI1", "FBXO9", "MON1B"], "H3K27me3_spleen_mm9": ["OSR2", "EDN1", "FZD3", "CTTNBP2", "COL14A1", "AMIGO2", "AP1B1", "CRMP1", "CELF5", "CXCL1", "AXIN2", "MLF1", "SCRN1", "HOXC5", "DACT2", "RIMKLA", "CHST2", "MFSD2A"], "H3K4me2_fibroblast of dermis_hg19": ["DYRK3", "MIOS", "FAM13B", "TTC22", "HSPA4", "SRD5A1", "MX2", "AP1B1", "MRPL49", "DDX51", "PHB", "DHRS1", "MLF1", "DHODH", "NCLN", "NDN", "HIST1H2BH"], "H3K4me3_endothelial cell of umbilical vein_hg19": ["DYRK3", "MCM7", "CTTNBP2", "AMIGO2", "TPRG1L", "CXCL1", "PHB", "HSD17B7", "PVR", "FAM102B", "EXOSC5", "E2F6", "TPRN", "PDK1", "EOMES", "HEXIM1", "FAHD1", "MIOS", "GK", "MRPL49", "DDX51", "FBXL15", "MLF1", "GATAD2A", "DHODH", "YRDC", "BMP2", "ATG2A", "SFI1"], "H3K4me3_astrocyte of the spinal cord_hg19": ["HEXIM1", "CTF1", "MCM7", "HSBP1", "DDX11", "DONSON", "CXCL1", "FBXL15", "HSD17B7", "GATAD2A", "MED22", "BMP2", "ESPL1", "LANCL2", "CLSPN", "SFI1", "E2F6"], "H3K4me2_fibroblast of lung_hg19": ["SLC10A4", "HOMEZ", "FZD3", "NOTCH1", "RRM2", "CMTM3", "COL14A1", "MX2", "CXCL1", "PHB", "PVR", "MLF1", "GATAD2A", "YRDC", "FASTKD5", "S100A3", "RIMKLA"], "H3K9ac_keratinocyte_hg19": ["DYRK3", "NOTCH1", "RRM2", "NAA40", "NCBP1", "HSPA4", "CXCL1", "DDX51", "DHRS1", "MLF1", "RRP8", "PTRHD1", "LRRC1", "GATAD2A", "DNAJA1", "YRDC", "FAM102B", "TRIP13"], "H3K4me1_HeLa-S3_hg19": ["STAT5A", "TRAPPC2", "DYRK3", "MIOS", "DHX9", "TTC33", "GINS3", "KTI12", "ALG13", "PRPF4B", "FBXL15", "DDX39A", "ESPL1", "SRSF3", "S1PR5", "TRIM21", "FBXO9"]}