{"EBNA2-21746931-IB4-LCL-HUMAN": ["SPEN", "PLXND1", "SMEK1", "CDCA4", "DCAKD", "MAPK8IP1", "CYTH3", "CHTF8", "FAM184B", "SALL2", "BHLHE40", "TMCC3", "S100A8"], "GFI1B-20887958-HPC-7-MOUSE": ["EGR1", "JUND", "IFRD2", "GPATCH2", "OPLAH", "SSFA2", "PER2", "SLC9A3R1", "SBK1", "ID1", "BHLHE40", "XPO5", "RNU7", "FAM181B", "ATP13A2", "B3GNT1", "FAM65A", "MGAT2", "PKNOX1", "MCL1"], "HNF4A-19822575-HepG2-human": ["NRP2", "MIDN", "PLXND1", "SMEK1", "GPATCH2", "CXCL17", "PRKAG2", "HK2", "PHF8", "DUSP14", "SHF", "DBP", "SALL2", "CDK5RAP1", "TOM1", "TNPO2", "ANKRD13A", "XYLB", "OVGP1", "PRMT5", "RBM15", "SERPINF1", "IFRD2", "DCAKD", "MINK1", "ITPK1", "MKL1", "PPRC1", "NUP93", "LSG1", "CRY2", "SHANK3", "SPTBN4", "RALB", "POLDIP3", "MRPS30", "MTMR4", "SSFA2", "SLC9A3R1", "SGPL1", "CNNM1", "POLD2", "STOM", "MARK2", "MCL1", "SPEN", "ZBTB17", "GPR108", "NFYC", "YLPM1", "MICAL2", "SAMD4B", "PLXDC1", "UCKL1", "PER2", "SKI", "BCL9", "EHD4", "NPLOC4", "AXL", "ID1", "TMCC3", "MAFK", "NFE2L2"], "STAT3-23295773-U87-HUMAN": ["RYR1", "NRP2", "GPATCH2", "PRKAG2", "DTX1", "MRPS30", "BACH2", "HK2", "CDH8", "SSFA2", "AQP1", "DUSP14", "HSD11B1", "CUX2", "TNPO2", "BRD1", "TGIF2", "MINK1", "MKL1", "MICAL2", "SAMD4B", "FHDC1", "ETV5", "SYT6", "MYL1", "BHLHE40", "FOSB", "HRASLS"], "RUNX2-22187159-PCA-HUMAN": ["BTG1", "CLSTN2", "PCOLCE2", "KCNA5", "OPLAH", "HK2", "PHF8", "HSD11B1", "CYTH3", "FAM184B", "BTBD3", "NIPAL2", "PENK", "PKNOX1", "SEC24B", "PHC1", "TSTD2", "ITPK1", "MICAL2", "SYT13", "FHDC1", "TUBB2B", "CCDC9", "HNRNPD", "FAM181B", "S100A9"], "TP63-22573176-HFKS-HUMAN": ["RYR1", "EIF4A1", "MIDN", "POLDIP3", "ARHGDIG", "HSPB1", "UBE2D1", "BACH2", "HK2", "DUSP14", "SAV1", "SHF", "ZMYM1", "CHTF8", "FXR2", "PPP2R4", "FAM184B", "SALL2", "NIPAL2", "CDK5RAP1", "MACROD1", "FAM65A", "PKNOX1", "ZBTB17", "SRRM3", "EGR1", "SEC24B", "JUND", "KSR1", "SERPINF1", "ITPK1", "SYTL1", "HAUS4", "PPRC1", "MAPK8IP1", "APLN", "NUP93", "GALNS", "EHD4", "CDHR1", "ID1", "MAFK", "AVP", "DNAL4"], "JARID1A-20064375-MESC-MOUSE": ["PSD", "ZBTB17", "JUND", "RBM15", "PNPLA7", "SMEK1", "MAZ", "DTX1", "MRPS30", "1700123O20RIK", "NUP93", "GALNS", "DGUOK", "LSG1", "C230052I12RIK", "NPLOC4", "PPP2R4", "XPO5", "CDK5RAP1", "KRIT1", "B3GNT1", "TNPO2"], "ZNF217-24962896-MCF7-HUMAN": ["BTG1", "CLSTN2", "ITPK1", "GPATCH2", "HSPB1", "BCL9", "EHD4", "NHSL1", "KLF5", "NIPAL2", "ID1", "BHLHE40", "FAM181B", "TMCC3", "FAM43A"], "SOX2-21211035-LN229_GBM-HUMAN": ["NRP2", "RALB", "BTG1", "CLSTN2", "POLDIP3", "CDCA7L", "PRKAG2", "KCNA6", "ZDHHC8", "CDH8", "PCBP3", "BTBD3", "ST3GAL4", "FAM43A", "TUB", "POSTN", "BRD1", "EGR4", "CKM", "KSR1", "ITPK1", "MKL1", "MICAL2", "SYT13", "ETV5", "NUP93", "EHD4", "COL1A2", "NPLOC4", "KLF5", "MYL1", "AXL", "TMCC3"], "AR-22383394-PROSTATE_CANCER-HUMAN": ["GPATCH2", "MICAL2", "SYT13", "FHDC1", "ZFP36L1", "CYTH3", "NUP93", "SLC9A3R1", "BCL9", "PER1", "SBK1", "EHD4", "BTBD3", "STOM", "TMCC3", "FAM43A"], "TCF4-23295773-U87-HUMAN": ["RYR1", "NRP2", "CLSTN2", "CDCA4", "GPATCH2", "PRKAG2", "KCNA6", "MRPS30", "BACH2", "CDH8", "SSFA2", "ZMYM1", "CUX2", "FAM184B", "PCBP3", "ZMIZ2", "XPO5", "BRD1", "RBM15", "PNPLA7", "KSR1", "NFYC", "DCAKD", "MKL1", "MICAL2", "SYT13", "PLXDC1", "ETV5", "SYT6", "PER2", "NUP93", "ACTA1", "COL1A2", "NPLOC4", "KLF5", "FAM131B", "HRASLS", "SHANK3"], "AR-20517297-VCAP-HUMAN": ["NRP2", "NAA40", "KCNA2", "PRKAG2", "SAMD4B", "PTPLA", "LCE1D", "ZFP36L1", "HSD11B1", "CYTH3", "DRAP1", "ISLR", "TUBB2B", "OMP", "CNNM1", "NIPAL2", "BHLHE40", "CYP1A2", "MACROD1", "DRD2"], "FLI1-20887958-HPC-7-MOUSE": ["CBR2", "MIDN", "SF3A2", "MINK1", "GPATCH2", "MTMR4", "SSFA2", "FAM189B", "DBP", "PPP2R4", "CCDC9", "AXL", "XPO5", "RNU7", "ATP13A2", "FAM65A", "PFN1", "MCL1"], "SMAD4-21799915-A2780-HUMAN": ["NRP2", "RALB", "CLSTN2", "CDCA7L", "PON1", "DTX3", "BACH2", "CDH8", "DUSP14", "ZFP36L1", "HSD11B1", "BTBD3", "PENK", "ZBTB17", "RBM15", "PNPLA7", "KSR1", "YLPM1", "MICAL2", "ETV5", "NUP93", "FAM189B", "BCL9", "PER1", "BHLHE40"], "ETS1-20019798-JURKAT-HUMAN": ["ZBTB17", "ADPRHL2", "GPR108", "IFRD2", "DCAKD", "SYT13", "PPRC1", "UCKL1", "APH1A", "DGUOK", "LSG1", "P4HA2", "CDK5RAP1", "TNPO2"], "GATA1-22025678-K562-HUMAN": ["CNNM1"], "KDM5B-21448134-MESC-MOUSE": ["NRP2", "RALB", "SMEK1", "CDCA4", "MTMR4", "SHF", "ZMYM1", "CHTF8", "FXR2", "ZMIZ2", "XPO5", "CPSF3L", "TNPO2", "PHC1", "PCP4L1", "MINK1", "YLPM1", "HAUS4", "PPRC1", "PLXDC1", "ETV5", "ARHGAP23", "NUP93", "PER1", "LSG1", "SBK1", "NPLOC4", "KLF5", "P4HA2", "HNRNPD", "ZFP26"], "RUNX1-22412390-EML-MOUSE": ["EGR1", "SEC24B", "MIDN", "PLXND1", "METTL1", "ITPK1", "YLPM1", "MRPS30", "APH1A", "GALNS", "FAM189B", "HIST3H2A", "FXR2", "CCDC9", "MKNK2", "POLD2", "RNU7", "MAFK", "B3GNT1"], "FOXP1-22492998-STRATIUM-MOUSE": ["MGAT2"], "TP63-17297297-HaCaT-human": ["SERPINF1"]}