{"HNF1B (human)": ["FAM184B"], "SOX2 (human)": ["NHSL1"], "NFE2L1 (human)": ["MAZ", "SAV1"], "TBX5 (human)": ["SEC24B", "MARK2"], "SMAD3 (human)": ["SPEN"], "NFYB (human)": ["COL1A1", "ID1"], "AP1 (mouse)": ["PLXND1", "LCE1D"], "FOXA2 (human)": ["OVGP1"], "SND1 (mouse)": ["SYTL1"], "Nr2e3 (mouse)": ["CYP2F2", "MARK2"], "Tal1::Gata1 (mouse)": ["SHANK3"], "NFATC3 (human)": ["NPLOC4", "KCNA5"], "IRF7 (human)": ["CARNS1"], "MYOD1 (human)": ["OLFML2B", "TNPO2"], "ESR2 (mouse)": ["SBK1"], "HNRNPK (human)": ["NRP2"], "ESR2 (human)": ["OVGP1", "ARHGAP23"], "POU3F1 (human)": ["CNNM1", "ZMIZ2"], "MIR210 (human)": ["AXL", "MKNK2"], "FOXM1 (human)": ["EMR1", "KRIT1"]}