{"H3K36me3 CD4+ CD25- CD45RO+ Memory Primary Cells": ["MGAT2"], "H3K36me3 Duodenum Mucosa": ["NUMBL", "FHDC1"], "H3K36me3 CD34 Cultured Cells": ["EIF4A1"], "H3K79me2 H1": ["PRMT5", "TUBB2B", "LSG1", "TGIF2", "BTG1", "TSTD2", "POLDIP3", "XPO5", "ATP13A2", "MGAT2", "SHANK3"], "H3K36me3 Stomach Mucosa": ["ZMIZ2", "ID1", "MGAT2"], "H3K9me3 Mesenchymal Stem Cell Derived Adipocyte Cultured Cells": ["PCP4L1", "SYT13"], "H3K9me3 Mobilized CD34 Primary Cells": ["EGR4", "SALL2", "PCDH8", "KCNA5", "PHF8", "PLXNA3"], "H3K36me3 Penis Foreskin Fibroblast Primary Cells": ["PER1", "CKM", "CARNS1", "ST3GAL4", "ARHGDIG", "FOSB"], "H3K9me3 Brain Hippocampus Middle": ["PCP4L1"], "H3K36me3 Fetal Lung": ["SEC24B", "DCAKD", "ID1", "MGAT2"], "H3K36me3 Skeletal Muscle": ["EIF4A1"], "H3K36me3 Brain Cingulate Gyrus": ["OMP"], "H3K27me3 Fetal Heart": ["COL1A1", "COL1A2", "PCP4L1", "FAM131B", "PENK"], "H3K36me3 Chondrocytes from Bone Marrow Derived Mesenchymal Stem Cell Cultured Cells": ["EIF4A1", "ID1"], "H3K36me3 H1": ["PLXND1", "PCP4L1", "GJB6", "PENK", "EMR1", "KCNA5", "FHDC1"], "H3K9me3 Brain Germinal Matrix": ["EMR1"], "H3K36me3 CD3 Primary Cells": ["RIN1"], "H3K9me3 Adult Liver": ["DRD2"], "H3K36me3 Bone Marrow Derived Mesenchymal Stem Cell Cultured Cells": ["EIF4A1"], "H3K9me3 iPS DF 6.9": ["ACTA1", "EGR4", "PCP4L1", "ADPRHL2"]}