{"GTCAGGA,MIR-378": ["SAMD4B"], "GGTAACC,MIR-409-5P": ["SAMD4B"], "GTAGGCA,MIR-189": ["BTBD3"], "AGGAGTG,MIR-483": ["DNAL4"], "AGTTCTC,MIR-146A,MIR-146B": ["NRP2"], "ACAACCT,MIR-453": ["PCDH8"], "GTGTGAG,MIR-342": ["MINK1"], "GACAGGG,MIR-339": ["SLC9A3R1"], "GGGATGC,MIR-324-5P": ["BACH2"], "CTCTAGA,MIR-526C,MIR-518F,MIR-526A": ["ZFP36L1"], "CTCAAGA,MIR-526B": ["ZFP36L1"], "TAGAACC,MIR-182": ["FXR2"], "TCTGATC,MIR-383": ["SAMD4B"], "TGCACGA,MIR-517A,MIR-517C": ["DBN1"], "ACATATC,MIR-190": ["BACH2"], "TAGGTCA,MIR-192,MIR-215": ["MTMR4"], "GCAAGAC,MIR-431": ["UBE2D1"], "GGCACAT,MIR-455": ["BRD1"], "TTCCGTT,MIR-191": ["EGR1"], "CCATCCA,MIR-432": ["SPTBN4"]}