{"RFX5_K562_hg19": ["ZBTB17", "EGR1", "TMEM161A", "BTG1", "ADPRHL2", "SYTL1", "SHF", "GALNS", "PER1", "ZMYM1", "HIST3H2A", "KLF5", "CCDC9", "ID1", "MKNK2", "POLD2", "FOSB", "PKNOX1", "XYLB"], "TCF12_MCF-7_hg19": ["MACROD1", "NFE2L2"], "JUND_T47D_hg19": ["ANKRD13A", "DUSP14"], "STAT3_MCF 10A_hg19": ["EIF4A1", "RALB", "IFITM2", "BTG1", "POLDIP3", "CXCL17", "UBE2D1", "SLC4A2", "APEH", "OPLAH", "BACH2", "SAV1", "SHF", "DGUOK", "ZMYM1", "MACROD1", "XYLB", "ZBTB17", "MRPS26", "RBM15", "KSR1", "ADPRHL2", "NFYC", "IFRD2", "YLPM1", "DRAP1", "PER1", "LSG1", "HIST3H2A", "NPLOC4", "AXL", "ID1", "FOSB", "ATF5"], "FOS_MCF 10A_hg19": ["RALB", "IFITM2", "CXCL17", "HSPB1", "SLC4A2", "APEH", "BACH2", "SAV1", "SHF", "DGUOK", "ZMYM1", "PPP2R4", "POLD2", "CDK5RAP1", "MACROD1", "FAM43A", "PKNOX1", "TNPO2", "XYLB", "ZBTB17", "KSR1", "ADPRHL2", "METTL1", "NFYC", "IFRD2", "DCAKD", "LANCL1", "MINK1", "EMR1", "SYTL1", "BCL9", "LSG1", "CCDC9", "ID1", "ATF5", "S100A9", "S100A8"], "BCL11A_H1-hESC_hg19": ["AXL", "CDH8"], "NR2F2_HepG2_hg19": ["NIPAL2", "PHF8"], "RXRA_SK-N-SH_hg19": ["BHLHE40"], "EP300_MCF-7_hg19": ["BTG1", "NFE2L2"], "MAFK_HepG2_hg19": ["EIF4A1", "SWSAP1", "RALB", "BTG1", "DGUOK", "ZMYM1", "NHSL1", "BTBD3", "CDK5RAP1", "MGAT2", "TNPO2", "XYLB", "SRRM3", "MRPS26", "SF3A2", "ADPRHL2", "METTL1", "GPR108", "IFRD2", "LANCL1", "EMR1", "SYTL1", "VASN", "BCL9", "LSG1", "NPLOC4", "SGSM3", "FOSB", "ATF5", "NFE2L2"], "RXRA_H1-hESC_hg19": ["CDCA7L"], "GABPA_MEL cell line_mm9": ["SPTBN4", "NUMBL"], "MAFK_HeLa-S3_hg19": ["SRRM3", "SWSAP1", "RALB", "BTG1", "ADPRHL2", "IFRD2", "MINK1", "GPATCH2", "HSPB1", "UBE2D1", "SLC4A2", "MRPS30", "FAM189B", "BCL9", "HIST3H2A", "SGSM3", "CDK5RAP1", "CPSF3L", "XYLB"], "IRF1_K562_hg19": ["MIDN", "IFITM2", "TMEM161A", "POLDIP3", "HSPB1", "UBE2D1", "MRPS30", "OPLAH", "BACH2", "SSFA2", "SLC9A3R1", "DGUOK", "ZMYM1", "POLD2", "XPO5", "ANKRD13A", "XYLB", "TBC1D10A", "MCL1", "PLXNA3", "ZBTB17", "SRRM3", "MRPS26", "JUND", "ADPRHL2", "METTL1", "GPR108", "LANCL1", "HAUS4", "MICAL2", "VASN", "ARHGAP23", "NUP93", "DRAP1", "FAM189B", "LSG1", "HIST3H2A", "NPLOC4", "P4HA2", "SGSM3", "ID1", "LPPR2"], "TEAD4_MCF-7_hg19": ["SHF", "HSPB1"], "FOXM1_MCF-7_hg19": ["ID1", "NFE2L2"], "RFX5_HepG2_hg19": ["ZBTB17", "SRRM3", "EIF4A1", "SWSAP1", "JUND", "ADPRHL2", "IFRD2", "MINK1", "SYTL1", "MTMR4", "APH1A", "NHSL1", "KLF5", "BTBD3", "POLD2", "CPSF3L", "DNAL4", "XYLB"], "POLR2A_endothelial cell of umbilical vein_hg19": ["NRP2", "OLFML2B", "IFITM2", "TMEM161A", "NAA40", "MAZ", "GPATCH2", "UBE2D1", "APEH", "BACH2", "PTPLA", "CYTH3", "SLC9A3R1", "DGUOK", "ZMYM1", "EFEMP2", "MKNK2", "XPO5", "CDK5RAP1", "MACROD1", "MGAT2", "PLXNA3", "SRRM3", "BRD1", "IFRD2", "YLPM1", "VASN", "UCKL1", "NUP93", "PER1", "LSG1", "SBK1", "HIST3H2A", "KLF5", "CCDC9", "P4HA2", "SGSM3", "HNRNPD", "FOSB", "TMCC3", "ATP13A2", "GAS8"], "MYC_MCF 10A_hg19": ["RALB", "TMEM161A", "POLDIP3", "CXCL17", "SGPL1", "CHTF8", "MB", "BTBD3", "CDK5RAP1", "MACROD1", "FAM43A", "MGAT2", "XYLB", "MCL1", "ZBTB17", "SRRM3", "ADPRHL2", "DCAKD", "LANCL1", "SYTL1", "HAUS4", "NUP93", "FAM189B", "EHD4", "NPLOC4", "SGSM3", "ID1", "ATP13A2", "S100A9", "S100A8"], "SMARCB1_HeLa-S3_hg19": ["NRP2", "SEC24B", "TGIF2", "MBD6", "NAA40", "TSTD2", "CDCA7L", "HAUS4", "MICAL2", "UCKL1", "FAM189B", "ZMYM1", "HIST3H2A", "HNRNPD", "KRIT1", "ST3GAL4", "STOM", "CPSF3L", "XYLB"]}