{"H3K27me3_cardiac mesoderm_hg19": ["INPP1", "SHMT2", "AMIGO2", "ATP2A3", "CXCL3", "GATA2", "NOC2L", "CALB1", "CCND2", "PLAU", "MYB", "CTSH", "FLNA", "PMAIP1", "BID", "PHLDA2", "GABRE", "PLTP", "PTRF", "SERF2", "GABBR2", "EGR1", "SLC2A14", "NQO2", "PRKCB", "SMAGP", "PLCL1", "STARD8", "PDE4DIP", "ASNS", "TNFRSF10B", "LSR", "DGKZ", "FOSL1", "TMEM158", "FABP5", "SLCO4A1", "WT1", "ALDH1A2", "BHLHE40", "PMP22", "TRIB3", "VIM"], "H3K4me3_HepG2_hg19": ["IDI1", "ANKRD55", "PAK1IP1", "TIMM10", "ENO1", "CXCL3", "GATA2", "ARHGAP22", "MRPL4", "LIMA1", "LAPTM4B", "PLAU", "EPB41L2", "ERI3", "FDXR", "FAM3C", "TIMP1", "BID", "KPNA2", "CTSC", "IDH3A", "GABBR2", "WARS", "CISH", "PRKCB", "IGFBP4", "SMAGP", "PLCL1", "RPP40", "AHSA1", "IMP4", "MIR21", "ERAL1", "TUFM", "YRDC", "EBNA1BP2", "FAM173A", "PSME3", "ZYX", "NHP2", "CASS4", "CKS2", "GARS", "GCLM", "ABCE1", "CD24"], "H3K4me3_H1-hESC_hg19": ["WDR3", "ITPR1", "TIMM10", "MRPL12", "SRM", "SEL1L3", "HSP90B1", "STIP1", "MRPL2", "GRPEL1", "FDXR", "CHAC1", "TIMP1", "IDH3A", "RPL39L", "NQO1", "SLC2A14", "CISH", "GOT1", "STARD8", "RPP40", "RHOH", "MANF", "YRDC", "DHCR7"], "H3K9ac_H1-hESC_hg19": ["IFITM1", "SLC20A1", "WDR3", "CXCL3", "SRM", "HSP90B1", "LIMA1", "TAF1A", "LRRC8B", "YES1", "SDF2L1", "GOT1", "SMAGP", "RPP40", "LRRC61", "RHOH", "TFB2M", "ERAL1", "DAB2", "PSRC1", "POLR3D", "NDUFAF4", "PSME3", "TFAM", "SLC25A32", "DHCR7", "ITM2A"], "H2AFZ_H1-hESC_hg19": ["IDI1", "GBE1", "CXCL3", "MRPL12", "SOCS2", "TAF1A", "CD33", "CD53", "LYN", "SRGN", "RPL39L", "NQO1", "SLC2A14", "SLC38A1", "C21ORF59", "RPP40", "AHSA1", "SERPINB9", "NOC3L", "FABP5", "UBE2S", "ID1", "SLC25A32", "CD69", "BCAT1", "SPC25"], "H3K4me1_heart_mm9": ["IFITM3", "DPAGT1", "ECM1", "INPP1", "SLC35F2", "INSIG1", "GMFG", "ANKRD55", "PRF1", "CXCL3", "PFAS", "IPO4", "SRM", "CDC20", "CALB1", "TCOF1", "PMAIP1", "CHAC1", "PHLDA2", "NQO1", "ARG2", "MEF2C", "PRKCB", "ACTR6", "LRRC61", "LAPTM5", "RHOH", "ASNS", "SERPINB9", "MIF", "ERAL1", "SYNGR3", "TUFM", "NME1", "FOSL1", "PTP4A3", "KRT18", "WT1", "FAM173A", "PSAT1", "POLR3D", "MRTO4", "CKS2", "SCG3"], "H3K4me3_cardiac muscle cell_hg19": ["IDI1", "POGK", "CXCL3", "MRPL4", "LAPTM4B", "MYC", "MYB", "DNMT3B", "TGIF1", "SLC2A14", "SLC38A1", "EGLN3", "DAPK1", "STARD8", "CMTM6", "RPP40", "TNFRSF10B", "MIR21", "TMEM158", "KRT18", "FABP5", "UBE2S", "FAM173A", "FDX1", "GARS", "ABCE1", "CD24", "NFE2L2"], "H3K4me2_endothelial cell of umbilical vein_hg19": ["IFITM1", "GMFG", "LIMA1", "MRPL2", "IMPA1", "FDXR", "CTSH", "CHAC1", "SERF2", "IDH3A", "TGIF1", "EGR1", "CISH", "GOT1", "RPP40", "RHOH", "ERAL1", "TUFM", "YRDC", "CTH", "PSME3", "CASS4", "NAA15", "CD69", "ESYT1", "CD24"], "H3K9ac_ES-E14_mm9": ["SLC35F2", "GBE1", "INSIG1", "PAK1IP1", "HMGCR", "HSP90B1", "CDC20", "RAP1B", "LIMA1", "FDXR", "LRRC8B", "PHLDA2", "CAP1", "YES1", "GOT1", "GFPT1", "PLK1", "LRRC61", "WDR74", "TFB2M", "TNFRSF1A", "BOLA2", "CKS2", "CYCS", "SCG3", "SLC25A32", "IARS"], "H3K4me2_A549_hg19": ["ECM1", "CFH", "PAK1IP1", "ITPR1", "CAPG", "ARHGAP22", "LIMA1", "MRPL2", "IMPA1", "FDXR", "CTSH", "PMAIP1", "CHAC1", "FAM3C", "SH2B3", "SERF2", "ARG2", "WARS", "CISH", "GOT1", "PRKCB", "ACTR6", "SMAGP", "PLCL1", "LRRC61", "AHSA1", "IMP4", "YRDC", "SLCO4A1", "WT1", "POLR3D", "CTH", "SCG3", "NAA15", "ESYT1"], "H3K4me2_CH12.LX_mm9": ["CEBPB", "SLC35F2", "INSIG1", "MAK16", "DDX21", "LIMA1", "RUVBL2", "WBSCR22", "COTL1", "PHACTR2", "PMAIP1", "LRRC8B", "MCCC2", "CMTM6", "LRRC61", "PDE4DIP", "ETV5", "DAB2", "PSRC1", "ID1", "NHP2", "CASS4", "PMP22", "POLR3G", "VIM"], "H3K4me3_G1E_mm9": ["DPAGT1", "VARS", "SLC20A1", "INSIG1", "PDCD5", "ATP2A3", "UAP1", "MRPL4", "ERI3", "WBSCR22", "CTSC", "CEP55", "MCCC2", "NQO1", "SLC38A1", "ARG2", "YES1", "WARS", "FN1", "DDX10", "DNAJC12", "SERPINB9", "IMP4", "TFB2M", "NOC3L", "ETV5", "BOP1", "FAM173A", "BOLA2", "CYCS", "POLR3G", "VIM", "ATF3"], "H3K4me2_keratinocyte_hg19": ["PAK1IP1", "SEL1L3", "ARHGAP22", "LIMA1", "MRPL2", "CCND2", "FDXR", "CTSH", "CHAC1", "LRRC8B", "SRGN", "RPL39L", "GABBR2", "PRKCB", "PLCL1", "FN1", "DNAJC12", "AHSA1", "TFB2M", "RAB31", "FAM173A", "POLR3D", "ALDH1A2", "DDIT4", "SCG3", "NAA15"], "H3K27me3_spleen_mm9": ["SLC35F2", "AMIGO2", "GATA2", "SEL1L3", "SOCS2", "LAPTM4B", "RAB11FIP1", "CALB1", "CHAC1", "PHLDA2", "PLTP", "PTRF", "IGFBP4", "DAPK1", "SMAGP", "PLCL1", "FN1", "FNDC3B", "PDE4DIP", "ASNS", "LSR", "PDIA5", "FOSL1", "RAB31", "WT1", "CTH", "ID1", "RAI14"], "H3K4me3_placenta_mm9": ["PFAS", "DDA1", "HSP90B1", "FAM216A", "MRPL2", "TCOF1", "PLAU", "ERI3", "WBSCR22", "PBK", "PHACTR2", "FAM3C", "PHLDA2", "FDFT1", "CAP1", "GABBR2", "PRKCB", "DAPK1", "PLCL1", "RPP40", "MSN", "DNAJC12", "SYNGR3", "ETV5", "ALDH1A2", "BOLA2", "MAFF", "PMP22", "TAGLN2"], "H3K4me2_fibroblast of dermis_hg19": ["ANKRD55", "PAK1IP1", "ZMPSTE24", "SRM", "MRPL2", "TMSB4X", "FDXR", "CTSH", "CHAC1", "LRRC8B", "SRGN", "TGIF1", "SLC2A14", "EGLN3", "GOT1", "PLCL1", "MRPS2", "AHSA1", "ERAL1", "TUFM", "CCT6A", "CTH", "CASS4", "TFAM", "SCG3", "NAA15"], "H2AFZ_mammary epithelial cell_hg19": ["IDI1", "IFITM1", "IFITM2", "WDR3", "PAK1IP1", "DDX21", "CAPG", "MRPL12", "RAB11FIP1", "IMPA1", "TAF1A", "LRRC8B", "PIM2", "SRGN", "MCCC2", "RPL39L", "HSPA9", "NQO1", "CISH", "RHOG", "NOC3L", "NME1", "GNL3", "CCT6A", "POLR3D", "CTH", "MRTO4"], "H3K4me3_endothelial cell of umbilical vein_hg19": ["IDI1", "SLC35F2", "WDR3", "GMFG", "PAK1IP1", "AMIGO2", "CAPG", "TIMM10", "ENO1", "CXCL3", "SRM", "CDC20", "STIP1", "LIMA1", "LAPTM4B", "MRPL2", "MYB", "DNMT3B", "LYN", "MCCC2", "RPL39L", "TGIF1", "NQO2", "CISH", "GOT1", "SMAGP", "RPP40", "MRPS2", "AHSA1", "ERAL1", "NOC3L", "YRDC", "FABP5", "FAM173A", "POLR3D", "CTH", "NDUFAF4", "FDX1", "GARS", "DHCR7", "ABCE1", "CD24", "BCL2L1"], "H3K4me1_lung_mm9": ["POGK", "WDR3", "ANKRD55", "PAK1IP1", "PRF1", "TIMM10", "GATA2", "CENPA", "SEL1L3", "TCOF1", "FDXR", "CTSH", "PMAIP1", "CHAC1", "PHLDA2", "NQO1", "GOT1", "ACTR6", "LRRC61", "TUFM", "SLC7A5", "LSG1", "FAM173A", "PSAT1", "MARS", "MRTO4", "SCG3", "SPC25"], "H3K4me1_HeLa-S3_hg19": ["ECM1", "CBFB", "SLC2A3", "SLC1A5", "SAMSN1", "HK2", "CDC20", "SOCS2", "MRPL2", "IMPA1", "ARHGDIB", "SERF2", "TGIF1", "WDR74", "MRPS2", "ASNS", "DNAJC12", "UTP11L", "PDIA5", "MLLT11", "EBNA1BP2", "SDPR", "MTHFD2", "CCDC86", "LY6E", "EIF4G1"]}