{"H2AFZ_H1-hESC_hg19": ["ZBTB17", "SWSAP1", "NUMBL", "MRPS26", "ADPRHL2", "APEH", "NUP93", "ZMYM1", "NHSL1", "CDHR1", "SGSM3", "ID1", "CDK5RAP1", "KRIT1", "B3GNT1", "TNPO2"], "H2AFZ_HeLa-S3_hg19": ["NRP2", "MRPS26", "RBFOX2", "ADPRHL2", "DCAKD", "APEH", "ARHGAP23", "ZFP36L1", "BCL9", "ZMYM1", "LSG1", "POLD2", "ATP13A2", "FAM43A", "DNAL4", "XYLB"], "H3K9ac_H1-hESC_hg19": ["PRMT5", "SWSAP1", "OLFML2B", "MBD6", "SYT13", "DTX3", "MTMR4", "PTPLA", "DUSP14", "TMPPE", "DRAP1", "ST3GAL4", "STOM", "FAM43A", "MGAT2", "HRASLS", "PLXNA3"], "H4K20me1_CD14-positive monocyte_hg19": ["RSPH6A", "MRPS26", "CDCA4", "DCAKD", "MINK1", "MTMR4", "ETV5", "PHF8", "DRAP1", "FXR2", "NPLOC4", "ID1", "CDK5RAP1", "KRIT1", "MAP7", "S100A8", "TBC1D10A", "DBN1"], "H3K4me1_megakaryocyte_mm9": ["RYR1", "NRP2", "OLFML2B", "RBFOX2", "PCOLCE2", "KCNA2", "HAUS4", "PRKAG2", "MICAL2", "5730559C18RIK", "FHDC1", "AQP1", "GNG13", "ISLR", "NHSL1", "FAM184B", "PCBP3", "P4HA2", "NIPAL2", "CDK5RAP1", "GAS8"], "H3K79me2_myocyte_mm9": ["PRMT5", "EGR1", "MRPS26", "SEC24B", "TMEM161A", "BTG1", "ADPRHL2", "POLDIP3", "SLC4A2", "MRPS30", "APH1A", "TUBB2B", "EFEMP2", "ID1", "BHLHE40", "ST3GAL4", "CPSF3L", "MGAT2"], "H3K9ac_K562_hg19": ["USP27X", "CDCA7L", "GPATCH2", "PTPLA", "AQP1", "SLC9A3R1", "PPP2R4", "ZMIZ2", "XPO5", "CDK5RAP1", "MACROD1", "STOM", "MGAT2", "PKNOX1", "PHC1", "SF3A2", "MBD6", "RBFOX2", "ITPK1", "MKL1", "UCKL1", "PER2", "NUP93", "NR4A1", "LSG1", "KLF5", "P4HA2", "FAM181B", "B3GNT1", "PFN1", "RIN1"], "H3K4me3_heart_mm9": ["RYR1", "OLFML2B", "CLSTN2", "PCOLCE2", "GPATCH2", "5730559C18RIK", "OPLAH", "EXTL1", "NIPAL2", "ZFP385A", "XPO5", "CARNS1", "ST3GAL4", "MACROD1", "ANKRD13A", "TUB", "LUM", "LANCL1", "ITPK1", "ETV5", "UCKL1", "APLN", "FAM189B", "SBK1", "C230052I12RIK", "HIST3H2A", "ZFP26", "SHANK3", "DBN1"], "H3K4me3_NT2-D1_hg19": ["EGR1", "OLFML2B", "MICAL2", "KCNA5", "ARHGAP23", "TMPPE", "NUP93", "HIST3H2A", "FAM131B", "CDHR1", "POLD2", "XPO5", "KRIT1", "ST3GAL4", "B3GNT1", "MGAT2"], "H3K4me3_fibroblast of lung_hg19": ["SWSAP1", "NRP2", "PCOLCE2", "SMEK1", "GPATCH2", "HSPB1", "DTX3", "MRPS30", "APEH", "OPLAH", "ZFP36L1", "APH1A", "EXTL1", "FXR2", "CNNM1", "PPP2R4", "FAM184B", "XPO5", "KRIT1", "MACROD1", "MAP7", "CPSF3L", "PRMT5", "MRPS26", "SEC24B", "PHC1", "EGR4", "PCP4L1", "SERPINF1", "MKL1", "SAMD4B", "APLN", "TMPPE", "NUP93", "GALNS", "FAM189B", "SBK1", "EHD4", "COL1A2", "CCDC9", "SGSM3", "CRY2", "FOSB", "FAM181B", "NFE2L2"], "H3K27ac_HCT116_hg19": ["ZBTB17", "SWSAP1", "MRPS26", "RBFOX2", "SMEK1", "GPATCH2", "APEH", "OPLAH", "PTPLA", "ZMYM1", "LSG1", "EHD4", "P4HA2", "ZMIZ2", "XPO5", "MACROD1", "RIN1", "PLXNA3"], "H3K27ac_endothelial cell of umbilical vein_hg19": ["SEC24B", "IFITM2", "TSTD2", "METTL1", "POLDIP3", "GPATCH2", "APEH", "PER2", "NUP93", "HIST3H2A", "P4HA2", "POLD2", "XPO5", "B3GNT1", "RIN1", "TBC1D10A", "PLXNA3"], "H3K4me3_A549_hg19": ["SWSAP1", "IFITM2", "NAA40", "CLSTN2", "SMEK1", "GPATCH2", "ARHGDIG", "PTPLA", "DBP", "ZMIZ2", "XPO5", "KRIT1", "ANKRD13A", "PLXNA3", "SRRM3", "PRMT5", "MRPS26", "PHC1", "PNPLA7", "LUM", "METTL1", "LANCL1", "SAMD4B", "UCKL1", "APLN", "GNG13", "TMPPE", "GALNS", "FAM189B", "SBK1", "HIST3H2A", "AXL", "CDHR1", "HRASLS"], "H3K9me3_T-cell acute lymphoblastic leukemia_hg19": ["ZBTB17", "EIF4A1", "PRMT5", "BRD1", "PCP4L1", "CDCA4", "MRPS30", "CDH8", "SAV1", "CYTH3", "ZMYM1", "XPO5", "FAM181B", "TMCC3", "SHANK3", "DNAL4", "MCL1"], "H3K36me3_H1-hESC_hg19": ["PRMT5", "NUMBL", "BRD1", "CDCA7L", "HAUS4", "ARHGDIG", "SLC4A2", "HK2", "SGPL1", "TUBB2B", "NPLOC4", "MB", "ZMIZ2", "ID1", "FAM43A", "ATF5", "RIN1"], "H3K4me3_HeLa-S3_hg19": ["SWSAP1", "NRP2", "GPATCH2", "APEH", "MTMR4", "OPLAH", "PTPLA", "ZFP36L1", "APH1A", "SGPL1", "NIPAL2", "KRIT1", "SPEN", "SEC24B", "PHC1", "MBD6", "PNPLA7", "LANCL1", "MICAL2", "VASN", "MAPK8IP1", "APLN", "ARHGAP23", "TMPPE", "PER2", "GALNS", "CCDC9", "CRY2", "PFN1", "S100A9"], "H3K4me3_cortical plate_mm9": ["USP27X", "PCP4L1", "ITPK1", "GPATCH2", "UCKL1", "FAM189B", "EXTL1", "C230052I12RIK", "HIST3H2A", "FAM184B", "CDHR1", "E130012A19RIK", "XPO5", "CARNS1", "CDK5RAP1", "IDNK", "2610015P09RIK"], "H3K9ac_MEL cell line_mm9": ["RYR1", "ZBTB17", "ZFP764", "RALB", "USP27X", "5730559C18RIK", "APEH", "MTMR4", "DUSP14", "NUP93", "BCL9", "TUBB2B", "XPO5", "KRIT1", "MACROD1", "IDNK", "GAS8"], "H3K9ac_astrocyte_hg19": ["OLFML2B", "PHC1", "NAA40", "EGR4", "KSR1", "LANCL1", "SAMD4B", "TMPPE", "SBK1", "FAM184B", "KRIT1", "ST3GAL4", "MACROD1", "B3GNT1", "FAM65A", "HRASLS", "DBN1"], "H3K4me3_kidney_mm9": ["SEC24B", "GPR108", "ITPK1", "GPATCH2", "SYTL1", "DTX1", "MTMR4", "OPLAH", "ETV5", "UCKL1", "NR4A1", "FAM189B", "C230052I12RIK", "FAM131B", "NIPAL2", "ZFP385A", "XPO5"]}