{"RBPJ-21746931-IB4-LCL-HUMAN": ["MANBA", "BMPR2", "TTYH2", "CHKA", "PRKCSH", "ZFAND2B", "SPPL2A", "LPCAT1", "BRAF", "ADCY6", "IFIT3", "LRP6", "ARNTL", "SYT12", "PPDPF", "PMVK", "CCDC6", "ANAPC4", "ATXN7L1", "SLC25A42", "PCNXL3", "EIF3A", "MAP3K5", "OTUB1"], "GLI1-17442700-MESC-mouse": ["TRPS1", "PDE4B"], "TCFAP2C-20176728-TROPHOBLAST STEM CELLS-MOUSE": ["PTPRT", "PSMD10", "NLGN1", "SDC4", "INPP1", "MAX", "VPS4B", "LRP4", "MRPL14", "AQP4", "ARRB2", "MEA1", "ARNTL", "EXOSC4", "4933434E20RIK", "ANKFY1", "CPNE3", "SCAND1", "ATP6V0A1", "CAP1", "PPP1R14A", "HEMK1", "SLC30A9", "MYEF2", "WSB1", "CHKA", "ST13", "ALG14", "RNASE4", "CSNK1E", "THNSL1", "TERF2", "CLK4", "ATOX1", "CCPG1", "LIMS1"], "TAL1-20566737-PRIMARY FETAL LIVER ERYTHROID CELLS-MOUSE": ["MPST", "BTG2", "FAHD1", "HSPA4", "MAX", "HIST1H2BL", "LPCAT1", "AQP4", "MSH6", "GIPC1", "IGTP", "AI413582", "SSR1", "MALAT1", "ATXN7L1", "GPC4", "SRP54A", "ME2", "CCNL1", "SKP1A", "HIST1H4C", "CD34", "ATP6V0A1"], "GATA1-21571218-MEGAKARYOCYTES-HUMAN": ["BTG2", "CD83", "MAX", "LRP4", "HSD17B12", "IFIT3", "MRPL55", "IFIT2", "TMEM101", "GOLGA4", "CCDC91", "SCUBE1", "DPYSL2", "TRPS1", "PMVK", "TMEM68", "BBS9", "ANKFY1", "CD34", "MAP3K5", "BPTF", "ATP6V0A1", "CAP1", "HEMK1", "DUSP3", "RYK", "CASK", "RNASE4", "AP2B1", "KLHL24", "RABGGTB", "DYNC1LI1", "EMCN", "GNPDA2", "PLCB1", "XKR6"], "FOXP1-21924763-HESC-HUMAN": ["RNH1", "ZFAND2B", "KRI1", "SAT1", "SLC8A2", "SPR", "BBS9", "CPNE3", "CCNL1", "DUSP3", "ALG14", "THNSL1", "TMEM175", "BCAN", "EML6", "GAP43", "PEX3", "MAP1B", "TMEM106C", "ANAPC4", "SNRPB", "NLGN1", "TSSC4", "MAX", "PRCC", "LRP4", "AGPAT1", "GLG1", "LRP6", "MRPL55", "CLN5", "HSF4", "SSR1", "LRRC8A", "SCAND1", "GRIA3", "BPTF", "GPR12", "FANCM", "BCL11B", "ATP13A1", "RYK", "CCDC58", "TDRD7", "ATOX1", "CXCL12", "G6PC3", "CCPG1", "DLG4", "R3HCC1", "TADA1", "RAD1", "CNIH2", "LIMS1"], "GATA2-20887958-HPC-7-MOUSE": ["H2-T23", "BTG2", "SLMO2", "FZD3", "SLC15A2", "ATP13A1", "LRRC49", "DDHD2", "AIP", "MRPL14", "KLHL24", "NEAT1", "LSM4", "AKAP2", "SPCS3", "PLCB4", "SCUBE1", "PEX3", "TAB3", "SNRPC", "CD34", "RGL2", "RBM43", "MAP3K5"], "EOMES-21245162-HESC-HUMAN": ["BBS2", "BTG2", "PCCA", "PDE4B", "MRPL27", "ACSL4", "CNPY3", "HSD17B12", "GRIA3", "COCH", "LIMS1", "ATP6V0A1"], "AR-22383394-PROSTATE_CANCER-HUMAN": ["BMPR2", "CD83", "ACACA", "RPAP3", "PDE4B", "ANKFY1", "CCNL1", "MAP3K5", "GRIA4", "STARD4", "BCL11B", "CHKA", "LMO4", "HSPA4", "ACSL4", "PLCB4", "EMCN", "AMACR", "GNPDA2", "PKIA", "FABP7", "MAP1B", "ALDH1A1", "GPR125", "SNRPB", "CNTNAP4"], "RELA-24523406-FIBROSARCOMA-HUMAN": ["CD74", "DUSP3", "CD83", "SDC4", "CAV1", "SPPL2A", "RNASE4", "AQP4", "AP2B1", "CPLX2", "ATOX1", "SMPD2", "GRIN2A", "AMACR", "DLG4", "CCNL1", "CD34", "B2M"], "RCOR3-21632747-MESC-MOUSE": ["RNH1", "CD83", "TTYH2", "H2-Q7", "UFSP2", "SOBP", "CPLX2", "AKAP2", "COCH", "RPAP3", "ARNTL", "SLC8A2", "GRIN2A", "SCUBE1", "NCS1", "GM12942", "SLC17A6", "ATXN7L1", "RGS8", "CCNL1", "PPP1R14A", "SLMO2", "MANBA", "TSPYL1", "DUSP3", "GAD2", "MANEAL", "CSNK1E", "VRK3", "BCAN", "PEX5L", "PCCA", "SST", "RCAN2", "EEF1A2", "CCDC6", "TADA1"], "BCL11B-21912641-STHDH STRIATAL CELLS-MOUSE": ["BCL11B"], "CTCF-18555785-MESC-mouse": ["PPP1R14A", "SPAG7", "BCL11B", "MRPS12", "DDX20", "EPDR1", "KLHL24", "GBAS", "CBL", "LSM4", "SAT1", "CLN5", "TMEM101", "AMACR", "LIX1", "ECHDC1", "TMEM106C", "AI413582", "BPTF"], "PRDM14-21183938-MESC-MOUSE": ["NLGN1", "SDC4", "PDCD7", "MAX", "MRPS12", "PIGYL", "MED12", "GOLGA4", "AIFM1", "FUNDC1", "BBS9", "CHAC2", "SRP54A", "ATP6V0A1", "PPP1R14A", "TIPIN", "ST13", "HPS3", "ISG15", "CSNK1E", "TDRD3", "LRPPRC", "REEP1", "AMACR", "LRFN1", "EEF1A2", "GPR125"], "BMI1-23680149-NPCS-MOUSE": ["GPR12", "KCNH7", "PDE1A", "CAV1", "GPR88", "KCNA4", "SLC6A20A", "OSGIN2", "COCH", "TTC8", "SLC17A6", "ATXN7L1", "XKR6", "MAP3K5"], "E2F7-22180533-HELA-HUMAN": ["MSH6"], "TET1-21490601-MESC-MOUSE": ["SDC4", "MAX", "BMYC", "COCH", "SLC8A2", "EXOSC4", "CCDC91", "SCUBE1", "NUP85", "RGS20", "RGS8", "ACAD11", "BBS2", "FAHD1", "TSPYL1", "LMO4", "HPS3", "PPAPDC3", "TMEM175", "LRPPRC", "REEP1", "BCAN", "PCCA", "CCPG1", "RGL2"], "FOXP1-22492998-STRATIUM-MOUSE": ["BCL11B"], "WT1-20215353-NEPHRON PROGENITOR-MOUSE": ["BTG2", "FAHD1", "TTYH2", "CHKA", "LMO4", "CCDC58", "GTPBP6", "GAD2", "UBR1", "SLC8A2", "MRPL55", "MSH6", "GRIN2A", "G6PC3", "SYT12", "TRPS1", "RBP1", "TMEM106C", "GPC4", "CCNL1", "LCORL", "GRIA3"], "RBPJ-22232070-NCS-MOUSE": ["BMPR2", "TCEA1"]}