{"MYC::MAX (human)": ["GTPBP6", "PRRC2A"], "REST (human)": ["GTPBP6", "PRRC2A"], "HNRNPK (human)": ["INPP1"], "PLAG1 (human)": ["GTPBP6", "PRRC2A"], "NR1H2::RXRA (human)": ["GTPBP6", "PRRC2A"], "RXR::RAR_DR5 (human)": ["GTPBP6", "PRRC2A"], "MIZF (human)": ["GTPBP6", "PRRC2A"], "RXRA::VDR (human)": ["GTPBP6", "PRRC2A"], "TAL1::TCF3 (human)": ["GTPBP6", "PRRC2A"], "MYCN (human)": ["EEF1A2"], "CTCF (human)": ["GTPBP6", "PRRC2A"], "INSM1 (human)": ["GTPBP6", "PRRC2A"], "TLX1::NFIC (human)": ["GTPBP6", "PRRC2A"], "IRF1 (human)": ["GTPBP6", "PRRC2A"], "RREB1 (human)": ["GTPBP6", "PRRC2A"], "NME2 (human)": ["TGDS"], "EWSR1-FLI1 (human)": ["GTPBP6", "PRRC2A"], "NHLH1 (human)": ["GTPBP6", "PRRC2A"], "HNF1B (mouse)": ["OSGIN2"], "RORA_2 (human)": ["GTPBP6", "PRRC2A"]}