{"H3K27me3 CD8 Memory Primary Cells": ["RET", "KCNA4", "CPLX2", "AKAP2", "ADCY6", "IFIT3", "SLC8A2", "SCUBE1", "SPR", "DPYSL2", "NCS1", "PDE4B", "SLC38A3", "SCN1A", "GAD2", "EPDR1", "REEP1", "PEX5L", "EML6", "EMCN", "LIX1", "RCAN2", "RBP1", "PLCB1", "SMPDL3A", "GPR125"], "H3K36me3 H1 Derived Mesenchymal Stem Cells": ["MPST", "CXCL12", "PPDPF", "ADCY8"], "H3K9me3 Mesenchymal Stem Cell Derived Adipocyte Cultured Cells": ["ACSL4"], "H4K20me1 IMR90": ["PPDPF"], "H2BK12ac IMR90": ["BTG2", "CHIC1", "INPP1", "SLC35F5", "COX18", "HIST1H2BL", "ZFAND2B", "DDX20", "ELTD1", "UFSP2", "UBR1", "CROT", "FBLN5", "LRP6", "MRPL55", "IFIT2", "CCDC91", "NUP85", "PMVK", "CCNL1", "ACAD11", "ATP6V0A1", "NOP58", "SPAG7", "STARD4", "TGDS", "LRRC49", "ALG14", "HPS3", "BRAF", "ACSL4", "KLHL24", "NEAT1", "MSH6", "PLCB4", "G6PC3", "DLG4", "PKIA", "GIPC1", "RBP1", "ECHDC1", "HIST1H4C", "CCDC82"], "H3K27me3 iPS DF 19.11": ["PTPRT", "RET", "BTG2", "TTYH2", "SLC1A2", "LRP4", "KCNA4", "SOBP", "CPLX2", "ADCY8", "AKAP2", "COCH", "ARNTL", "SYNE1", "GRIN2A", "EXOSC4", "SCUBE1", "DPYSL2", "CD34", "MAP3K5", "SPAG7", "GPR12", "KCNH7", "DDHD2", "GAD2", "MANEAL", "GBAS", "PARP12", "REEP1", "CXCL12", "KARS", "SYT12", "EEF1A2", "PLCB1"], "H4K20me1 H9": ["BTG2", "MANBA", "SPAG7", "AGL", "MRPS12", "SPPL2A", "PPAPDC3", "AP2B1", "CSNK1E", "LIAS", "LSM4", "MRPL55", "CLN5", "EXOSC4", "SYT12", "GIPC1", "PMVK", "ASB3"], "H3K36me3 IMR90": ["LRFN1"], "H2BK5ac H9": ["KDM5A", "GSK3B", "BMPR2", "TSSC4", "NUP107", "VPS4B", "PRCC", "MRPS12", "UFSP2", "AGPAT1", "GLG1", "LRP6", "TMEM101", "SCUBE1", "NUP85", "TGS1", "NCS1", "TMEM68", "BCL7B", "SCAND1", "GPC4", "CCNL1", "ACAD11", "BBS2", "MANBA", "FZD3", "STARD4", "TSPYL1", "WSB1", "FANCM", "RYK", "AIP", "HPS3", "BRAF", "CLK4", "GATAD2B", "MSH6", "BCAN", "KARS", "PCCA", "DLG4", "CCDC6", "SRSF5", "SNRPC", "PCNXL3", "EIF3A"], "H3K9me3 Brain Hippocampus Middle": ["TAB3"], "H3K36me3 H9": ["KDM5A", "PRKCSH", "CAMK2A", "UFSP2", "HCCS", "MRPL14", "SNX30", "LIAS", "ADCY8", "AGPAT1", "TPGS1", "CLN5", "GJC3", "EXOSC4", "NUP85", "HSF4", "SSR1", "ZBED5", "MANBA", "STARD4", "DUSP3", "TGDS", "RYK", "HSPA4", "AGL", "CCDC58", "ACSL4", "RNASE4", "AP2B1", "THNSL1", "SMC1A", "ATOX1", "BCAN", "PKIA", "GIPC1", "GLOD4", "CCDC6", "SNRPC", "RGL2", "SNRPB"], "H3K27me3 iPS-20b": ["CD83", "INPP1", "LRP4", "ELTD1", "SNX30", "SOBP", "AKAP2", "FBLN5", "COCH", "ADCY6", "SMPD2", "GJC3", "NCS1", "KIF5A", "PDE4B", "HSF4", "B2M", "GRIA3", "GRIA4", "MANBA", "TRPC5", "GPR12", "DDHD2", "ACSL4", "PARP12", "REEP1", "PEX5L", "GNPDA2", "PKIA", "RBP1", "PLCB1", "SMPDL3A", "CNTNAP4"], "H3K36me3 Breast Myoepithelial Cells": ["AKAP2"], "H3K36me3 Duodenum Smooth Muscle": ["LRFN1"], "H3K27me3 Penis Foreskin Keratinocyte Primary Cells": ["GRIN2A", "GPR12", "KCNH7", "DPYSL2", "RCAN2", "SLC1A2", "PDE4B", "KCNA4", "ADCY8", "COCH", "GRIA4"], "H3K36me3 H1": ["LRFN1", "SLC1A2", "HSF4", "KCNA4"], "H3K9ac Skeletal Muscle": ["GOLGA4", "GPR88", "SLC1A2", "DDHD2", "TAB3", "ACSL4", "SRSF5", "CCNL1", "ZBED5"], "H3K36me3 CD4+ CD25- CD45RO+ Memory Primary Cells": ["IMPACT", "RAD1", "B2M"], "H3K27me3 CD4+ CD25- Th Primary Cells": ["MPST", "KCNH7", "CAV1", "KCNA4", "EPDR1", "CPLX2", "POU3F3", "GAP43", "SPR", "DPYSL2", "NCS1", "RBP1", "GPC4", "SLC38A3", "GPR125", "GRIA3", "GRIA4"], "H3K9me3 iPS DF 6.9": ["ORC5", "TMEM101", "EXOSC4", "PPDPF", "LRFN1", "ANKFY1", "CNTNAP4"]}