{"AGTCAGC,MIR-345": ["RAB5C"], "GTCAGGA,MIR-378": ["TAB3"], "GGTAACC,MIR-409-5P": ["TRPS1"], "TCTGATC,MIR-383": ["ACACA"], "CCAGGTT,MIR-490": ["ACACA"], "TACGGGT,MIR-99A,MIR-100,MIR-99B": ["EPDR1"], "TACAATC,MIR-508": ["TAB3"], "TGCACGA,MIR-517A,MIR-517C": ["ACACA"], "GGCAGAC,MIR-346": ["LRP6"], "GTCAACC,MIR-380-5P": ["CD83"], "GTACAGG,MIR-486": ["CNTNAP4"], "CTCTATG,MIR-368": ["XKR6"], "AGTTCTC,MIR-146A,MIR-146B": ["CASK"], "TAGAACC,MIR-182": ["RNF6"], "ACCAATC,MIR-509": ["RAB5C"], "TCGATGG,MIR-213": ["MAX"], "CCTGAGT,MIR-510": ["CAV1"], "TAGGTCA,MIR-192,MIR-215": ["CBL"], "TTCCGTT,MIR-191": ["GAP43"], "GCAAGAC,MIR-431": ["CD34"]}