{"MAFF_HepG2_hg19": ["VPS4B", "ZFAND2B", "RNF6", "MTIF2", "HSD17B12", "TMEM101", "GOLGA4", "NUP85", "UIMC1", "SSR1", "NOP58", "TIPIN", "TSPYL1", "WSB1", "TGDS", "LMO4", "EPDR1", "ISG15", "AP2B1", "ALG1", "RABGGTB", "TMEM175", "AMACR", "PCCA", "PEX3", "ECHDC1", "TADA1", "ACOT1", "RBM43", "SNRPB", "EXOC1"], "TCF12_MCF-7_hg19": ["MPST", "ACAD11", "GLG1"], "EP300_SK-N-SH_hg19": ["MTIF2", "UBR1", "SMPD2", "EXOSC4", "TMEM68", "UIMC1", "SSR1", "ATXN7L1", "CCDC71", "ZBED5", "MBD3", "STARD4", "FAHD1", "WSB1", "CAV1", "HPS3", "EPDR1", "TDRD7", "AP2B1", "SMC1A", "NEAT1", "ZC3HC1", "TTC8", "IMPACT", "G6PC3", "CCPG1", "PEX3", "LIX1", "MAP1B", "RBP1", "R3HCC1", "CCDC6", "TADA1", "RAD1", "MALAT1", "LCORL", "HIST1H4C", "RGL2", "RBM43", "SNRPB"], "CTCF_lung_hg19": ["COX18", "SPPL2A", "RNF6", "LIAS", "MRPL55", "TMEM242", "GJC3", "ANKFY1", "LRRC8A", "CHAC2", "SLC25A42", "SRSF11", "BBS2", "SLC30A9", "FZD3", "TGDS", "ATP13A1", "CAV1", "CCDC58", "ISG15", "AP2B1", "SMC1A", "TMEM175", "TDRD3", "TTC8", "IMPACT", "G6PC3", "GNPDA2", "LIX1", "CCDC6", "NUCB1"], "ZNF384_K562_hg19": ["PDCD7", "LPCAT1", "UFSP2", "SAT1", "COCH", "ZDHHC4", "TMEM101", "GJC3", "GOLGA4", "ANKRD32", "SSR1", "HEMK1", "NOP58", "MANBA", "FAHD1", "WSB1", "AGL", "ALG14", "DDHD2", "THNSL1", "TERF2", "ZC3HC1", "MSH6", "TTC8", "IMPACT", "GNPDA2", "GLOD4", "TMEM106C", "TADA1", "ANAPC4", "NUCB1", "SNRPC"], "TAL1_K562_hg19": ["SDC4", "MRPS12", "SPPL2A", "RNF6", "UFSP2", "UBR1", "LIAS", "SAT1", "RPAP3", "ZDHHC4", "ORC5", "TMEM101", "EXOSC4", "NUP85", "TRPS1", "UIMC1", "ANKFY1", "SSR1", "ME2", "ZBED5", "TIPIN", "TGDS", "MRPL27", "CNPY3", "AP2B1", "ALG1", "ZC3HC1", "KARS", "GLOD4", "TCEA1", "TADA1", "NUCB1", "CCDC82"], "BHLHE40_HepG2_hg19": ["RAB5C", "PRKCSH", "VPS4B", "ZFAND2B", "UFSP2", "SOBP", "SAT1", "AIFM1", "NUP85", "PMVK", "HSF4", "B2M", "ATP6V0A1", "MPST", "MANBA", "SLC30A9", "TIPIN", "FAHD1", "LMO4", "ST13", "DDHD2", "HPS3", "CSNK1E", "THNSL1", "GBAS", "LSM4", "TMEM175", "LRPPRC", "DLG4", "GLOD4", "R3HCC1", "TCEA1", "ACOT1", "SLC25A10", "HIST1H4C"], "RAD21_HepG2_hg19": ["NUP107", "DDX20", "MTIF2", "CROT", "KRI1", "SAT1", "GLG1", "COCH", "SMPD2", "GJC3", "KIF5A", "MAP3K5", "ATP6V0A1", "MANBA", "SPAG7", "DUSP3", "LRRC49", "EPDR1", "TDRD7", "ISG15", "MANEAL", "ALG1", "THNSL1", "GBAS", "NEAT1", "LSM4", "TERF2", "AMACR", "KARS", "PCCA", "PEX3", "LIX1", "RCAN2", "R3HCC1", "CCDC6", "TMEM106C", "TCEA1", "TADA1", "MALAT1"], "TBP_K562_hg19": ["BMPR2", "NUP107", "RAB5C", "CCNT1", "MRPS12", "DDX20", "HCCS", "MTIF2", "HSD17B7", "SAT1", "MED12", "SMPD2", "FUNDC1", "KIF5A", "CCDC71", "ATP6V0A1", "TIPIN", "CCDC58", "MRPL27", "KLHL24", "VRK3", "TERF2", "ATOX1", "LRPPRC", "MSH6", "TFDP1", "G6PC3", "AMACR", "PCCA", "EEF1A2", "ECHDC1", "HIST1H4C", "LIMS1"], "EP300_MCF-7_hg19": ["MPST", "HSPA4", "MALAT1", "ACAD11", "NEAT1"], "SP2_K562_hg19": ["GSK3B", "RAB5C", "VPS4B", "MRPS12", "RNF6", "HCCS", "CROT", "ARRB2", "AGPAT1", "ARNTL", "ORC5", "SCUBE1", "TGS1", "FUNDC1", "TMEM68", "TMEM129", "SLC25A42", "ME2", "ZBED5", "SPAG7", "STARD4", "FAHD1", "FANCM", "CHKA", "LMO4", "AIP", "CNPY3", "LSM4", "GATAD2B", "GIPC1", "R3HCC1", "RAD1", "SCLY", "RGL2", "CCDC82"], "ZKSCAN1_HeLa-S3_hg19": ["RAB5C", "PDCD7", "COX18", "DDX20", "UFSP2", "SAT1", "GLG1", "MRPL55", "ORC5", "TMEM101", "FUNDC1", "TMEM68", "TMEM129", "BBS9", "SSR1", "CHAC2", "ATP13A1", "AGL", "LRRC49", "RNASE4", "AP2B1", "LSM4", "LRPPRC", "ZC3HC1", "SPCS3", "PEX3", "R3HCC1", "TMEM106C", "TCEA1", "ANAPC4"], "CTCF_HeLa-S3_hg19": ["KDM5A", "NUP107", "CCNT1", "LPCAT1", "KRI1", "SAT1", "SMPD2", "SPR", "FUNDC1", "CPNE3", "CHAC2", "ATXN7L1", "CCNL1", "MAP3K5", "CASK", "EPDR1", "NEAT1", "LIX1", "EEF1A2", "TMEM106C", "FAM193B", "TTYH2", "DDX20", "TWF1", "MTIF2", "GJC3", "EXOSC4", "RGS20", "LRRC8A", "ZBED5", "FZD3", "CAV1", "DDHD2", "HPS3", "TDRD7", "KLHL24", "GBAS", "LSM4", "ATOX1", "G6PC3", "GNPDA2", "CCPG1", "RCAN2", "R3HCC1", "CCDC6", "TADA1", "NUCB1", "RAD1", "HIST1H4C", "LIMS1"], "CTCF_BJ_hg19": ["CCNT1", "MTIF2", "KRI1", "TMEM242", "SMPD2", "GJC3", "KIF5A", "RGS20", "ANKFY1", "CPNE3", "CHAC2", "ATXN7L1", "GRIA4", "PPP1R14A", "CAV1", "HPS3", "CASK", "TDRD7", "GBAS", "GNPDA2", "CCPG1", "LIX1", "GLOD4", "RCAN2", "EEF1A2", "R3HCC1", "CCDC6", "TMEM106C", "TADA1", "NUCB1", "RAD1", "MALAT1"], "MYC_NB4_hg19": ["CCNT1", "ZFAND2B", "MRPS12", "DDX20", "UFSP2", "SNX30", "AGPAT1", "MRPL55", "MED12", "AIFM1", "PDZD11", "B2M", "SRSF11", "BBS2", "MPST", "RYK", "AGL", "LRRC49", "CCDC58", "DDHD2", "MRPL27", "AIP", "ISG15", "LSM4", "ZC3HC1", "TTC8", "G6PC3", "TMEM106C", "RAD1", "RGL2", "LIMS1"], "TEAD4_MCF-7_hg19": ["RNASE4", "MALAT1", "ACAD11", "ZBED5"], "SIN3A_H1-hESC_hg19": ["KANK2", "BMPR2", "KCNA4", "UFSP2", "LIAS", "AKAP2", "SLC8A2", "GRIN2A", "SCUBE1", "AIFM1", "TGS1", "FUNDC1", "PMVK", "SLC17A6", "ANKRD32", "LRRC8A", "ACAD11", "B2M", "SRSF11", "NOP58", "SLC30A9", "SPAG7", "STARD4", "FAHD1", "ATP13A1", "ST13", "MRPL27", "GAD2", "PPAPDC3", "TDRD7", "MANEAL", "THNSL1", "RABGGTB", "TMEM175", "PEX5L", "TTC8", "G6PC3", "PEX3", "PPDPF", "GLOD4", "EEF1A2", "R3HCC1", "RAD1", "LCORL", "HIST1H4C", "ASB3"], "NR2F2_HepG2_hg19": ["FZD3", "HSPA4", "HIST1H4C", "ZDHHC4"], "MEF2C_GM12878_hg19": ["MALAT1", "CCNL1", "NEAT1", "ZBED5"], "REST_HL-60_hg19": ["CCDC6", "GAD2", "SLC8A2"]}