{"H4K20me1_mammary epithelial cell_hg19": ["BBS2", "NLGN1", "TSPYL1", "GPR12", "CAMK2A", "SLC1A2", "CASK", "MRPL14", "AP2B1", "RABGGTB", "CBL", "GATAD2B", "FBLN5", "EML6", "KARS", "PPDPF", "GIPC1", "DPYSL2", "EEF1A2", "UIMC1", "HSF4", "ANAPC4", "SLC25A10", "CNIH2"], "H3K27me3_astrocyte_hg19": ["RET", "NLGN1", "TRPC5", "KCNH7", "GPR88", "GAD2", "KCNA4", "AQP4", "MANEAL", "AP2B1", "POU3F3", "COCH", "REEP1", "PEX5L", "CXCL12", "PKIA", "DPYSL2", "KIF5A", "R3HCC1", "PDE4B", "HSF4", "SLC38A3", "CNTNAP4", "GRIA4"], "H3K4me3_epithelial cell of esophagus_hg19": ["BMPR2", "HIST1H2BL", "MRPS12", "UBR1", "HSD17B7", "AGPAT1", "CLN5", "IFIT2", "NCS1", "ACAD11", "CCDC71", "BPTF", "MBD3", "PPP1R14A", "SNRPN", "RNASE4", "CNPY3", "PLCB4", "AMACR", "CCPG1", "DLG4", "PKIA", "ECHDC1", "ACOT1", "RBM43", "GPR125"], "H3K4me3_keratinocyte_hg19": ["CD83", "CCNT1", "PDCD7", "HIST1H2BL", "MRPS12", "MTIF2", "ARRB2", "HSD17B7", "COCH", "RPAP3", "ZDHHC4", "MRPL55", "SMPD2", "GJC3", "DPYSL2", "TRPS1", "PMVK", "KIF5A", "BBS9", "GPC4", "SRSF11", "MPST", "SPAG7", "STARD4", "FANCM", "HSPA4", "AIP", "CASK", "MANEAL", "VRK3", "PEX5L", "PLCB4", "DLG4", "PKIA", "RCAN2", "ALDH1A1", "TCEA1", "ACOT1", "SCLY", "HIST1H4C", "SNRPC", "CCDC82", "GPR125"], "H3K36me3_H1-hESC_hg19": ["TSSC4", "PRKCSH", "ZFAND2B", "PRCC", "MEA1", "ACACA", "ADCY6", "SLC25A42", "ACAD11", "ZBED5", "MPST", "LMO4", "GTPBP6", "ISG15", "CNPY3", "AP2B1", "RABGGTB", "VRK3", "CXCL12", "PCCA", "LRFN1", "ANAPC4", "NUCB1", "SLC25A10", "EXOC1"], "H3K36me3_cardiac mesoderm_hg19": ["RNH1", "TSSC4", "PRKCSH", "ZFAND2B", "DDX20", "HCCS", "LIAS", "MEA1", "SAT1", "MRPL55", "SMPD2", "EXOSC4", "CCNL1", "CCDC71", "ZBED5", "MPST", "TSPYL1", "DUSP3", "LRRC49", "RABGGTB", "NEAT1", "TERF2", "LRPPRC", "DLG4", "PPDPF", "LRFN1", "RBP1", "NUCB1", "SRSF5", "CNIH2", "PCNXL3", "SNRPB"], "H3K27me3_BJ_hg19": ["PTPRT", "RET", "GPR88", "SLC1A2", "SOBP", "ADCY8", "COCH", "SLC8A2", "GRIN2A", "DPYSL2", "KIF5A", "HSF4", "GPC4", "SLC38A3", "CD34", "GRIA4", "FZD3", "DUSP3", "GPR12", "BCL11B", "GAD2", "EPDR1", "POU3F3", "REEP1", "BCAN", "EML6", "SYT12", "RCAN2"], "H3K4me1_G1E_mm9": ["ZFP445", "INPP1", "ZFP868", "PDCD7", "PIGYL", "SLC6A20A", "SNX30", "ACACA", "ARNTL", "IFIT2", "CCDC91", "SPR", "BBS9", "CHAC2", "CAR7", "ACAD11", "SMIM11", "ZFP810", "1110008P14RIK", "AGL", "LRRC49", "IRGM2", "ISG15", "THNSL1", "REEP1", "TTC8", "G6PC3", "GNPDA2", "RBP1", "IGTP", "HIST1H4C", "RBM43"], "H4K20me1_B cell_hg19": ["NUP107", "RAB5C", "TTYH2", "ZFAND2B", "ARRB2", "KRI1", "TPGS1", "SAT1", "GLG1", "NUP85", "HSF4", "ATP6V0A1", "MBD3", "FAHD1", "TGDS", "DDHD2", "MRPL27", "VRK3", "NEAT1", "POU3F3", "ATOX1", "SPCS3", "GNPDA2", "KARS", "PPDPF", "ANAPC4"], "H3K9me3_T-cell acute lymphoblastic leukemia_hg19": ["KCNA4", "HCCS", "HSD17B12", "LIAS", "ADCY8", "ACACA", "COCH", "LRP6", "CLN5", "GRIN2A", "PDZD11", "NUP85", "PMVK", "PDE4B", "CCNL1", "CCDC71", "ATP6V0A1", "TRPC5", "ST13", "ALG1", "TAB3", "SRSF5", "HIST1H4C", "CCDC82", "EXOC1"], "H3K27me3_erythroblast_mm9": ["KANK2", "SDC4", "INPP1", "KCNA4", "BMYC", "ELTD1", "SOBP", "ADCY8", "FBLN5", "COCH", "SYNE1", "TRPS1", "NCS1", "CAR7", "SLC38A3", "CD34", "MAP3K5", "SCN1A", "ZFP810", "TRPC5", "FZD3", "GPR12", "KCNH7", "LMO4", "LRRC49", "GABRA3", "GAD2", "MANEAL", "CSNK1E", "PKIA", "LRFN1", "FABP7", "RCAN2", "EEF1A2", "PLCB1", "CNTNAP4"], "H3K9me3_ES-E14_mm9": ["ZFP810", "AKAP2"], "H3K4me2_fibroblast of lung_hg19": ["RET", "MRPS12", "MTIF2", "TPGS1", "RPAP3", "ARNTL", "SMPD2", "GJC3", "AIFM1", "DPYSL2", "PMVK", "KIF5A", "ANKRD32", "GPC4", "GRIA3", "SRSF11", "FZD3", "DUSP3", "MANEAL", "THNSL1", "VRK3", "TFDP1", "PEX3", "GIPC1", "NUCB1"], "H3K4me2_keratinocyte_hg19": ["MTIF2", "TPGS1", "RPAP3", "MRPL55", "GJC3", "DPYSL2", "PMVK", "TMEM129", "RGS20", "BBS9", "ME2", "ZBED5", "GRIA3", "SRSF11", "MPST", "FANCM", "GABRA3", "OSGIN2", "MANEAL", "VRK3", "REEP1", "PEX5L", "SCLY", "HIST1H4C", "CCDC82", "EXOC1"], "H3K27me3_SK-N-SH_hg19": ["PTPRT", "GPR88", "SLC1A2", "LRP4", "KCNA4", "AQP4", "ADCY8", "AKAP2", "FBLN5", "GJC3", "GRIN2A", "PDE4B", "GPC4", "GRIA4", "TRPC5", "GPR12", "KCNH7", "CAV1", "GAD2", "POU3F3", "REEP1", "PEX5L", "CXCL12", "SYT12", "FABP7", "RCAN2", "SMPDL3A"], "H4K20me1_fibroblast of lung_hg19": ["RAB5C", "SLC35F5", "MRPL14", "ADCY8", "GLG1", "FBLN5", "AIFM1", "NCS1", "ATXN7L1", "SLC25A42", "ACAD11", "ATP6V0A1", "TSPYL1", "DUSP3", "HSPA4", "ST13", "AP2B1", "RABGGTB", "VRK3", "CLK4", "GATAD2B", "PPDPF", "GNB1", "EIF3A", "SNRPB"], "H3K36me3_astrocyte_hg19": ["SLC30A9", "RNH1", "TSSC4", "TSPYL1", "DUSP3", "PRKCSH", "TWF1", "UBR1", "AP2B1", "RABGGTB", "VRK3", "MEA1", "TERF2", "ACACA", "FBLN5", "TFDP1", "AIFM1", "GLOD4", "ECHDC1", "ANAPC4", "SLC25A10", "ACAD11", "CCDC71", "SCN1A"], "H3K27me3_thymus_mm9": ["BMPR2", "CD83", "SDC4", "SLC1A2", "LRP4", "SLC6A20A", "SOBP", "FBLN5", "COCH", "NCS1", "HSF4", "GPC4", "CAR7", "FZD3", "DUSP3", "GPR12", "GAD2", "EPDR1", "POU3F3", "BCAN", "EML6", "CXCL12", "SYT12", "MAP1B", "EEF1A2", "XKR6"], "H3K27me3_liver_mm9": ["RET", "NLGN1", "CD83", "KCNH7", "PDE1A", "CAMK2A", "LPCAT1", "SLC6A20A", "EPDR1", "CPLX2", "FBLN5", "COCH", "SYNE1", "BCAN", "PEX5L", "SYT12", "SST", "LRFN1", "TRPS1", "RCAN2", "EEF1A2", "SLC17A6", "RGS8", "CD34"], "H3K4me3_fibroblast of pulmonary artery_hg19": ["BMPR2", "CD83", "CCNT1", "MRPS12", "HSD17B7", "AGPAT1", "CLN5", "IFIT2", "NCS1", "KIF5A", "ACAD11", "CCDC71", "GRIA3", "MBD3", "STARD4", "AGL", "ALG14", "DDHD2", "CNPY3", "PLCB4", "AMACR", "DLG4", "PKIA", "SLC25A10", "HIST1H4C", "SNRPC", "GPR125", "XKR6"]}