{"MTF2-20144788-MESC-MOUSE": ["SHMT2", "SLC41A2", "VLDLR", "ECE2", "LOXL1", "UBE2J1", "PDZD3", "EXTL1", "NFIL3", "CREG1", "STBD1", "STC2", "CASKIN1", "TPPP", "PPARGC1B", "JAZF1", "ARG2", "OSBPL6", "SIAH2", "ALG3", "FHDC1", "PSMB8", "RUNX1", "VEGFA", "PER2", "FOSL1", "MRAS", "GNAQ", "RRAGD", "SRRD", "COL8A2", "ATF3"], "FLI1-20887958-HPC-7-MOUSE": ["TMEM41A", "RIOK3", "USP11", "PAK1IP1", "WDR75", "PTGS2", "LPP", "IFIT2", "ISG20", "SLC25A38", "GOLGA3", "NAGLU", "CREG1", "DDIT3", "EIF4EBP1", "GPR107", "TNNI3", "ATF6", "SEC23B", "KPNA1"], "TCF7-22412390-EML-MOUSE": ["ARFGEF2", "LRRC59", "PDE2A", "SRPR", "SEMA3B", "FAM129A", "ALG3", "SLC7A11", "ECE2", "BRI3BP", "RRP9", "RUNX1", "ALKBH3", "DCTD", "GZMM", "PDZD3", "SNRPA1", "RRP12", "PFKP"], "TP63-17297297-HaCaT-human": ["SERPINF1", "MDM2"], "GABP-19822575-HepG2-human": ["NAPB", "HBS1L", "TMEM41A", "GOSR2", "SRPR", "SLC3A2", "ZC3H6", "IDE", "SDAD1", "ALKBH3", "GOLGA3", "SERP1", "ALKBH1", "CASKIN1", "THEM4", "SEC23B", "NDEL1", "KPNA1", "WARS", "RIOK3", "SARS", "ALG3", "TBC1D5", "POLR1B", "POLR3E", "GPR107", "SCLY"], "STAT3-22323479-MACROPHAGE-MOUSE": ["CRY1"], "RUNX2-22187159-PCA-HUMAN": ["ATF2", "WFIKKN1", "CEBPG", "SLC1A5", "GRAMD3", "LPP", "HK2", "LOXL1", "UBE2J1", "MTHFD1L", "CHRNE", "SPIN1", "FBXO4", "TPPP", "PRMT6", "ARFGEF2", "SEC16B", "MGMT", "OSGIN1", "WDR75", "MND1", "CDYL", "FHDC1", "TTC39B", "RUNX1", "VEGFA", "ISG20", "DCTD", "DNAJC3", "ELF1", "GOLPH3", "GNAQ", "RLIM", "CRY1", "PFKP"], "BP1-19119308-Hs578T-human": ["SELE", "VEGFA"], "SUZ12-18692474-MESC-mouse": ["ARG2", "OSBPL6", "SIAH2", "SLC41A2", "TGFA", "VLDLR", "SYNJ2", "PTGS2", "UBE2J1", "RUNX1", "FOSL1", "PHOSPHO1", "EXTL1", "MRAS", "NFIL3", "ADORA2B", "STC2", "CRY1", "SFXN1", "ATF3", "JAZF1"], "SMAD4-21799915-A2780-HUMAN": ["FAM13C", "FAM129A", "PTGS2", "GRAMD3", "ACTR3B", "LPP", "PLCXD2", "LOXL1", "FAM178B", "CHCHD6", "VTI1A", "NHEJ1", "SEC16B", "WWTR1", "GADD45A", "MGMT", "WDR75", "NMNAT3", "CDYL", "TANC2", "TTC39B", "VEGFA", "ADORA2B", "CTH", "GNAQ", "CRY1", "GARS", "SFXN1", "BCAT1", "ATF6", "DDR2"], "SOX17-20123909-XEN-MOUSE": ["CDA", "HBS1L", "WARS", "GADD45A", "USP11", "WDR75", "ALG3", "UAP1", "SDAD1", "GRAMD3", "LPP", "HK2", "AKR1B8", "PER2", "SLC7A5", "SESN2", "GARS", "ALDH18A1", "ZFP597", "SEC23B", "LIMS2"], "SPI1-20517297-HL60-HUMAN": ["SEC16A", "GSTT1", "SYNJ2", "FHDC1", "HK2", "RRP9", "ISG20", "XPOT", "CREB3L1", "STBD1", "COL20A1", "COL8A2", "RRP12", "CTBS"], "GATA1-22025678-K562-HUMAN": ["MTR"], "SIN3B-21632747-MESC-MOUSE": ["ATF2", "PAK1IP1", "SRPR", "IDE", "LOXL1", "DHTKD1", "HERPUD1", "CCRN4L", "NDEL1", "PRMT7", "LMO4", "ALG3", "ZFP94", "RINT1", "CTU2", "ACTA1", "NIF3L1", "MRAS", "POLR1B", "DDIT3", "AGPS", "RRAGD", "CRY1", "GARS", "GNE", "SMYD5", "SHMT2", "FAM129A", "ACTR3B", "SRM", "MTHFD1L", "STC2", "HMOX1", "DNAJB9", "TPPP", "SEC23B", "YARS", "SLC37A1", "MGMT", "PDE2A", "ASNS", "CHCHD10", "NMNAT3", "TTC39B", "PER2", "FOSL1", "KLHL5", "MDM2", "GPR107", "GNB5", "REEP6", "ZFP597", "TRMT61A"], "STAT3-18555785-MESC-MOUSE": ["EIF2B3", "DENND4A", "SUSD2", "GOSR2", "SPAG4", "ASNS", "MTR", "CDYL", "FHDC1", "LPP", "HK2", "TTC39B", "LMAN1", "EXTL1", "KLF9", "SFXN1", "RRP12", "BCAT1", "ATF6", "PFKP", "JAZF1"], "E2F7-22180533-HELA-HUMAN": ["GOLT1B", "SLC1A5"], "STAT3-23295773-U87-HUMAN": ["PI4K2B", "HBS1L", "FAM13C", "SLC41A2", "GOSR2", "LAMA3", "GMPS", "IDE", "GRAMD3", "ACTR3B", "LPP", "HK2", "ALKBH3", "EPS8", "MTHFD1L", "SCFD2", "CHCHD6", "PPARGC1B", "JAZF1", "WWTR1", "EIF2B3", "OSBPL6", "SIAH2", "MAMDC2", "WDR75", "SARS", "ASNS", "NMNAT3", "FHDC1", "TANC2", "VEGFA", "ELF1", "SLC6A9", "TBC1D5", "GNAQ", "SLC25A33", "DDR2", "GNE"], "SUZ12-18974828-MESC-MOUSE": ["ARG2", "OSBPL6", "SIAH2", "SLC41A2", "TGFA", "VLDLR", "SLC7A11", "LOXL1", "UBE2J1", "RUNX1", "PER2", "FOSL1", "CYP27B1", "EXTL1", "NFIL3", "ADORA2B", "CREB3L1", "STC2", "CD44", "ATF3", "JAZF1"], "TET1-21451524-MESC-MOUSE": ["FKBP11", "NNMT", "LRRC24", "CHCHD10", "ALG3", "ZC3H6", "GRAMD3", "SRM", "GMPPB", "SLC25A38", "FOSL1", "RINT1", "PDZD3", "POLR1B", "MARS", "DDIT3", "POLR3E", "TNNI3", "CHAC1", "GNB5", "POLH", "LIMS2"], "RBPJ-22232070-NCS-MOUSE": ["FAM178B"]}