{"NFYB (human)": ["DDIT3"], "Spz1 (mouse)": ["ATP6V0A2"], "HNRNPK (human)": ["OSGIN1"], "EBF1 (mouse)": ["ATP6V0A2"], "Lhx3 (mouse)": ["ATP6V0A2"], "GABPA (mouse)": ["ATP6V0A2"], "PDX1 (human)": ["SLC7A7", "GMPS"], "T (mouse)": ["ATP6V0A2"], "PPARG::RXRA (mouse)": ["ATP6V0A2"], "Pax5 (mouse)": ["ATP6V0A2"], "Mycn (mouse)": ["ATP6V0A2"], "SOX2 (human)": ["TRIB3"], "Zfx (mouse)": ["GADD45A", "ATP6V0A2"], "Pou5f1 (mouse)": ["ATP6V0A2"], "Tcfcp2l1 (mouse)": ["ATP6V0A2", "CCRN4L"], "CPEB1 (human)": ["SCLY"], "Evi1 (mouse)": ["ATP6V0A2"], "Tal1::Gata1 (mouse)": ["ATP6V0A2"], "HNF1B (mouse)": ["ATP6V0A2"], "Pax4 (mouse)": ["ATP6V0A2"]}