{"H3K27me3 Adipose Nuclei": ["CDA", "HEPH", "ADORA2B", "TTPA", "CASKIN1", "KCTD14", "TNNI3", "PFKP"], "H3K36me3 Peripheral Blood Mononuclear Primary Cells": ["FASTK", "PLA2G4B"], "H3K27me3 Breast vHMEC": ["RAB9B", "PFKP", "INHBE"], "H3K9me3 CD4+ CD25- IL17+ PMA-Ionomcyin stimulated Th17 Primary Cells": ["CASP4"], "H3K36me3 Neurosphere Cultured Cells Cortex Derived": ["PLA2G4B"], "H3K27me3 Adipose Derived Mesenchymal Stem Cell Cultured Cells": ["TTPA", "CHRNE", "SEMA3B", "CASKIN1", "LAMA3", "MAMDC2", "VLDLR"], "H3K9me3 Mobilized CD34 Primary Cells": ["PIGA", "CDYL"], "H3K27me3 CD8 Naive Primary Cells": ["CDA", "STEAP3", "MAMDC2", "FAM129A", "PTGS2", "SELE", "ACTA1", "MRAS", "ADORA2B", "STBD1", "CASKIN1", "TNNI3", "BCAT1", "DDR2"], "H3K36me3 Penis Foreskin Fibroblast Primary Cells": ["YARS", "DDIT3"], "H3K36me3 Brain Anterior Caudate": ["PLA2G4B"], "H3K36me3 H1": ["LRRC24", "FHDC1"], "H3K27me3 Skeletal Muscle": ["CNN1", "WIF1", "ADORA2B", "CASKIN1", "TRIB3", "HAPLN3"], "H3K27me3 Breast Myoepithelial Cells": ["ACTA1", "GZMM", "SDF2L1", "PIGA", "SLC25A33"], "H3K27me3 Brain Substantia Nigra": ["ACTA1", "NNMT", "CASKIN1", "FAM129A", "INHBE"], "H3K27me3 Penis Foreskin Fibroblast Primary Cells": ["FOSL1", "WFIKKN1", "GADD45A", "WIF1", "PLA2G4B", "TTPA", "LAMA3", "GAS2", "TGFA", "VLDLR"], "H3K27me3 Treg Primary Cells": ["FAM13C", "VLDLR", "VEGFA"], "H3K9me3 Stomach Mucosa": ["THEM4"], "H3K27me3 Chondrocytes from Bone Marrow Derived Mesenchymal Stem Cell Cultured Cells": ["CASKIN1"], "H3K36me3 Chondrocytes from Bone Marrow Derived Mesenchymal Stem Cell Cultured Cells": ["PLA2G4B"], "H3K9me3 Th17 Primary Cells": ["EPS8"]}