{"CTTTGCA,MIR-527": ["GADD45A"], "GGCACTT,MIR-519E": ["PHF1"], "CTATGCA,MIR-153": ["OSBPL6"], "CATGTAA,MIR-496": ["GOLPH3"], "CACTGTG,MIR-128A,MIR-128B": ["STEAP3"], "CACTGCC,MIR-34A,MIR-34C,MIR-449": ["SRPR"], "CCTGTGA,MIR-513": ["SERP1"], "ATGAAGG,MIR-205": ["LIMS2"], "ACTTTAT,MIR-142-5P": ["HERPUD1"], "AAAGGGA,MIR-204,MIR-211": ["ATF2"], "GCAAAAA,MIR-129": ["RUNX1"], "ACTGCCT,MIR-34B": ["JAZF1"], "AACATTC,MIR-409-3P": ["UBE2J1"], "CATTTCA,MIR-203": ["LPP"], "ATGTTAA,MIR-302C": ["GOLPH3"], "AAAGGAT,MIR-501": ["NFIL3"], "CAGCAGG,MIR-370": ["JAZF1"], "CACCAGC,MIR-138": ["JAZF1"], "TCTCTCC,MIR-185": ["WARS"], "TGCTTTG,MIR-330": ["PIGA"]}