{"TCF12_MCF-7_hg19": ["EPS8", "SEMA3B"], "CCNT2_K562_hg19": ["LRRC59", "GOSR2", "SRPR", "GSTT1", "IDE", "PLCXD2", "DHTKD1", "SRM", "ALKBH3", "HEPH", "CREG1", "CASKIN1", "PUSL1", "CTBS", "SEC11C", "ARG2", "PRMT7", "SLC30A1", "GGCT", "RINT1", "GZMM", "ELF1", "GOLPH3", "PC", "AGPS", "RLIM", "TRMT61A"], "ELK4_HEK293_hg19": ["GOLT1B", "GOSR2", "PAK1IP1", "GMPS", "RRP9", "SERP1", "SCFD2", "ALKBH1", "ORC2", "VTI1A", "THEM4", "PUSL1", "SEC23B", "YARS", "WARS", "LRRC24", "ATMIN", "TMEM120A", "SEC16A", "PER2", "NIF3L1", "XPOT", "POLR1B", "MDM2", "SNRPA1", "SLC25A33"], "UBTF_K562_hg19": ["OTUB2", "NAPB", "HBS1L", "LRRC59", "STEAP3", "GOSR2", "PAK1IP1", "SRPR", "PKMYT1", "DHTKD1", "SRM", "ALKBH3", "NAGLU", "HEPH", "ALKBH1", "CASKIN1", "ATP6V0A2", "FBXO4", "CHAC1", "NHEJ1", "ARG2", "PRMT7", "WARS", "SERPINF1", "TMEM120A", "ALG1", "SYNJ2", "ISG20", "DCTD", "DNAJC3", "PHOSPHO1", "PC", "SLC6A9", "PIGA", "MARS", "SRRD", "SNRPA1", "SFXN1", "SCLY", "RELL2"], "HDAC2_H1-hESC_hg19": ["CDA", "SRXN1", "GOLT1B", "PAK1IP1", "PHF1", "SRPR", "FAM35A", "IDE", "LPP", "PLCXD2", "HERPUD1", "SCFD2", "WIF1", "CHCHD6", "EIF4EBP1", "CHAC1", "PUSL1", "CCRN4L", "NDEL1", "ARFGEF2", "PRMT7", "LRRC24", "DENND4A", "PDE2A", "SYNJ2", "GGCT", "DNAJC3", "SLC6A9", "TBC1D5", "CTH", "PIGA", "DDIT3", "AGPS", "SRRD", "CD44"], "POLR2AphosphoS2_HepG2_hg19": ["GMPS", "MTR", "SLC1A5", "IDE", "SDAD1", "UBE2J1", "NAGLU", "CASP4", "FBXO4", "VTI1A", "POLH", "NDEL1", "KPNA1", "SEC16B", "EIF2B3", "PRMT7", "WARS", "LMO4", "DENND4A", "SEC16A", "CHCHD10", "MND1", "SYNJ2", "CTU2", "MDM2", "ATF6"], "MAX_GM12878_hg19": ["ATF2", "NAPB", "USP11", "CEBPG", "SRPR", "SDAD1", "IFIT2", "ALKBH3", "HEPH", "CHCHD6", "VTI1A", "HMOX1", "EIF2B3", "SDF2L1", "TMEM120A", "ELMOD2", "WDR75", "GGCT", "FOSL1", "CTU2", "PHOSPHO1", "TBC1D5", "DDIT3", "AGPS", "CRY1", "HYOU1"], "ZNF143_HeLa-S3_hg19": ["TRUB1", "ATF2", "HBS1L", "LRRC59", "GMPS", "TGFA", "SLC3A2", "SLC1A5", "SDAD1", "DNAJB9", "NDEL1", "KPNA1", "EIF2B3", "LMO4", "TMEM120A", "OSGIN1", "MND1", "GGCT", "CTU2", "SLC25A37", "GOLPH3", "TBL2", "PC", "TBC1D5", "CD68", "CD44"], "ELK1_GM12878_hg19": ["PPP1R15A", "TRUB1", "NAPB", "HBS1L", "LRRC59", "TMEM41A", "GOSR2", "MTR", "SLC1A5", "SDAD1", "SCFD2", "SESN2", "ORC2", "ATP6V0A2", "FBXO4", "POLH", "KPNA1", "PRMT6", "PRMT7", "SEC16A", "ALG3", "MND1", "SLC25A38", "SLC25A37", "CTH"], "CUX1_GM12878_hg19": ["NAPB", "AMIGO3", "CUL5", "ZC3H6", "SLC7A11", "IDE", "PKMYT1", "IFIT2", "NAGLU", "CREB3L1", "CASP4", "ORC2", "ATP6V0A2", "FBXO4", "HMOX1", "SEC23B", "POLH", "EIF2B3", "ISG20", "GGCT", "RINT1", "SLC7A7", "MARS", "GPR107", "GARS", "CD68"], "EBF1_GM12878_hg19": ["PPP1R15A", "FKBP11", "TRUB1", "PI4K2B", "LRRC59", "TMEM41A", "AMIGO3", "SHMT2", "SRPR", "SLC3A2", "SLC1A5", "ECE2", "MANEA", "UBE2J1", "NAGLU", "MTHFD1L", "CREB3L1", "SESN2", "CASP4", "FBXO4", "THEM4", "HMOX1", "SEC23B", "SEC11C", "YARS", "PRMT7", "ALG1", "VEGFA", "SLC25A38", "RINT1", "PHOSPHO1", "POC5", "MARS", "AGPS", "POLR3E", "ATF6"], "MYBL2_HepG2_hg19": ["TRUB1", "HBS1L", "EIF2B3", "WARS", "GADD45A", "ELMOD2", "GOSR2", "SRPR", "OSGIN1", "MTR", "SDAD1", "GGCT", "FOSL1", "CTU2", "SERP1", "FASTK", "DDIT3", "VTI1A", "SNRPA1", "SCLY", "CD68"], "REST_HL-60_hg19": ["LRRC24", "VTI1A", "TRMT61A"], "TEAD4_MCF-7_hg19": ["KLHL5", "POLR3E", "SEMA3B", "ZC3H6"], "CBX3_K562_hg19": ["LRRC59", "TMEM41A", "GOSR2", "FAM129A", "UAP1", "MTR", "ECE2", "DHTKD1", "ALKBH3", "CNN1", "SESN2", "FBXO4", "DNAJB9", "SLC19A2", "EIF2B3", "PRMT7", "WARS", "ELMOD2", "IFRD1", "ALG1", "ISG20", "GGCT", "RINT1", "SLC7A5", "POC5", "MTHFD2", "CTH", "MARS", "AGPS", "SRRD", "POLR3E", "GARS", "SNRPA1"], "CHD7_K562_hg19": ["ATF2", "PI4K2B", "SMYD5", "MTR", "ZC3H6", "ECE2", "IDE", "SDAD1", "SCFD2", "FBXO4", "VTI1A", "DNAJB9", "PPARGC1B", "ARG2", "ELMOD2", "TMEM62", "RUNX1", "ISG20", "RINT1", "CTU2", "NIF3L1", "MARS", "GPR107", "GARS", "SNRPA1", "ATF6"], "CHD1_H1-hESC_hg19": ["PI4K2B", "LRRC59", "TMEM41A", "SRXN1", "SMYD5", "USP11", "UAP1", "ZC3H6", "SLC7A11", "PTGS2", "MANEA", "ACTR3B", "PLCXD2", "HERPUD1", "ALKBH3", "CNN1", "TTPA", "FBXO4", "VTI1A", "DNAJB9", "PUSL1", "PPARGC1B", "SLC19A2", "CCRN4L", "YARS", "PRMT7", "SDF2L1", "MAMDC2", "WDR75", "CHCHD10", "ALG3", "ALG1", "ISG20", "DNAJC3", "FOSL1", "CTU2", "ACTA1", "NIF3L1", "GOLPH3", "SLC6A9", "ADORA2B", "POLR1B", "CTH", "HYOU1", "SCLY", "CD44"], "ZNF143_GM12878_hg19": ["TRUB1", "NAPB", "HBS1L", "LRRC59", "STEAP3", "SLC3A2", "SLC1A5", "SDAD1", "MTHFD1L", "CHCHD6", "POLH", "CCRN4L", "PRMT7", "TMEM120A", "OSGIN1", "NMNAT3", "ALG1", "TTC39B", "GGCT", "SLC7A5", "CTU2", "MARS", "AGPS", "SCLY", "CD44"], "POLR3A_K562_hg19": ["POLR1B", "CTH", "POLR3E", "MDM2"], "BRCA1_HepG2_hg19": ["PPP1R15A", "TRUB1", "ARFGEF2", "SEC16B", "ATF2", "NAPB", "EIF2B3", "PRMT7", "WARS", "SDF2L1", "LMO4", "ELMOD2", "MND1", "SLC7A11", "ALG1", "VEGFA", "CTU2", "SLC25A37", "GOLPH3", "SERP1", "SCFD2", "POLR3E", "ATP6V0A2", "CD68"]}