{"H3K4me3_NT2-D1_hg19": ["GOLT1B", "TMEM120A", "PAK1IP1", "SPAG4", "SEMA3B", "WDR75", "TMEM62", "PYCR1", "MANEA", "PHOSPHO1", "WIF1", "CREG1", "CHCHD6", "ORC2", "FBXO4", "VTI1A", "CHAC1", "RELL2", "MYL9", "POLH", "JAZF1"], "H3K4me2_T-cell acute lymphoblastic leukemia_hg19": ["WARS", "SMYD5", "SEC16A", "PAK1IP1", "IFRD1", "OSGIN1", "CHCHD10", "PHF7", "HAPLN3", "SRM", "PER2", "NIF3L1", "PHOSPHO1", "PC", "CREG1", "GPR107", "CHAC1", "CD68", "NHEJ1", "RAB9B"], "H3K4me3_mammary epithelial cell_hg19": ["VLDLR", "IDE", "HAPLN3", "HERPUD1", "RRP9", "IFIT2", "CREB3L1", "TTPA", "CHCHD6", "STC2", "CASKIN1", "FBXO4", "VTI1A", "THEM4", "CHAC1", "PRMT6", "SIAH2", "PYCR1", "VEGFA", "PER2", "CTU2", "PHOSPHO1", "PC", "ADORA2B", "POLR1B", "SRRD", "CRY1", "KCTD14", "GPR107", "GARS", "RELL2", "ATF6", "CD44", "DDR2"], "H3K4me3_SK-N-SH_hg19": ["FAM13C", "LAMA3", "TGFA", "HAPLN3", "LPP", "HERPUD1", "ISG20", "EPS8", "EXTL1", "PC", "NAGLU", "ADORA2B", "STC2", "CASKIN1", "CRY1", "THEM4", "GARS", "TPPP", "SEC23B", "DDR2"], "H3K27me3_A549_hg19": ["VLDLR", "PTGS2", "SDAD1", "HAPLN3", "GRAMD3", "HK2", "EPS8", "FAM178B", "CYP27B1", "NFIL3", "CREB3L1", "CASKIN1", "OLR1", "CDR2", "PRMT6", "ARG2", "OSBPL6", "ELMOD2", "GPT2", "TTC39B", "RUNX1", "PHOSPHO1", "ADORA2B", "RRAGD", "GAS2", "REEP6", "BCAT1", "ATF3"], "H3K9me3_ES-E14_mm9": ["FV1", "ORC2", "SPIN1"], "H3K27me3_GM12878_hg19": ["CDA", "FAM13C", "SEMA3B", "LAMA3", "TGFA", "VLDLR", "PTGS2", "HAPLN3", "LPP", "PLCXD2", "EPS8", "CNN1", "CYP27B1", "NFIL3", "CREB3L1", "TTPA", "STBD1", "CASKIN1", "OLR1", "TNNI3", "FGF21", "ARG2", "OSBPL6", "PDE2A", "MAMDC2", "SYNJ2", "ACTA1", "PHOSPHO1", "PC", "ADORA2B", "GNAQ"], "H3K79me2_HepG2_hg19": ["SEC16B", "PRMT7", "SDF2L1", "SRPR", "SEMA3B", "CHCHD10", "ALG3", "ZC3H6", "ECE2", "PHF7", "DHTKD1", "SRM", "ALKBH3", "CTU2", "NAGLU", "PIGA", "ORC2", "KCTD14", "DNAJB9", "REEP6", "TRMT61A", "POLH"], "H3K4me3_HEK293_hg19": ["SRXN1", "MGMT", "SIAH2", "LAMA3", "HAPLN3", "LPP", "UBE2J1", "HERPUD1", "ISG20", "NAGLU", "ADORA2B", "TTPA", "CHCHD6", "STC2", "CASKIN1", "KLF9", "CRY1", "THEM4", "GPR107", "GARS", "SLC25A33"], "H3K79me2_fibroblast of dermis_hg19": ["PRMT6", "YARS", "GOLT1B", "MGMT", "TMEM62", "ALG1", "PHF7", "PTGS2", "PKMYT1", "PSMB8", "DHTKD1", "SRM", "RUNX1", "GGCT", "GOLGA3", "POLR3E", "FBXO4", "DNAJB9", "SCLY", "CD68", "SEC23B", "POLH"], "H3K27me3_endothelial cell of umbilical vein_hg19": ["PPP1R15A", "CDA", "FAM13C", "SEMA3B", "FAM129A", "TGFA", "SLC3A2", "VLDLR", "GRAMD3", "COX6A2", "CNN1", "CYP27B1", "PDZD3", "WIF1", "CREB3L1", "TTPA", "TNNI3", "TPPP", "SLC37A1", "PDE2A", "NMNAT3", "FHDC1", "INHBE", "ACTA1", "PHOSPHO1", "SLC6A9", "RRAGD", "GAS2", "SFXN1", "REEP6", "CD44", "PFKP"], "H3K27me3_cardiac mesoderm_hg19": ["CDA", "FAM13C", "SHMT2", "DGKA", "LAMA3", "FAM129A", "TGFA", "PTGS2", "HAPLN3", "COX6A2", "EPS8", "CYP27B1", "WIF1", "TTPA", "STBD1", "CHRNE", "HMOX1", "TNNI3", "SIAH2", "PDE2A", "MAMDC2", "TMEM62", "ASNS", "PSMB8", "FOSL1", "ACTA1", "PHOSPHO1", "MRAS", "ADORA2B", "KLF9", "TRIB3", "SFXN1", "REEP6", "RELL2", "CD44", "RAB9B"], "H3K9ac_myotube_hg19": ["PRMT7", "SRXN1", "GOLT1B", "MGMT", "GPT2", "SPAG4", "IFRD1", "WDR75", "GGCT", "CTU2", "PHOSPHO1", "NAGLU", "CTH", "CHCHD6", "PIGA", "DDIT3", "CASP4", "VTI1A", "SFXN1", "SCLY", "TRMT61A", "ATF6"], "H4K20me1_GM12878_hg19": ["PPP1R15A", "SDF2L1", "AMIGO3", "SHMT2", "RIOK3", "SLC30A1", "MND1", "PSMB8", "RINT1", "ACTA1", "SERP1", "MTHFD2", "CREB3L1", "STBD1", "DDIT3", "POLR3E", "TRIB3", "SNRPA1", "POLH", "JAZF1"], "H3K4me3_myocyte_mm9": ["DENND4A", "SIAH2", "DGKA", "GOSR2", "PAK1IP1", "SPAG4", "IFRD1", "WDR75", "ZFP94", "PTGS2", "GRAMD3", "GGCT", "GMPPB", "ELF1", "TBC1D5", "POLR1B", "SRRD", "SCLY", "ALDH18A1", "ATF6", "NHEJ1", "CCRN4L"], "H3K27ac_keratinocyte_hg19": ["ARG2", "OSBPL6", "SRXN1", "GOLT1B", "DENND4A", "PAK1IP1", "CEBPG", "IFRD1", "WDR75", "TMEM62", "PYCR1", "TTC39B", "DNAJC3", "NIF3L1", "CTH", "CHCHD6", "GNAQ", "ORC2", "ATF6", "SLC25A33", "JAZF1", "SEC11C"], "H3K36me3_astrocyte_hg19": ["YARS", "ATF2", "PRMT7", "SRXN1", "FAM35A", "SARS", "SLC30A1", "SLC3A2", "FHDC1", "CYP27B1", "SLC25A37", "NIF3L1", "KLHL5", "MARS", "RLIM", "MDM2", "DNAJB9", "HYOU1", "SFXN1", "SEC23B", "KPNA1"], "H2AFZ_mammary epithelial cell_hg19": ["ARFGEF2", "HBS1L", "OSBPL6", "PRMT7", "ELMOD2", "PAK1IP1", "CHCHD10", "SLC30A1", "ALKBH3", "LMAN1", "TBL2", "SERP1", "SCFD2", "CREB3L1", "CTH", "TTPA", "ALKBH1", "SRRD", "HYOU1", "SLC19A2"], "H3K4me3_Panc1_hg19": ["OTUB2", "GOLT1B", "FAM13C", "USP11", "PAK1IP1", "PTGS2", "MANEA", "DHTKD1", "HERPUD1", "RRP9", "IFIT2", "CREG1", "CREB3L1", "CASP4", "ORC2", "THEM4", "DNAJB9", "CHAC1", "NHEJ1", "ARG2", "MGMT", "SPAG4", "WDR75", "SLC25A38", "DNAJC3", "CTU2", "PC", "POLR1B", "PIGA", "RRAGD", "GAS2", "GARS", "RELL2", "CD44"], "H4K20me1_HepG2_hg19": ["LRRC59", "PRMT7", "ATMIN", "FAM13C", "SARS", "GZMM", "NIF3L1", "TBL2", "SERP1", "POLR1B", "TTPA", "DDIT3", "SRRD", "COL20A1", "SLC25A30", "HMOX1", "RELL2", "TRMT61A", "MYL9", "RAB9B", "POLH", "NDEL1"]}