{"TP63-23658742-EP156T-HUMAN": ["SLC46A1", "CD82", "TFRC", "SEMA3A", "SEMA3F", "SNN", "ALCAM", "MYBPHL", "BMPER", "BAI2", "BOC", "OBFC1", "MGAT1", "DIRC2", "RALGDS", "PPIL1", "HSBP1", "HSPA4", "FST", "CYHR1", "FAM189A2", "MTUS2", "ALG13", "ELOVL6", "BMP4", "KITLG", "FXYD3", "RP2", "MGP", "RBP1", "TBC1D7", "LANCL2", "ID3", "RBM43"], "TCF4-23295773-U87-HUMAN": ["RTN1", "CD82", "TFRC", "CTTNBP2", "COL14A1", "SEMA3A", "MRPL36", "WISP2", "CCNB2", "SNN", "PDE11A", "SCRN1", "BMPER", "BOC", "NDN", "RIMKLA", "ACAD10", "CGNL1", "SCARA5", "HSBP1", "HSPA4", "FST", "DDX11", "FBXW9", "RABL2A", "FAM189A2", "ARFGAP1", "CPPED1", "CENPF", "KITLG", "LPCAT3", "MGP", "FGF18", "TMEM119", "ARHGEF3", "RBM43", "TMEM106A", "SERINC5"], "RBPJ-21746931-IB4-LCL-HUMAN": ["IFITM3", "ATHL1", "ACSS2", "CD82", "CDCA3", "MX2", "PLK1", "FBXW9", "NCAPH", "LZTFL1", "TM7SF2", "EFNA2", "BMPER", "HOXC5", "TCP11L2", "ANXA8", "CAPN1", "RBM45", "PGLYRP1", "ATRIP", "SERINC5"], "STAT3-18555785-MESC-MOUSE": ["CENPV", "DOCK4", "COL14A1", "CCNDBP1", "KNG2", "RGMA", "ZFP36L1", "PFKL", "EFNA2", "C1QTNF1", "ETL4", "HNRNPA2B1", "ADAM9", "BIRC5", "FAM55B", "CCDC22", "GATSL2", "KCTD17", "TMEM106A"], "JARID1A-20064375-MESC-MOUSE": ["DBNL", "CDCA2", "DDX46", "HSPA4", "MGST3", "GBA", "FBXW9", "MRPL49", "NME3", "SRP14", "ARFGAP1", "SUPT7L", "NDC80", "AURKA", "DHODH", "MRPL20", "ALDH3B1", "TMEM216", "NUF2", "TBC1D7", "INPP5K", "KIF2C", "B9D1"], "GATA2-20887958-HPC-7-MOUSE": ["PPIL1", "DBNL", "CCNF", "HJURP", "CELF5", "SEMA3F", "NDC80", "FAM117A", "EHD2", "FAM102B", "LGALS1", "SCRN2", "TMEM119", "CDC42EP2", "SFXN3", "S100A4", "RAB17", "KCTD17", "NBL1", "RBM43"], "RUNX2-22187159-PCA-HUMAN": ["RTN1", "CDCA2", "MAGEB16", "COL12A1", "SEMA3F", "PDE11A", "ODF2L", "ALCAM", "STS", "RNF215", "NUF2", "ATOH8", "BOC", "DACT2", "OBFC1", "TNRC18", "ACAD10", "OSR2", "MBD5", "SEMA6A", "CENPW", "HSBP1", "MX2", "DDX11", "MTUS2", "ALG13", "INHBB", "RGMA", "BMP4", "GREM2", "CENPE", "MARCKS", "KITLG", "EFNA2", "RP2", "FGF18", "ERP29", "ARHGEF3", "KIF2C", "B9D1", "RBM45"], "NANOG-18692474-MESC-mouse": ["RTP4", "CDCA3", "DIXDC1", "GLRX", "SLC4A2", "SEMA3F", "KNG2", "AURKA", "ZFP36L1", "DACT2", "APBB1", "PIP5K1C", "RALGDS", "CGNL1", "HEXIM1", "ATHL1", "OSR2", "SEMA6A", "ELOVL6", "RGMA", "BMP4", "CENPI", "ALDH1A2", "ID3", "ADAM9", "MPND", "TMEM106A", "SERINC5", "XKR5", "FGFR1", "LY6E", "PRR13"], "AR-22383394-PROSTATE_CANCER-HUMAN": ["RTN1", "SEMA6A", "SCARA5", "CTTNBP2", "HSPA4", "SEMA3A", "AREG", "DHODH", "ZFP36L1", "SLC9A3R1", "CENPE", "CENPF", "PDE11A", "KITLG", "SCRN1", "NME7", "PRR15L", "PRKAR2B", "TMEM216", "ARHGEF3", "SERINC5", "XKR5"], "PPARD-21283829-MYOFIBROBLAST-HUMAN": ["RTN1", "COL14A1", "POP1", "SEMA3A", "MKI67", "NCAPH", "LIMD2", "ZFP36L1", "LGALS1", "STS", "SCP2", "BMPER", "BAI2", "ATOH8", "INPP5K", "ROPN1L", "CAPN1", "GUSB", "TMEM14A", "RALGDS", "SLC12A8", "GABARAPL2", "MBD5", "SEMA6A", "CENPW", "FBXL19", "WDR34", "ARFGAP1", "MARCKS", "LPCAT3", "LANCL2", "CYP1A1", "ID3", "BIRC5", "TEK", "RBM43", "TMEM106A", "FGFR1", "ASF1B"], "FOXA2-19822575-HepG2-human": ["DOCK4", "CDCA2", "DIXDC1", "MRPL36", "SRP14", "USP18", "WISP2", "SLC9A3R1", "ALCAM", "TNRC18", "TK1", "RALGDS", "CGNL1", "GAMT", "DBNL", "SEMA6A", "SCARA5", "HSPA4", "FST", "PLK1", "ELOVL6", "TM4SF1", "ZNFX1", "CLDN15", "NME7", "ARHGEF3", "CDC42EP2", "ID3", "SERINC5"], "RCOR3-21632747-MESC-MOUSE": ["ATHL1", "CENPV", "PPIL1", "HSBP1", "TMEM50B", "MTUS2", "INHBB", "CRIP2", "CENPF", "LPCAT3", "ARHGEF3", "ID3", "TCP11L2", "OBFC1", "TNRC18", "TLCD1", "TK1", "ADCK3", "RBM45", "GATSL2", "TMEM106A", "ASF1B", "LY6E"], "BCL11B-21912641-STHDH STRIATAL CELLS-MOUSE": ["ID3"], "SMAD4-21799915-A2780-HUMAN": ["CD82", "DHX9", "MGST3", "COL12A1", "MRPL36", "GLRX", "AREG", "PTS", "ZFP36L1", "FAM102B", "ALCAM", "BMPER", "NUF2", "TMEM14A", "LINGO1", "MBD5", "MTUS2", "BMP4", "BMP2", "CENPF", "RP2", "HNRNPA2B1", "TBC1D7", "ARHGEF3", "B9D1", "FGFR1"], "SFPI1-20887958-HPC-7-MOUSE": ["DDX46", "TFRC", "SLC4A2", "ADAMTS10", "MRPL20", "SV2A", "MGAT1", "PIP5K1C", "HEXIM1", "ATHL1", "GABARAPL2", "MBD5", "DBNL", "HSBP1", "DDX11", "ALG13", "ELOVL6", "SNCAIP", "LSS", "NME7", "LPCAT3", "ARHGEF3", "BIRC5", "S100A4", "TLCD1", "SERINC5", "PRR13"], "SCL-21571218-MEGAKARYOCYTES-HUMAN": ["HEXIM1", "DOCK4", "CTTNBP2", "COL14A1", "MAGEB16", "AREG", "TM4SF1", "CCNB1", "BMPER", "NME7", "PRKAR2B", "FGF18", "LANCL2", "DACT2", "SFXN3", "OBFC1", "ROPN1L", "GPRC5C", "ASF1B"], "GATA1-22025678-K562-HUMAN": ["FAM117A"], "SIN3B-21632747-MESC-MOUSE": ["SLC46A1", "CELF5", "SCP2", "BAI2", "SCRN2", "HMGN2", "SLC12A8", "GABARAPL2", "OSR2", "DBNL", "HSBP1", "MTUS2", "ELOVL6", "WDR34", "LSS", "ARFGAP1", "LZTFL1", "RGMA", "TRAPPC6A", "RAB36", "PITPNM1", "TMEM216", "LANCL2", "TMEM218", "KIF2C", "ALDOC", "A3GALT2", "TMEM106A", "ASF1B", "CDCA3", "GBA", "CRIP2", "SEMA3F", "DPCD", "MRPL20", "ODF2L", "CCNB1", "PRKAR2B", "MGAT1", "PIP5K1C", "LINGO1", "CENPV", "PPIL1", "CENPW", "INHBB", "PARP14", "ACVR2B", "EFNA2", "TTC30B", "B9D1", "RBM43"], "E2F7-22180533-HELA-HUMAN": ["MCM7", "GBA"], "STAT3-23295773-U87-HUMAN": ["RTP4", "DOCK4", "ACSS2", "TFRC", "CTTNBP2", "COL14A1", "FAM25A", "LPL", "AQP1", "FAM117A", "PDE11A", "FAM102B", "TCEAL5", "ALCAM", "BMPER", "PRKAR2B", "OBFC1", "GUSB", "ACAD10", "SLC12A8", "LINGO1", "BNIP3L", "SCARA5", "KCNB1", "HSPA4", "PARP14", "ACVR2B", "TM4SF1", "CPPED1", "CENPF", "MARCKS", "ZNFX1", "TMEM119", "ARHGEF3", "DZIP1", "RBM43", "TMEM106A", "SERINC5"]}