{"NR2C2 (human)": ["LINGO1", "CLDN15"], "SMAD3 (human)": ["MKI67"], "STAT1 (mouse)": ["LPL"], "Arnt (mouse)": ["DIRC2", "SUPT7L"], "MYCN (human)": ["ROPN1L"], "Myf (human)": ["TNFRSF25"], "MXI1 (human)": ["ARHGEF3"], "FOXA2 (human)": ["DZIP1", "RALGDS"], "SOX2 (human)": ["PDE11A"], "Nr2e3 (mouse)": ["CENPE", "MARCKSL1"], "VDR (human)": ["PRR13"], "ESR2 (human)": ["HJURP"], "CPEB1 (human)": ["GAMT"], "ESR2 (mouse)": ["BMP2"], "SMAD3 (mouse)": ["PRR15L"], "Hand1::Tcfe2a (mouse)": ["SCRN1", "GATSL2"], "IRF7 (human)": ["DDX46"], "NME2 (human)": ["CLDN15", "SFXN3"], "TBX5 (human)": ["ALDH3B1", "TM7SF2"], "FOXM1 (human)": ["TEK"]}