{"H3K9me3 Chondrocytes from Bone Marrow Derived Mesenchymal Stem Cell Cultured Cells": ["MTUS2"], "H3K36me3 CD4+ CD25- Th Primary Cells": ["IL18R1"], "H3K36me3 Adipose Derived Mesenchymal Stem Cell Cultured Cells": ["CLDN15", "ACAT2"], "H3K9me3 H9": ["ERCC6L", "TCEAL5", "PDZD11", "RP2"], "H3K9me3 CD4 Naive Primary Cells": ["PCDHA2"], "H3K36me3 Muscle Satellite Cultured Cells": ["CDCA3", "PDZD11", "HNRNPA2B1", "PTRHD1"], "H3K9me3 Bone Marrow Derived Mesenchymal Stem Cell Cultured Cells": ["MARCKS", "MAGEB16", "GLA"], "H3K36me3 Rectal Smooth Muscle": ["HSPA4", "SUPT7L"], "H3K9me3 Stomach Mucosa": ["OSR2"], "H3K36me3 CD3 Primary Cells": ["TNFRSF25", "SERINC5"], "H3K36me3 CD4+ CD25- IL17+ PMA-Ionomcyin stimulated Th17 Primary Cells": ["CLDN15", "ARG1"], "H3K36me3 CD4+ CD25- CD45RA+ Naive Primary Cells": ["DHRS1"], "H3K27me3 Penis Foreskin Keratinocyte Primary Cells": ["RTN1", "PRKAR2B", "COL14A1", "TMEM176B", "ALDH1A2", "DACT2", "RGMA"], "H3K9me3 Brain Anterior Caudate": ["OSR2"], "H3K36me3 Stomach Mucosa": ["MBD5", "CDCA3", "HNRNPA2B1"], "H3K27me3 CD4 Naive Primary Cells": ["COL12A1", "BOC", "LPL", "SEMA3F", "MYZAP", "RIMKLA", "CGNL1"], "H3K36me3 CD4 Memory Primary Cells": ["IL18R1", "SUPT7L"], "H3K9ac Skeletal Muscle": ["TRAPPC2", "ERCC6L", "RP2", "HNRNPA2B1", "ADCK3"], "H3K36me3 Chondrocytes from Bone Marrow Derived Mesenchymal Stem Cell Cultured Cells": ["CLDN15", "METTL20"], "H3K9me3 Th17 Primary Cells": ["HOXC5"]}