{"AGGGCCA,MIR-328": ["DDX11"], "ACACTGG,MIR-199A,MIR-199B": ["RGMA"], "CAATGCA,MIR-33": ["CALML4"], "GTGCAAA,MIR-507": ["BMP4"], "GTGACTT,MIR-224": ["ID3"], "GGTGTGT,MIR-329": ["PCDHA2"], "ACTACCT,MIR-196A,MIR-196B": ["COL14A1"], "GTTATAT,MIR-410": ["PRKAR2B"], "TGCAAAC,MIR-452": ["DIXDC1"], "TCCAGAG,MIR-518C": ["LZTFL1"], "TCTCTCC,MIR-185": ["PCDHA2"], "ATGTAGC,MIR-221,MIR-222": ["PCDHA2"], "TCTATGA,MIR-376A,MIR-376B": ["MBD5"], "ACACTCC,MIR-122A": ["BAI2"], "AGCATTA,MIR-155": ["BOC"], "ATGCTGG,MIR-338": ["SEMA6A"], "ATAGGAA,MIR-202": ["MARCKS"], "AGGGCAG,MIR-18A": ["PCDHA2"], "AGGAAGC,MIR-516-3P": ["BNIP3L"], "CAGCAGG,MIR-370": ["MARCKS"]}