{"CREB1-20920259-GC1-SPG-MOUSE": ["MDC1", "DYRK3", "COL15A1", "PRKRIP1", "NCF4", "CLCN3", "ING1", "CXCL5", "POLB", "CNN1", "RGS2", "CAMTA2", "IGFBP6", "PPP1R16B", "SP110", "FZD7", "FN1", "EMP3", "PARVB", "BMP7", "MMP9", "CXCL11", "SFXN3", "COL9A3", "ARHGEF7", "PDZRN3"], "GFI1B-20887958-HPC-7-MOUSE": ["MDC1", "FZD7", "PLEK", "MRPS31", "LY96", "PTPN22", "CTCF", "PTGS2", "GDPD5", "MMP9", "FBXL14", "ING1", "MLLT11", "CUL4A", "WIF1", "DDAH2", "BAMBI", "AOX1", "CD48", "CTSE", "RAMP1", "HOXA5"], "HNF4A-19822575-HepG2-human": ["IL1RN", "COL16A1", "PLXND1", "SERPINE1", "TNFAIP3", "SECTM1", "CLU", "CXCL5", "ICAM1", "MYLK", "POLB", "COMP", "AKAP12", "PDE4B", "AOX1", "CYP1B1", "PLXNC1", "LGALS8", "PPP1R16B", "FCER1G", "VWF", "IL1R1", "ACSL1", "RHOH", "MMP9", "PLA2G16", "MMP11", "SFRP1", "NR5A2", "IL1B", "DPYD", "PECAM1", "PDZRN3", "RAPGEF4", "NNMT", "SDC4", "BCL2A1", "MRPS31", "LY96", "LRP4", "NEDD4L", "TFPI", "GDPD5", "RPS4Y1", "TANK", "PLA2G7", "PDLIM3", "FLRT2", "UBD", "LPXN", "DMD", "IGFBP6", "PLTP", "AOC3", "WWTR1", "VCAM1", "CADM1", "FN1", "IGF1", "SMARCA1", "QKI", "CUL4A", "MEIS1", "LAS1L", "CPE", "C16ORF45", "COL9A3", "RGL1", "RAMP1", "FERMT2"], "E2F4-21247883-LYMPHOBLASTOID-HUMAN": ["DYRK3", "OLFML2B", "COL16A1", "KCNA3", "TACSTD2", "LRP4", "CTCF", "PTGS2", "ENO2", "GDPD5", "SLC7A1", "ING1", "CSRP2", "WIF1", "PLAU", "PLXNC1", "FBXL14", "MLLT11", "CUL4A", "BAMBI", "DPYD", "SFXN3", "ADAM8", "RGL1", "ARHGEF7", "FBN1", "BIRC3"], "FLI1-21571218-MEGAKARYOCYTES-HUMAN": ["TNFAIP6", "PLXND1", "GMFG", "SERPINE1", "NCF4", "TNFAIP3", "SECTM1", "SLC2A3", "MYL6B", "CTCF", "LRRC32", "ING1", "CD3D", "ICAM1", "MYLK", "EFEMP2", "PLAU", "STAB1", "PDE4B", "CTSE", "CR2", "SERPINB2", "FCER1G", "VWF", "IGFBP4", "SP110", "ADIPOQ", "RHOH", "MMP9", "PLA2G16", "IL1B", "COL6A2", "PECAM1", "CHI3L2", "HCLS1", "ADAM8", "ITGA5", "MFGE8", "ARHGEF7", "PDZRN3", "BLZF1", "HIST1H2BD", "RAPGEF4", "RAMP3", "SDC4", "PRKRIP1", "CCDC69", "LPAR1", "CSF2RB", "PTGS2", "CLCN3", "TANK", "FYB", "SPOP", "LPXN", "CAMTA2", "CCR1", "VCAM1", "ZNF185", "FZD7", "IGF1", "PARVB", "ARHGAP25", "MLLT11", "MARCO", "FAP", "LAS1L", "ALOX5AP", "SFXN3", "TNFSF9", "CD27", "RAMP1"], "STAT3-22323479-MACROPHAGE-MOUSE": ["CSRP2"], "FOXP1-21924763-HESC-HUMAN": ["HIST2H2AA3", "NOTCH3", "MDC1", "PRKRIP1", "PHF1", "NCF4", "MRPS31", "LRP4", "MYL6B", "CTCF", "ENO2", "CLCN3", "ING1", "CLU", "TMEM47", "EFEMP2", "SPOP", "LPXN", "FCGR1A", "CD52", "GABBR1", "S100A2", "CADM1", "C10ORF10", "EMP3", "LILRB3", "QKI", "MLLT11", "MEIS1", "CXCL12", "DDAH2", "BAMBI", "MAP1A", "PMP22", "GAS1", "ZG16", "MFGE8", "DBN1"], "RAD21-21589869-MESC-MOUSE": ["HHLA1", "IGFBP4", "GMFG", "WNT5A", "ADIPOQ", "NEDD4L", "ENO2", "SLC7A1", "COX7A1", "CLU", "IL6", "SFRP1", "CXCL12", "WIF1", "PMP22", "AOX1", "CPE", "GAS1", "CAMTA2", "GAS6", "LGALS8", "DBN1"], "KDM5B-21448134-MESC-MOUSE": ["MDC1", "COL15A1", "NEDD4L", "SLC2A3", "CTCF", "PLA2G7", "FYB", "POLB", "AKAP12", "PDLIM3", "GLIPR1", "CSRP2", "PLAU", "PDPN", "SPOP", "MFAP3L", "CR2", "GABBR1", "ACSL1", "WNT5A", "FN1", "SULF1", "MEIS1", "NR5A2", "PMP22", "CPE", "TRIB2", "FERMT2", "RAPGEF4"], "E2F1-18555785-MESC-mouse": ["SDC4", "MRPS31", "SLC2A3", "TFPI", "CLCN3", "SLC7A1", "ING1", "CLU", "PLA2G7", "ICAM1", "PCMTD2", "POLB", "TMEM47", "AKAP12", "SCML2", "CSRP2", "PDPN", "SPOP", "MYBL2", "NPTX2", "PLTP", "WWTR1", "GABBR1", "FZD7", "FN1", "PCOLCE", "PARVB", "FBXL14", "MMP11", "MDFIC", "LAS1L", "BAMBI", "SPAG1", "ITGA5", "BLZF1", "BIRC3"], "HOXA2-22223247-E11.5 EMBRYO-MOUSE": ["MEIS1"], "SIN3B-21632747-MESC-MOUSE": ["NOTCH3", "CXCL9", "COL16A1", "PRKRIP1", "GMFG", "SERPINE1", "KCNA3", "MRPS31", "LRP4", "LAMC2", "CTCF", "ICAM1", "COMP", "PDLIM3", "SCML2", "CSRP2", "BASP1", "PDPN", "CCL2", "LPXN", "NPTX2", "HOXA5", "MFAP3L", "AOC3", "IL11", "VWF", "SP110", "FZD7", "BMP7", "FBXL14", "HOPX", "MLLT11", "CUL4A", "MEIS1", "CXCL12", "DPYD", "ALOX5AP", "SPAG1", "ADAM8", "ARHGEF7"], "MYC-19030024-MESC-mouse": ["MDC1", "DYRK3", "MRPS31", "SLC2A3", "MYL6B", "CTCF", "CLCN3", "SLC7A1", "ICAM1", "AKAP12", "MRC2", "RGS2", "BASP1", "SPOP", "LPXN", "MYBL2", "CD37", "CAMTA2", "SRGAP2", "MFAP3L", "PPP1R16B", "FZD7", "WNT5A", "FN1", "PCOLCE", "EMP3", "BMP7", "FBXL14", "MLLT11", "LAS1L", "BAMBI", "TRIB2", "BLZF1", "BIRC3"], "SFPI1-20887958-HPC-7-MOUSE": ["MDC1", "NCF2", "GMFG", "NCF4", "LY96", "CTCF", "PTGS2", "GDPD5", "WIF1", "ITGAX", "SPOP", "CCL2", "LPXN", "MYBL2", "PPP1R16B", "GABBR1", "IGFBP4", "ACSL1", "RHOH", "FBXL14", "IL6", "BAMBI", "ALOX5AP", "TNFSF9", "ANGPTL2", "HCLS1", "CD48"], "RCOR3-21632747-MESC-MOUSE": ["COL16A1", "SCHIP1", "PRKRIP1", "KCNA3", "MRPS31", "NEDD4L", "SLC2A3", "SLC7A1", "PLAU", "BASP1", "PDPN", "SPOP", "CCL2", "NPTX2", "GABBR1", "VWF", "IGFBP4", "SP110", "ADIPOQ", "EMP3", "SULF1", "BMP7", "MARCO", "NR5A2", "ALOX5AP", "PECAM1", "PMP22", "PDZRN3", "FERMT2", "RAPGEF4", "BIRC3"], "KLF4-18555785-MESC-mouse": ["PTGFR", "DYRK3", "GABBR1", "SDC4", "PHF1", "CTCF", "CLCN3", "FBXL14", "COX7A1", "ING1", "MLLT11", "POLB", "AKAP12", "HCK", "SFRP1", "DDAH2", "COL6A2", "ANGPTL2", "ACP5", "CYP1B1", "MYBL2", "MFGE8", "LGALS8", "MFAP3L"], "RUNX1-21571218-MEGAKARYOCYTES-HUMAN": ["NCF2", "GMFG", "SERPINE1", "NCF4", "AQP9", "TNFAIP3", "PTPN22", "SLC2A3", "MYL6B", "LRRC32", "ING1", "CD3D", "CLU", "ICAM1", "MYLK", "SCML2", "STAB1", "ACP5", "CYP1B1", "CTSE", "PTGDS", "FCER1G", "IGFBP4", "ADIPOQ", "EMP3", "MMP9", "HCK", "MMP11", "COL6A2", "PECAM1", "CHI3L2", "ADAM8", "ITGA5", "BLZF1", "HIST1H2BD", "NOTCH3", "RAMP3", "KCNA3", "LPAR1", "CSF2RB", "CLCN3", "THBS2", "SLC7A1", "FYB", "SPOP", "CCL2", "WWTR1", "FZD7", "RARRES2", "PARVB", "LILRB3", "FBXL14", "MLLT11", "CUL4A", "MEIS1", "CXCL12", "TMEM158", "KRT16", "ALOX5AP", "PMP22", "C16ORF45", "RGL1", "RAMP1"], "ERG-20887958-HPC-7-MOUSE": ["GABBR1", "SERPINB2", "IGFBP4", "ACSL1", "MRPS31", "LY96", "RHOH", "PTPN22", "GDPD5", "TANK", "FBXL14", "IL6", "BAMBI", "ALOX5AP", "SPOP", "SPAG1", "TNFSF9", "CCL2", "HCLS1", "MYBL2"], "CREM-20920259-GC1-SPG-MOUSE": ["MDC1", "DYRK3", "PLXND1", "PRKRIP1", "PHF1", "KCNA3", "HTRA1", "TNFAIP2", "CTCF", "CLCN3", "TANK", "SLC7A1", "ING1", "POLB", "COMP", "AKAP12", "CNN1", "RGS2", "PDLIM3", "SPOP", "CYP1B1", "MYBL2", "CAMTA2", "PLXNC1", "NPTX2", "WWTR1", "CADM1", "ACSL1", "FN1", "NR1D2", "FBXL14", "MLLT11", "LAS1L", "BAMBI", "SFXN3", "ARHGEF7", "PDZRN3", "BLZF1"], "TP53-23651856-MEF-MOUSE": ["DYRK3", "CSTA", "NCF2", "SCHIP1", "PRKRIP1", "MRPS31", "NEDD4L", "LAMC2", "PTPN22", "GDPD5", "SLC7A1", "ICAM1", "GLIPR1", "EFEMP2", "SPOP", "APOD", "SRGAP2", "KCNN4", "PLTP", "VCAM1", "WNT5A", "KRT7", "EMP3", "BMP7", "MLLT11", "CUL4A", "CXCL10", "CXCL11", "DDAH2", "ANGPTL2", "COL9A3", "ADAM8", "ITGA5", "MFGE8", "GAS6", "DBN1", "IDO1", "BIRC3"]}