{"MAFF_HepG2_hg19": ["CCDC167", "TFRC", "DHX9", "MGST3", "TROAP", "GLRX", "EBP", "NUF2", "TK1", "TMEM14A", "ACAD10", "HEXIM1", "CENPW", "GCA", "WDR34", "DHRS1", "ARFGAP1", "SUPT7L", "DHODH", "NME7", "ERP29", "KIF2C", "RBM45", "GLA", "RBM43"], "RXRA_H1-hESC_hg19": ["KCNB1", "LPCAT3", "SFXN3"], "UBTF_MEL cell line_mm9": ["TRAPPC2", "MARCKSL1", "TPI1", "CMTM3", "CYHR1", "ALG13", "CELF5", "SEMA3F", "WDR34", "MKI67", "ACVR2B", "SLC9A3R1", "SNN", "FAM102B", "TMEM65", "RNF215", "PRKAR2B", "EVA1C", "TBC1D7", "ERP29", "HMGN2", "DIRC2", "RALGDS", "SERINC5"], "GABPA_HepG2_hg19": ["DOCK4", "DDX46", "TFRC", "POP1", "HJURP", "CCP110", "SLC4A2", "SRP14", "PTS", "MED11", "PDZD11", "NUF2", "OBFC1", "MGAT1", "ACAD10", "TRAPPC2", "DBNL", "HSBP1", "FBXW9", "RABL2A", "LZTFL1", "DHODH", "TTC30B", "NME7", "HNRNPA2B1", "TBC1D7", "B9D1", "CCDC22", "RBM45"], "CHD1_IMR-90_hg19": ["IFITM3", "SEMA3A", "FST", "GBA", "MRPL49", "ALG13", "GLRX", "SEMA3F", "CCNDBP1", "TMEM80", "CENPE", "TRAPPC6A", "PFKL", "MARCKS", "RAB36", "PITPNM1", "RNF215", "NUF2", "LANCL2", "ID3", "TCP11L2", "MVD", "TLCD1", "APBB1"], "MYC_A549_hg19": ["ERCC6L", "POP1", "MGST3", "GBA", "CCNDBP1", "MRPL20", "MED11", "TMEM65", "TK1", "GUSB", "RALGDS", "ATRIP", "MARCKSL1", "TMEM50B", "PLK1", "RABL2A", "ALG13", "WDR34", "DHODH", "CENPF", "NME7", "HNRNPA2B1", "FAM64A", "RBM43", "ASF1B"], "EP300_GM12878_hg19": ["DDX46", "TFRC", "CCP110", "SLC4A2", "SLC2A5", "TM7SF2", "LGALS1", "NUF2", "WDR6", "TCP11L2", "TK1", "GUSB", "TMEM14A", "BNIP3L", "DBNL", "SEMA6A", "MRPL49", "ALG13", "ELOVL6", "WDR34", "LZTFL1", "ERP29", "LANCL2", "BIRC5", "KIF2C", "MVD", "FAM64A", "TLCD1", "TMEM106A", "MGST3", "TROAP", "GBA", "MRPL20", "CCNB2", "CCNB1", "PDLIM2", "PDZD11", "INPP5K", "TSPAN3", "POLR2L", "TRAPPC2", "HEXIM1", "MBD5", "MARCKSL1", "PPIL1", "CENPW", "CMTM3", "HSPA4", "NDC80", "DHODH", "CENPE", "MARCKS", "HNRNPA2B1", "CCDC22", "ADCK3", "RBM45", "RBM43"], "EGR1_GM12878_hg19": ["TFRC", "DHX9", "MGST3", "GBA", "CCP110", "MRPL36", "SLC2A5", "DPCD", "NCAPH", "AURKA", "FAM117A", "LIMD2", "ODF2L", "NUF2", "WDR6", "TK1", "HEXIM1", "MARCKSL1", "PPIL1", "CENPW", "CMTM3", "HSPA4", "FBXL19", "TMEM50B", "NME3", "CPPED1", "NDC80", "MARCKS", "RAB36", "HNRNPA2B1", "FGF18", "BIRC5", "KIF2C", "ADCK3", "KCTD17"], "EBF1_GM12878_hg19": ["DDX46", "TFRC", "GBA", "CCP110", "SLC2A5", "DPCD", "ODF2L", "CCNB1", "SCRN2", "WDR6", "TCP11L2", "TSPAN3", "GUSB", "ACAD10", "ATHL1", "SEMA6A", "CENPW", "CMTM3", "MX2", "ALG13", "DHRS1", "LSS", "ARFGAP1", "SUPT7L", "LZTFL1", "NDC80", "GREM2", "CENPF", "BDH2", "SFXN3", "BIRC5", "B9D1", "FAM64A", "RBM45", "TMEM106A"], "PHF8_H1-hESC_hg19": ["CTF1", "DDX46", "KCNB1", "TROAP", "FBXW9", "DIXDC1", "MRPL49", "ELOVL6", "KLHDC8B", "DHRS1", "FOXM1", "SNCAIP", "LZTFL1", "ADAMTS10", "PTRHD1", "MRPL20", "BMP2", "CENPF", "MARCKS", "LPCAT3", "FGF18", "TBC1D7", "B9D1", "TK1"], "ATF3_A549_hg19": ["DDX46", "SEMA3A", "GBA", "MRPL49", "ALG13", "MRPL36", "WDR34", "SUPT7L", "CPPED1", "PTRHD1", "AURKA", "EHD2", "MED11", "ALCAM", "NUF2", "HNRNPA2B1", "ERP29", "BIRC5", "S100A4", "TLCD1", "TK1", "ACAD10", "GLA", "POLR2L"], "YY1_SK-N-SH_hg19": ["CCDC167", "DDX46", "TROAP", "CCP110", "MRPL36", "SRP14", "DPCD", "MRPL20", "LGALS1", "HOXC5", "ROPN1L", "APBB1", "GUSB", "TMEM14A", "POLR2L", "GABARAPL2", "MARCKSL1", "SEMA6A", "HSPA4", "FBXW9", "MRPL49", "WDR34", "ARFGAP1", "PTRHD1", "DHODH", "EHD2", "TRAPPC6A", "PFKL", "BDH2", "NME7", "TBC1D7", "ERP29", "BIRC5", "RBM45", "MPND"], "ELK1_HeLa-S3_hg19": ["CCDC167", "SLC46A1", "CDCA2", "CDCA3", "FOXM1", "SLC9A3R1", "MRPL20", "CCNB2", "ALCAM", "PDZD11", "SCRN2", "INPP5K", "TSPAN3", "TK1", "CAPN1", "ABCA2", "BNIP3L", "RABL2A", "ELOVL6", "WDR34", "ARFGAP1", "CPPED1", "KIF2C", "TLCD1", "GLA"], "TCF12_MCF-7_hg19": ["PRR15L", "WISP2"], "E2F6_K562_hg19": ["CCDC167", "ERCC6L", "SLC46A1", "CDCA3", "DIXDC1", "MRPL36", "SEMA3F", "FOXM1", "PTS", "FAM102B", "PRKAR2B", "NUF2", "HMGN2", "TMEM14A", "RALGDS", "POLR2L", "DDX11", "WDR34", "ACVR2B", "LSS", "LZTFL1", "NDC80", "DHODH", "EFNA2", "TTC30B", "ALDH1A2", "TBC1D7", "ERP29", "BIRC5", "KIF2C", "CTXN1", "SERINC5"], "TEAD4_MCF-7_hg19": ["TK1", "WDR34"], "ESRRA_HepG2_hg19": ["ABCA2", "RAB17", "ACAT2"], "NR2F2_HepG2_hg19": ["ARG1", "HSPA4", "SRP14"], "EP300_H1-hESC_hg19": ["CCDC167", "CTF1", "MCM7", "POP1", "MGST3", "GBA", "DIXDC1", "MRPL36", "PPL", "ZFP36L1", "TMEM65", "PRKAR2B", "TCP11L2", "TK1", "GUSB", "TMEM14A", "ATRIP", "POLR2L", "MBD5", "TMEM176B", "TMEM50B", "PLK1", "FBXW9", "LSS", "LZTFL1", "BMP4", "CENPE", "TTC30B", "BIRC5", "DZIP1", "GLA", "RBM43"], "JUN_K562_hg19": ["TFRC", "POP1", "HJURP", "DIXDC1", "CCP110", "SLC4A2", "LGALS1", "NUF2", "TK1", "CAPN1", "GUSB", "GABARAPL2", "HSBP1", "FBXW9", "MRPL49", "ALG13", "ARFGAP1", "LZTFL1", "TRAPPC6A", "BDH2", "NME7", "ERP29", "BIRC5", "KIF2C", "ASF1B", "CDCA2", "DHX9", "GBA", "GLRX", "CCNDBP1", "DPCD", "AURKA", "ZFP36L1", "MRPL20", "TMEM65", "PDZD11", "POLR2L", "CENPW", "HSPA4", "TMEM50B", "CYHR1", "DHRS1", "CPPED1", "DHODH", "CENPE", "EHD2", "SFXN3", "SERINC5", "CUL4B"]}