{"H4K20me1_mammary epithelial cell_hg19": ["DHX9", "POP1", "CCNF", "MKI67", "WISP2", "TM7SF2", "PDLIM2", "LGALS1", "BAI2", "WDR6", "HMGN2", "PRPH", "LINGO1", "PAQR6", "TPI1", "GCA", "TMEM176B", "INHBB", "RGMA", "ALDH1A2", "TMEM216", "TNFRSF25", "MVD", "ADCK3", "CTXN1"], "H2AFZ_HeLa-S3_hg19": ["DDX46", "TFRC", "POP1", "GBA", "DPCD", "PTS", "ZFP36L1", "NUF2", "PEA15", "WDR6", "APBB1", "TK1", "GUSB", "ATRIP", "DBNL", "HSBP1", "HSPA4", "MX2", "DHRS1", "BDH2", "NME7", "KIF2C", "MVD", "SERINC5", "PRR13"], "H3K36me3_astrocyte_hg19": ["TRAPPC2", "BNIP3L", "DBNL", "MCM7", "DHX9", "POP1", "MRPL49", "MRPL36", "SLC4A2", "DHRS1", "MKI67", "ACAT2", "ZFP36L1", "MRPL20", "CCNB1", "BDH2", "LGALS1", "TTC30B", "FAM64A", "ACAD10", "CTXN1", "GLA", "TMEM106A"], "H3K27me3_brain_mm9": ["MEGF6", "MRPL20", "PDE11A", "SCRN1", "BMPER", "BAI2", "ATOH8", "CAPN1", "RIMKLA", "GUSB", "RALGDS", "PAQR6", "GCA", "CMTM3", "FAM189A2", "MTUS2", "CYS1", "PODN", "EFNA2", "PRR15L", "CDC42EP2", "DZIP1", "GPRC5C", "RBM43", "SERINC5"], "H3K36me3_cardiac mesoderm_hg19": ["CDCA2", "MCM7", "CDCA3", "CCNF", "MRPL36", "SRP14", "MRPL20", "MED11", "CCNB1", "HMGN2", "ATHL1", "GABARAPL2", "MARCKSL1", "TPI1", "PLK1", "FBXW9", "MRPL49", "KLHDC8B", "DHRS1", "ARFGAP1", "SUPT7L", "BMP2", "ZNFX1", "PITPNM1", "RBP1", "ID3", "B9D1", "FAM64A", "ALDOC", "TMEM106A"], "H3K4me3_NT2-D1_hg19": ["TRAPPC2", "MBD5", "TROAP", "DIXDC1", "CYHR1", "RABL2A", "MRPL49", "ABHD14B", "DHRS1", "NCAPH", "BMP2", "TTC30B", "BMPER", "NUF2", "RBP1", "ERP29", "TCP11L2", "TNRC18", "ROPN1L", "MYZAP", "RIMKLA", "ACAD10", "GLA"], "H3K27me3_endothelial cell of umbilical vein_hg19": ["RTN1", "CTTNBP2", "COL14A1", "LPL", "PPL", "ADAMTS10", "FAM117A", "TCEAL5", "C1QTNF1", "MYBPHL", "SV2A", "BAI2", "BOC", "DACT2", "KCNMB4", "RIMKLA", "PGLYRP1", "SLC12A8", "PRPH", "ATHL1", "LINGO1", "OSR2", "MARCKSL1", "TMEM176B", "FAM189A2", "INHBB", "CYS1", "PODN", "RGMA", "GREM2", "EFNA2", "PRR15L", "ALDH1A2", "FGF18", "SFXN3", "NBL1", "GPRC5C", "XKR5"], "H3K27ac_mammary epithelial cell_hg19": ["CTF1", "HSPA4", "TROAP", "FBXW9", "ABHD14B", "WDR34", "ACVR2B", "DPCD", "PTRHD1", "MRPL20", "MED11", "BMP2", "PFKL", "NUF2", "RBP1", "ERP29", "MVD", "B9D1", "ALDOC", "TK1", "ATRIP", "POLR2L", "PRR13"], "H3K27me3_fibroblast of lung_hg19": ["MEGF6", "RTN1", "COL14A1", "HSPB2", "LPL", "SEMA3F", "PPL", "ADAMTS10", "FAM117A", "TCEAL5", "KCNMB4", "RIMKLA", "PGLYRP1", "CGNL1", "SLC12A8", "PRPH", "ATHL1", "LINGO1", "MARCKSL1", "SEMA6A", "SCARA5", "TMEM176B", "FAM189A2", "CYS1", "PODN", "RGMA", "BMP4", "BMP2", "EFNA2", "FXYD3", "ALDH1A2", "TMEM216", "CYP1A1", "ARHGEF3", "MYZAP", "GPRC5C"], "H3K36me3_myocyte_mm9": ["ZNFX1", "LGALS1", "HNRNPA2B1", "TLCD1"], "H3K9me3_ES-E14_mm9": ["DDX46", "HJURP", "MRPL49"], "H4K20me1_H1-hESC_hg19": ["CDCA3", "COL12A1", "CCNF", "ACAT2", "AQP1", "LIMD2", "TM7SF2", "MED11", "DACT2", "CGNL1", "PRPH", "GABARAPL2", "OSR2", "MBD5", "CENPW", "KCNB1", "HSBP1", "FBXL19", "TMEM50B", "MRPL49", "INHBB", "DHRS1", "ZNFX1", "KIF2C", "FAM64A", "CTXN1"], "H3K27ac_endothelial cell of umbilical vein_hg19": ["IFITM3", "TRAPPC2", "HSPA4", "SEMA3A", "KLHDC8B", "CALML4", "WDR34", "DHRS1", "USP18", "ACVR2B", "DPCD", "AURKA", "MRPL20", "FAM102B", "PDZD11", "LPCAT3", "TMEM216", "WDR6", "MVD", "APBB1", "MYZAP", "PDK2", "TMEM106A", "PRR13"], "H3K27me3_HepG2_hg19": ["RTN1", "CMTM3", "POP1", "MX2", "FBXW9", "CYHR1", "MRPL49", "KLHDC8B", "WDR34", "LZTFL1", "NDC80", "PTRHD1", "DHODH", "GLIPR1", "BDH2", "TCEAL5", "TMEM216", "NUF2", "ATOH8", "MGP", "CAPN1", "NBL1", "GPRC5C", "RBM43"], "H3K27me3_SK-N-SH_hg19": ["RTN1", "CTTNBP2", "COL14A1", "COL12A1", "LPL", "PPL", "TCEAL5", "PDLIM2", "BMPER", "NDN", "KCNMB4", "ATHL1", "OSR2", "SEMA6A", "FST", "FAM189A2", "INHBB", "CYS1", "RGMA", "BMP4", "BMP2", "RP2", "ALDH1A2", "FGF18", "GPRC5C"], "H3K27me3_mammary epithelial cell_hg19": ["MEGF6", "RTN1", "COL14A1", "COL12A1", "LPL", "CELF5", "ADAMTS10", "AQP1", "SULT1C2", "BMPER", "SV2A", "PRKAR2B", "APBB1", "CGNL1", "PRPH", "GAMT", "ATHL1", "LINGO1", "OSR2", "KCNB1", "TMEM176B", "CYS1", "PODN", "SNCAIP", "EFNA2", "ZNFX1", "ALDH1A2", "FGF18", "TEK", "GPRC5C", "XKR5"], "H3K36me3_endothelial cell of umbilical vein_hg19": ["DDX46", "MCM7", "DHX9", "POP1", "GBA", "CCNF", "MKI67", "ACAT2", "MRPL20", "CCNB1", "ACAD10", "ATRIP", "POLR2L", "TRAPPC2", "BNIP3L", "MARCKSL1", "DBNL", "FBXL19", "MRPL49", "KLHDC8B", "DHRS1", "ARFGAP1", "BMP4", "ZNFX1", "CLDN15", "PITPNM1", "TMEM216", "TMEM218", "ID3", "TNFRSF25", "B9D1", "MYZAP", "CTXN1", "GLA", "IL18R1"], "H3K4me2_fibroblast of lung_hg19": ["RTN1", "CMTM3", "COL14A1", "TROAP", "MX2", "HSPB2", "PARP14", "TMEM80", "NCAPH", "ACAT2", "AQP1", "MRPL20", "MED11", "SCP2", "LPCAT3", "FKBP1B", "ERP29", "TCP11L2", "FAM64A", "ALDOC", "ROPN1L", "RIMKLA", "SERINC5"], "H3K36me3_A549_hg19": ["SLC46A1", "MCM7", "DHX9", "POP1", "GBA", "CCNF", "SLC4A2", "CCNDBP1", "FOXM1", "MKI67", "AREG", "DPCD", "ACAT2", "AURKA", "ZFP36L1", "MED11", "EBP", "ACAD10", "TRAPPC2", "HEXIM1", "BNIP3L", "DDX11", "FBXW9", "NME3", "PTRHD1", "EHD2", "TTC30B", "TMEM218", "ID3", "BIRC5", "KIF2C", "FAM64A", "ADCK3", "KCTD17", "GLA", "IL18R1", "TMEM106A", "SERINC5"], "H3K79me2_liver_mm9": ["TRAPPC2", "RTP4", "MBD5", "MARCKSL1", "CENPV", "DDX46", "TFRC", "PET100", "HSPA4", "TMEM176B", "TMEM50B", "GBA", "SCX", "DHRS1", "TMEM80", "DPCD", "SUPT7L", "TIMM10B", "BMP2", "TRAPPC6A", "LPCAT3", "DACT2", "RBM45", "ATRIP"]}