{"HOXC9-25013753-NEUROBLASTOMA BE2-C-HUMAN": ["OAT", "TFRC", "ELOVL5", "NUBPL", "STC1", "CDKAL1", "PPM1K", "CSAD", "MUT", "PTPRG", "ADAMTS5", "DNAJC6", "SCFD2", "VPS41", "EXOC4", "ACOX3", "ZKSCAN1", "DIS3L2"], "SPI1-22790984-ERYTHROLEUKEMIA-MOUSE": ["PRIM2", "ELOVL5", "GNAI3", "PREP", "EAF2", "ACYP2", "TRAPPC9", "PLA2G6", "TGOLN2", "FMNL1", "IMMP2L", "GMDS", "BBS9", "SLC39A8", "SLC25A13", "RSPRY1"], "MYC-19030024-MESC-mouse": ["PRIM2", "TFRC", "CFI", "ADK", "GNAI3", "PPM1K", "PLA2G6", "LMAN1", "IMMP2L", "SIL1", "ZKSCAN1", "DIS3L2", "ARL6IP6", "RSPRY1", "DYNC2H1", "ST6GAL1", "ATRNL1", "EAF2", "MYO5A", "ACYP2", "CDKAL1", "ETV5", "SND1", "CIDEC", "RNF40", "MSRA", "TUBB2B", "BRE", "MFAP3", "APOC1", "ANKRD42", "STT3A", "ITGA6", "LAP3", "ALDH18A1", "TRIB2", "SFXN5", "SLC25A13"], "ZFX-18555785-MESC-mouse": ["TFRC", "SPO11", "ABHD5", "LMAN1", "IMMP2L", "GMDS", "RSRC1", "TTC21B", "TTPA", "DYM", "SLC25A21", "SIL1", "ZKSCAN1", "ARL6IP6", "MYO5A", "SLC30A1", "F2", "ACADSB", "ETV5", "GNAQ", "APOC1", "LACE1", "EXOC4", "LANCL2", "SLC25A30", "HIST1H2BH", "LAP3", "CRK"], "VDR-23849224-CD4+-HUMAN": ["HIST2H2AA3", "TFRC", "VPS13C", "ADK", "VPS13B", "ABCA7", "ACYP2", "PPM1K", "ABHD5", "ACADSB", "TGOLN2", "HIST1H4B", "CABYR", "RSRC1", "SLC39A8", "HIST1H2BH", "ACOX3", "LAP3", "SNX8", "ZKSCAN1", "PCMTD1", "ARL6IP6"], "FLI1-21571218-MEGAKARYOCYTES-HUMAN": ["TFRC", "PTPRN", "ADK", "GTDC1", "MIA3", "PCSK6", "CSAD", "MYLK3", "ASGR1", "FARS2", "ASGR2", "GHR", "RSRC1", "FADS1", "DIS3L2", "PCMTD1", "ADAMTS7", "ST6GAL1", "VWF", "AHSG", "PRKCE", "CCDC113", "VPS13B", "ACYP2", "PRKCA", "CDKAL1", "MUT", "ETV5", "SND1", "RNF40", "AZGP1", "MELK", "PCCA", "DNAJC6", "SPATC1", "TET3", "RASA2", "LACE1", "ASPG", "ANKRD42", "EXOC4", "TFF3", "ACOX3", "CRK", "SLC25A13", "PRIM2", "GNAI3", "PLA2G6", "CRYZ", "TGOLN2", "SULT1E1", "SCFD2", "CHN2", "RDH16", "PROM1", "SNX8", "ZKSCAN1", "ANGPT1", "ABCA4", "RARRES1", "EXOC6B", "MYO5A", "ABCA7", "PHKB", "TRAPPC9", "MSRA", "FMNL1", "DHRS7", "HIST1H4B", "BRE", "MFAP3", "GNAQ", "STT3A"], "MYC-18358816-MESC-mouse": ["TFRC", "CFI", "ADK", "MLC1", "PLA2G6", "SCFD2", "MCF2L", "DYM", "SNX8", "SULT4A1", "SIL1", "ARL6IP6", "MYO5A", "ABHD14A", "SLC30A1", "MUT", "CIDEC", "RNF40", "TBC1D1", "ALDH6A1", "BRE", "APOC1", "STT3A", "ITGA6", "ACOX3", "ALDH18A1"], "FOXP1-21924763-HESC-HUMAN": ["HIST2H2AA3", "APP", "OAT", "PTPRN", "CFI", "ADK", "GTDC1", "CSAD", "ASGR1", "ASGR2", "PTPRG", "GHR", "CDH2", "TTC21B", "BBS9", "SIL1", "FADS1", "PCMTD1", "NEK5", "ELOVL5", "VPS13C", "ABHD14A", "ABCA7", "TRAPPC9", "F2", "ACADSB", "SND1", "GNG13", "DNAJC6", "ASPG", "ITGA6", "FAR1", "ACOX3", "LAP3"], "RBPJ-21746931-IB4-LCL-HUMAN": ["ELOVL5", "IL18", "VPS13B", "PRLR", "SND1", "MYLK3", "ASGR1", "NKD2", "AZGP1", "PROC", "TTPA", "MFAP3", "HSD17B1", "ASPG", "RAB38", "ZP2", "RSPRY1", "ADAMTS7"], "JARID1A-20064375-MESC-MOUSE": ["EAF2", "VPS13B", "CDKAL1", "RNF40", "FARS2", "CRYZ", "TGOLN2", "LMAN1", "ALDH6A1", "SCFD2", "MFAP3", "HSD17B1", "VPS41", "ANKRD42", "STT3A", "ZKSCAN1", "ARL6IP6", "RSPRY1"], "LMO2-20887958-HPC-7-MOUSE": ["SLC15A2", "ANGPT1", "SPO11", "MITF", "TNFRSF11B", "TRAPPC9", "AKAP2", "SEPT8", "TBC1D1", "ADAMTS5", "FMNL1", "TUBB2B", "MCF2L", "GNAQ", "RAB38", "GBP2", "FADS1", "TUBA8"], "E2F1-18555785-MESC-mouse": ["OAT", "PLEKHB2", "DPYS", "ADK", "LRP2", "ABHD5", "PLA2G6", "FARS2", "TGOLN2", "LMAN1", "IMMP2L", "ALDH2", "RSRC1", "TTC21B", "DYM", "SNX8", "ZKSCAN1", "ARL6IP6", "DDX58", "NUBPL", "VPS13C", "ABCC6", "EAF2", "MYO5A", "SLC30A1", "ACYP2", "F2", "ETV5", "SND1", "GNG13", "TUBB2B", "MELK", "HIST1H4B", "CABYR", "BRE", "LACE1", "VPS41", "LANCL2", "SLC25A30", "LAP3", "CRK", "SFXN5", "SLC25A13", "PPIC"], "CREM-20920259-GC1-SPG-MOUSE": ["PLEKHB2", "TFRC", "ADK", "GPHN", "PTPRG", "IMMP2L", "CDH2", "SLC39A8", "SULT4A1", "SIL1", "DIS3L2", "PCMTD1", "RSPRY1", "ARG2", "ELOVL5", "CCDC113", "VPS13B", "SLC30A1", "ATP11A", "RUNDC3B", "ETV5", "SND1", "RNF40", "TBC1D1", "PCCA", "RASA2", "LACE1", "ANKRD42", "LANCL2", "FAR1", "ACOX3", "LAP3", "ST6GALNAC3", "CRK", "CFTR", "PRIM2", "OAT", "SLC41A2", "GNAI3", "ABHD5", "PLA2G6", "TGOLN2", "NKAIN1", "GMDS", "SCFD2", "TTC21B", "SLC25A21", "SNX8", "ACE", "NUBPL", "ATRNL1", "EXOC6B", "EAF2", "GRHL1", "ACADSB", "CABYR", "NFIA", "BRE", "GNAQ", "RIMBP2", "STT3A", "TUBA8"], "ASH2L-23239880-MESC-MOUSE": ["OAT", "ADK", "PREP", "GPHN", "AKAP2", "CRYZ", "ALDH1B1", "PDGFC", "SULT4A1", "ZKSCAN1", "FADS1", "RSPRY1", "RABGAP1L", "VWF", "DDX58", "LIMCH1", "NEK5", "NUBPL", "CCDC113", "FBXO36", "EXOC6B", "VPS13B", "GFRA1", "ETV5", "HCK", "TBC1D1", "MSRA", "DHRS7", "TUBB2B", "MELK", "MEP1B", "DNAJC6", "SLC25A30", "TFF3", "CFTR"], "SFPI1-20887958-HPC-7-MOUSE": ["TFRC", "SLFN3", "ADK", "PREP", "FARS2", "SEPT8", "IMMP2L", "AMMECR1L", "ANPEP", "BBS9", "RSPRY1", "ELOVL5", "VPS13C", "VPS13B", "MYO5A", "SLC30A1", "PHKB", "TBC1D1", "FMNL1", "BRE", "MFAP3", "ITGA6", "RAB38", "CRK", "TUBA8"], "SPI1-23547873-NB4-HUMAN": ["PRIM2", "MEGF11", "CPQ", "GNAI3", "GTDC1", "CSAD", "TGOLN2", "SCFD2", "ANPEP", "SLC39A8", "TSPAN1", "SNX8", "CCL24", "ELOVL5", "CCDC113", "VPS13B", "MYO5A", "MITF", "ACYP2", "TRAPPC9", "ETV5", "TBC1D1", "FMNL1", "BRE", "SPATC1", "LACE1", "ANKRD42", "SLC25A30", "ITGA6", "TUBA8"], "DMRT1-23473982-TESTES-MOUSE": ["APP", "RABGAP1L", "ST6GAL1", "VWF", "SLC10A1", "ATRNL1", "PRKCE", "PZP", "PHKB", "ATP11A", "PCSK6", "AKAP2", "PTPRG", "NFIA", "ALDH1B1", "CDH2", "ASPG", "LANCL2", "CPE", "CD302", "ST6GALNAC3", "TRIB2", "PCMTD1"], "E2F4-21247883-LYMPHOBLASTOID-HUMAN": ["ARG2", "ATRNL1", "ADK", "MYO5A", "SLC30A1", "PHKB", "ATP11A", "NETO2", "F2", "GPHN", "RNF40", "DHRS7", "PC", "ALDH2", "PCCA", "DNAJC6", "DPYD", "STT3A", "AQP11", "FAR1", "ALDH18A1", "CRK", "FADS1", "RSPRY1"], "FOXP1-22492998-STRATIUM-MOUSE": ["HIST1H4B", "ACYP2"], "TP63-17297297-HaCaT-human": ["ITGA6"]}