{"HNF1B (human)": ["MYO5A"], "SP4 (human)": ["NEK5", "SLC30A1"], "NFE2L1 (human)": ["PRKCE", "AQP11"], "HNRNPK (human)": ["TRAPPC9", "ARL6IP6"], "NFE2L2 (human)": ["PROM1"], "IRF9 (human)": ["GC"], "Esrrb (mouse)": ["GC"], "NFIL3 (human)": ["GUCA2B"], "FOXA2 (human)": ["F2"], "SOX2 (human)": ["MYO5A"], "NR4A2 (human)": ["AKAP2"], "VDR (human)": ["SLC39A8"], "IRF7 (human)": ["SPO11"], "SMAD3 (human)": ["PIP4K2A"], "ESR2 (mouse)": ["TRIB2"], "Hand1::Tcfe2a (mouse)": ["CHN2", "MCF2L"], "SMAD3 (mouse)": ["FABP1", "HOXB3"], "CBX5 (human)": ["PCDH9"], "Zfx (mouse)": ["STT3A"], "RORA_2 (human)": ["ARL6IP6"]}