{"H3K4me3 Treg Primary Cells": ["APP", "MEGF11", "PREP", "MLC1", "GTDC1", "MIA3", "CSAD", "FARS2", "SEPT8", "MCF2L", "PIP4K2A", "BBS9", "SLC39A8", "SIL1", "AASS", "DIS3L2", "RSPRY1", "DYNC2H1", "ARG2", "VPS13C", "PRKCE", "CCDC113", "VPS13B", "ABHD14A", "ACYP2", "RUNDC3B", "MUT", "ETV5", "RNF40", "RASA2", "LACE1", "ANKRD42", "EXOC4", "LANCL2", "RAB38", "FAR1", "HIST1H2BH", "WDPCP", "CD302", "ACOX3", "LAP3", "EFHC2", "ST6GALNAC3", "ISPD", "SLC25A13", "PRIM2", "OAT", "GNAI3", "LRP2", "ABHD5", "PLA2G6", "FHIT", "PCDH17", "CRYZ", "PCSK1N", "ALDH1B1", "GMDS", "TTC21B", "SNX8", "ZKSCAN1", "SNCA", "PCDH9", "ANGPT1", "NEK5", "NUBPL", "RNLS", "EXOC6B", "EAF2", "MYO5A", "NETO2", "GRHL1", "ACADSB", "MSRA", "ALDH6A1", "DHRS7", "CABYR", "PC", "BRE", "MFAP3", "APOC1", "VPS41", "STT3A", "SLC25A30", "AQP11", "CPE", "ALDH18A1", "SFXN5"], "H3K4ac H9": ["ADK", "HNMT", "GPHN", "FTCD", "FARS2", "PTPRG", "SULT1C2", "IMMP2L", "NEFM", "PCMTD1", "ARL6IP6", "RSPRY1", "ADAMTS7", "ARG2", "ST6GAL1", "ELOVL5", "DIO1", "ACYP2", "CDKAL1", "ATP11A", "MUT", "PRLR", "ETV5", "SND1", "CAMKMT", "MAF", "PCCA", "RASA2", "ANKRD42", "SCG5", "TFF3", "LAP3", "ST6GALNAC3", "TRIB2", "SLC25A13", "LRP2", "PPM1K", "FHIT", "AKAP2", "CRYZ", "TGOLN2", "NKAIN1", "TSPAN1", "ATRNL1", "EXOC6B", "MYO5A", "PHKB", "GNG13", "FABP1", "ALDH6A1", "DHRS7", "BRE", "APOC1", "STT3A", "AQP11", "ALDH18A1"], "H3K36me3 Duodenum Mucosa": ["SLC41A2", "SLC30A1"], "H3K36me3 Brain Mid Frontal Lobe": ["RNF40"], "H3K4ac H1": ["TFRC", "DPYS", "SLC22A2", "ADK", "CSAD", "GPHN", "AKAP2", "PTPRG", "TGOLN2", "SULT1C2", "IMMP2L", "ALDH1B1", "MAL2", "SLC39A8", "NEFM", "ADAMTS7", "CCL24", "ST6GAL1", "ACE", "SLC15A2", "ANGPT1", "SLC10A1", "PGAM2", "ARHGEF19", "EXOC6B", "GUCA2B", "ABCA7", "PRKCA", "PRLR", "SND1", "MSRA", "MELK", "HIST1H4B", "PCCA", "STT3A", "ST6GALNAC3", "TRIB2"], "H3K9me3 Rectal Mucosa": ["RDH16"], "H3K36me3 Penis Foreskin Fibroblast Primary Cells": ["TET3"], "H3K79me1 H1": ["APP", "OAT", "MEGF11", "ADK", "GNAI3", "MIA3", "PCSK6", "CRYZ", "ASGR2", "SCFD2", "TTC21B", "PIP4K2A", "DYM", "PROM1", "PAMR1", "SNX8", "FADS1", "PCMTD1", "RSPRY1", "FBXO36", "EAF2", "VPS13B", "SLC30A1", "ACADSB", "ALDH6A1", "TUBB2B", "PCCA", "MFAP3", "ANKRD42", "STT3A", "ITGA6", "HIST1H2BH"], "H3K9me3 Adipose Derived Mesenchymal Stem Cell Cultured Cells": ["RDH16"], "H3K36me3 Brain Cingulate Gyrus": ["RNF40"], "H3K36me3 Breast Myoepithelial Cells": ["HP", "AKAP2"], "H3K79me1 H9": ["RABGAP1L", "RARRES1", "ADK", "EAF2", "VPS13B", "STC1", "SLC30A1", "PRKCA", "MUT", "ALDH6A1", "BRE", "PCCA", "MCF2L", "STT3A", "HIST1H2BH", "WDPCP", "ACOX3", "PROM1", "TRIB2", "PCMTD1", "RSPRY1", "PPIC"], "H2AK5ac H1": ["TFRC", "PTPRN", "GTDC1", "HNMT", "AKAP2", "MYLK3", "CRYZ", "TGOLN2", "NKAIN1", "SULT1C2", "IMMP2L", "GMDS", "NEFM", "ARL6IP6", "ARG2", "ST6GAL1", "ACE", "ANGPT1", "PGAM2", "ARHGEF19", "CDKAL1", "MUT", "PRLR", "SND1", "CAMKMT", "MSRA", "ALDH6A1", "TUBB2B", "HIST1H4B", "CABYR", "PROC", "PC", "BRE", "APOC1", "STT3A", "TFF3", "TRIB2", "SLC22A7"], "H2AK5ac IMR90": ["NNMT", "GNAI3", "MLC1", "HNMT", "PLA2G6", "LMAN1", "SH3BGRL", "ALDH2", "PDGFC", "PIP4K2A", "GBP2", "TSPAN1", "SIL1", "ZKSCAN1", "FADS1", "DDX58", "EAF2", "ACYP2", "SND1", "AGT", "DHRS7", "ANKRD42", "STT3A", "ACOX3", "ALDH18A1", "PLCB1", "ISPD", "TRIB2"], "H3K79me1 IMR90": ["PRIM2", "RARRES1", "GNAI3", "SLC30A1", "PHKB", "CDKAL1", "TNFRSF11B", "HNMT", "CSAD", "ACADSB", "AKAP2", "FARS2", "MSRA", "TUBB2B", "CDH2", "LACE1", "VPS41", "SLC25A30", "WDPCP", "ACOX3", "PLCB1", "RSPRY1"], "H3K4ac IMR90": ["PLEKHB2", "PREP", "MLC1", "GTDC1", "MIA3", "HNMT", "CSAD", "FARS2", "ALDH2", "PIP4K2A", "BBS9", "SIL1", "FADS1", "DIS3L2", "PCMTD1", "ARL6IP6", "RSPRY1", "DDX58", "ELOVL5", "VPS13C", "PRKCE", "VPS13B", "ABHD14A", "ACYP2", "PRKCA", "CDKAL1", "ATP11A", "F2", "MUT", "CAMKMT", "PCCA", "RASA2", "LACE1", "ANKRD42", "SCG5", "EXOC4", "HIST1H2BH", "CD302", "ACOX3", "ISPD", "MET", "CRK", "GNAI3", "STC1", "CRYZ", "LMAN1", "SH3BGRL", "GMDS", "SCFD2", "SLC25A21", "GBP2", "ZKSCAN1", "NUBPL", "RNLS", "RARRES1", "FBXO36", "PHKB", "MSRA", "DHRS7", "CABYR", "BRE", "MFAP3", "GNAQ", "STT3A", "ALDH18A1"], "H3K36me3 Brain Inferior Temporal Lobe": ["RNF40"], "H3K4me1 H9": ["ST6GAL1", "EGFL6", "SLC15A2", "ANGPT1", "PGAM2", "ARHGEF19", "GTDC1", "ABHD5", "HNMT", "PLA2G6", "FHIT", "AKAP2", "MYLK3", "ASGR2", "SULT1C2", "PC", "ALDH1B1", "PDGFC", "SCG5", "NEFM", "DIS3L2"], "H4K20me1 H9": ["SULT1C2", "TFRC", "CHN2", "ANKRD42", "CSAD", "AASS"], "H3K36me3 Bone Marrow Derived Mesenchymal Stem Cell Cultured Cells": ["RNF40"]}