{"AGTCAGC,MIR-345": ["NFIA"], "AAGGGAT,MIR-188": ["PCDH9"], "GTCAGGA,MIR-378": ["GNAQ"], "GCGCTTT,MIR-518B,MIR-518C,MIR-518D": ["MCF2L"], "CCAGGTT,MIR-490": ["GTDC1"], "AGGAGTG,MIR-483": ["ACE"], "AGTTCTC,MIR-146A,MIR-146B": ["STC1"], "GGGATGC,MIR-324-5P": ["APP"], "TACGGGT,MIR-99A,MIR-100,MIR-99B": ["TRIB2"], "GTAGGCA,MIR-189": ["GPHN"], "ACACTCC,MIR-122A": ["SLC39A8"], "AGCGCTT,MIR-518F,MIR-518E,MIR-518A": ["MCF2L"], "AGTCTAG,MIR-151": ["CRK"], "ACCAATC,MIR-509": ["CRK"], "CCTGAGT,MIR-510": ["ALDH6A1"], "GGTAACC,MIR-409-5P": ["GPM6A"], "GGGGCCC,MIR-296": ["ACE"], "TCTAGAG,MIR-517": ["RNF40"], "TAGGTCA,MIR-192,MIR-215": ["GRHL1"], "GTCTACC,MIR-379": ["SLC22A2"]}