{"CTCF_GM20000_hg19": ["DYNC2H1", "DHRS7", "ST6GAL1", "NEK5", "RNLS", "VPS13C", "PREP", "MYO5A", "NETO2", "ABHD5", "FADS1"], "GABPA_HL-60_hg19": ["PRIM2", "FBXO36", "GNAI3", "VPS13B", "CSAD", "MUT", "SND1", "MELK", "ANPEP", "MFAP3", "LACE1", "ANKRD42", "WDPCP", "ACOX3", "CRK", "ZKSCAN1", "DIS3L2", "RSPRY1"], "POLR2A_endothelial cell of umbilical vein_hg19": ["OAT", "TFRC", "GNAI3", "PREP", "ABHD5", "FHIT", "PCDH17", "TGOLN2", "SCFD2", "PIP4K2A", "SIL1", "DIS3L2", "ARL6IP6", "SNCA", "RABGAP1L", "ARG2", "ACE", "NUBPL", "EAF2", "MITF", "PRKCA", "CDKAL1", "ACADSB", "CABYR", "BRE", "PCCA", "MFAP3", "VPS41", "SCG5", "EXOC4", "HOXB3", "HIST1H2BH", "ACOX3", "LAP3", "ST6GALNAC3"], "NFATC1_GM12878_hg19": ["TGOLN2", "VPS13B", "SLC39A8", "ACOX3", "MUT"], "CTCFL_K562_hg19": ["APP", "VPS13C", "ADK", "PREP", "MYO5A", "NETO2", "ABHD5", "TTC21B", "LANCL2", "AQP11", "FAR1", "CRK", "FADS1", "ADAMTS7"], "CTCF_BE2C_hg19": ["DYNC2H1", "APP", "DHRS7", "GALNT14", "OAT", "NEK5", "RNLS", "VPS13C", "CPE", "NEFM", "ABHD5", "FADS1"], "POLR2A_GM19099_hg19": ["CABYR", "PCCA", "TTC21B", "SPATC1", "ADK", "PREP", "VPS13B", "MYO5A", "TNFRSF11B", "ALDH18A1", "DIS3L2"], "POLR2AphosphoS5_G1E_mm9": ["PRIM2", "FOCAD", "OAT", "SLC10A1", "GNAI3", "ABHD5", "PLA2G6", "TGOLN2", "DHRS7", "PCCA", "SCFD2", "STT3A", "SLC25A30"], "YY1_GM12878_hg19": ["TFRC", "RSRC1", "TTC21B", "CCDC113", "FBXO36", "GNAI3", "BBS9", "CDKAL1", "WDPCP", "CRYZ", "CAMKMT"], "POU2F2_GM12891_hg19": ["ST6GAL1", "TFRC", "NUBPL", "GNAI3", "ACOX3", "ABHD5", "ACADSB", "FHIT", "SND1"], "BCL3_A549_hg19": ["TFRC", "RSRC1", "MFAP3", "PGAM2", "SFXN5"], "MAFK_HeLa-S3_hg19": ["ALDH1B1", "MFAP3", "CCDC113", "GNAI3", "EXOC4", "STT3A", "PHKB", "ABHD5", "GBP2", "ACADSB", "CRK", "SIL1"], "PAX5_GM12878_hg19": ["IMMP2L", "OAT", "ALDH1B1", "TFRC", "RSRC1", "MFAP3", "ACOX3", "ABHD5", "MCOLN2", "ZKSCAN1", "DIS3L2", "CAMKMT"], "MYC_HeLa-S3_hg19": ["ADK", "ABHD14A", "ABHD5", "SND1", "CAMKMT", "ADAMTS5", "PC", "NFIA", "ALDH1B1", "RSRC1", "SCFD2", "LACE1", "STT3A", "DYM", "SLC39A8", "WDPCP", "ALDH18A1", "SNX8", "MET", "FADS1", "PCMTD1", "SLC25A13"], "POLR2A_NB4_hg19": ["DPYD", "VPS41", "EAF2", "PIP4K2A", "DYM", "WDPCP", "LAP3", "CRK", "FHIT", "PCMTD1", "CAMKMT"], "ATF3_A549_hg19": ["TGOLN2", "HIST1H4B", "RSRC1", "FBXO36", "STT3A", "VPS13B", "DYM", "WDPCP", "CRK", "CAMKMT"], "GABPA_SK-N-SH_hg19": ["PRIM2", "GNAI3", "MUT", "TGOLN2", "MELK", "PCCA", "MFAP3", "EXOC4", "WDPCP", "ACOX3", "LAP3", "CRK", "DIS3L2"], "HCFC1_CH12.LX_mm9": ["DYNC2H1", "APP", "RABGAP1L", "CABYR", "CMSS1", "RSRC1", "SCFD2", "NUBPL", "EXOC4", "EXOC6B", "FAR1", "DIS3L2"], "ZBTB33_A549_hg19": ["BRE", "TFRC", "MFAP3", "STT3A", "CDKAL1", "WDPCP", "ACADSB", "SFXN5", "FADS1", "DIS3L2", "PCMTD1"], "POLR2AphosphoS5_GM12891_hg19": ["PRIM2", "RABGAP1L", "ST6GAL1", "MELK", "SCG5", "EXOC4", "CDKAL1", "MIA3", "GBP2", "FHIT"]}