{"H3K27ac_A549_hg19": ["MIA3", "HNMT", "CSAD", "FHIT", "PTPRG", "GHR", "AMMECR1L", "GMDS", "TTC21B", "BBS9", "DYM", "ROS1", "CCL20", "DDX58", "RNLS", "ATRNL1", "MITF", "GRHL1", "MUT", "MCOLN2", "SND1", "CAMKMT", "MFAP3", "FAR1", "WDPCP", "ACOX3", "EFHC2", "ST6GALNAC3", "TRIB2"], "H3K4me3_B cell_hg19": ["APP", "GALNT14", "MIA3", "LRP2", "CSAD", "CRYZ", "PTPRG", "TGOLN2", "SH3BGRL", "AMMECR1L", "ALDH1B1", "RSRC1", "BBS9", "PGM5", "ST6GAL1", "ACE", "FBXO36", "IL18", "VPS13B", "TBC1D1", "TUBB2B", "MAF", "PCCA", "GNAQ", "RASA2", "LACE1", "CPE", "LAP3", "PPIC"], "H3K27ac_osteoblast_hg19": ["DYNC2H1", "DDX58", "RNLS", "PREP", "VPS13B", "HNMT", "CABYR", "GMDS", "RSRC1", "DNAJC6", "ANPEP", "MFAP3", "STT3A", "BBS9", "SLC25A21", "ACOX3", "GBP2", "ISPD", "TSPAN1", "PCMTD1"], "H3K27ac_CD14-positive monocyte_hg19": ["DYNC2H1", "PRIM2", "SLC15A2", "NUBPL", "RNLS", "EXOC6B", "VPS13B", "ABHD14A", "MITF", "FHIT", "CRYZ", "CAMKMT", "AMMECR1L", "TTC21B", "MFAP3", "PDGFC", "BBS9", "SLC39A8", "ALDH18A1", "SNX8", "AASS", "RSPRY1"], "H3K9ac_mammary epithelial cell_hg19": ["PRIM2", "ARG2", "RNLS", "CCDC113", "VPS13B", "MITF", "PHKB", "PRKCA", "ATP11A", "MUT", "PTPRG", "CAMKMT", "AMMECR1L", "PC", "MFAP3", "STT3A", "BBS9", "WDPCP", "PCMTD1", "ARL6IP6", "PPIC"], "H2AFZ_B cell_hg19": ["DDX58", "IL18", "PREP", "VPS13B", "RUNDC3B", "PLA2G6", "ACADSB", "AKAP2", "IMMP2L", "AMMECR1L", "NFIA", "GMDS", "CDH2", "RSRC1", "DNAJC6", "SCFD2", "EXOC4", "SLC39A8", "WDPCP", "PLCB1", "ZKSCAN1"], "H3K9ac_K562_hg19": ["PRIM2", "ADK", "GNAI3", "ABHD5", "HNMT", "ALDH2", "GMDS", "ANPEP", "SLC39A8", "GBP2", "DIS3L2", "DYNC2H1", "CCL24", "ST6GAL1", "NAT8B", "ACE", "DDX58", "CCDC113", "IL18", "VPS13B", "ABCA7", "ATP11A", "ACADSB", "SND1", "CAMKMT", "NFIA", "BRE", "PCCA", "MFAP3", "GNAQ", "DPYD", "LACE1", "AQP11", "ITGA6", "EFHC2", "PPIC"], "H3K4me3_mononuclear cell_hg19": ["ARG2", "ADK", "VPS13B", "PHKB", "RUNDC3B", "CSAD", "MUT", "SND1", "CRYZ", "CAMKMT", "LMAN1", "CABYR", "BRE", "GMDS", "MFAP3", "BBS9", "PGM5", "WDPCP", "PLCB1", "RSPRY1", "PPIC"], "H3K36me3_A549_hg19": ["HIST2H2AA3", "GUCY1B2", "PLEKHB2", "SLC41A2", "PCSK6", "CRYZ", "AMMECR1L", "ALDH1B1", "RSRC1", "TTC21B", "HSD17B1", "SLC25A21", "SIL1", "AMBP", "CCL20", "NEK5", "NUBPL", "ABCA7", "SLC30A1", "ACYP2", "CDKAL1", "ACADSB", "GNG13", "CAMKMT", "MELK", "PCCA", "MFAP3", "TET3", "APOC1", "SLC25A30", "HOXB3", "SFXN5", "SLC25A13", "PPIC"], "H4K20me1_keratinocyte_hg19": ["GUCY1B2", "PLEKHB2", "TFRC", "MEGF11", "PRUNE2", "ADK", "MYO5A", "STC1", "ABCA7", "SLC30A1", "LRP2", "NKAIN1", "TUBB2B", "HIST1H4B", "CDH2", "TET3", "AQP11", "ITGA6", "WDPCP", "SLC22A7"], "H3K27ac_MCF-7_hg19": ["NAT8B", "SERPINA1", "TFRC", "DDX58", "PRKCE", "FBXO36", "ARHGEF19", "VPS13B", "HNMT", "CRYZ", "CAMKMT", "TGOLN2", "SH3BGRL", "HIST1H4B", "NFIA", "TFF3", "BBS9", "SLC39A8", "SLC25A21", "ACOX3", "GBP2", "ISPD"], "H3K27me3_GM06990_hg19": ["KL", "PDGFC", "SNCA"], "H3K4me3_G1E_mm9": ["FOCAD", "ADK", "PPM1K", "GPHN", "FARS2", "GMDS", "CHN2", "SLC25A21", "SCD1", "GBP2", "ARG2", "ATRNL1", "EAF2", "ABCA7", "ACYP2", "TRAPPC9", "GRHL1", "ETV5", "RNF40", "TBC1D1", "CABYR", "BRE", "PCCA", "STT3A", "SLC25A30", "FAR1", "ACOX3"], "H2AFZ_endothelial cell of umbilical vein_hg19": ["ADK", "PREP", "CDKAL1", "PCSK6", "ACADSB", "ETV5", "LMAN1", "PC", "BRE", "GMDS", "ANPEP", "TFF3", "PGM5", "EFHC2", "ISPD", "SNX8", "TUBA8", "DIS3L2", "RSPRY1", "ADAMTS7"], "H3K9me3_ES-E14_mm9": ["NEFM", "AKAP2"], "H3K4me3_megakaryocyte_mm9": ["FOCAD", "GNAI3", "GPHN", "FARS2", "GMDS", "CDH2", "PGM5", "SIL1", "DYNC2H1", "CADPS2", "PCDH9", "ABCC8", "ATRNL1", "GCGR", "CCDC113", "ACYP2", "RUNDC3B", "MUT", "ETV5", "OACYL", "PCCA", "MFAP3", "DPYD", "ANKRD42", "CD302", "CFTR"], "H3K4me3_MEL cell line_mm9": ["PRIM2", "FOCAD", "SMIM5", "PLEKHB2", "GNAI3", "PREP", "FARS2", "SULT1C2", "GMDS", "RSRC1", "DYM", "GBP2", "SNX8", "RSPRY1", "DDX58", "NUBPL", "ATRNL1", "EAF2", "MITF", "ACYP2", "GRHL1", "MUT", "SND1", "RNF40", "TBC1D1", "FMNL1", "DHRS7", "TUBB2B", "MELK", "CABYR", "BRE", "PCCA", "VPS41", "EXOC4", "SLC25A30", "ITGA6", "FAR1", "ACOX3", "ALDH18A1", "SFXN5"], "H3K4me2_fibroblast of dermis_hg19": ["RNLS", "CCDC113", "ADK", "VPS13B", "SLC30A1", "MIA3", "PCSK6", "MUT", "FHIT", "GREM1", "TBC1D1", "GMDS", "TTPA", "CPE", "SLC25A21", "HIST1H2BH", "PGM5", "PLCB1", "ST6GALNAC3", "ISPD", "TUBA8"], "H3K9me3_K562_hg19": ["ST6GAL1", "DPYS", "RARRES1", "ADK", "IL18", "MYO5A", "MLC1", "ACYP2", "CSAD", "SND1", "IMMP2L", "NFIA", "ALDH2", "RSRC1", "DNAJC6", "ANPEP", "EXOC4", "STT3A", "RDH16", "FAR1", "TUBA8"], "H3K9ac_HeLa-S3_hg19": ["PRIM2", "ARG2", "NNMT", "CCDC113", "PREP", "VPS13B", "MITF", "PHKB", "PRKCA", "MUT", "CRYZ", "CAMKMT", "AMMECR1L", "GMDS", "RSRC1", "MFAP3", "BBS9", "DIS3L2", "ARL6IP6", "RSPRY1", "PPIC"]}