{"EPAS1": ["MITF"], "HDAC2": ["MAF", "PRKCE", "RASA2", "MET"], "GFI1B": ["BRE"], "AIRE": ["CRK"], "YY1": ["APP"], "TFEB": ["MITF"], "SRF": ["PRKCA"], "CDKN1B": ["PRKCA"], "NR4A1": ["ABCC6"], "SMAD1": ["APP", "RAB38"], "HIF1A": ["PRKCE"], "GTF2B": ["SLC22A2"], "DNAJC2": ["HIST2H2AA3"], "E2F1": ["PRKCA"], "UPF1": ["PLEKHB2"], "GRHL3": ["GRHL1"], "SMARCB1": ["APP"], "MYC": ["HCK", "C4A", "OAT", "ALDH1B1", "EXOC4", "MYO5A", "ALDH18A1", "AASS", "MYLK3", "TUBA8", "SLC25A13"], "SIN3A": ["MAF", "SNCA"], "YAP1": ["CFTR"]}