{"NR2C2 (human)": ["MMP11", "CSTA"], "Esrrb (mouse)": ["CADM1"], "NFE2L1 (human)": ["MDC1", "CXCL12"], "SMAD3 (human)": ["MMP13", "SERPINE1", "PLXNC1"], "STAT1 (mouse)": ["CXCL10", "CCL2"], "ESR2 (mouse)": ["TRIB2"], "IRF9 (human)": ["PDE4B", "SECTM1"], "PDX1 (human)": ["NR5A2", "LILRB1"], "PPARG::RXRA (mouse)": ["MYLK"], "EBF1 (mouse)": ["SLC2A3"], "SOX2 (human)": ["ACSL1"], "CPEB1 (human)": ["ADIPOQ", "LAMC2"], "Mycn (mouse)": ["RARRES2"], "MAFB (human)": ["KRT16"], "Myf (human)": ["CUL4A"], "SMAD3 (mouse)": ["TAGLN"], "NME2 (human)": ["SFXN3"], "TBX5 (human)": ["BMP7"], "Spz1 (mouse)": ["NCF2"], "NCOA1 (human)": ["AKAP12", "ZG16"]}