{"TEAD4-22529382-TROPHECTODERM-MOUSE": ["PLK4", "NIPSNAP3B", "MDC1", "TINAGL1", "ABCC2", "CENPW", "ABCA5", "ATN1", "LMNB2", "KIF18A", "MRAS", "RACGAP1", "PRC1", "NUP85", "CTSK", "SCN7A", "HMOX1", "ECT2", "CCDC92", "PHLDB3", "PHLDA2", "SPRR1A", "ATF3", "OPCML"], "AR-19668381-PC3-HUMAN": ["AMIGO1", "ENO2", "DEDD2", "RASGRP3", "RDM1", "FOXQ1", "C1QTNF7", "SCN7A", "ECT2", "PHLDA3", "E2F8", "OPCML", "PKNOX2", "TLE1", "PRMT2", "SRD5A1", "UGT2B17", "DUSP9", "FOXP2", "NFKB2", "NR4A1", "CLDN3", "MRAS", "TFAP4", "FXYD3", "CYP2S1", "PIR", "DEPDC1", "MCM6", "QRICH2", "ATF3", "MAD2L1"], "STAT3-23295773-U87-HUMAN": ["FAM25A", "LPAR1", "PMF1", "KIF15", "RASGRP3", "FAM188B", "SLC22A15", "CHAF1A", "RACGAP1", "NT5DC2", "AOX1", "WHSC1", "ECT2", "OPCML", "ABCA1", "TLE1", "PLK2", "PTGR1", "CENPF", "KIF18A", "CPEB1", "MLPH", "RAD51", "APITD1", "KIF18B", "BCL6", "GSTA3", "CENPK", "IRF6", "SPC25", "MCM2"], "DCP1A-22483619-CHIP-SEQ-HELA": ["ANG"], "RUNX2-22187159-PCA-HUMAN": ["CEBPB", "PARM1", "PSCA", "SLC20A1", "LPAR1", "CAPG", "PCDH19", "IQGAP3", "RASGRP3", "FAM188B", "FOXQ1", "SULT1C3", "UCHL1", "C1QTNF7", "NUF2", "PACSIN3", "CD14", "WHSC1", "TBC1D22B", "E2F8", "ABCA1", "JUN", "GPX2", "TLE1", "CENPW", "GDF15", "PLK2", "DDX11", "TMEM173", "SARS2", "BCL6", "CKS2", "ANGPTL4", "TTPAL", "KIF20B", "SERINC2", "MAD2L1"], "FLI1-21571218-MEGAKARYOCYTES-HUMAN": ["TOP2A", "CDKN1A", "SRXN1", "MCM7", "MCM8", "DSCC1", "GMNN", "HJURP", "ATN1", "MKI67", "LMNB2", "RDM1", "PTTG1", "NUF2", "PHLDA2", "FGFBP3", "LZTS2", "PRMT2", "DDX11", "KIF23", "UPK3A", "CKS2", "TTPAL", "KIF20B", "ATF3", "AMIGO1", "LPAR1", "CAPG", "TTK", "IQGAP3", "AURKB", "SKA1", "RASGRP3", "CCNB1", "RACGAP1", "NTHL1", "HMOX1", "DHX38", "CD14", "BUB1", "OPCML", "CDKN2D", "EGR1", "GDF15", "RPA2", "GADD45G", "KIF18A", "TBL2", "MLPH", "RAD51", "TBCE", "LCN2", "TACC3", "ID3", "CENPQ", "MAD2L1"], "JARID1A-20064375-MESC-MOUSE": ["ZFP367", "ZFP598", "MCM8", "SRD5A1", "KIF22", "HMMR", "PMF1", "AURKA", "DEDD2", "DHODH", "KIF15", "ESPL1", "NTHL1", "NUP85", "IMPDH2", "NUF2", "CENPK", "CKS2", "PACSIN3", "DHX38", "KIF20A"], "REST-21632747-MESC-MOUSE": ["ARHGAP11A", "PARM1", "C2CD3", "SRD5A1", "RAB3D", "IHH", "ACAA1B", "MKI67", "SKA1", "NFKB2", "NR4A1", "CCNB2", "RAD51", "MRAS", "NCLN", "RAD51C", "CYP2S1", "ID3", "CPXM1", "LZTS2", "ATF3", "OPCML"], "SOX2-21211035-LN229_GBM-HUMAN": ["TOP2A", "PPM1J", "TTK", "IQGAP3", "RASGRP3", "CDC20", "HEBP1", "CCNB2", "SH3TC2", "NUF2", "AOX1", "SCN7A", "ANXA8", "TK1", "PHLDA2", "OPCML", "JUN", "TLE1", "CCDC34", "DUSP9", "FOXP2", "INMT", "GADD45G", "TFAP4", "GSTA3", "CYP2S1", "TBCE", "LCN2", "BIRC5", "NCAPD2", "QRICH2", "XKR5"], "HOXA2-22223247-E11.5 EMBRYO-MOUSE": ["HMMR"], "TCF4-23295773-U87-HUMAN": ["HMMR", "PMF1", "PLCXD2", "AURKB", "KIF15", "RASGRP3", "SULT1C3", "CCNB2", "CHAF1A", "SH3TC2", "C1QTNF7", "STMN1", "E2F1", "AOX1", "ALX1", "ECT2", "BUB1", "DLGAP5", "PKNOX2", "TGIF1", "TLE1", "PRMT2", "ABCA5", "DDX11", "CENPF", "CPEB1", "PCP4", "TF", "TBL2", "RAD51", "LCN2", "PIR", "MCM5", "ANG", "TRIM16", "KIF20B", "DSC2"], "YAP1-20516196-MESC-MOUSE": ["CDKN2D", "CDT1", "SREBF1", "GDF15", "MKI67", "PCDH19", "PVR", "GADD45G", "HEBP1", "FOXQ1", "ALDH1A3", "CLDN3", "TUBB5", "KRT15", "PQLC3", "MYC", "TBCE", "PBK", "BIRC5", "MCM5", "PLEK2", "S1PR3", "WHSC1", "XKR5"], "ASH2L-23239880-MESC-MOUSE": ["ARHGAP11A", "LPAR1", "CAPG", "AURKB", "NUP85", "NUF2", "NUSAP1", "PBK", "CD14", "ECT2", "FGFBP3", "BUB1", "ABCB1B", "E2F8", "PKNOX2", "PLK4", "NIPSNAP3B", "TGIF1", "CDT1", "EGR1", "TLE1", "RRM2", "KIF22", "INMT", "GADD45G", "ARHGAP32", "APITD1", "CLDN3", "KIF18B", "REEP4", "CYP2S1", "TBCE", "MAFF", "TACC3", "PIH1D2", "GEMIN6", "KIF20B", "HSPA1B", "SPC25", "CDKN3"], "SMAD4-21799915-A2780-HUMAN": ["TINAGL1", "PARM1", "SLC20A1", "LPAR1", "KIF23", "PCDH19", "PLCXD2", "CYR61", "FOXP2", "SULT1C3", "HPDL", "CENPF", "SRPX2", "NUF2", "TMEM107", "PIR", "ECT2", "KIF20B", "PPFIA4", "CLCA4"], "EZH2-22144423-EOC-HUMAN": ["PKNOX2"], "GATA1-22025678-K562-HUMAN": ["INMT"], "RUNX1-21571218-MEGAKARYOCYTES-HUMAN": ["TOP2A", "BTG2", "SLC46A1", "MCM7", "MCM8", "RAB3D", "DSCC1", "GMNN", "ATN1", "HEBP1", "PTTG1", "NUF2", "STMN1", "WHSC1", "FGFBP3", "LZTS2", "TNFRSF12A", "DDX11", "CKAP2", "TMEM173", "DUSP9", "HPDL", "PCP4", "SARS2", "CKS2", "PIH1D2", "BIRC5", "LPAR1", "CAPG", "IQGAP3", "PLCXD2", "DEDD2", "NCLN", "SH3TC2", "CD14", "OPCML", "CDKN2D", "CDT1", "EGR1", "GDF15", "SRD5A1", "SCAF1", "GADD45G", "NFKB2", "NR4A1", "EEPD1", "CENPF", "KIF18A", "MLPH", "TFAP4", "BCL6", "IMPDH2", "ID3", "SERINC2", "CENPQ", "XKR5"], "DMRT1-23473982-TESTES-MOUSE": ["EGR1", "CEBPB", "CCDC34", "RRAD", "DDX11", "CAPG", "PTGR1", "MKI67", "CKS1B", "GADD45G", "ALDH1A3", "NR4A1", "ARHGAP32", "BCL6", "GSTA3", "ID1", "HIST1H3F", "ANXA8", "LZTS2", "MAD2L1"], "STAT6-21828071-BEAS2B-HUMAN": ["TRIM16"], "TP63-17297297-HaCaT-human": ["CDKN1A", "GPX2"]}