{"NR2C2 (human)": ["CDKN2D"], "NFYB (human)": ["TOP2A", "ID1", "CDK1"], "NFE2L1 (human)": ["MDC1"], "SMAD3 (human)": ["MKI67"], "STAT1 (mouse)": ["ARHGAP32", "CFB"], "NFE2L2 (human)": ["TFAP4"], "RUNX1 (mouse)": ["PLCXD2"], "FOXA2 (human)": ["CENPK"], "SND1 (mouse)": ["CFB"], "MYCN (human)": ["UHRF1"], "VDR (human)": ["PMF1"], "ESR2 (human)": ["DDR1", "HJURP"], "MYOD1 (human)": ["CDKN2D", "FGFBP3"], "MAFB (human)": ["TINAGL1", "CYP2E1"], "Myf (human)": ["DDR1"], "NME2 (human)": ["MYC"], "MIR210 (human)": ["PTGR1"], "FOXM1 (human)": ["FAM111A", "SPRR1A"], "TLX1::NFIC (human)": ["TOP2A"], "SP4 (human)": ["PACSIN3"]}