{"H3K36me3 Neurosphere Cultured Cells Cortex Derived": ["SYCE1L"], "H3K36me3 Duodenum Mucosa": ["MSMP"], "H3K4me1 iPS DF 6.9": ["SLC46A1", "SRXN1", "GMNN", "HJURP", "ENO2", "PVR", "CYR61", "RDM1", "FOXQ1", "PBK", "AOX1", "IGFBP1", "GPX2", "PRMT2", "TNFRSF12A", "PTGR1", "UPK3A", "FOXP2", "ALDH1A3", "PCP4", "TMBIM1", "MCM5", "ANGPTL4", "DCTPP1", "CRYAB", "PARM1", "RRAD", "UHRF1", "AMIGO1", "LPAR1", "CAPG", "IQGAP3", "SKA1", "FAM188B", "SH3TC2", "E2F1", "PLEK2", "S1PR3", "NQO1", "JUN", "OPN3", "SPAG5", "UBE2C", "RASSF9", "NR4A1", "TF", "TBL2", "MLPH", "RAD51", "AKR1B10", "KIF18B", "MIS18A", "UBXN11", "FXYD3", "IMPDH2", "KRT15", "NCAPD2", "QRICH2"], "H3K36me3 Adipose Derived Mesenchymal Stem Cell Cultured Cells": ["MSMP"], "H3K9me3 H9": ["SULT1C3"], "H3K36me3 Mesenchymal Stem Cell Derived Adipocyte Cultured Cells": ["MSMP"], "H3K36me3 Brain Substantia Nigra": ["PPFIA4"], "H3K36me3 Neurosphere Cultured Cells Ganglionic Eminence Derived": ["SYCE1L"], "H3K9me3 Mesenchymal Stem Cell Derived Adipocyte Cultured Cells": ["RPA2"], "H3K9me3 Mobilized CD34 Primary Cells": ["RPA2"], "H3K9me3 Brain Mid Frontal Lobe": ["ALX1"], "H3K9me3 Adult Liver": ["RPA2"], "H3K36me3 Adult Liver": ["GPX2"], "H3K27me3 Brain Substantia Nigra": ["FOXQ1", "ALDH1A3", "CLDN3", "RASL10A", "CYP2S1", "PIR", "PBK", "CPXM1", "PHLDA2", "E2F8"], "H3K36me3 Adult Kidney": ["MSMP"], "H3K36me3 Brain Cingulate Gyrus": ["MSMP"], "H3K9me3 Adipose Nuclei": ["CDCA3"], "H3K36me3 Breast vHMEC": ["MSMP"], "H3K36me3 Bone Marrow Derived Mesenchymal Stem Cell Cultured Cells": ["MSMP"], "H3K9me3 Treg Primary Cells": ["SULT1C3", "RASSF9"]}