{"ATGTCAC,MIR-489": ["OPN3"], "AAGGGAT,MIR-188": ["WHSC1"], "AGCTCCT,MIR-28": ["AMIGO1"], "ACTGTAG,MIR-139": ["JUN"], "CAATGCA,MIR-33": ["ABCA1"], "TCTATGA,MIR-376A,MIR-376B": ["CEBPB"], "GGCCAGT,MIR-193A,MIR-193B": ["STMN1"], "TCCAGAT,MIR-516-5P": ["WHSC1"], "CCCAGAG,MIR-326": ["TFAP4"], "ATTACAT,MIR-380-3P": ["PCDH19"], "TCTGGAC,MIR-198": ["PCDH19"], "AAGTCCA,MIR-422B,MIR-422A": ["WHSC1"], "ACACTCC,MIR-122A": ["CPEB1"], "CTGTTAC,MIR-194": ["DUSP9"], "CCAGGGG,MIR-331": ["WHSC1"], "GCTTGAA,MIR-498": ["PKNOX2"], "AGGGCCA,MIR-328": ["DDX11"], "AGCATTA,MIR-155": ["CEBPB"], "ATGCTGG,MIR-338": ["CCL21"], "AGGGCAG,MIR-18A": ["E2F1"]}