{"POLR2A_olfactory bulb_mm9": ["PARM1", "GSTP1", "HJURP", "ENO2", "PCDH19", "CYR61", "TMA16", "NCLN", "PIM2", "PPFIA4", "PLK4", "ABCA1", "EGR1", "OPN3", "CENPW", "TNFRSF12A", "PLK2", "DDX11", "GADD45G", "NR4A1", "ID1", "ADSSL1", "ID3", "GEMIN6", "MCM6", "ZFP275"], "ELK1_GM12878_hg19": ["DSCC1", "CCP110", "IQGAP3", "KIF15", "CDC20", "CCNB1", "NUP85", "STMN1", "HIST1H3F", "DHX38", "DLGAP5", "TNFRSF12A", "RPA2", "GADD45G", "NFKB2", "ESPL1", "ID1", "TBCE", "CENPK", "PIH1D2", "BIRC5", "KIF20A", "TTPAL", "DCTPP1", "CDKN3"], "BCL11A_H1-hESC_hg19": ["GSTP1", "CCDC92"], "CTCF_MCF-7_hg19": ["MDC1", "SLC46A1", "SRXN1", "C2CD3", "PSCA", "ATN1", "CYR61", "KIF15", "CDC20", "PTTG1", "MYC", "TMEM107", "TK1", "PHLDA2", "FGFBP3", "LZTS2", "PHLDA3", "PKNOX2", "APOBEC1", "TLE1", "TNFRSF12A", "KIF22", "CCNA2", "ALDH1A3", "HPDL", "PCP4", "SARS2", "RAD51C", "ESPL1", "TMBIM1", "ADSSL1", "TRIM14", "MCM6", "TTPAL", "KIF20B", "DCTPP1", "CEBPB", "PARM1", "SLC20A1", "LPAR1", "PPM1J", "PLCXD2", "CCNB1", "NTHL1", "HMOX1", "NIPSNAP3B", "EGR1", "JUN", "OPN3", "GDF15", "PLK2", "DHODH", "GADD45G", "NFKB2", "NR4A1", "EEPD1", "TBL2", "APITD1", "VNN1", "KIF18B", "TFAP4", "FXYD3", "UBE2T", "IMPDH2", "PQLC3", "PIR", "CDKN3"], "ZNF384_K562_hg19": ["SLC20A1", "UHRF1", "CCP110", "AURKB", "SKA1", "PTTG1", "NTHL1", "PBK", "FGFBP3", "BUB1", "JUN", "OPN3", "DHODH", "FAM111A", "RAD51C", "MIS18A", "BCL6", "IMPDH2", "TMBIM1", "TBCE", "CKS2", "PIH1D2", "BIRC5", "GEMIN6", "MCM6", "KIF20A"], "CHD7_K562_hg19": ["SMYD5", "NCAPH", "KIF15", "RACGAP1", "NUF2", "NUSAP1", "PBK", "TK1", "LZTS2", "HAUS4", "RPA2", "KIF18A", "PCP4", "RAD51", "RAD51C", "MIS18A", "DDX39A", "UBXN11", "BCL6", "PRC1", "TBCE", "DEPDC1", "MCM6", "CENPQ", "MAD2L1"], "CUX1_GM12878_hg19": ["TOP2A", "UBE2C", "GSTP1", "HMGB2", "CCP110", "AURKB", "SKA1", "AURKA", "DHODH", "CCNA2", "TFAP4", "BCL6", "NTHL1", "MYC", "TACC3", "CDK1", "HMOX1", "DHX38", "MCM5", "TK1", "TTPAL", "CENPQ", "DLGAP5", "E2F8"], "CTCF_CH12.LX_mm9": ["WFDC10", "PARM1", "ZFP202", "HJURP", "LPAR1", "PPM1J", "LMNB2", "UPK1A", "TUBB5", "PTTG1", "MYC", "AOX1", "PLEK2", "TK1", "PPFIA4", "BUB1", "PHLDA3", "PKNOX2", "CBR3", "PLK4", "ABCA1", "EGR1", "JUN", "GSTM1", "RRM2", "ZFP598", "RASL10A", "GDF15", "HAUS4", "KIF23", "PTGR1", "GADD45G", "NFKB2", "CCNA2", "PCP4", "APITD1", "SARS2", "TFAP4", "FXYD3", "TMBIM1", "TRIM14", "MCM5", "GEMIN6", "TTPAL", "KIF20B", "DCTPP1"], "EGR1_GM12878_hg19": ["CEBPB", "PARM1", "PSCA", "SMYD5", "RRAD", "NAB2", "CCP110", "PPM1J", "NCAPH", "AURKA", "KIF15", "RDM1", "NTHL1", "NUF2", "STMN1", "TK1", "CDKN2D", "EGR1", "CENPW", "TNFRSF12A", "SRD5A1", "RPA2", "HPDL", "KIF18A", "RAD51C", "MIS18A", "UBXN11", "ESPL1", "IMPDH2", "TRIM14", "PIH1D2", "BIRC5", "TTPAL", "MCM2"], "RXRA_H1-hESC_hg19": ["ABCA1", "SREBF1"], "REST_myocyte_mm9": ["ARHGAP11A", "TOP2A", "PARM1", "PARPBP", "SRXN1", "GSTP1", "ENO2", "MKI67", "PCDH19", "CDC20", "CCNB2", "TUBB5", "CHAF1A", "STMN1", "E2F8", "CENPW", "TNFRSF12A", "UBE2C", "GADD45G", "CENPF", "TBL2", "RAD51", "ESPL1", "UBE2T", "BIRC5", "MCM6", "KIF20A"], "POLR2A_GM18526_hg19": ["MCM8", "SLC20A1", "DSCC1", "HMGB2", "PLCXD2", "LMNB2", "SKA1", "NUP85", "NUF2", "PBK", "CPXM1", "PHLDA2", "ABCA5", "DHODH", "HPDL", "KIF18A", "TBL2", "RAD51C", "DDX39A", "UBE2T", "TBCE", "CENPK", "KIF20B", "DCTPP1", "MAD2L1"], "CTCF_liver_mm9": ["WFDC10", "CEBPB", "PARM1", "GSTP1", "LPAR1", "CCNB1", "FGFBP3", "PKNOX2", "CBR3", "EGR1", "GSTM1", "RRM2", "ZFP598", "HAUS4", "KIF23", "NFKB2", "CCNA2", "HPDL", "PCP4", "APITD1", "SARS2", "PIR", "TRIM14", "TTPAL", "DCTPP1"], "GABPA_HepG2_hg19": ["MCM8", "DSCC1", "HJURP", "CCP110", "TTK", "IQGAP3", "LMNB2", "SKA1", "CDC20", "NCLN", "RACGAP1", "NTHL1", "NUF2", "DLGAP5", "OPN3", "RPA2", "KIF23", "KIF22", "DHODH", "KIF18A", "RAD51", "SARS2", "RAD51C", "KIF18B", "DDX39A", "TBCE", "PIH1D2", "GEMIN6", "KIF20A", "PHLDB3", "CENPQ", "SPC25"], "EP300_GM12878_hg19": ["TOP2A", "SRXN1", "MCM8", "DSCC1", "HMGB2", "CCP110", "CDC20", "UCHL1", "PTTG1", "NUF2", "STMN1", "TMEM107", "PIM2", "TK1", "TNFRSF12A", "KIF23", "KIF22", "CCNA2", "RAD51C", "DDX39A", "ESPL1", "PIH1D2", "BIRC5", "ATF3", "MCM2", "SLC20A1", "LPAR1", "TTK", "IQGAP3", "SKA1", "CCNB2", "CCNB1", "NTHL1", "HIST1H3F", "HMOX1", "DHX38", "E2F8", "PLK4", "CDT1", "EGR1", "CENPW", "SPAG5", "GDF15", "PLK2", "RPA2", "DHODH", "EEPD1", "KIF18A", "TBL2", "TFAP4", "BCL6", "REEP4", "UBE2T", "IMPDH2", "ID1", "TBCE", "CENPK", "MAFF", "CENPQ"], "TBP_HeLa-S3_hg19": ["SMYD5", "DSCC1", "ATN1", "HMMR", "PVR", "CCNB1", "PTTG1", "NUF2", "STMN1", "NUSAP1", "E2F1", "HIST1H3F", "PIM2", "CCDC34", "DHODH", "ASPM", "HPDL", "FAM111A", "TBL2", "MIS18A", "MAFF", "PIH1D2", "BIRC5", "MAD2L1", "CDKN3"], "POLR2A_endothelial cell of umbilical vein_hg19": ["TOP2A", "BTG2", "SRXN1", "RAB3D", "UCHL1", "PTTG1", "CTSK", "TMEM107", "NUSAP1", "PBK", "TK1", "PHLDA2", "DLGAP5", "SREBF1", "CCDC34", "PRMT2", "DDX11", "PTGR1", "ASPM", "SARS2", "RAD51C", "DDX39A", "TRIM14", "KIF20A", "TTPAL", "DCTPP1", "MCM2", "SLC20A1", "AMIGO1", "PCDH19", "PMF1", "SKA1", "RASGRP3", "CCNB1", "NCLN", "NUP85", "DHX38", "NQO1", "JUN", "RRM2", "GADD45G", "NFKB2", "FAM111A", "CENPF", "KIF18A", "MIS18A", "UBE2T", "CYP2S1", "IMPDH2", "PQLC3", "TBCE", "CENPK", "CDK1", "MAD2L1", "CDKN3"], "NR2F2_HepG2_hg19": ["SLC20A1", "GSTP1", "DNAJB3"], "CTCF_kidney_hg19": ["MDC1", "C2CD3", "GSTP1", "LPAR1", "ATN1", "CYR61", "SKA1", "NTHL1", "NUF2", "DHX38", "TK1", "TBC1D22B", "ABCA1", "CDKN2D", "UPK3A", "GADD45G", "NFKB2", "MIS18A", "REEP4", "UBE2T", "IMPDH2", "TMBIM1", "BIRC5", "MCM6", "SPC25", "MAD2L1"], "POLR2A_Raji_hg19": ["TOP2A", "RAB3D", "LMNB2", "SKA1", "RDM1", "CHAF1A", "RACGAP1", "NTHL1", "NUP85", "NUSAP1", "DHX38", "CENPW", "CCDC34", "UBE2C", "KIF22", "SCAF1", "DHODH", "RAD51C", "MIS18A", "ESPL1", "ID1", "CENPK", "MAFF", "KIF20B", "MCM2"]}