{"H3K4me3_K562_hg19": ["ARHGAP11A", "BTG2", "PSCA", "MCM8", "RAB3D", "GMNN", "HEBP1", "RDM1", "SLC22A15", "TMEM107", "PHLDA2", "CKAP2", "SARS2", "PIH1D2", "GEMIN6", "IRF6", "TTPAL", "CRYAB", "AMIGO1", "GSTP1", "PPM1J", "CAPG", "PLCXD2", "NCAPH", "NCLN", "NTHL1", "PACSIN3", "BUB1", "PLK4", "NIPSNAP3B", "CDT1", "RRM2", "SPAG5", "DHODH", "EEPD1", "FAM111A", "KIF18A", "CPEB1", "RAD51", "APITD1", "UBXN11", "PRC1", "CYP2S1", "PQLC3", "TBCE", "CENPK", "TACC3", "PIR", "NCAPD2", "CENPQ"], "H3K4me3_HepG2_hg19": ["ARHGAP11A", "MCM7", "MCM8", "SMYD5", "AMIGO1", "GMNN", "PPM1J", "TTK", "PCDH19", "SKA1", "AURKA", "RDM1", "FOXQ1", "SLC22A15", "NTHL1", "NT5DC2", "NUF2", "CPXM1", "HAVCR1", "NIPSNAP3B", "TLE1", "SPAG5", "SRD5A1", "DHODH", "CLDN6", "FAM111A", "RAD51", "APITD1", "SARS2", "ESPL1", "PQLC3", "TACC3", "PIR", "CKS2", "NCAPD2", "ANG", "ANGPTL4", "TTPAL", "KIF20B", "CENPQ"], "H3K79me2_HeLa-S3_hg19": ["SLC46A1", "TNFRSF12A", "MCM8", "ATN1", "RPA2", "DUSP9", "PLCXD2", "HEBP1", "APITD1", "SARS2", "UBE2T", "TBCE", "TRIM14", "ID3", "DHX38", "GEMIN6", "TRIM16", "TK1", "KIF20A", "TTPAL", "CBR3"], "H3K4me2_T-cell acute lymphoblastic leukemia_hg19": ["NQO1", "C2CD3", "SPAG5", "ABCA5", "MCM8", "SMYD5", "AMIGO1", "HMMR", "DUSP9", "CKS1B", "KIF15", "GADD45G", "SARS2", "NTHL1", "ID1", "ADSSL1", "TRIM14", "DHX38", "TK1", "TTPAL"], "H3K27ac_cortical plate_mm9": ["SREBF1", "SRXN1", "RAB3D", "GSTP1", "RASSF9", "ENO2", "CYR61", "DEDD2", "MLPH", "RAD51", "AKR1B10", "SARS2", "ORC6", "NUP85", "TBCE", "TACC3", "PIH1D2", "TTPAL", "CCDC92", "ZFP275", "CBR3"], "H3K4me3_foreskin fibroblast_hg19": ["ARHGAP11A", "GSTP1", "MGST2", "PCDH19", "PMF1", "CKS1B", "DEDD2", "CDC20", "FOXQ1", "NUF2", "TMEM107", "HIST1H3F", "PLEK2", "PHLDA3", "PLK4", "NIPSNAP3B", "TGIF1", "TLE1", "DDX11", "HAUS4", "KIF23", "GADD45G", "ALDH1A3", "CPEB1", "APITD1", "KIF18B", "ESPL1", "CKS2", "NCAPD2", "ANG", "MCM6", "KIF20A", "CRYAB", "MAD2L1", "XKR5"], "H3K4me3_erythroblast_mm9": ["ZFP202", "AMIGO1", "LPAR1", "CAPG", "PCDH19", "DNPH1", "FAM188B", "SLC22A15", "NCLN", "ORC6", "NTHL1", "DHX38", "CPXM1", "PIM2", "CBR3", "NIPSNAP3B", "APOBEC1", "NQO1", "EGR1", "OPN3", "PRMT2", "RASL10A", "ABCA5", "DHODH", "AKR1B10", "BCL6", "UBE2T", "CYP2S1", "CENPK", "GSTM7", "ATF3"], "H3K36me3_astrocyte_hg19": ["OPN3", "SYCE1L", "SRXN1", "MCM7", "PRMT2", "DSCC1", "ATN1", "HMGB2", "KIF22", "MKI67", "CYR61", "NFKB2", "CCNB1", "SARS2", "IMPDH2", "ID1", "MAFF", "DEPDC1", "MCM5", "PHLDB3", "DCTPP1"], "H3K9me3_T-cell acute lymphoblastic leukemia_hg19": ["PARM1", "RASL10A", "UBE2C", "GMNN", "RPA2", "PTGR1", "MKI67", "FOXP2", "AURKB", "KIF15", "FOXQ1", "CCNB2", "MLPH", "RAD51C", "PRC1", "NUP85", "ID3", "DSC2", "SPC25", "CDKN3"], "H3K27me3_myotube_hg19": ["ABCA1", "IGFBP1", "PARM1", "RASL10A", "RAB3D", "PPM1J", "IQGAP3", "DUSP9", "NR4A1", "UPK1B", "MLPH", "CLDN3", "C1QTNF7", "CYP2S1", "HIST1H3F", "SCN7A", "CPXM1", "CD14", "DSC2", "XKR5", "OPCML"], "H3K27ac_K562_hg19": ["CCDC34", "SPAG5", "ABCA5", "MCM8", "DSCC1", "CKAP2", "CAPG", "HMMR", "SCAF1", "CYR61", "SKA1", "NFKB2", "KIF18A", "RAD51", "NUF2", "TBCE", "CENPK", "TK1", "TTPAL", "DCTPP1", "CENPQ"], "H3K4me2_A549_hg19": ["MCM8", "SMYD5", "RRAD", "AMIGO1", "PPM1J", "CAPG", "HMMR", "PCDH19", "CYR61", "SLC22A15", "NCLN", "DHX38", "CD14", "WHSC1", "NIPSNAP3B", "SRD5A1", "KIF23", "TMEM173", "UPK3A", "DHODH", "GADD45G", "REEP4", "UBE2T", "CYP2S1", "TACC3", "ID3", "MCM5", "IRF6", "CENPQ"], "H2AFZ_HeLa-S3_hg19": ["RAB3D", "PLK2", "RPA2", "PMF1", "PVR", "SRPX2", "RAD51C", "RACGAP1", "ESPL1", "PRC1", "NUF2", "TMBIM1", "PIR", "HMOX1", "PLEK2", "PIM2", "TK1", "TTPAL", "KIF20B", "DCTPP1", "SPC25"], "H3K4me3_A549_hg19": ["ARHGAP11A", "PSCA", "MCM8", "SMYD5", "AMIGO1", "PPM1J", "HMMR", "PCDH19", "CYR61", "HEBP1", "FOXQ1", "SLC22A15", "NTHL1", "NUF2", "DHX38", "PLEK2", "WHSC1", "CCDC92", "PHLDA2", "PHLDA3", "NIPSNAP3B", "TLE1", "SPAG5", "SRD5A1", "DDX11", "KAZN", "TMEM173", "PTGR1", "FOXP2", "DHODH", "ALDH1A3", "HPDL", "FAM111A", "AKR1B10", "SARS2", "MRAS", "REEP4", "UBE2T", "CYP2S1", "PQLC3", "TACC3", "TRIM14", "CENPQ"], "H3K4me2_keratinocyte_hg19": ["PLK4", "CDT1", "RRM2", "SPAG5", "MCM8", "AMIGO1", "CKAP2", "DHODH", "GADD45G", "CPEB1", "MLPH", "SARS2", "MIS18A", "PQLC3", "CENPK", "ADSSL1", "AOX1", "FAM180A", "CENPQ", "CLCA4"], "H3K27me3_spleen_mm9": ["DDR1", "PARM1", "SRXN1", "PLK2", "IHH", "PPM1J", "SLC35G2", "ENO2", "DUSP9", "DNPH1", "FOXQ1", "ALDH1A3", "MLPH", "MRAS", "CYP2S1", "ID1", "CPXM1", "PLEK2", "PHLDA2", "SERINC2", "CBR3"], "H3K27me3_heart_mm9": ["RASL10A", "LPAR1", "FOXP2", "FOXQ1", "CLDN6", "ALDH1A3", "UCHL1", "CPEB1", "MLPH", "CLDN3", "CYP2S1", "DNAJB3", "TRIM14", "CPXM1", "ALX1", "PLEK2", "UPK3BL", "CCDC92", "PHLDB3", "PHLDA2", "OPCML"], "H3K4me3_T-cell acute lymphoblastic leukemia_hg19": ["C2CD3", "SPAG5", "ABCA5", "MCM8", "SMYD5", "AMIGO1", "HMMR", "CKS1B", "DHODH", "HPDL", "SARS2", "NCLN", "MIS18A", "NTHL1", "UBE2T", "PQLC3", "ID1", "TBCE", "ADSSL1", "TRIM14", "DHX38", "NCAPD2", "TTPAL"], "H3K27me3_liver_mm9": ["DDR1", "TINAGL1", "RASL10A", "KIF23", "ENO2", "UPK3A", "FOXP2", "CCNA2", "ALDH1A3", "UPK1B", "CYP2S1", "SCN7A", "CPXM1", "ALX1", "S1PR3", "UPK3BL", "CCDC92", "PHLDA3", "XKR5", "OPCML", "CBR3"], "H3K9ac_HeLa-S3_hg19": ["NIPSNAP3B", "PRMT2", "MCM8", "UBE2C", "AMIGO1", "HMGB2", "TTK", "FOXP2", "HEBP1", "RAD51", "CLDN3", "ORC6", "MIS18A", "NTHL1", "CYP2S1", "NUF2", "TTPAL", "BUB1", "CENPQ", "MAD2L1"]}