{"RBPJ-21746931-IB4-LCL-HUMAN": ["RGS14", "CSTF2", "LENG8", "AP2A1", "MED12L", "ACTB", "ADCY6", "IFIT3", "RGS4", "ARFRP1", "GGA1", "ADRBK1", "SPP1", "H1FX", "CAMP", "MAP2K5", "CLVS1", "ST3GAL3", "TSC22D4", "DFFA", "TCTE1", "ATG16L1", "VDAC3", "CCDC6", "OGDH", "PELI1", "CEBPZ", "GAPDH", "S100A8"], "GATA2-20887958-HPC-7-MOUSE": ["ARF3", "ACHE", "4930453N24RIK", "TWF2", "RASAL1", "NR3C1", "PPM1G", "IGF1R", "RNFT1", "HSD11B1", "ALAD", "HINT1", "AMMECR1L", "PGLS", "CIC", "RREB1", "IER2", "EGR2", "SGIP1", "IFNGR2", "CDC5L", "DOHH", "PPM1A", "PPA2", "PDCD4", "ATP13A2", "DLD", "STX1A", "ABCG2"], "BMI1-23680149-NPCS-MOUSE": ["SYT4", "EGR2", "AHNAK", "UGT8A", "CEBPD", "KCNA1", "ELAVL2", "COCH", "IGF1R", "ZFP36L1", "NR4A2", "CCND2", "ALCAM", "CHCHD7", "HCN1"], "RAD21-21589869-MESC-MOUSE": ["CNTFR", "ACHE", "NFIX", "PNCK", "AHNAK", "CEBPD", "SLC2A1", "RND2", "NUDT4", "MAPK9", "NRBP2", "HINT1", "RAP1A", "DBT", "PSMD3", "CIC", "JUNB", "ARGLU1", "PHLDA1", "RREB1", "SREBF1", "SYT4", "PHYH", "XBP1", "SSU72", "TIMM22", "PFKL", "LATS2", "PPA2", "BHLHE40", "VDAC3", "VAMP1", "ARF5"], "SOX9-22984422-TESTIS-RAT": ["RAP1A", "POU3F3"], "TP53-22573176-HFKS-HUMAN": ["GRIA1", "CAMK2D", "TM2D1", "PHF23", "NR3C1", "ELAVL2", "SOD1", "NR4A2", "ALAD", "COPS3", "PER1", "CCND2", "FUT9", "IMPAD1", "AKAP9", "OGDH", "TUBGCP3", "PHLDA1", "MAP2K5", "VAMP2"], "LMO2-20887958-HPC-7-MOUSE": ["NAPB", "ACHE", "SAR1B", "USP33", "TWF2", "RASAL1", "ABCB9", "AP2A2", "ACTB", "ADCY6", "PPM1G", "IGF1R", "ALAD", "SNN", "ZFP53", "PGLS", "HARS", "SH2B3", "PHLDA1", "IER2", "SGIP1", "IFNGR2", "DOHH", "SRP68", "RABGGTA", "SPNS1", "PDCD4", "ATP13A2", "CPEB2", "STX1A"], "TP63-22573176-HFKS-HUMAN": ["HNRNPR", "AP2A1", "IFIT3", "SPRED2", "C4A", "NSDHL", "AMMECR1L", "MFSD4", "KIF5B", "AKT1", "CAMP", "DFFA", "PACRG", "SGIP1", "SACM1L", "IFNGR2", "TIMM22", "CSNK1E", "SYN2", "PHKA2", "SLC22A23", "PSMA6", "PELI1", "AVP", "SGK1", "DLD", "PHLDB2", "LRRC58", "NDRG3", "NFIX", "RGS14", "ANP32A", "ROCK1", "YTHDC1", "EPAS1", "STK39", "PTGS2", "CPLX2", "RAP1GAP", "PPM1G", "TYMP", "GGA1", "SNN", "RAP1A", "TAF1C", "PCBP4", "ADRBK1", "STX6", "H1FX", "RREB1", "CD99", "ST3GAL3", "ATP6V0A1", "DTNA", "KCNB1", "TIMM44", "SRP68", "AP2B1", "ZFP62", "GNB1", "CCDC6", "PDCD4", "TRIP12", "TCF4"], "TCF4-23295773-U87-HUMAN": ["ARF3", "ACHE", "SLC2A1", "SNX13", "ADAR", "AHR", "NR3C1", "RND2", "AP2A2", "ELAVL2", "IGF1R", "HINT1", "HERC2", "AMMECR1L", "CDH2", "TIMP2", "SIRPA", "PRKCG", "BCAS3", "PACRG", "SGIP1", "PARP8", "ILF3", "PSPC1", "AKAP9", "FRG1", "KCNMA1", "SGK1", "STX1A", "GRIA1", "CAMK2D", "WDR26", "NFIX", "PARG", "ROCK1", "TM2D1", "MRPS33", "KCNA1", "STK39", "ABCB9", "HSD17B11", "TANK", "MED12L", "ARHGAP21", "SNN", "CAND1", "TAF1C", "FUT9", "MAP2K5", "ATP6V0A1", "SYT4", "CYB5A", "DTNA", "CADPS", "CDC5L", "AP2B1", "PER2", "NR4A2", "CCDC6", "DHCR7", "HCN1"], "REST-21632747-MESC-MOUSE": ["GRIA1", "LRP1", "GPR137B-PS", "MRPS33", "ZFP746", "CAMK2A", "CPLX2", "ELAVL2", "RAP1GAP", "PPP3CA", "BOD1L", "SNRPD2", "CDH2", "KIF5C", "USP1", "SC5D", "CAR8", "SNCB", "SULT4A1", "MAP2K5", "CLVS1", "ATP6V0A1", "NSF", "SYT4", "SYT1", "CADPS", "DYRK1A", "MEIS3", "SYN2", "SLC22A23", "NR4A1", "KCNMA1", "OGDH", "TRIP12", "TCF4", "SGK1", "STX1A", "CDK5R1", "HCN1"], "PBX1-22567123-OVCAR3-HUMAN": ["ANP32A", "SSNA1", "ABCB9", "ELAVL2", "RGS4", "HSD11B1", "HINT1", "CAND1", "TAF1C", "FUT9", "PSMD3", "SIRPA", "GNPNAT1", "IVNS1ABP", "BCAS3", "PACRG", "RABGGTA", "PARP8", "PSMA6", "PPM1A", "IMPAD1", "KLF9", "PDCD4", "DHCR7", "SERINC3", "SOS2", "S100A8"], "ETS1-20019798-JURKAT-HUMAN": ["NAPB", "MRPS15", "YTHDC1", "SSNA1", "MRPS33", "PHF23", "LENG8", "ZBTB45", "TRAK2", "ARFRP1", "GGA1", "PCM1", "PSMD6", "CAND1", "MAGOH", "PSMD3", "EIF2B1", "IER2", "TTC14", "PRKCG", "DFFA", "SSU72", "TIMM22", "AP2B1", "WDR77", "ATG16L1", "SPNS1"], "GATA1-22025678-K562-HUMAN": ["IVNS1ABP", "RPL22L1"], "EGR1-19374776-THP-1-human": ["PER2", "PCM1", "AKT1", "SOD1"], "SOX9-24532713-HFSC-MOUSE": ["NFIX", "AHNAK", "PNO1", "SLC2A1", "MED12L", "IGF1R", "PARP8", "PPP3CA", "ZFP68", "LATS2", "ALCAM", "BHLHE40", "FRG1", "KCNMA1", "KLF9", "TIMP2", "STX6", "ATP13A2", "HNRNPC", "EIF2B1", "CIC", "SMAP1", "SMNDC1"], "PPARD-21283829-MYOFIBROBLAST-HUMAN": ["SLC2A1", "AP2A1", "AHR", "NR3C1", "SPRED2", "CDH2", "DBT", "SIRPA", "PHLDA1", "SH3GL2", "SREBF1", "MEF2C", "TIMM22", "RABGGTA", "POU3F3", "DPM1", "LATS2", "IMPAD1", "AKAP9", "FRG1", "KCNMA1", "SGK1", "S100A9", "PHLDB2", "VAMP2", "ENY2", "CAMK2D", "LXN", "AHNAK", "ANP32A", "CEBPD", "ROCK1", "TM2D1", "EPAS1", "RAP1GDS1", "TANK", "ZFP36L1", "FUT9", "H1FX", "HARS", "SH2B3", "MAP2K5", "CLVS1", "ATP6V0A1", "TTC14", "SYT4", "SYT1", "NR4A2", "HNRNPL", "NR4A1", "ADI1", "DNAJC10", "BHLHE40", "KLF9", "RPL22L1", "TCF4"], "AR-20517297-VCAP-HUMAN": ["ENY2", "ANP32A", "ZFP36L1", "HSD11B1", "EPS8", "PSMD6", "ADRBK1", "DHX36", "DBT", "OGFOD2", "STX6", "GNPNAT1", "AP3S1", "ARGLU1", "RREB1", "CD99", "BCAS3", "ATP1B2", "RABGGTA", "SOD1", "TM9SF2", "FIBP", "ADI1", "BHLHE40", "KLF9", "DLD", "PHLDB2", "SPG20", "CDK5R1", "RAD9A"], "SETDB1-19884257-MESC-mouse": ["4930453N24RIK", "WDR26", "NFIX", "YTHDC1", "TWF2", "RASAL1", "ABCB9", "NR3C1", "RAP1GAP", "IGF1R", "ZFP36L1", "EPS8", "SNN", "PSMD6", "SNRPD2", "TAF1C", "KIF5B", "DHX36", "CHCHD7", "SC5D", "GNPNAT1", "H1FX", "PGLS", "IER2", "PTGES2", "PNO1", "IFNGR2", "NR1D2", "COMMD4", "NR4A2", "IMPAD1", "S100A9"], "TET1-21451524-MESC-MOUSE": ["MRPS15", "GGNBP2", "AHNAK", "DCUN1D5", "GPR137B-PS", "SSNA1", "ZDHHC5", "TWF2", "ADAR", "SPRED2", "NRBP2", "CCND2", "ZFP385A", "CHCHD7", "STX6", "POLR2H", "RREB1", "CLVS1", "ATP6V0A1", "XBP1", "PER1", "FIBP", "SPNS1", "OGDH", "ATP13A2", "TRIP12", "ARF5"], "RBPJ-22232070-NCS-MOUSE": ["SF3B1"]}