{"NR2C2 (human)": ["SRP68"], "Esrrb (mouse)": ["STX1A"], "NFE2L1 (human)": ["PPP1CB", "MAZ"], "STAT1 (mouse)": ["CEBPD"], "NFE2L2 (human)": ["ADI1", "MAGOH"], "IRF9 (human)": ["NOV", "MOB2"], "NFYB (human)": ["ACTB"], "NFIL3 (human)": ["ABCB9"], "RUNX1 (mouse)": ["RBM3"], "SOX2 (human)": ["RASAL1", "NR3C1"], "MYCN (human)": ["AP2A2"], "Tal1::Gata1 (mouse)": ["DNAJC10"], "VDR (human)": ["DNAJC10", "CSTF2"], "IRF7 (human)": ["GGNBP2", "CSTF2"], "CBX5 (human)": ["WDR26"], "MXI1 (human)": ["DHCR7"], "SMAD3 (mouse)": ["2310061I04RIK", "KIF1A"], "NME2 (human)": ["ARHGAP21", "GGA1"], "MIR210 (human)": ["AP2A2"], "NCOA1 (human)": ["USP33"]}