{"H3K9me3 Breast vHMEC": ["RBM3"], "H3K9me3 Stomach Smooth Muscle": ["ELAVL2"], "H3K9me3 CD4+ CD25+ CD127- Treg Primary Cells": ["MGST1"], "H3K9me3 Adult Kidney": ["ELAVL2"], "H3K36me3 Brain Substantia Nigra": ["GANAB"], "H3K4me1 Brain Anterior Caudate": ["MRPS15", "AP2A1", "GCSH", "NSDHL", "MFSD4", "SNRPD2", "CHCHD7", "PSMD3", "TRAPPC12", "AKT1", "ARFIP2", "GNPNAT1", "EIF2B1", "BCKDHA", "BCAS3", "PHYH", "SLC30A9", "ADAM11", "TRNT1", "PHKA2", "RABGGTA", "COMMD4", "TCTE1", "GABRG1", "PTBP3", "DPM1", "CIRH1A", "NOV", "SPNS1", "VDAC3", "STX1A", "ABCG2", "LRRC58", "ENY2", "LXN", "TM2D1", "SAR1B", "EPAS1", "KCNA1", "PTGS2", "TANK", "COCH", "ADCY6", "RNFT1", "TYMP", "ARFRP1", "MAPK9", "PTDSS1", "ICT1", "HARS", "CLVS1", "TTC14", "SYT4", "CYB5A", "RAB4B", "DTNA", "SYT1", "KCNB1", "PTGES2", "CADPS", "TIMM44", "MEIS3", "GRIN1", "FIBP", "DNAJC10", "ATP13A2", "NFE2L2", "HCN1"], "H3K9me3 Colon Smooth Muscle": ["ELAVL2"], "H3K9me3 Adult Liver": ["RBM3"], "H3K9me3 Fetal Lung": ["ATG16L1"], "H3K36me3 Mesenchymal Stem Cell Derived Adipocyte Cultured Cells": ["PHF23"], "H3K27me3 Brain Hippocampus Middle": ["PRKCG", "EGR2", "SYT1", "KCNMA1", "MGST1", "ATP1B2", "SH3GL2", "COCH", "GRIN1"], "H3K4me1 CD4+ CD25- CD45RA+ Naive Primary Cells": ["CNTFR", "ACHE", "NFIX", "SOWAHC", "SSNA1", "RAP1GDS1", "NR3C1", "ELAVL2", "RAP1GAP", "COCH", "ADCY6", "EPS8", "GCSH", "MAPK9", "NRBP2", "GGA1", "ALCAM", "SNRPD2", "KIF5C", "CHCHD7", "SPP1", "PGLS", "KIF1A", "POLR2H", "AP3S1", "ATP6V0A1", "CYB5A", "RAB4B", "KCNB1", "ADAM11", "TIMM22", "TRNT1", "ATP1B2", "COMMD4", "TCTE1", "DPM1", "NR4A1", "PFKL", "LATS2", "S100A9", "VAMP2"], "H3K36me3 Adult Kidney": ["CD99"], "H3K4me1 Brain Substantia Nigra": ["MRPS15", "GCSH", "RNF112", "NSDHL", "PSMD6", "SNRPD2", "CDH2", "DBT", "CHCHD7", "MAGOH", "PSMD3", "TRAPPC12", "GNPNAT1", "EIF2B1", "BCKDHA", "PRKCG", "BCAS3", "DFFA", "SMARCC1", "TRNT1", "PHKA2", "RABGGTA", "COMMD4", "TCTE1", "GABRG1", "DPM1", "CIRH1A", "NOV", "SPNS1", "VDAC3", "ERGIC2", "STX1A", "GRIA1", "LRRC58", "NDRG3", "AHNAK", "TM2D1", "EPAS1", "MRPS33", "KCNA1", "MGST1", "RASAL1", "TANK", "COCH", "ADCY6", "PPM1G", "RNFT1", "ARFRP1", "MAPK9", "PTDSS1", "ICT1", "H1FX", "HARS", "CRYM", "SH2B3", "MAP2K5", "ST3GAL3", "ATP6V0A1", "TTC14", "RAB4B", "KCNB1", "PTGES2", "PNO1", "TIMM44", "MEIS3", "NR4A1", "FIBP", "ZFP62", "DNAJC10", "CCNG1", "OGDH", "ATP13A2", "DHCR7", "HCN1", "RAD9A"], "H3K36me3 Fetal Brain": ["SSNA1"], "H3K4me1 Brain Inferior Temporal Lobe": ["ACHE", "MRPS15", "CHRM1", "SOWAHC", "AQP4", "RGS4", "PPP1CB", "GCSH", "NSDHL", "SNRPD2", "DBT", "CHCHD7", "MAGOH", "TRAPPC12", "ARFIP2", "EIF2B1", "BCKDHA", "BCAS3", "PHYH", "DFFA", "SLC30A9", "SMARCC1", "PHKA2", "RABGGTA", "TCTE1", "GABRG1", "DPM1", "CIRH1A", "NOV", "SPNS1", "GRIA1", "ENY2", "AHNAK", "EPAS1", "KCNA1", "RASAL1", "COCH", "ADCY6", "RNFT1", "ARFRP1", "FUT9", "ICT1", "H1FX", "ST3GAL3", "TTC14", "RAB4B", "PTGES2", "TIMM44", "NR1D1", "MEIS3", "TM9SF2", "FIBP", "ZFP62", "DNAJC10", "OGDH", "ATP13A2", "TUBGCP3", "SMAP1", "HCN1"], "H3K4me1 H9": ["IVNS1ABP", "PRKCG", "CNTFR", "ACHE", "SREBF1", "GSTO1", "MGST1", "ABCB9", "MEIS3", "TCTE1", "RNF112", "PER1", "NRBP2", "DBP", "ADI1", "DBT", "PSMD3", "PDCD4", "GNPNAT1", "ATP13A2", "SGK1", "DLD", "VAMP2"], "H3K9me3 CD8 Memory Primary Cells": ["ELAVL2"], "H3K27me3 Stomach Smooth Muscle": ["SYT1", "FUT9", "KCNA1", "CADPS"], "H3K9me3 Th17 Primary Cells": ["EPS8", "ELAVL2"]}