{"H3K4me3 H1 Derived Mesenchymal Stem Cells": ["OLFML2B", "COL16A1", "PLXND1", "SERPINE1", "MT1X", "CLU", "ACTG2", "ICAM1", "LOXL2", "MYLK", "RGS2", "BASP1", "CYP1B1", "SVEP1", "PLXNC1", "PPP1R16B", "IGFBP4", "SP110", "ACSL1", "KRT7", "PCOLCE", "PLA2G16", "SFRP1", "ADAM8", "BLZF1", "PTGFR", "NOTCH3", "CALCB", "NNMT", "PRKRIP1", "LPAR1", "TACSTD2", "HTRA1", "TWIST1", "NEDD4L", "TNFRSF11B", "RPS4Y1", "PLA2G7", "CD79B", "FLRT2", "LPXN", "CAMTA2", "IGFBP6", "NPTX2", "TAC1", "PLTP", "MFAP3L", "VCAM1", "CADM1", "FZD7", "RARRES2", "FN1", "NR1D2", "SMARCA1", "BMP7", "QKI", "MLLT11", "IL6", "CXCL12", "LAS1L", "TNFSF9", "CPE", "C16ORF45", "COL9A3", "RGL1", "FERMT2", "FBN1", "HIST2H2AA3", "CXCL6", "DYRK3", "PHF1", "TNFAIP2", "TNFAIP3", "SECTM1", "LAMC2", "CXCL1", "MYL6B", "CTCF", "LRRC32", "CXCL5", "PCMTD2", "POLB", "TMEM47", "AKAP12", "SCML2", "GLIPR1", "CSRP2", "PDE4B", "AOX1", "IL11", "CR2", "BGN", "C10ORF10", "HCK", "GAL", "MDFIC", "COL6A2", "DPYD", "PECAM1", "ANGPTL2", "GAS1", "ITGA5", "MFGE8", "ARHGEF7", "PDZRN3", "RAPGEF4", "BIRC3", "COL15A1", "C1R", "COL11A1", "LAMA4", "CCDC69", "KCNA3", "MRPS31", "LRP4", "PTGS2", "GDPD5", "CLCN3", "SLC7A1", "PDLIM3", "WIF1", "PDPN", "SPOP", "CCL2", "OSM", "G0S2", "FBXL14", "CUL4A", "P2RX5", "DES", "ACTC1", "TMEM158", "KRT16", "ZNF337", "RAMP1"], "H3K4me3 CD8 Naive Primary Cells": ["OLFML2B", "PLXND1", "SERPINE1", "MT1X", "CLU", "ICAM1", "LOXL2", "RGS2", "EFEMP2", "PLAU", "BASP1", "PLXNC1", "PPP1R16B", "IGFBP4", "ACSL1", "PLA2G16", "ADAM8", "BLZF1", "HIST1H2BD", "CALCB", "SDC4", "PRKRIP1", "HTRA1", "LY96", "NEDD4L", "AEBP1", "RPS4Y1", "CD79B", "LPXN", "CAMTA2", "IGFBP6", "KCNN4", "PLTP", "MFAP3L", "CADM1", "WFS1", "FZD7", "FN1", "NR1D2", "TPTEP1", "SMARCA1", "HOPX", "IL6", "LAS1L", "BAMBI", "SFXN3", "TNFSF9", "CD27", "CPE", "C16ORF45", "FERMT2", "DYRK3", "PHF1", "PLEK", "SECTM1", "PTPN22", "MYL6B", "CTCF", "LRRC32", "CD3D", "PCMTD2", "POLB", "MRC2", "SCML2", "GLIPR1", "CSRP2", "ITGAX", "AOX1", "ACP5", "MYBL2", "CD37", "CR2", "HCK", "MMP11", "GAL", "COL6A2", "DPYD", "GAS1", "HCLS1", "ITGA5", "MFGE8", "ARHGEF7", "GAS6", "DBN1", "RAPGEF4", "BIRC3", "C1R", "LAMA4", "CCDC69", "FGL2", "MRPS31", "LRP4", "PTGS2", "GDPD5", "CLCN3", "TANK", "SLC7A1", "WIF1", "CCL4", "OSM", "G0S2", "LILRB1", "FBXL14", "CUL4A", "GZMK", "P2RX5", "ZNF337", "EVI2B"], "H3K4me3 CD4+ CD25- Th Primary Cells": ["DYRK3", "OLFML2B", "PLXND1", "PHF1", "NCF4", "SECTM1", "PTPN22", "MYL6B", "CTCF", "LRRC32", "CD3D", "CLU", "ICAM1", "PCMTD2", "POLB", "MRC2", "RGS2", "SCML2", "EFEMP2", "TCL1A", "CSRP2", "DACH1", "PLAU", "BASP1", "ITGAX", "AOX1", "MYBL2", "CD37", "PLXNC1", "PPP1R16B", "CR2", "IGFBP4", "ACSL1", "WNT5A", "PLA2G16", "HCK", "MMP11", "COL6A2", "DPYD", "GAS1", "ADAM8", "MFGE8", "ARHGEF7", "GAS6", "BLZF1", "HIST1H2BD", "CALCB", "CFH", "SDC4", "C1R", "PRKRIP1", "LAMA4", "FGL2", "TACSTD2", "HTRA1", "LY96", "LRP4", "NEDD4L", "AEBP1", "PTGS2", "GDPD5", "CLCN3", "RPS4Y1", "SLC7A1", "WIF1", "CAMTA2", "IGFBP6", "PLTP", "MFAP3L", "CADM1", "WFS1", "FN1", "OSM", "G0S2", "LILRB1", "NR1D2", "TPTEP1", "SMARCA1", "HOPX", "CUL4A", "IL6", "MEIS1", "P2RX5", "TMEM158", "LAS1L", "BAMBI", "SFXN3", "TNFSF9", "CD27", "CPE", "C16ORF45", "ZNF337", "RAMP1", "CDK14", "FERMT2", "FBN1"], "H3K4me3 Neurosphere Cultured Cells Cortex Derived": ["OLFML2B", "COL16A1", "PLXND1", "SERPINE1", "ICAM1", "LOXL2", "MYLK", "RGS2", "EFEMP2", "PLAU", "BASP1", "CYP1B1", "SVEP1", "PTGDS", "PPP1R16B", "IGFBP4", "SP110", "ACSL1", "WNT5A", "PLA2G16", "MAP1A", "BLZF1", "HIST1H2BD", "PTGFR", "NOTCH3", "CALCB", "SDC4", "PRKRIP1", "LPAR1", "TACSTD2", "HTRA1", "TWIST1", "TNFRSF11B", "AEBP1", "PLA2G7", "FLRT2", "LPXN", "IGFBP6", "PLTP", "MFAP3L", "WFS1", "FZD7", "RARRES2", "FN1", "NR1D2", "TPTEP1", "SMARCA1", "MLLT11", "CXCL12", "LAS1L", "SFXN3", "TNFSF9", "CPE", "C16ORF45", "COL9A3", "CDK14", "FBN1", "DYRK3", "PHF1", "TNFAIP3", "SECTM1", "LAMC2", "CXCL1", "MYL6B", "CTCF", "LRRC32", "CXCL5", "PCMTD2", "POLB", "MRC2", "SCML2", "GLIPR1", "CSRP2", "PDE4B", "AOX1", "ACP5", "IL11", "CR2", "BGN", "GAL", "MDFIC", "COL6A2", "DPYD", "ANGPTL2", "GAS1", "ITGA5", "ARHGEF7", "GAS6", "RAPGEF4", "COL15A1", "TAGLN", "RAMP3", "C1R", "COL11A1", "CCDC69", "FGL2", "PTGS2", "GDPD5", "SLC7A1", "WIF1", "PDPN", "SPOP", "CCL2", "DMD", "G0S2", "CUL4A", "P2RX5", "ACTC1", "CLEC2B", "FAP", "COL7A1", "ZNF337", "RAMP1"], "H3K4me3 CD4 Memory Primary Cells": ["DYRK3", "OLFML2B", "PLXND1", "PHF1", "SERPINE1", "NCF4", "PLEK", "SECTM1", "PTPN22", "MYL6B", "MT1X", "CTCF", "LRRC32", "CLU", "ICAM1", "PCMTD2", "POLB", "MRC2", "RGS2", "SCML2", "GLIPR1", "EFEMP2", "CSRP2", "PLAU", "AOX1", "ACP5", "CD37", "PLXNC1", "LGALS8", "PPP1R16B", "CR2", "ACSL1", "PLA2G16", "COL6A2", "DPYD", "GAS1", "HCLS1", "ADAM8", "MFGE8", "ARHGEF7", "GAS6", "BLZF1", "DBN1", "HIST1H2BD", "CALCB", "CFH", "SDC4", "C1R", "PRKRIP1", "TACSTD2", "HTRA1", "LY96", "LRP4", "NEDD4L", "CST7", "PTGS2", "GDPD5", "CLCN3", "RPS4Y1", "SLC7A1", "CD79B", "LPXN", "CAMTA2", "IGFBP6", "KCNN4", "PLTP", "MFAP3L", "CADM1", "WFS1", "FZD7", "FN1", "OSM", "G0S2", "NR1D2", "SMARCA1", "HOPX", "CUL4A", "GZMK", "P2RX5", "LAS1L", "BAMBI", "SFXN3", "TNFSF9", "CPE", "C16ORF45", "ZNF337", "EVI2B", "FERMT2"], "H3K36me3 Adipose Derived Mesenchymal Stem Cell Cultured Cells": ["CD27"], "H3K4me3 Breast vHMEC": ["MDC1", "IL1RN", "OLFML2B", "COL16A1", "PLXND1", "TNFAIP3", "CXCL1", "SLC2A3", "MYL6B", "MT1X", "CTCF", "LRRC32", "CLU", "MYLK", "PCMTD2", "POLB", "RGS2", "SCML2", "EFEMP2", "CSRP2", "DACH1", "BASP1", "AOX1", "CYP1B1", "SVEP1", "LGALS8", "KRT6A", "IL11", "IGFBP4", "ACSL1", "WNT5A", "KRT7", "PLA2G16", "MMP11", "GAS1", "MFGE8", "ARHGEF7", "GAS6", "S100A9", "PDZRN3", "BLZF1", "DBN1", "HIST1H2BD", "RAPGEF4", "PTGFR", "NOTCH3", "TAGLN", "CSTA", "NNMT", "C1R", "PRKRIP1", "LAMA4", "CCDC69", "LPAR1", "MRPS31", "LRP4", "TWIST1", "NEDD4L", "TNFRSF11B", "PTGS2", "GDPD5", "SLC7A1", "PLA2G7", "PDLIM3", "PDPN", "SPOP", "DMD", "IGFBP6", "MFAP3L", "WFS1", "FZD7", "G0S2", "NR1D2", "SULF1", "SMARCA1", "FBXL14", "MLLT11", "CUL4A", "IL6", "MEIS1", "P2RX5", "TMEM158", "CLEC2B", "LAS1L", "COL7A1", "TNFSF9", "CPE", "C16ORF45", "ZNF337", "FERMT2", "FBN1"], "H3K36me3 Mesenchymal Stem Cell Derived Adipocyte Cultured Cells": ["CD27"], "H3K4me3 CD4+ CD25- CD45RA+ Naive Primary Cells": ["DYRK3", "OLFML2B", "PLXND1", "PHF1", "SECTM1", "PTPN22", "MYL6B", "CTCF", "LRRC32", "CD3D", "CLU", "ICAM1", "LOXL2", "PCMTD2", "POLB", "MRC2", "RGS2", "SCML2", "GLIPR1", "EFEMP2", "CSRP2", "DACH1", "PLAU", "BASP1", "AOX1", "CD37", "PLXNC1", "PPP1R16B", "IL11", "CR2", "IGFBP4", "ACSL1", "PLA2G16", "HCK", "COL6A2", "DPYD", "GAS1", "HCLS1", "ITGA5", "MFGE8", "ARHGEF7", "GAS6", "BLZF1", "DBN1", "HIST1H2BD", "RAPGEF4", "NOTCH3", "CALCB", "SDC4", "BCL2A1", "C1R", "PRKRIP1", "LAMA4", "FGL2", "TACSTD2", "LY96", "NEDD4L", "AEBP1", "PTGS2", "GDPD5", "CLCN3", "RPS4Y1", "TANK", "SLC7A1", "CD79B", "WIF1", "IGFBP6", "PLTP", "MFAP3L", "CADM1", "WFS1", "FZD7", "FN1", "OSM", "G0S2", "NR1D2", "SMARCA1", "HOPX", "CUL4A", "IL6", "MEIS1", "P2RX5", "TMEM158", "LAS1L", "BAMBI", "SFXN3", "TNFSF9", "CPE", "C16ORF45", "COL9A3", "ZNF337", "RAMP1", "FERMT2"], "H3K27ac H1 Derived Mesenchymal Stem Cells": ["DDX3Y", "DYRK3", "CFH", "PLXND1", "FGL2", "LPAR1", "MRPS31", "CSF2RB", "SLC2A3", "MYL6B", "CTCF", "PTGS2", "TFPI", "THBS2", "TANK", "CLU", "POLB", "CNN1", "RGS2", "BASP1", "SPOP", "IGFBP6", "MFAP3L", "SP110", "C10ORF10", "EMP3", "SMARCA1", "MLLT11", "CUL4A", "MEIS1", "TMEM158", "FAP", "MDFIC", "LAS1L", "DPYD", "SFXN3", "CHI3L2", "CPE", "GAS1", "ZNF337", "IL7R", "TRIB2", "FERMT2", "HIST1H2BD"], "H3K27ac H9": ["TAGLN", "COL16A1", "PRKRIP1", "PHF1", "MRPS31", "LAMC2", "SLC2A3", "MYL6B", "CTCF", "TFPI", "CXCL5", "AKAP12", "CSRP2", "SPOP", "AOX1", "CCL2", "LPXN", "CADM1", "FN1", "RHOH", "SULF1", "SMARCA1", "MLLT11", "CUL4A", "PLA2G16", "IL6", "BAMBI", "DPYD", "TNFSF9", "RGL1", "MFGE8", "CDK14", "BLZF1", "DBN1", "HIST1H2BD"], "H3K9me3 Fetal Brain": ["ZNF185", "BGN"], "H3K36me3 Stomach Smooth Muscle": ["IL1R1"], "H3K4me3 IMR90": ["OLFML2B", "MT1X", "CLU", "ICAM1", "COMP", "RGS2", "EFEMP2", "DACH1", "BASP1", "CYP1B1", "SVEP1", "PLXNC1", "PTGDS", "PPP1R16B", "POSTN", "SP110", "ACSL1", "PLA2G16", "BLZF1", "HIST1H2BD", "PTGFR", "NOTCH3", "CALCB", "CFH", "PRKRIP1", "TACSTD2", "HTRA1", "LY96", "NEDD4L", "COX7A1", "PLA2G7", "CAMTA2", "IGFBP6", "TAC1", "PLTP", "MFAP3L", "WWTR1", "CADM1", "WFS1", "FZD7", "NR1D2", "TPTEP1", "SMARCA1", "MLLT11", "IL6", "CXCL12", "LAS1L", "SFXN3", "TNFSF9", "CPE", "C16ORF45", "COL9A3", "IL7R", "FBN1", "HIST2H2AA3", "CXCL6", "DYRK3", "TNFAIP6", "PHF1", "SECTM1", "CXCL1", "MYL6B", "CTCF", "LRRC32", "CXCL5", "PCMTD2", "POLB", "SCML2", "CSRP2", "PDE4B", "AOX1", "IL11", "BGN", "GAL", "MDFIC", "IL1B", "DPYD", "GAS1", "ITGA5", "ARHGEF7", "DBN1", "RAPGEF4", "COL15A1", "BCL2A1", "ADH1B", "C1R", "COL11A1", "CCDC69", "FGL2", "KCNA3", "MRPS31", "LRP4", "PTGS2", "GDPD5", "SLC7A1", "PDLIM3", "WIF1", "PDPN", "SPOP", "CCL2", "AKR1C1", "G0S2", "FBXL14", "CUL4A", "P2RX5", "ACTC1", "CLEC2B", "COL7A1", "ZNF337", "RAMP1"], "H3K4me3 Skeletal Muscle": ["CXCL6", "DYRK3", "TNFAIP6", "PHF1", "SECTM1", "CXCL1", "MYL6B", "CTCF", "CXCL5", "ICAM1", "LOXL2", "MYLK", "COMP", "RGS2", "SCML2", "EFEMP2", "PLAU", "BASP1", "CTSK", "PDE4B", "CD37", "PLXNC1", "PTGDS", "CD52", "CR2", "SP110", "BGN", "C10ORF10", "SFRP1", "SLPI", "MAP1A", "GAS1", "CD48", "ARHGEF7", "BLZF1", "HIST1H2BD", "RAPGEF4", "IDO1", "CALCB", "ADH1B", "COL11A1", "PRKRIP1", "TACSTD2", "LRP4", "TWIST1", "NEDD4L", "CSF2RB", "TNFRSF11B", "PTGS2", "GDPD5", "RPS4Y1", "TANK", "SLC7A1", "PLA2G7", "CD79B", "LPXN", "DMD", "CAMTA2", "IGFBP6", "CCR1", "CADM1", "RARRES2", "OSM", "G0S2", "TPTEP1", "SULF1", "SMARCA1", "MLLT11", "P2RX5", "TMEM158", "LAS1L", "COL7A1", "SFXN3", "TNFSF9", "C16ORF45", "MNDA", "ZNF337", "RAMP1", "FERMT2"], "H3K27ac H1 BMP4 Derived Mesendoderm Cultured Cells": ["DYRK3", "LAMC2", "CTCF", "LOXL2", "MYLK", "POLB", "RGS2", "ISLR", "EFEMP2", "CSRP2", "TDO2", "DMBT1", "CTSK", "ITGAX", "OLR1", "CD37", "CD52", "S100A2", "VWF", "SP110", "KRT7", "SFRP1", "DPYD", "GAS1", "TRIB2", "BLZF1", "DBN1", "HIST1H2BD", "COL11A1", "CCDC69", "LPAR1", "HTRA1", "MRPS31", "CSF2RB", "PTGS2", "TFPI", "CNN1", "LPXN", "CAMTA2", "IGFBP6", "PLTP", "MFAP3L", "FZD7", "FN1", "IGF1", "ACTC1", "BAMBI", "COL7A1", "TNFSF9", "FBN1"], "H3K4me3 CD4+ CD25int CD127+ Tmem Primary Cells": ["DYRK3", "OLFML2B", "PHF1", "SECTM1", "PTPN22", "MYL6B", "MT1X", "CTCF", "LRRC32", "CLU", "ICAM1", "PCMTD2", "POLB", "MRC2", "RGS2", "SCML2", "EFEMP2", "CSRP2", "PLAU", "AOX1", "ACP5", "PLXNC1", "PPP1R16B", "CR2", "IGFBP4", "ACSL1", "PLA2G16", "COL6A2", "DPYD", "GAS1", "ADAM8", "MFGE8", "ARHGEF7", "GAS6", "S100A9", "BLZF1", "HIST1H2BD", "CALCB", "CFH", "SDC4", "PRKRIP1", "TACSTD2", "HTRA1", "LY96", "LRP4", "NEDD4L", "AEBP1", "CST7", "GDPD5", "CLCN3", "RPS4Y1", "SLC7A1", "CD79B", "LPXN", "CAMTA2", "IGFBP6", "MFAP3L", "CADM1", "WFS1", "FZD7", "FN1", "G0S2", "NR1D2", "HOPX", "CUL4A", "P2RX5", "TMEM158", "LAS1L", "SFXN3", "TNFSF9", "CD27", "CPE", "C16ORF45", "ZNF337", "EVI2B", "FERMT2"], "H3K27ac CD4+ CD25- CD45RO+ Memory Primary Cells": ["SDC4", "PRKRIP1", "NCF4", "PLEK", "LY96", "SECTM1", "MYL6B", "MT1X", "GDPD5", "RPS4Y1", "SLC7A1", "ICAM1", "POLB", "CD79B", "RGS2", "CD37", "PLXNC1", "IGFBP6", "MFAP3L", "CD52", "ACSL1", "P2RX5", "LAS1L", "TNFSF9", "CD27", "GAS1", "ADAM8", "ZNF337", "MFGE8", "BLZF1", "HIST1H2BD"], "H3K27ac CD8 Naive Primary Cells": ["MDC1", "DYRK3", "PRKRIP1", "PHF1", "FGL2", "PLEK", "MRPS31", "LY96", "NEDD4L", "PTPN22", "MYL6B", "MT1X", "RPS4Y1", "SLC7A1", "CD3D", "ICAM1", "CD79B", "RGS2", "GLIPR1", "EFEMP2", "LPXN", "CD37", "KCNN4", "MFAP3L", "WFS1", "ACSL1", "OSM", "NR1D2", "CUL4A", "PLA2G16", "P2RX5", "CLEC2B", "LAS1L", "DPYD", "SFXN3", "GAS1", "ADAM8", "ZNF337", "MFGE8", "EVI2B", "HIST1H2BD"], "H3K27ac CD4+ CD25- IL17+ PMA-Ionomcyin stimulated Th17 Primary Cells": ["DYRK3", "CFH", "PLXND1", "PRKRIP1", "LY96", "NEDD4L", "SECTM1", "MYL6B", "MT1X", "LRRC32", "GDPD5", "RPS4Y1", "ICAM1", "PCMTD2", "MRC2", "CD79B", "RGS2", "EFEMP2", "ACP5", "CD37", "PLXNC1", "IGFBP6", "KCNN4", "PLTP", "MFAP3L", "CCR1", "WFS1", "ACSL1", "PLA2G16", "P2RX5", "COL6A2", "DPYD", "CD27", "GAS1", "MFGE8", "EVI2B", "IL7R", "S100A9", "BLZF1", "HIST1H2BD"]}