{"CGCTGCT,MIR-503": ["ACHE", "CCND2"], "AGTCTAG,MIR-151": ["VDAC3", "ERGIC2"], "GTAAACC,MIR-299-5P": ["CPEB2"], "GGTAACC,MIR-409-5P": ["DYRK1A"], "AACGGTT,MIR-451": ["YTHDF2"], "CAGTCAC,MIR-134": ["CPEB2"], "GCTGAGT,MIR-512-5P": ["NFIX", "CHRM1"], "GTACAGG,MIR-486": ["ELAVL2"], "GCGCCTT,MIR-525,MIR-524": ["SACM1L", "IER2"], "CCCACAT,MIR-299-3P": ["KCNMA1", "TCF4"], "GGATCCG,MIR-127": ["BCAS3", "VAMP2"], "TCGATGG,MIR-213": ["GANAB"], "GGGATGC,MIR-324-5P": ["PRKCG"], "CCTGAGT,MIR-510": ["RBM3", "TRIP12"], "GAGACGG,MIR-340": ["PPP1CB"], "ACATATC,MIR-190": ["TCF4"], "GGCGGCA,MIR-371": ["PTGES2"], "GGCACAT,MIR-455": ["NR4A2"], "TTCCGTT,MIR-191": ["CCND2"], "GCAAGAC,MIR-431": ["SMAD4"]}