{"MAX_A549_hg19": ["MRPS15", "SNX13", "HNRNPR", "MSMO1", "AP2A2", "ALAD", "GCSH", "NSDHL", "PSMD6", "ALCAM", "MAGOH", "AP3S1", "EIF2B1", "DFFA", "SACM1L", "SSU72", "ILF2", "RABGGTA", "COMMD4", "PSMA6", "CIRH1A", "LATS2", "PPA2", "AKAP9", "PELI1", "GAPDH", "ABCG2", "LRRC58", "NAPB", "ENY2", "YTHDC1", "EPAS1", "SSNA1", "ABCB9", "HSD17B11", "PPM1G", "ARFRP1", "TAF1C", "STX6", "METTL5", "HARS", "TTC14", "XBP1", "MARCH7", "SRP68", "SOD1", "FIBP", "DNAJC10", "GNB1", "CCNG1", "TUBGCP3", "CEBPZ", "SERINC3"], "EP300_K562_hg19": ["MRPS15", "ZDHHC5", "SLC2A1", "ADAR", "HNRNPR", "AP2A2", "ACTB", "ALAD", "RBM3", "NRBP2", "PCM1", "HINT1", "PSMD6", "SNRPD2", "PRADC1", "MAGOH", "OGFOD2", "PSMD3", "TRAPPC12", "EIF2B1", "PHLDA1", "IER2", "BCKDHA", "TSC22D4", "PHYH", "SLC30A9", "SSU72", "TIMM22", "CSNK1E", "RABGGTA", "COMMD4", "DPM1", "PSMA6", "ILF3", "PSPC1", "AKAP9", "FRG1", "SPNS1", "SRSF2", "GAPDH", "ERGIC2", "ENY2", "DCUN1D5", "YTHDC1", "SAR1B", "SSNA1", "MRPS33", "CSTF2", "TWF2", "LENG8", "HSD17B11", "RNFT1", "GGA1", "PTDSS1", "GANAB", "RAP1A", "BOD1L", "ICT1", "DHX36", "USP1", "H1FX", "HARS", "CRYM", "SF3B1", "ST3GAL3", "YTHDF2", "PNO1", "TIMM44", "MARCH7", "DOHH", "SRP68", "AP2B1", "U2SURP", "FIBP", "GNB1", "CCNG1", "TUBGCP3", "CEBPZ", "RAD9A"], "CHD1_H1-hESC_hg19": ["ARF3", "SOWAHC", "USP33", "ZDHHC5", "SNX13", "AQP4", "AHR", "NR3C1", "IGF1R", "SPRED2", "PCM1", "PSMD6", "CDH2", "TRAPPC12", "ARFIP2", "PGLS", "ARIH1", "EIF2B1", "PHLDA1", "BCKDHA", "PHYH", "PACRG", "SSU72", "TIMM22", "ILF2", "SYN2", "PHKA2", "RABGGTA", "HIST2H2BE", "DPM1", "AKAP9", "FRG1", "WDR26", "SAR1B", "MRPS33", "ZBTB45", "PTGS2", "HSD17B11", "TANK", "GGA1", "ICT1", "SPP1", "METTL5", "POLR2H", "TTC14", "SMAD4", "RAB4B", "PNO1", "CADPS", "TIMM44", "DOHH", "ADI1", "DNAJC10", "PDCD4", "TUBGCP3", "NFE2L2", "HCN1"], "STAT1_GM12878_hg19": ["MRPS15", "DCUN1D5", "SNX13", "MSMO1", "HSD17B11", "TANK", "AP2A2", "TRAK2", "ZFP36L1", "ALAD", "GANAB", "TAF1C", "DBT", "CHCHD7", "METTL5", "H1FX", "POLR2H", "EIF2B1", "IER2", "MAP2K5", "ST3GAL3", "ATP6V0A1", "TSC22D4", "CYB5A", "DFFA", "DTNA", "TRNT1", "COMMD4", "PSMA6", "LATS2", "PPA2", "CEBPZ", "SMAP1", "GAPDH", "NFE2L2"], "POLR2AphosphoS2_K562_hg19": ["USP33", "ALAD", "NSDHL", "SNRPD2", "KIF5B", "DBT", "MAGOH", "PSMD3", "EIF2B1", "BCKDHA", "MEF2C", "SSU72", "TRNT1", "ILF2", "RABGGTA", "PTBP3", "CIRH1A", "IMPAD1", "FRG1", "VDAC3", "VAMP1", "AVP", "GAPDH", "ARF5", "VAMP2", "WDR26", "NFIX", "AHNAK", "CEBPD", "SAR1B", "SSNA1", "HSD17B11", "RNFT1", "PPP2CA", "ARFRP1", "SNN", "PCSK1N", "GANAB", "TAF1C", "PCBP4", "ICT1", "DHX36", "METTL5", "HARS", "RREB1", "SMNDC1", "ATP6V0A1", "RAB4B", "PTGES2", "TIMM44", "SRP68", "U2SURP", "SOD1", "PER1", "PFKL", "DNAJC10", "TUBGCP3", "CEBPZ", "SMAP1"], "MYC_A549_hg19": ["LRRC58", "SAR1B", "MRPS33", "HNRNPR", "AP2A2", "GCSH", "GGA1", "SNRPD2", "IRAK1", "TAF1C", "METTL5", "GNPNAT1", "POLR2H", "AP3S1", "SH2B3", "PHLDA1", "ST3GAL3", "ATP6V0A1", "BCKDHA", "SREBF1", "XBP1", "PNO1", "USP22", "SRP68", "RABGGTA", "PTBP3", "PER2", "CIRH1A", "PPA2", "GNB1", "AKAP9", "SRSF2", "RPL22L1", "TUBGCP3", "GAPDH"], "CUX1_GM12878_hg19": ["NAPB", "MRPS15", "TM2D1", "YTHDC1", "SLC2A1", "ACTB", "RBM3", "GGA1", "PTDSS1", "PSMD6", "SNRPD2", "ICT1", "MAGOH", "OGFOD2", "TRAPPC12", "H1FX", "JUNB", "SF3B1", "CAMP", "TSC22D4", "CYB5A", "YTHDF2", "MARCH7", "DOHH", "RABGGTA", "COMMD4", "U2SURP", "DPM1", "TM9SF2", "FRG1", "CCDC6", "OGDH", "PDCD4", "VAMP1", "RPL22L1", "GAPDH"], "ZEB1_HepG2_hg19": ["GGA1", "CYB5A", "ATG16L1", "ZFP62", "GSTO1", "DHCR7"], "ETS1_GM12878_hg19": ["TTC14", "DFFA", "CAND1", "GGNBP2", "ZDHHC5", "MARCH7"], "TBP_K562_hg19": ["ARF3", "NAPB", "CEBPD", "SAR1B", "AP2A2", "ALAD", "SPRED2", "PSMD6", "GANAB", "CCND2", "BOD1L", "SNRPD2", "IRAK1", "ICT1", "CHCHD7", "ARFIP2", "AP3S1", "HARS", "EIF2B1", "SF3B1", "ST3GAL3", "ATP6V0A1", "TTC14", "CYB5A", "DFFA", "PNO1", "TIMM44", "SRP68", "COMMD4", "ATP13A2", "HNRNPC", "SERINC3", "RAD9A"], "FOXP2_PFSK-1_hg19": ["TSC22D4", "PER1", "FIBP", "ARIH1", "JUNB"], "RXRA_H1-hESC_hg19": ["ARFRP1", "SREBF1", "GGA1", "YTHDF2", "KCNB1"], "TAL1_K562_hg19": ["LRRC58", "ENY2", "MRPS15", "DCUN1D5", "YTHDC1", "SAR1B", "CSTF2", "ADAR", "ALAD", "PPP1CB", "ARFRP1", "ICT1", "DBT", "MAGOH", "PSMD3", "H1FX", "SF3B1", "TSC22D4", "DFFA", "SMARCC1", "YTHDF2", "SSU72", "AP2B1", "HIST2H2BE", "NR4A2", "DPM1", "TM9SF2", "FIBP", "LATS2", "ATG16L1", "DNAJC10", "AKAP9", "CCNG1", "VDAC3", "VAMP1", "DLD"], "IRF3_HeLa-S3_hg19": ["ANP32A", "ZDHHC5", "HNRNPR", "AP2A1", "MSMO1", "ACTB", "NSDHL", "DBP", "CAND1", "SNRPD2", "PRADC1", "CHCHD7", "OGFOD2", "PSMD3", "USP1", "AP3S1", "BCAS3", "RAB4B", "TIMM44", "NR1D1", "ILF2", "HIST2H2BE", "PER2", "DPM1", "HNRNPL", "COPS3", "CCNG1", "KLF9", "OGDH", "VAMP1", "DHCR7", "HNRNPC"], "MYC_NB4_hg19": ["NAPB", "MRPS15", "RAP1GDS1", "RASAL1", "MSMO1", "TANK", "AP2A2", "TRAK2", "BOD1L", "TAF1C", "MAGOH", "SPP1", "GNPNAT1", "H1FX", "HARS", "SF3B1", "CAMP", "ST3GAL3", "PRKCG", "ADAM11", "MARCH7", "SRP68", "COMMD4", "NR4A2", "FIBP", "PFKL", "DNAJC10", "FRG1", "PELI1", "PDCD4", "ATP13A2", "DHCR7", "S100A8"], "MAFK_GM12878_hg19": ["LRRC58", "ILF3", "SSU72", "RASAL1", "GAPDH", "ACTB"], "E2F6_K562_hg19": ["GGNBP2", "CEBPD", "SAR1B", "ZDHHC5", "SNX13", "MSMO1", "AP2A2", "PPM1G", "NUDT4", "RNFT1", "PPP2CA", "ALAD", "PPP1CB", "NSDHL", "KIF5B", "PSMD3", "AKT1", "HARS", "PHLDA1", "MAP2K5", "ST3GAL3", "IVNS1ABP", "SMARCC1", "XBP1", "SMAD4", "SACM1L", "SSU72", "MARCH7", "RABGGTA", "HIST2H2BE", "COMMD4", "U2SURP", "PER1", "FIBP", "ILF3", "LATS2", "ATG16L1", "GNB1", "CCDC6", "TUBGCP3", "CEBPZ", "RBCK1", "ARF5"], "ESRRA_HepG2_hg19": ["ADI1", "OGDH", "TRAPPC12"], "MAZ_GM12878_hg19": ["ENY2", "MRPS15", "TWF2", "SNX13", "ADAR", "ABCB9", "MED12L", "COCH", "ALAD", "EPS8", "ALCAM", "TAF1C", "TRAPPC12", "METTL5", "HARS", "SH2B3", "CAMP", "DFFA", "XBP1", "SMAD4", "SRP68", "RABGGTA", "COMMD4", "TM9SF2", "PER1", "PSMA6", "IMPAD1", "AKAP9", "FRG1", "VAMP1", "ATP13A2", "RPL22L1", "TUBGCP3", "SERINC3", "RAD9A"], "NANOG_H1-hESC_hg19": ["GANAB", "KCNB1", "COMMD4"]}