{"H3K79me2_osteoblast_hg19": ["MRPS15", "NDRG3", "CSTF2", "PTGS2", "ZFP36L1", "ALAD", "SNRPD2", "CHCHD7", "USP1", "H1FX", "POLR2H", "JUNB", "BCKDHA", "BCAS3", "PHYH", "RAB4B", "COMMD4", "HNRNPL", "PER1", "FIBP", "DNAJC10", "ATP13A2", "DHCR7", "ARF5", "RAD9A"], "H3K4me3_GM12878_hg19": ["CAMK2D", "WDR26", "TM2D1", "EPAS1", "SLC2A1", "TWF2", "LGALSL", "RASAL1", "ZBTB45", "PTGS2", "IGF1R", "HSD11B1", "EPS8", "ARHGAP21", "MAPK9", "GGA1", "PSMD6", "BOD1L", "SNRPD2", "PCBP4", "SIRPA", "SHOC2", "PGLS", "HARS", "ST3GAL3", "ATP6V0A1", "BCAS3", "SMAD4", "YTHDF2", "DTNA", "SYT1", "DYRK1A", "ATP1B2", "COMMD4", "WDR77", "SPNS1", "CCDC6", "OGDH", "CPEB2", "DLD", "NFE2L2", "ABCG2", "CDK5R1"], "H3K27me3_BJ_hg19": ["CNTFR", "ACHE", "PNCK", "CHRM1", "KCNA1", "RAP1GAP", "COCH", "PCSK1N", "CCND2", "MFSD4", "KIF5C", "SNCB", "SULT4A1", "SH3GL2", "PRKCG", "EGR2", "CADPS", "ADAM11", "SRP68", "ATP1B2", "MEIS3", "SYN2", "POU3F3", "TCTE1", "GRIN1", "SLC22A23", "AVP"], "H3K4me2_T-cell acute lymphoblastic leukemia_hg19": ["LRP1", "CSTF2", "LGALSL", "MED12L", "TRAK2", "HSD11B1", "SNRPD2", "PCBP4", "CHCHD7", "SPP1", "ARFIP2", "PGLS", "POLR2H", "AP3S1", "HARS", "EIF2B1", "ST3GAL3", "ATP6V0A1", "BCAS3", "CYB5A", "RAB4B", "RABGGTA", "SLC22A23", "PER2", "CIRH1A", "CDK5R1"], "H3K27me3_endothelial cell of umbilical vein_hg19": ["GRIA1", "CNTFR", "ACHE", "PNCK", "CHRM1", "RGS14", "LRP1", "KCNA1", "STK39", "RASAL1", "RND2", "MED12L", "ELAVL2", "RAP1GAP", "COCH", "RNF112", "PCSK1N", "CCND2", "DBP", "MFSD4", "KIF5C", "CLDN25", "KIF1A", "SNCB", "SULT4A1", "CAMP", "SH3GL2", "PRKCG", "SYT4", "EGR2", "CADPS", "ADAM11", "ATP1B2", "MEIS3", "SYN2", "POU3F3", "TCTE1", "GRIN1", "PARP8", "KCNMA1", "AVP", "HNRNPC", "HCN1"], "H3K36me3_cardiac mesoderm_hg19": ["ENY2", "MRPS15", "SSNA1", "PHF23", "MAZ", "ZBTB45", "AP2A2", "ACTB", "RBM3", "ARFRP1", "NSDHL", "GANAB", "TAF1C", "ARFIP2", "POLR2H", "SMNDC1", "ILF2", "TCTE1", "WDR77", "DPM1", "FIBP", "ZFP62", "PSPC1", "DNAJC10", "CCNG1", "SPNS1", "SRSF2", "DHCR7", "HNRNPC", "GAPDH", "ARF5", "VAMP2", "RAD9A"], "H3K27me3_heart_mm9": ["UGT8A", "PTGS2", "CPLX2", "MED12L", "RAP1GAP", "COCH", "RNF112", "PCSK1N", "MFSD4", "KIF1A", "CRYM", "SNCB", "SH3GL2", "PRKCG", "SYT4", "SYT1", "CADPS", "ADAM11", "MEIS3", "SYN2", "TCTE1", "ZFP68", "NOV", "KCNMA1", "SGK1", "S100A8"], "H3K4me3_fibroblast of lung_hg19": ["SLC2A1", "LGALSL", "AHR", "ELAVL2", "IGF1R", "PSMD6", "SNRPD2", "CDH2", "KIF5C", "DBT", "SIRPA", "ARFIP2", "PGLS", "AP3S1", "JUNB", "SH3GL2", "BCKDHA", "BCAS3", "PACRG", "IFNGR2", "DYRK1A", "ILF2", "PHKA2", "RABGGTA", "HIST2H2BE", "COMMD4", "TCTE1", "WDR77", "SGK1", "ABCG2", "CAMK2D", "WDR26", "TM2D1", "SSNA1", "CSTF2", "LENG8", "PTGS2", "RAP1GAP", "COCH", "TRAK2", "ZFP36L1", "MAPK9", "GGA1", "SH3BGRL", "PTDSS1", "BOD1L", "PCBP4", "H1FX", "SHOC2", "HARS", "CRYM", "SNCB", "ST3GAL3", "SMAD4", "YTHDF2", "RAB4B", "PNO1", "TM9SF2", "ADI1", "MOB2", "KLF9", "DHCR7", "SMAP1", "CPEB2", "NFE2L2", "RAD9A"], "H3K27me3_GM06990_hg19": ["ACHE", "EGR2", "SNCB"], "H3K27me3_GM12878_hg19": ["ACHE", "NFIX", "AHNAK", "EPAS1", "SOWAHC", "KCNA1", "PTGS2", "RND2", "MED12L", "ELAVL2", "COCH", "ADCY6", "IGF1R", "EPS8", "PCSK1N", "CDH2", "FUT9", "CLDN25", "H1FX", "SNCB", "SH3GL2", "SYT4", "EGR2", "DTNA", "SYT1", "CADPS", "ADAM11", "NR1D2", "ATP1B2", "MEIS3", "POU3F3", "GRIN1", "SLC22A23", "NR4A2", "NR4A1", "PFKL", "FRG1", "AVP", "RBCK1", "SGK1", "STX1A", "ABCG2"], "H3K27ac_mammary epithelial cell_hg19": ["LRRC58", "MRPS15", "RGS14", "CSTF2", "LGALSL", "ZBTB45", "HSD17B11", "ELAVL2", "TRAK2", "MAGOH", "GNPNAT1", "SHOC2", "AP3S1", "HARS", "SMNDC1", "SYT1", "PNO1", "TIMM44", "COMMD4", "U2SURP", "WDR77", "DPM1", "PFKL", "DNAJC10", "CEBPZ", "DHCR7", "SGK1"], "H3K4me3_foreskin fibroblast_hg19": ["ENY2", "CAMK2D", "WDR26", "TM2D1", "RAP1GDS1", "SLC2A1", "LGALSL", "LENG8", "MSMO1", "PTGS2", "HSD17B11", "ELAVL2", "IFIT3", "IGF1R", "ZFP36L1", "GCSH", "RNF112", "GGA1", "SH3BGRL", "PTDSS1", "AMMECR1L", "CDH2", "DHX36", "SHOC2", "AP3S1", "CRYM", "SH3GL2", "ST3GAL3", "PHYH", "PACRG", "YTHDF2", "IFNGR2", "DYRK1A", "NR1D2", "PHKA2", "DPM1", "ADI1", "IMPAD1", "MOB2", "AKAP9", "CPEB2", "NFE2L2", "ABCG2"], "H3K4me3_brain microvascular endothelial cell_hg19": ["CAMK2D", "WDR26", "TM2D1", "SLC2A1", "LGALSL", "LENG8", "IGF1R", "ZFP36L1", "GGA1", "PSMD6", "BOD1L", "CDH2", "METTL5", "H1FX", "SH3GL2", "PHYH", "SMAD4", "YTHDF2", "DYRK1A", "HIST2H2BE", "HNRNPL", "NOV", "IMPAD1", "MOB2", "CPEB2", "NFE2L2", "ABCG2"], "H3K4me2_CH12.LX_mm9": ["BCAS3", "NFIX", "DTNA", "GSTO1", "SSNA1", "MRPS33", "RAP1GDS1", "ZBTB45", "ATP1B2", "AHR", "RAP1GAP", "RGS4", "HSD11B1", "1700037H04RIK", "MAPK9", "COPS3", "RNF112", "ZFP68", "PCBP4", "CLDN25", "AKAP9", "OGFOD2", "HARS", "ZFP276"], "H3K27me3_mammary epithelial cell_hg19": ["CNTFR", "ACHE", "KCNA1", "STK39", "RASAL1", "AQP4", "CPLX2", "RAP1GAP", "COCH", "TYMP", "MFSD4", "KIF5C", "FUT9", "KIF1A", "SNCB", "JUNB", "SH3GL2", "CLVS1", "PRKCG", "CYB5A", "KCNB1", "GABRA3", "CADPS", "ADAM11", "NR1D2", "SRP68", "ATP1B2", "MEIS3", "TCTE1", "GRIN1", "GABRG1", "NR4A1", "NOV", "HCN1"], "H3K27ac_skeletal muscle myoblast_hg19": ["MRPS15", "ELOF1", "RAP1GDS1", "CSTF2", "ZBTB45", "HSD17B11", "IGF1R", "PPP3CA", "AMMECR1L", "ICT1", "GNPNAT1", "HARS", "SMNDC1", "ST3GAL3", "BCKDHA", "TIMM44", "TIMM22", "HIST2H2BE", "U2SURP", "PFKL", "FRG1", "SPNS1", "VAMP1", "TRIP12", "CEBPZ", "SOS2"], "H3K4me3_megakaryocyte_mm9": ["PNCK", "RAP1GDS1", "IFIT3", "TRAK2", "ZFP36L1", "RGS4", "MFSD4", "CDH2", "USP1", "HARS", "SNCB", "SREBF1", "BCAS3", "KCNB1", "SACM1L", "DYRK1A", "MEIS3", "ILF2", "SYN2", "RABGGTA", "WDR77", "TM9SF2", "LATS2", "NOV", "KITL", "ZFP62", "KCNMA1", "CCDC6", "SOS2", "PHLDB2", "ABCG2"], "H3K4me1_erythroblast_mm9": ["ENY2", "CAMK2D", "LXN", "NFIX", "GPR137B-PS", "SOWAHC", "RAP1GDS1", "STK39", "AHR", "HSD17B11", "RAP1GAP", "RNFT1", "SNN", "PTDSS1", "ALCAM", "KIF5C", "PRADC1", "MAGOH", "STX6", "H1FX", "CAR8", "SNCB", "SULT4A1", "MAP2K5", "PHYH", "PACRG", "GSTO1", "IRGM1", "TCTE1", "NR4A2", "NR4A1", "ZFP276", "CDK5R1"], "H3K4me3_Panc1_hg19": ["CAMK2D", "SOWAHC", "SSNA1", "CSTF2", "SLC2A1", "LENG8", "PTGS2", "ELAVL2", "IFIT3", "TRAK2", "ARFRP1", "GGA1", "SNRPD2", "CDH2", "FUT9", "METTL5", "ARFIP2", "PGLS", "EIF2B1", "SNCB", "SMNDC1", "ST3GAL3", "BCKDHA", "TSC22D4", "BCAS3", "RAB4B", "PTGES2", "ILF2", "PHKA2", "RABGGTA", "TCTE1", "FIBP", "CIRH1A", "CCDC6", "TRIP12", "CEBPZ", "CPEB2", "ABCG2", "CDK5R1", "HCN1", "RAD9A"], "H3K4me1_liver_mm9": ["CNTFR", "ACHE", "PNCK", "SSNA1", "USP33", "ADAR", "RASAL1", "NR3C1", "HSD17B11", "RAP1GAP", "HSD11B1", "ARHGAP21", "C4A", "KIF5C", "ZFP385A", "OGFOD2", "ZFP53", "STX6", "SPP1", "PGLS", "HARS", "ARGLU1", "SULT4A1", "IER2", "ZKSCAN14", "ATP6V0A1", "EGR2", "DTNA", "SGIP1", "2700094K13RIK", "ADAM11", "SYN2", "COMMD4", "GABRG1", "NR4A1", "1700037H04RIK", "PPA2", "KIF2A", "IMPAD1", "SPNS1", "RPL22L1", "DHCR7", "S100A8", "TPRGL", "ABCG2", "RAD9A"]}