{"HOXC9-25013753-NEUROBLASTOMA BE2-C-HUMAN": ["PRPF38B", "RNF8", "IMMT", "DBI", "CHD4", "RXRB", "DGUOK", "RPS15A", "OS9", "H2AFJ", "RDH11", "ATP5E", "CDC37", "INPP5J", "E4F1", "UQCRC2", "HNRNPH3", "MFGE8"], "RBPJ-21746931-IB4-LCL-HUMAN": ["ADPGK", "POMP", "LY86", "FBXL15", "NAV2", "ZDHHC14", "GNAI2", "ARNTL", "INPP5B", "STK11", "GNG2", "KCNS2", "DOLPP1", "CDC37", "TIPRL", "CRAMP1L", "ST3GAL5", "LPIN1", "MYH7"], "EBNA2-21746931-IB4-LCL-HUMAN": ["SNAP23", "POMP", "LY86", "NAV2", "ARNTL", "INPP5B", "STK11", "H2AFJ", "DOLPP1", "TIPRL", "ST3GAL5", "LPIN1", "MYH7"], "GFI1B-20887958-HPC-7-MOUSE": ["ADPGK", "POMP", "RNF8", "MGST2", "ARID3A", "FBXL15", "SAFB", "GDAP2", "SENP6", "PURB", "RXRB", "SLC9A3R1", "PPP2CB", "GOLGA4", "TYROBP", "UBE2R2", "CDC37", "UNC50", "PFDN2", "GLUL", "STX4A"], "STAT3-18555785-MESC-MOUSE": ["CD93", "FICD", "ZFR2", "LY86", "DIO2", "MGST2", "LAMC2", "SLC4A3", "SGPP1", "NPEPPS", "EML5", "PURA", "STK11", "RPS15A", "SLCO3A1", "ZMIZ2", "JARID2", "A4GALT", "GLUL", "SKAP2"], "FOXP1-22492998-STRATIUM-MOUSE": ["HIST1H3B"], "TP53-22573176-HFKS-HUMAN": ["FBXW4", "PRPF38B", "ADPGK", "ZC3H3", "INPP5B", "SENP6", "RXRB", "TM9SF1", "UBE2R2", "BTBD3", "UQCRC2", "PCBD2", "SKAP2"], "RUNX2-22187159-PCA-HUMAN": ["ATF1", "TXNDC9", "ADPGK", "ZC3H3", "TWIST2", "FHL2", "LPAR1", "SLCO5A1", "LAMC2", "SLC4A3", "ZMYM4", "TSPAN9", "BTBD3", "SH3BP2", "LRIG1", "PAPOLA", "JARID2", "A4GALT", "NPTX2", "GSTM3", "CD93", "OSBPL5", "FBXW7", "LRBA", "SHFM1", "NEK7", "PBX3", "RUNDC3A", "YWHAZ", "INPP4A", "KLF7", "KCNS2", "SPATA13", "CRAMP1L", "PSMG1", "STT3B", "LPIN1"], "TP63-22573176-HFKS-HUMAN": ["FAM69B", "LPAR1", "OTUD7B", "DBI", "LAMC2", "KLC1", "SLC4A3", "PSMB10", "GNAI2", "GOLGA4", "RGS3", "U2AF2", "RDH11", "LRIG1", "SERPINH1", "INPP5J", "ST3GAL5", "ABCD1", "ZBTB17", "EIF2B2", "CD93", "GPR56", "KCNJ9", "LRBA", "SHFM1", "SERPINF2", "PBX3", "CIDEB", "MEMO1", "SAFB", "PUM2", "EML5", "HNRNPM", "MED24", "ADORA2A", "SLCO3A1", "STIM1", "COL4A2", "DOLPP1", "FABP7", "PFDN2", "SRSF4", "DNAJC8", "LPIN1", "LY6E"], "SETDB1-19884257-MESC-mouse": ["EOMES", "ATF1", "ARNT2", "FKBP2", "PRPF38B", "KCNJ9", "DLX5", "ARID3A", "CHD4", "MT1", "SLC4A3", "ZDHHC14", "SENP6", "MED24", "OS9", "COL4A1", "TRAF3", "CDC37", "RDH13", "NPTX2", "STX4A", "SKAP2", "LY6E"], "JARID2-20075857-MESC-MOUSE": ["EOMES", "SLC32A1", "DLX5", "TWIST2", "PBX3", "SLCO5A1", "SGPP1", "ZDHHC14", "SLCO3A1", "COL4A2", "FRZB", "COL4A1", "ZMIZ2"], "FOXP3-21729870-TREG-HUMAN": ["TXNDC9", "STARD10", "ACOT13", "ARID3A", "COMMD6", "LRPPRC", "GOLGA4", "RPS15A", "EWSR1", "NEU1", "SERPINH1", "ST3GAL5", "UQCRC2", "JARID2"], "CEBPB-20176806-THIOMACROPHAGE-MOUSE": ["BRD2", "ZFR2", "PTPRO", "VPS37C", "ARID3A", "CNPY2", "RXRB", "SLC9A3R1", "STK11", "OS9", "EWSR1", "RDH11", "MAN1B1", "2010111I01RIK", "LY6E"], "RAD21-21589869-MESC-MOUSE": ["FBXW4", "TXNDC9", "FICD", "INS2", "PTPRO", "SERPINF2", "DIO2", "ARID3A", "SLCO5A1", "HIPK3", "SLC9A3R1", "DGUOK", "STK11", "RPS15A", "SH3BP2", "BOLA2", "PLIN2", "DENND5A", "RDH13", "LPIN1", "SKAP2"], "SMAD4-21799915-A2780-HUMAN": ["ZBTB17", "GALNT2", "LRBA", "SHFM1", "NEK7", "LY86", "FHL2", "LPAR1", "OTUD7B", "ADCY2", "HIPK3", "GDAP2", "LRPPRC", "INPP4A", "KLF7", "BTBD3", "CMPK1", "MFSD1", "RSU1", "PCBD2", "JARID2", "LPIN1", "SKAP2"], "STAT5-23275557-MAMMARY-EPITHELIUM-MOUSE": ["STK11", "SLC15A2", "NEK7", "SNAP23", "PAPOLA", "PLIN2", "UQCRC2", "MT1", "SCD1", "MFGE8", "STK40", "PSMB10"], "POU3F2-20337985-501MEL-HUMAN": ["SLC35A1", "FBXW7", "DLX5", "SHFM1", "NEK7", "PTPRO", "FHL2", "PKD2", "SENP6", "EML5", "GNG2", "BTBD3", "FABP7", "PIGK"], "SUZ12-18974828-MESC-MOUSE": ["EOMES", "SLC32A1", "DLX5", "PTPRO", "ST8SIA3", "TWIST2", "FHL2", "PBX3", "SGPP1", "ZDHHC14", "CLDN5", "GJB2", "ADORA2A", "SLCO3A1", "COL4A2", "FRZB", "COL4A1", "MFSD1", "IGFBP6", "NPTX2"], "BACH1-22875853-HELA-AND-SCP4-HUMAN": ["SENP6", "ARNT2", "ADAM28", "RGS3", "FRZB", "TSPAN9", "FABP7", "DIO2", "DBI", "RSU1", "NAV2", "HIST1H3B"], "RBPJ-22232070-NCS-MOUSE": ["KLF7"]}