{"NFATC3 (human)": ["ARNT2", "SNAP23", "MFSD1"], "NFE2L1 (human)": ["FRZB"], "TBX5 (human)": ["RNF8"], "Arnt (mouse)": ["NMB", "PUM2"], "Tal1::Gata1 (mouse)": ["ARNT2"], "MYCN (human)": ["SAFB"], "CEBPE (human)": ["ADAM28", "DBI", "SGPP1"], "RUNX1 (mouse)": ["ADSS"], "FOXA2 (human)": ["OVGP1"], "SOX2 (human)": ["OTUD7B"], "HNRNPK (human)": ["KLF7"], "VDR (human)": ["PCP4L1"], "IRF7 (human)": ["L1CAM"], "CPEB1 (human)": ["LAMC2"], "GABPA (human)": ["FRZB", "FBXL15"], "MXI1 (human)": ["ENOPH1"], "MAFB (human)": ["FSCN1"], "MIR210 (human)": ["SLC35A1", "NOMO1"], "FOXM1 (human)": ["VIP"], "NCOA1 (human)": ["TSSC4", "COL4A1"]}