{"H3K36me3 Muscle Satellite Cultured Cells": ["FBXW7", "ATP5E", "PFDN2"], "H3K36me3 Duodenum Mucosa": ["RPS15A", "CNPY2"], "H3K36me3 CD4+ CD25- Th Primary Cells": ["POLR2C"], "H3K9me3 Colonic Mucosa": ["EOMES", "ATP6AP1", "PCP4L1", "ZFR2", "ABCD1"], "H3K9me3 Bone Marrow Derived Mesenchymal Stem Cell Cultured Cells": ["PSMD10", "POMP"], "H3K9me3 Rectal Smooth Muscle": ["SLC32A1", "ZDHHC9", "PCP4L1"], "H3K36me3 Chondrocytes from Bone Marrow Derived Mesenchymal Stem Cell Cultured Cells": ["POLR2C"], "H3K36me3 Fetal Lung": ["SLC35A1", "FKBP2", "TMEM11", "ENOPH1", "HIPK3"], "H3K36me3 Stomach Smooth Muscle": ["RPS15A", "POLR2C"], "H3K36me3 CD4+ CD25- IL17+ PMA-Ionomcyin stimulated Th17 Primary Cells": ["S100A5"], "H3K9me3 Brain Inferior Temporal Lobe": ["DIO2"], "H3K36me3 CD4+ CD25- CD45RA+ Naive Primary Cells": ["POLR2C", "STK40"], "H3K36me3 Brain Cingulate Gyrus": ["RPS15A", "CECR5", "POLR2C"], "H3K27me3 CD4 Naive Primary Cells": ["SLC12A5", "EFNB3", "PCP4L1", "KCNJ9", "ST8SIA3", "RDH13"], "H3K36me3 Brain Mid Frontal Lobe": ["CECR5", "POLR2C", "CNPY2"], "H3K36me3 Brain Germinal Matrix": ["POLR2C"], "H3K36me3 Fetal Heart": ["ATP5E", "POLR2C"], "H3K36me3 CD4 Memory Primary Cells": ["RPS15A", "TAF10"], "H3K36me3 Bone Marrow Derived Mesenchymal Stem Cell Cultured Cells": ["RPS15A"], "H3K36me3 CD8 Naive Primary Cells": ["TSSC4", "TAF10", "POLR2C", "LCAT"]}