{"AGCGCAG,MIR-191": ["UBAP2"], "AACGGTT,MIR-451": ["YWHAZ"], "TATCTGG,MIR-488": ["FBXW7"], "CAGGTCC,MIR-492": ["PURB"], "GTAGGCA,MIR-189": ["BTBD3"], "GTGTCAA,MIR-514": ["TSPAN9"], "TCTATGA,MIR-376A,MIR-376B": ["DLX5"], "ACAACCT,MIR-453": ["FBXW7"], "TCCGTCC,MIR-184": ["UBAP2"], "TCTAGAG,MIR-517": ["DCX"], "AGTTCTC,MIR-146A,MIR-146B": ["KLF7"], "AAGTCCA,MIR-422B,MIR-422A": ["STIM1", "GNAI2"], "CAAGGAT,MIR-362": ["NPEPPS"], "TCTGATC,MIR-383": ["UBE2R2"], "CCTGAGT,MIR-510": ["ZDHHC9"], "GGTAACC,MIR-409-5P": ["ZDHHC9"], "GTAAGAT,MIR-200A": ["PURB"], "GGCACAT,MIR-455": ["GDAP2"], "CACGTTT,MIR-302A": ["PURA"], "GCAAGAC,MIR-431": ["LAMC2"]}