{"CHD7_H1-hESC_hg19": ["PSMD10", "EIF2B2", "ZFR2", "ZC3H3", "POMP", "OTUD7B", "LAMC2", "CNPY2", "YWHAZ", "INPP5B", "PURB", "ADCYAP1", "ADAM28", "H2AFJ", "DOLPP1", "POLR2C", "FABP7", "PSME3", "PIGK", "KCNK1", "GLUL", "SKAP2"], "TCF7L2_HeLa-S3_hg19": ["PSMD10", "ATF1", "PRKAG1", "RNF8", "CXXC1", "DGUOK", "PPP2CB", "OS9", "NDNL2", "POLR2C", "NEU1", "UBXN8", "SH3BGRL2", "RDH13", "IGFBP6", "FBXW4", "PRPF38B", "MBD6", "ATP6AP1", "IMMT", "DYNLL1", "COMMD6", "SGPP1", "COL4A2", "COL4A1", "FSCN1", "DNAJC8", "HNRNPH3", "LPIN1"], "CTBP2_H1-hESC_hg19": ["SPECC1", "ARNT2", "EIF2B2", "FICD", "LRBA", "LAMC2", "FBXL15", "COMMD6", "COL4A2", "COL4A1", "TMEM11", "ISOC1", "ST3GAL5", "PSMG1", "RSU1", "ANP32B", "UQCRC2", "ZSWIM7", "IGFBP6", "NPTX2", "MFGE8", "SKAP2"], "STAT3_MCF 10A_hg19": ["PSMD10", "TXNDC9", "SNAP23", "WBP4", "PRKAG1", "DBI", "CHD4", "DGUOK", "PPP2CB", "GOLGA4", "ADAM28", "RPS15A", "OS9", "H2AFJ", "RDH11", "UBXN8", "MFSD1", "ADSS", "ZBTB17", "TAF10", "STARD10", "NEK7", "VPS37C", "IMMT", "CNPY2", "COMMD6", "SAFB", "YWHAZ", "GDAP2", "TM9SF1", "EWSR1", "CDC37", "UNC50", "TIPRL", "SRSF4", "MAN1B1", "HNRNPH3", "SKAP2"], "CHD7_K562_hg19": ["ATF1", "ZBTB17", "ADPGK", "LRBA", "PRKAG1", "OTUD7B", "IMMT", "ACOT13", "DGUOK", "HNRNPM", "TMEM11", "POLR2C", "CDC37", "PSME3", "UBXN8", "PAPOLA", "MFSD1", "PSMG1", "RSU1", "MAN1B1", "ZSWIM7", "KCNK1"], "MAX_H1-hESC_hg19": ["TXNDC9", "ADPGK", "RNF8", "KLC1", "INPP5B", "DGUOK", "GOLGA4", "ADAM28", "DPP7", "OS9", "RDH11", "POLR2C", "NEU1", "UBXN8", "PAPOLA", "SH3BGRL2", "E4F1", "RSU1", "EOMES", "ZBTB17", "PCP4L1", "KCNJ9", "ZFR2", "SHFM1", "ACOT13", "YWHAZ", "INPP4A", "MOB1B", "HNRNPM", "ADCYAP1", "FABP7", "PSMG1", "ANP32B", "DNAJC8"], "POLR3A_K562_hg19": ["WBP4", "CMPK1", "STK40"], "ZNF143_HeLa-S3_hg19": ["ZBTB17", "PRPF38B", "ATP6AP1", "POMP", "FBXL15", "KLC1", "INPP5B", "PPP2CB", "TM9SF1", "GOLGA4", "RPS15A", "OS9", "RDH11", "POLR2C", "UNC50", "SPATA13", "NEU1", "ISOC1", "ZSWIM7", "ENOPH1", "SKAP2"], "RXRA_SK-N-SH_hg19": ["PCGF2", "OTUD7B", "IGFBP6"], "POLR2A_H54_hg19": ["EOMES", "PPTC7", "ADPGK", "ZC3H3", "STARD10", "LPAR1", "OTUD7B", "PSMB10", "INPP4A", "PURB", "MOB1B", "HNRNPM", "EFNB3", "NDNL2", "TRAF3", "ATP5E", "GIPC1", "CDC37", "UNC50", "SPATA13", "PFDN2", "NOMO1"], "CTCF_kidney_hg19": ["SLC35A1", "ZBTB17", "TXNDC9", "ADPGK", "ST13", "WBP4", "LPAR1", "CIDEB", "DYNLL1", "COMMD6", "INPP5B", "SENP6", "MOB1B", "DGUOK", "ZDHHC9", "NDNL2", "TMEM11", "POLR2C", "TIPRL", "ISOC1", "PFDN2", "E4F1"], "RXRA_H1-hESC_hg19": ["GABRB2", "OTUD7B", "ABCD1"], "RELA_GM19099_hg19": ["PRPF38B", "INTS3", "POMP", "PRKAG1", "PSMB10", "GNAI2", "SENP6", "SLC9A3R1", "PPP2CB", "TM9SF1", "HNRNPM", "RPS15A", "H2AFJ", "ATP5E", "TIPRL", "NEU1", "FSCN1", "UBXN8", "E4F1", "ANP32B", "ADSS", "RPS23"], "E2F4_myocyte_mm9": ["FKBP2", "PRPF38B", "ATP6AP1", "ADPGK", "INTS3", "PRKAG1", "RNF8", "IMMT", "HIPK3", "SGPP1", "PUM2", "MOB1B", "SLC9A3R1", "RAB23", "GIPC1", "UNC50", "NEU1", "SH3BGRL2", "MAN1B1", "DNAJC8", "ZSWIM7", "PCBD2", "ADSS"], "REST_HL-60_hg19": ["VIP", "RUNDC3A"], "CTCF_liver_mm9": ["TAF10", "LPAR1", "RNF8", "CIDEB", "ADCY2", "HIPK3", "PPP2CB", "FAM101B", "GJB2", "GNG2", "ADORA2A", "SLCO3A1", "TSPAN9", "RDH11", "POLR2C", "BOLA2", "NEU1", "ANP32B", "UQCRC2", "STK40", "NOMO1", "AAMDC"], "MXI1_HepG2_hg19": ["EIF2B2", "TAF10", "VPS37C", "MTSS1L", "ACOT13", "KLC1", "DYNLL1", "COMMD6", "RUNDC3A", "PSMB10", "LRPPRC", "ARNTL", "NPEPPS", "TM9SF1", "HNRNPM", "FSCN1", "PAPOLA", "SH3BGRL2", "UBAP2", "PSMG1", "RSU1", "STK40"], "JUND_T47D_hg19": ["KLC1", "HDAC7"], "MEF2C_GM12878_hg19": ["KLF7", "HIST1H3B"], "EP300_H1-hESC_hg19": ["ZC3H3", "WBP4", "TWIST2", "LPAR1", "OTUD7B", "CECR5", "ZMYM4", "U2AF2", "NDNL2", "ATP5E", "INPP5J", "DENND5A", "SPECC1", "ZBTB17", "PRPF38B", "MBD6", "ST13", "COMMD6", "LRPPRC", "MOB1B", "EWSR1", "GIPC1", "PSME3", "PFDN2", "SRSF4", "MAN1B1", "UQCRC2", "STK40"]}