{"H3K27me3_small intestine_mm9": ["EOMES", "ARNT2", "GABBR1", "SLC12A5", "PCP4L1", "DLX5", "PTPRO", "TWIST2", "ADCY2", "NAV2", "PKD2", "EML5", "GJB2", "EFNB3", "GNG2", "FRZB", "ST3GAL5", "DENND5A", "SCD1", "A4GALT", "NPTX2"], "H3K27ac_GM12878_hg19": ["NMB", "SPAG7", "EIF2B2", "TAF10", "ZC3H3", "STARD10", "POMP", "PRKAG1", "ARID3A", "TMEM160", "PDCD2L", "DPP7", "ZMYM4", "NDNL2", "GIPC1", "PSME3", "UBXN8", "UQCRC2", "PCBD2", "GLUL"], "H3K4me1_megakaryocyte_mm9": ["EOMES", "GSTM3", "ARNT2", "PLA2G4F", "GABBR1", "RBFOX2", "FHL2", "LPAR1", "DIO2", "LAMC2", "CNPY2", "FBXL15", "L1CAM", "HDAC7", "ARNTL", "SELENBP2", "GJB2", "MED24", "FRZB", "NEU1", "LRIG1", "S100A5", "A4GALT", "HMGN1"], "H3K4me3_ES-Bruce4_mm9": ["IFITM10", "ZFR2", "FAM69B", "LPAR1", "VPS37C", "FBXL15", "HNF1A", "GDAP2", "INPP5B", "TM9SF1", "CD59A", "DPP7", "DOLPP1", "CDC37", "BOLA2", "LRIG1", "PLIN2", "EIF2S3X", "RDH13"], "H3K4me1_spleen_mm9": ["EOMES", "ARNT2", "NMB", "FAM69B", "LRBA", "PCGF2", "ZC3H3", "FHL2", "NAV2", "L1CAM", "INPP5B", "EML5", "DPP7", "TSPAN9", "ATP5E", "TMEM119", "UBXN8", "SH3BGRL2", "PSMG1", "NPTX2", "STX4A"], "H3K4me3_heart_mm9": ["TXNDC9", "WBP4", "LPAR1", "PDCD2L", "INPP5B", "PURA", "DPP7", "ZMYM4", "RDH11", "LRIG1", "UBXN8", "SH3BGRL2", "EIF2S3X", "RSU1", "CAR12", "HIST1H3B", "SLC35A1", "NMB", "IFITM10", "ZFR2", "NEK7", "DYNLT1A", "VPS37C", "ARID3A", "GDAP2", "LRPPRC", "CDC37", "BOLA2", "TMEM119", "PSMG1"], "H3K27ac_T-cell acute lymphoblastic leukemia_hg19": ["SPAG7", "SLC12A5", "STARD10", "POMP", "PBX3", "VPS37C", "TMEM160", "SAFB", "GDAP2", "PDCD2L", "ARNTL", "EML5", "NDNL2", "POLR2C", "GIPC1", "PSME3", "PIGK", "CMPK1", "DNAJC8", "SKAP2"], "H3K4me2_endothelial cell of umbilical vein_hg19": ["ATF1", "SPAG7", "SLC12A5", "ZC3H3", "SNAP23", "ARID3A", "ARNTL", "EML5", "TM9SF1", "FRZB", "KCNS2", "PSME3", "PIGK", "UBXN8", "MFSD1", "MAN1B1", "UQCRC2", "PCBD2", "ABCD1", "STK40"], "H3K4me2_fibroblast of lung_hg19": ["SPECC1", "PCP4L1", "FAM69B", "RUNDC3A", "GDAP2", "ZDHHC14", "ARNTL", "TM9SF1", "STK11", "GJB2", "FRZB", "COL4A1", "KCNS2", "GIPC1", "PSME3", "INPP5J", "SH3BGRL2", "UQCRC2", "RDH13", "PCBD2"], "H3K27me3_endothelial cell of umbilical vein_hg19": ["GABRB2", "DLX5", "PTPRO", "LPAR1", "SLCO5A1", "ADCY2", "SLC4A3", "EFNB3", "GNG2", "CECR5", "FRZB", "RDH13", "A4GALT", "NPTX2", "EOMES", "SPECC1", "ARNT2", "IFITM10", "SLC15A2", "SLC32A1", "PCP4L1", "KCNJ9", "ZFR2", "ST8SIA3", "FBXL15", "RUNDC3A", "EML5", "ADCYAP1", "KCNS2", "FABP7", "KCNK1"], "H3K27ac_keratinocyte_hg19": ["BTG2", "PLA2G4F", "ATP6AP1", "INTS3", "TAF10", "ZC3H3", "KLC1", "COMMD6", "PDCD2L", "LRPPRC", "MED24", "ZMIZ2", "UBXN8", "MFSD1", "SH3BGRL2", "PSMG1", "RSU1", "UQCRC2", "STT3B"], "H3K4me3_astrocyte_hg19": ["PCP4L1", "CIDEB", "DBI", "EML5", "TM9SF1", "GJB2", "DPP7", "DOLPP1", "ZMIZ2", "PIGK", "SERPINH1", "UBXN8", "PFDN2", "PLIN2", "MAN1B1", "UQCRC2", "STT3B", "SNRNP25", "PCBD2", "ABCD1"], "H3K4me3_T-cell acute lymphoblastic leukemia_hg19": ["SPAG7", "SLC12A5", "TAF10", "STARD10", "LY86", "VPS37C", "ARID3A", "DBI", "ARNTL", "KLF7", "TM9SF1", "TSPAN9", "GIPC1", "PIGK", "UBXN8", "UQCRC2", "SNRNP25", "STK40", "NOMO1"], "H3K79me2_osteoblast_hg19": ["PCGF2", "STARD10", "SAFB", "PDCD2L", "ZDHHC14", "INPP5B", "FAM101B", "MED24", "TSPAN9", "ATP5E", "PSME3", "UNC50", "ISOC1", "PFDN2", "MAN1B1", "UQCRC2", "HNRNPH3", "IGFBP6", "RPS23"], "H3K36me3_endothelial cell of umbilical vein_hg19": ["TSSC4", "FICD", "FAM69B", "LCAT", "DBI", "HDAC7", "PURB", "DPP7", "RPS15A", "OS9", "U2AF2", "ZMIZ2", "NEU1", "SERPINH1", "ADSS", "NMB", "MBD6", "TAF10", "NEK7", "ACOT13", "FAM101B", "TM9SF1", "PSME3", "UNC50", "SPATA13", "PFDN2", "PLIN2", "ANP32B", "SNRNP25"], "H3K27me3_HepG2_hg19": ["PTPRO", "WBP4", "CXXC1", "ACOT13", "COMMD6", "SAFB", "YWHAZ", "HIPK3", "GDAP2", "KLF7", "CECR5", "H2AFJ", "CDC37", "FABP7", "PSME3", "UNC50", "CMPK1", "UBXN8", "MFSD1", "UQCRC2", "IGFBP6"], "H3K9me1_keratinocyte_hg19": ["FKBP2", "BTG2", "MBD6", "DBI", "GDAP2", "ZDHHC14", "LRPPRC", "PURB", "KLF7", "OS9", "GIPC1", "CDC37", "ZMIZ2", "NEU1", "DENND5A", "MAN1B1", "UQCRC2", "ZSWIM7", "A4GALT"], "H3K4me3_brown adipose tissue_mm9": ["SPECC1", "IFITM10", "ZFR2", "FAM69B", "WBP4", "VPS37C", "CIDEB", "ARID3A", "FBXL15", "INPP5B", "PURA", "DPP7", "ZMYM4", "RDH11", "CDC37", "2810025M15RIK", "LRIG1", "SH3BGRL2", "EIF2S3X", "RSU1", "STT3B"], "H3K4me3_Panc1_hg19": ["ATF1", "ZC3H3", "SNAP23", "CXXC1", "DBI", "PSMB10", "DPP7", "EFNB3", "U2AF2", "ZMIZ2", "LRIG1", "UBXN8", "INPP5J", "ISOC1", "HIST1H3B", "GLUL", "ABCD1", "NOMO1", "NMB", "SPAG7", "SLC12A5", "PCP4L1", "ST13", "YWHAZ", "HIPK3", "GDAP2", "ADCYAP1", "DOLPP1", "CDC37", "PIGK", "PLIN2", "UQCRC2"], "H3K4me3_kidney_mm9": ["IFITM10", "TXNDC9", "DLX5", "ZFR2", "FAM69B", "ZC3H3", "NEK7", "WBP4", "LPAR1", "VPS37C", "FBXL15", "GDAP2", "DPP7", "RDH11", "CDC37", "FABP7", "BOLA2", "TMEM119", "SH3BGRL2", "RSU1", "STT3B"]}