{"AGTCAGC,MIR-345": ["SMARCA1"], "CGCTGCT,MIR-503": ["SMARCA1"], "GTCAGGA,MIR-378": ["SLC7A1"], "GTAAACC,MIR-299-5P": ["CTCF"], "CGTCTTA,MIR-208": ["QKI"], "CAGGTCC,MIR-492": ["DBN1"], "GTGTCAA,MIR-514": ["C7"], "AGTTCTC,MIR-146A,MIR-146B": ["CD79B"], "ACAACCT,MIR-453": ["LAS1L"], "GCTGAGT,MIR-512-5P": ["MAP1A"], "TCTAGAG,MIR-517": ["TWIST1"], "GTACAGG,MIR-486": ["PDZRN3"], "GTAAGAT,MIR-200A": ["QKI"], "TCCCCAC,MIR-491": ["MAP1A"], "TGCACGA,MIR-517A,MIR-517C": ["DBN1"], "TACGGGT,MIR-99A,MIR-100,MIR-99B": ["TRIB2"], "ACATATC,MIR-190": ["DMD"], "TAGGTCA,MIR-192,MIR-215": ["DYRK3"], "CAGTCAC,MIR-134": ["ACSL1"], "CACGTTT,MIR-302A": ["DACH1"]}