{"HOXC9-25013753-NEUROBLASTOMA BE2-C-HUMAN": ["OAT", "IFIT1", "CDC14A", "AQP1", "LGALS1", "SCFD2", "LDLR", "AGFG2", "MCL1", "MAP2K6", "TTC14", "ELOVL5", "ARL15", "TESC", "HGF", "ELOVL6", "IFT80", "MUT", "NR0B2", "ARMCX1", "GOLPH3", "PPP2R2B", "HAND1", "VPS41", "ACOX3"], "FOXP1-21924763-HESC-HUMAN": ["IFITM3", "APP", "AHCTF1", "ASAH1", "PLVAP", "OAT", "LTC4S", "USP18", "CDC14A", "GNAI1", "CTGF", "BBC3", "LRP6", "SMG6", "TMEM47", "GHR", "SOCS3", "LGALS1", "TCEAL1", "CLIC1", "PCMTD1", "IL13RA1", "SLC34A3", "NPDC1", "DUSP4", "PKLR", "GPR56", "TPM4", "NEK5", "ELOVL5", "VPS13C", "STAC3", "ELOVL6", "APOA4", "A2ML1", "MEIS2", "ACADSB", "INHBC", "RIPPLY1", "ACLY", "DAB2", "PPP1R3B", "MARS", "S100A6", "THRSP", "ACOX3", "PICALM"], "E2F4-21247883-LYMPHOBLASTOID-HUMAN": ["LEPROT", "SLC43A2", "CCNF", "CREM", "CDC14A", "SMG6", "SOCS2", "FUT8", "CSRP1", "GNG5", "COTL1", "HNRNPA1", "MYH10", "S100A11", "MCL1", "MGEA5", "SDS", "SLC30A1", "IRAK3", "DDHD1", "MEIS2", "ADORA2B", "NEDD4", "DPYD", "VIM", "SSX2IP"], "ZFX-18555785-MESC-mouse": ["ATF2", "AHCTF1", "SCHIP1", "INSIG1", "LENG9", "CLEC14A", "ABHD5", "HMGCR", "LTC4S", "MTMR7", "SMG6", "SOCS3", "LMAN1", "PPP3R1", "IMMP2L", "RSRC1", "SLC25A21", "MPZL1", "MCL1", "TTC14", "PKLR", "TPM4", "TMEM50B", "SSR3", "ATRX", "SLC30A1", "NR0B2", "ACADSB", "ACLY", "XK", "ZFP62", "FASN", "SLC25A30", "EIF1A"], "STAT3-22323479-MACROPHAGE-MOUSE": ["SOCS3", "PPP1R3B", "PIK3R1"], "KLF4-18555785-MESC-mouse": ["IFITM3", "AHCTF1", "CCNF", "PIK3R1", "NID2", "AACS", "RTN4", "LRP6", "SOCS2", "SOCS3", "MAPK9", "LMAN1", "CSRP1", "OXCT1", "STX2", "PCMTD1", "TTC14", "CAST", "ZFP655", "ARL15", "ELMOD2", "IRAK3", "RIPPLY1", "ACLY", "MARS", "MFAP3", "MYH9"], "RBPJ-21746931-IB4-LCL-HUMAN": ["IFITM3", "G6PC", "ELOVL5", "MX2", "LENG9", "VPS13B", "TMEM163", "GCK", "LRP6", "EFNA1", "RNF144A", "RASSF10", "FXYD2", "MFAP3", "S100A6", "COTL1", "MYH9", "CD48", "RTN4IP1", "PRTFDC1", "FERMT3"], "MYC-18358816-MESC-mouse": ["AHCTF1", "SLC43A2", "CCNF", "GIMAP5", "NR3C1", "LTC4S", "NID2", "AACS", "ACAT2", "SOCS2", "SCFD2", "ARSK", "ZFP260", "EMB", "LDLR", "MYH10", "MCL1", "MAP2K6", "ZFP655", "SRD5A1", "ARL15", "SLC30A1", "IFT80", "IRAK3", "PARP14", "MUT", "GCK", "FABP5", "PPP1R3B", "ADORA2B", "NEDD4", "MARS", "FASN", "ACOX3", "RTN4IP1", "ANGPTL4", "EIF1A"], "FOXO3-22982991-MACROPHAGES-MOUSE": ["OAT", "CPQ", "CCNF", "CUL2", "GNAI3", "NPL", "PIK3R1", "ACAT2", "LRP6", "SPN", "CSRP1", "GNG5", "GPBP1", "STX2", "HNRNPA1", "TTC14", "ZFP655", "MGEA5", "VPS13B", "PPP2R3A", "ACADSB", "MARS", "MFAP3", "IGTP", "SSX2IP"], "CREM-20920259-GC1-SPG-MOUSE": ["ATF2", "SH3GL3", "AHCTF1", "DDX3X", "ONECUT1", "CCNF", "CDC14A", "AACS", "SMG6", "IMMP2L", "NAMPT", "GPBP1", "COTL1", "SCAPER", "PCMTD1", "DUSP4", "ZFP655", "TPM4", "ELOVL5", "ELMOD2", "SSR3", "VPS13B", "SLC30A1", "ELOVL6", "SHISA3", "IRAK3", "RNF144A", "ACLY", "ACOX3", "EIF1A", "SSX2IP", "PRIM2", "OAT", "SLC43A2", "INSIG1", "GNAI3", "LENG9", "CREM", "ABHD5", "HMGCR", "MLLT3", "TRHDE", "FAM117B", "RTN4", "LRP6", "TGOLN2", "SLC9A3R1", "SOCS3", "MAPK9", "PPP3R1", "FUT8", "DRAM1", "SCFD2", "ATXN1L", "SLC25A21", "STX2", "MYH10", "MPZL1", "MCL1", "TTC14", "MGEA5", "SRD5A1", "GPR108", "TMEM50B", "PPP2R3A", "DDHD1", "ACADSB", "DAB2", "GOLPH3", "XK", "MARS", "FASN", "PICALM", "TAF1"], "TP63-22573176-HFKS-HUMAN": ["FAM89A", "CCNF", "FAIM3", "AACS", "IL18BP", "C4A", "IMMP2L", "AMMECR1L", "ME3", "EMB", "DUSP4", "CADPS2", "ABCC2", "TPM4", "ATRX", "ELOVL6", "SYTL2", "IL1A", "PROCR", "MYH9", "MET", "CUL2", "TRHDE", "NID2", "AKAP2", "SOCS3", "RASSF10", "SCFD2", "HNRNPA1", "LDLR", "MPZL1", "S100A11", "NFE2", "MGEA5", "GPR56", "CAV2", "TMEM50B", "STAC3", "ISG15", "DDHD1", "MEIS2", "ARHGAP25", "GFAP", "EFNA1", "FABP4", "FABP5", "ZFP62", "PPP2R2B", "FXYD2", "NOX4", "THRSP", "FCGR2B", "PICALM", "SPSB4"], "BCL11B-21912641-STHDH STRIATAL CELLS-MOUSE": ["HIST1H4B", "LDLR", "FHIT"], "YY1-23942234-MYOBLASTS AND MYOTUBES-MOUSE": ["APP", "ST6GAL1", "DDX3X", "SEMA3D", "ZFP317", "ATRX", "GNAI3", "IFT80", "LIN7A", "ACYP2", "MEIS2", "GNAI1", "LMAN1", "DPYD", "GPBP1", "ZFP260", "MET"], "PRDM14-21183938-MESC-MOUSE": ["SEMA3D", "OAS1A", "NPL", "ABHD5", "HMGCR", "TMEM163", "AACS", "SOCS2", "SOCS3", "CSRP1", "GPBP1", "SCD1", "STX2", "MYH10", "PCMTD1", "NFE2", "KCNJ8", "ARL15", "TESC", "HGF", "SLC30A1", "ISG15", "MEIS2", "VPS41", "GNB4"], "SIN3B-21632747-MESC-MOUSE": ["ATF2", "CXCL9", "PLVAP", "ONECUT1", "GIMAP5", "AACS", "BBC3", "SMG6", "CSRP1", "RSRC1", "PLCE1", "SCD1", "CLIC1", "CD53", "ELOVL6", "IRAK3", "ACYP2", "MUT", "SEPT2", "DPYD", "ACOX3", "OAT", "SLC43A2", "INSIG1", "ABHD5", "RTN4", "SOCS2", "SOCS3", "FUT8", "RASSF10", "OXCT1", "IGFBP7", "SLC25A21", "ZFP260", "STX2", "LDLR", "MYH10", "MCL1", "MAP2K6", "NPDC1", "AFAP1L2", "SRD5A1", "PARP14", "ACADSB", "GCK", "HIST1H4B", "MFAP3", "GPR182", "VPS41", "VIM"], "CIITA-18437201-Raji B cells and iDC-human": ["C4A", "NPL"], "FLI1-21571218-MEGAKARYOCYTES-HUMAN": ["AHCTF1", "NXT2", "AACS", "BBC3", "SMG6", "GHR", "LGALS1", "CSRP1", "RSRC1", "COTL1", "ME3", "PCMTD1", "DUSP4", "ST6GAL1", "G6PD", "TPM4", "TESC", "ELMOD2", "VPS13B", "SERPINB9", "IRAK3", "ACYP2", "MUT", "SEPT2", "PLA2G16", "IL1A", "MS4A6A", "PPP1R3B", "IL1B", "MYH9", "ACOX3", "PRIM2", "INSIG1", "CUL2", "GNAI3", "CREM", "LIN7A", "PIK3R1", "ARHGAP15", "GNAI1", "TGOLN2", "SLC9A3R1", "SOCS3", "PPP3R1", "FUT8", "GNG5", "SCFD2", "IGFBP7", "HARS", "STX2", "HNRNPA1", "LDLR", "S100A11", "TTC14", "PTPN18", "MGEA5", "GPR108", "ARHGAP25", "INHBC", "HIST1H4B", "PPP2R2B", "MARS", "MFAP3", "GPR182", "LCN2", "GNB4", "PICALM"], "XRN2-22483619-HELA-HUMAN": ["OAT", "DDX3X", "ARL15", "INSIG1", "LENG9", "STAC3", "IFT80", "ACADSB", "EFNA1", "TGOLN2", "GREM2", "MFAP3", "FASN", "HMCN1", "ACOX3", "ITGB1BP2", "HNRNPA1"], "EGR1-20690147-ERYTHROLEUKEMIA-HUMAN": ["SH3GL3", "APP", "STEAP4", "DDX3X", "FAM89A", "SCHIP1", "CCNF", "CDC14A", "BBC3", "AQP1", "SPN", "GHR", "IMMP2L", "LGALS1", "GPBP1", "COTL1", "CLIC1", "SLC34A3", "CADPS2", "SDS", "G6PC", "TPM4", "ARL15", "TESC", "VPS13B", "SERPINB9", "SLC30A1", "APOA4", "IRAK3", "MUT", "PROCR", "DPYD", "ANGPTL4", "GAS6", "INSIG1", "HMGCR", "ARHGAP15", "TMEM163", "AKAP2", "GNAI1", "RTN4", "SOCS2", "SOCS3", "SH3BGRL", "PPP3R1", "C6", "GNG5", "ALDH1B1", "SCFD2", "IGFBP7", "STX2", "LDLR", "NPDC1", "GPR56", "SRD5A1", "TMEM50B", "FAM46A", "STAC3", "PPP2R3A", "MEIS2", "INHBC", "GCK", "GFAP", "EFNA1", "GOLPH3", "FABP5", "NEDD4", "FASN", "LCN2", "THRSP", "PICALM"], "VDR-23849224-CD4+-HUMAN": ["ATF2", "ASAH1", "CREM", "GIMAP5", "ABHD5", "ARHGAP15", "FAM117B", "TGOLN2", "CSRP1", "RSRC1", "OXCT1", "HNRNPA1", "LDLR", "PCMTD1", "MCL1", "TTC14", "GPR108", "VPS13C", "ATRX", "VPS13B", "ACYP2", "ACADSB", "HIST1H4B", "MYH9", "VIM", "ACOX3"]}