{"FOXO3 (human)": ["TTC14", "IFIT1"], "HNF1B (human)": ["HMCN1", "PIK3R1"], "MIR210 (human)": ["CAST", "ONECUT1", "MEIS2"], "Arnt (mouse)": ["TGM1", "PRIM2"], "IRF9 (human)": ["ISG15", "IFIT1"], "ESR2 (mouse)": ["SOCS2", "SPSB4"], "CEBPE (human)": ["DRAM1", "COTL1"], "SP4 (human)": ["NEK5", "HAND1", "SLC30A1"], "SOX9 (human)": ["SH3GL3", "PPP2R2B"], "RUNX1 (mouse)": ["ZFP655"], "Hand1::Tcfe2a (mouse)": ["CAST", "FUT8"], "HNRNPK (human)": ["SPN"], "MAFB (human)": ["RTN4"], "Myf (human)": ["C6", "CSRP1"], "NR4A2 (human)": ["AKAP2"], "MXI1 (human)": ["CSRP1"], "NME2 (human)": ["NAT1"], "FOXA2 (human)": ["IFT80", "MLLT3", "RTN4"], "FOXM1 (human)": ["MET"], "SOX2 (human)": ["SSR3", "NR3C1"]}