{"H3K36me3 Brain Anterior Caudate": ["SEBOX", "THRSP", "FERMT3"], "H3K36me3 CD4 Naive Primary Cells": ["HNRNPA1", "FERMT3"], "H3K36me3 Peripheral Blood Mononuclear Primary Cells": ["THRSP"], "H3K36me3 CD34 Cultured Cells": ["IL18BP", "FERMT3"], "H3K36me3 Stomach Mucosa": ["CTGF"], "H3K36me3 Muscle Satellite Cultured Cells": ["VPS13B"], "H3K36me3 Chondrocytes from Bone Marrow Derived Mesenchymal Stem Cell Cultured Cells": ["ITGB1BP2"], "H3K36me3 Fetal Lung": ["SEMA3D", "GNAI3", "ACOX3", "SCAPER", "NID2"], "H3K36me3 CD3 Primary Cells": ["SEBOX", "SCAPER"], "H3K36me3 CD8 Memory Primary Cells": ["MFAP3", "GIMAP4", "ACADSB", "ACAT2"], "H3K27me3 Penis Foreskin Keratinocyte Primary Cells": ["CADPS2", "GPM6A", "CLEC14A", "TMEM163", "HAO2"], "H3K9me3 Brain Inferior Temporal Lobe": ["ACMSD"], "H3K27me3 Colon Smooth Muscle": ["RASSF10", "FAM89A", "TCEAL1", "HAND1", "PLCE1", "SHISA3", "LDLR"], "H3K9me3 Neurosphere Cultured Cells Cortex Derived": ["TMEM47", "NXT2", "SMARCA1"], "H3K9me3 Stomach Smooth Muscle": ["ACMSD"], "H3K36me3 CD4 Memory Primary Cells": ["SCAPER"], "H3K27me3 Brain Mid Frontal Lobe": ["NFE2", "CAV2", "CLEC14A", "TRHDE", "NID2", "A1CF", "CTGF", "GFAP", "RASSF10", "ADORA2B", "FXYD2", "HMCN1", "SPSB4"], "H3K27me3 Neurosphere Cultured Cells Ganglionic Eminence Derived": ["CLCN4", "CD48", "SHISA3", "EMB", "MTMR7"], "H3K9me3 Fetal Heart": ["FER", "GNG5", "RSRC1", "ARL15", "GNB4", "GNAI3", "VPS13B", "MUT", "MAP2K6"], "H3K36me3 CD8 Naive Primary Cells": ["HNRNPA1", "SCAPER"]}