{"CGCTGCT,MIR-503": ["SMARCA1"], "TATCTGG,MIR-488": ["CREM"], "GTATGAT,MIR-154,MIR-487": ["GPM6A"], "CACGTTT,MIR-302A": ["CUL2"], "CCAGGTT,MIR-490": ["AHCTF1"], "ATAACCT,MIR-154": ["CUL2"], "TACAATC,MIR-508": ["MITF"], "GGCAGAC,MIR-346": ["LRP6"], "GTACAGG,MIR-486": ["PIK3R1"], "ACAACTT,MIR-382": ["DDX3X"], "CCCACAT,MIR-299-3P": ["IFIT1"], "GACAGGG,MIR-339": ["SLC9A3R1"], "ATGCACG,MIR-517B": ["MEIS2"], "GGGATGC,MIR-324-5P": ["APP"], "ACCAATC,MIR-509": ["INSIG1"], "ACATATC,MIR-190": ["HGF"], "ACACTCC,MIR-122A": ["MEIS2"], "TAGGTCA,MIR-192,MIR-215": ["DDX3X"], "AGTCTAG,MIR-151": ["DDX3X"], "CAGGTCC,MIR-492": ["MYH9"]}