{"SP1_A549_hg19": ["PRIM2", "TESC", "INSIG1", "ATRX", "GNAI3", "ELOVL6", "MUT", "ACADSB", "FHIT", "SYTL2", "GOLPH3", "DRAM1", "ALDH1B1", "SCFD2", "PPP1R3B", "MARS", "MFAP3", "ACOX3", "LDLR", "PCMTD1"], "CTCF_fibroblast of dermis_hg19": ["MGEA5", "ASAH1", "NNMT", "BCL2A1", "NEK5", "HGF", "CREM", "ACYP2", "NR3C1", "IFIT1", "TRHDE", "SEPT2", "SOCS2", "DAB2", "GOLPH3", "HIST1H4B", "NEDD4", "FASN", "ATXN1L", "GPBP1", "HARS", "MYH10"], "POLR2A_ES-Bruce4_mm9": ["TTC14", "ZFP655", "GPR108", "INSIG1", "SSR3", "VPS13B", "SLC30A1", "ELOVL6", "FAM117B", "ACAT2", "LRP6", "TGOLN2", "SLC9A3R1", "LMAN1", "LGALS1", "ZFP62", "DPYD", "MYH9", "STX2", "HNRNPA1", "S100A11", "MAP2K6"], "REST_SK-N-SH_hg19": ["TTC14", "GNAI3", "CREM", "CTGF", "LRP6", "SLC9A3R1", "SOCS3", "GOLPH3", "GNG5", "RSRC1", "MFAP3", "FASN", "DPYD", "NAMPT", "GPBP1", "MYH9", "HARS", "TAF1"], "E2F4_GM12878_hg19": ["PRIM2", "ATF2", "CADPS2", "GPR108", "ELMOD2", "SSR3", "CCNF", "VPS13B", "IFT80", "ABHD5", "MLLT3", "RTN4", "GOLPH3", "CSRP1", "ALDH1B1", "RSRC1", "NEDD4", "VPS41", "SSX2IP", "MPZL1"], "POLR2A_MEL cell line_mm9": ["APP", "PLVAP", "DDX3X", "FAM89A", "NXT2", "AACS", "SMG6", "SPN", "TGM1", "LGALS1", "AMMECR1L", "NAMPT", "GPBP1", "COTL1", "SCAPER", "AGFG2", "ZFP655", "ELOVL5", "VPS13C", "SSR3", "VPS13B", "SLC30A1", "MITF", "IRAK3", "PLA2G16", "CEACAM1", "ADORA2B", "MYH9", "ITGB1BP2", "INSIG1", "GNAI3", "LTC4S", "FAM117B", "SLC9A3R1", "MAPK9", "GNG5", "SCFD2", "ARSK", "ATXN1L", "SLC25A21", "HARS", "HNRNPA1", "PTPN18", "PKLR", "NEK5", "FAM46A", "DDHD1", "ARHGAP25", "EFNA1", "GOLPH3", "ZFP62", "NEDD4", "GNB4", "FCGR2B", "PICALM", "TAF1"], "POLR2A_K562_hg19": ["ATF2", "SH3GL3", "DDX3X", "FAM89A", "CDC14A", "AACS", "SMG6", "IMMP2L", "RSRC1", "NAMPT", "GPBP1", "COTL1", "PCMTD1", "IL13RA1", "ELMOD2", "SSR3", "ATRX", "VPS13B", "SERPINB9", "IFT80", "MITF", "MUT", "SEPT2", "PLA2G16", "ACLY", "S100A6", "ACOX3", "ITGB1BP2", "PRTFDC1", "PRIM2", "OAT", "SLC43A2", "CUL2", "GNAI3", "LENG9", "CREM", "ABHD5", "PIK3R1", "HMGCR", "RTN4", "ACAT2", "TGOLN2", "SLC9A3R1", "LMAN1", "PPP3R1", "DRAM1", "ALDH1B1", "OXCT1", "ARSK", "ATXN1L", "HARS", "NPDC1", "TTC14", "PTPN18", "MGEA5", "PKLR", "NEK5", "TMEM50B", "FAM46A", "STAC3", "ISG15", "DDHD1", "MEIS2", "NR0B2", "ACADSB", "EFNA1", "GOLPH3", "XK", "NEDD4", "MARS", "MFAP3", "GNB4", "SLC25A30", "VIM", "RTN4IP1", "TAF1", "FERMT3"], "POLR2AphosphoS2_HepG2_hg19": ["TTC14", "PTPN18", "OAT", "NEK5", "MX2", "GNAI3", "SERPINB9", "ELOVL6", "NR0B2", "ACADSB", "CDC14A", "RTN4", "LRP6", "TGOLN2", "DRAM1", "RSRC1", "NEDD4", "MFAP3", "FASN", "MYH9", "HARS", "AGFG2", "IL13RA1"], "EP300_K562_hg19": ["LYST", "BBC3", "SMG6", "IFIH1", "RSRC1", "TRIM5", "G6PC", "ELOVL5", "ARL15", "TESC", "SSR3", "VPS13B", "SERPINB9", "IFT80", "MUT", "SEPT2", "ADORA2B", "TFEC", "ACOX3", "PRIM2", "OAT", "CUL2", "GNAI3", "HMGCR", "ARHGAP15", "SOCS2", "LMAN1", "GNG5", "ARSK", "TCEAL1", "SLC25A21", "HARS", "LDLR", "MCL1", "MGEA5", "PKLR", "SRD5A1", "GPR108", "TMEM50B", "DDHD1", "PARP14", "NR0B2", "ACADSB", "HIST1H4B", "MARS", "VPS41", "OGN", "VIM", "RTN4IP1", "EVI2B", "TAF1"], "NANOG_H1-hESC_hg19": ["CTGF"], "TCF12_MCF-7_hg19": ["NR0B2"], "MAFK_HeLa-S3_hg19": ["IFITM3", "CAST", "ATF2", "TPM4", "ARL15", "ELMOD2", "SSR3", "GNAI3", "CREM", "ABHD5", "MEIS2", "ACADSB", "PLA2G16", "LGALS1", "ALDH1B1", "NEDD4", "MARS", "MFAP3", "FASN", "TCEAL1", "NAMPT", "HARS", "GBP2"], "POLR2A_HepG2_hg19": ["ATF2", "AACS", "SMG6", "IFIH1", "LGALS1", "TRIM5", "FAM110B", "NAMPT", "GPBP1", "COTL1", "TRIM21", "IL13RA1", "G6PC", "DDX58", "ARL15", "SEBOX", "SERPINB9", "ELOVL6", "IFT80", "MUT", "CEACAM1", "MYH9", "ACOX3", "ANGPTL4", "SSX2IP", "PRIM2", "LEPROT", "OAT", "CUL2", "GNAI3", "LENG9", "CREM", "LIN7A", "PIK3R1", "LTC4S", "USP18", "FHIT", "GNAI1", "LRP6", "TGOLN2", "SLC9A3R1", "SOCS3", "C5", "SCFD2", "ATXN1L", "IGFBP7", "A2M", "APOB", "LDLR", "MYH10", "MPZL1", "MCL1", "MAP2K6", "TTC14", "PTPN18", "PKLR", "SRD5A1", "MX2", "TMEM50B", "FAM46A", "ISG15", "PARP14", "MEIS2", "NR0B2", "ACADSB", "GOLPH3", "FABP5", "NEDD4", "MFAP3", "FASN", "VPS41", "SLC25A30", "RTN4IP1"], "ELK1_GM12878_hg19": ["PRIM2", "NEK5", "ELOVL5", "VPS13C", "TMEM50B", "CUL2", "GNAI3", "CREM", "XIAP", "ISG15", "GIMAP5", "ABHD5", "BBC3", "SCFD2", "NAMPT", "VPS41", "S100A6", "CD48", "HARS", "SSX2IP", "PICALM", "FERMT3"], "TEAD4_MCF-7_hg19": ["SSR3", "CTGF"], "ESRRA_HepG2_hg19": ["ACAT2"], "MAZ_HepG2_hg19": ["NPDC1", "NEK5", "GPR108", "TESC", "VPS13C", "ONECUT1", "GNAI3", "ELOVL6", "DDHD1", "MUT", "LYST", "CDC14A", "SOCS2", "HIST1H4B", "CLCN4", "CSRP1", "SCFD2", "NAMPT", "HARS", "S100A11", "TAF1", "MAP2K6"], "CTCF_testis_mm9": ["PRIM2", "APP", "AFAP1L2", "ELOVL5", "GPR108", "CCNF", "MITF", "MLLT3", "NID2", "FAM117B", "SOCS2", "RNF144A", "LMAN1", "ALDH1B1", "ZFP62", "ADORA2B", "MARS", "HARS", "STX2", "MPZL1", "PICALM", "SPSB4"], "JUND_T47D_hg19": ["PLCE1"], "E2F4_CH12.LX_mm9": ["PRIM2", "ATF2", "AHCTF1", "LEPROT", "INSIG1", "SSR3", "CCNF", "IFT80", "DDHD1", "MUT", "ACADSB", "ACAT2", "SOCS3", "FUT8", "CSRP1", "FABP5", "RSRC1", "SCFD2", "ZFP62", "HARS", "AGFG2", "TAF1"]}