{"H3K4me3_K562_hg19": ["ATF2", "CCNF", "IFIT1", "LYST", "AACS", "SMG6", "IFIH1", "SPN", "TMEM47", "COTL1", "IL13RA1", "DUSP4", "DDX58", "ELOVL5", "VPS13C", "VPS13B", "MUT", "PLA2G16", "ADORA2B", "DPYD", "S100A6", "ITGB1BP2", "PRTFDC1", "PRIM2", "NNMT", "SLC43A2", "CUL2", "GNAI3", "LENG9", "NPL", "USP18", "FAM117B", "ACAT2", "TGOLN2", "SLC9A3R1", "MAPK9", "PPP3R1", "DRAM1", "GNG5", "OXCT1", "ARSK", "HARS", "FAM46A", "ISG15", "SMARCA1", "PARP14", "MEIS2", "ACADSB", "EFNA1", "NEDD4", "MFAP3", "EVI2B"], "H3K9ac_NT2-D1_hg19": ["NPDC1", "PRIM2", "PTPN18", "AHCTF1", "GNAI3", "ABHD5", "SMARCA1", "PARP14", "MUT", "TRHDE", "FHIT", "SYTL2", "EFNA1", "XK", "CLCN4", "RASSF10", "NEDD4", "MFAP3", "ARSK", "HMCN1", "EMB", "MET", "SPSB4"], "H3K27ac_osteoblast_hg19": ["IFITM3", "BCL2A1", "DDX58", "ARL15", "CCNF", "VPS13B", "ISG15", "HMGCR", "USP18", "CDC14A", "RSRC1", "TRIM5", "IL1B", "MFAP3", "ARSK", "SLC25A21", "ACOX3", "RTN4IP1", "GBP2", "EVI2B", "PRTFDC1", "PCMTD1"], "H3K4me2_T-cell acute lymphoblastic leukemia_hg19": ["CAST", "G6PD", "BCL2A1", "DDX58", "NEK5", "TMEM50B", "ONECUT1", "ACYP2", "NPL", "IFIT1", "LYST", "FHIT", "SOCS3", "PROCR", "DAB2", "FASN", "OGN", "ACOX3", "HARS", "GBP2", "PRTFDC1"], "H3K9ac_mammary epithelial cell_hg19": ["RTP4", "PRIM2", "AHCTF1", "SLC43A2", "VPS13B", "ISG15", "MITF", "PARP14", "IFIT1", "MUT", "ACAT2", "IFIH1", "CEACAM1", "AMMECR1L", "MFAP3", "ARSK", "IGFBP7", "HARS", "STX2", "TRIM21", "AGFG2", "PCMTD1"], "H3K36me3_mammary epithelial cell_hg19": ["ATF2", "SEMA3D", "CAV2", "NEK5", "FAM46A", "ATRX", "CCNF", "ACADSB", "ACAT2", "SMG6", "SOCS3", "ACLY", "ARMCX1", "LGALS1", "AMMECR1L", "MARS", "MFAP3", "S100A6", "ACOX3", "ITGB1BP2", "ANGPTL4", "LDLR", "FERMT3"], "H3K4me3_keratinocyte_hg19": ["RTP4", "PRIM2", "SH3GL3", "APP", "AHCTF1", "STEAP4", "DDX3X", "SLC43A2", "ONECUT1", "LENG9", "NPL", "USP18", "FAM117B", "ACAT2", "TGOLN2", "PPP3R1", "AMMECR1L", "CSRP1", "GNG5", "RASSF10", "ARSK", "TRIM21", "MYH10", "AGFG2", "MAP2K6", "NPDC1", "PTPN18", "G6PD", "NAP1L3", "IFT80", "MITF", "IRAK3", "SYTL2", "XK", "MFAP3", "ANGPTL4", "EVI2B", "PRTFDC1"], "H3K27ac_ES-E14_mm9": ["ATF2", "MGEA5", "LEPROT", "SLC43A2", "CUL2", "GNAI3", "VPS13B", "SERPINB9", "ACYP2", "LRP6", "TMEM144", "GHR", "ZFP62", "MARS", "MFAP3", "ARSK", "NOX4", "CHP1", "ZFP260", "RTN4IP1", "HNRNPA1", "SCAPER", "PCMTD1"], "H3K4me3_Panc1_hg19": ["APP", "AHCTF1", "SLC43A2", "ONECUT1", "LENG9", "MLLT3", "TRHDE", "FHIT", "FAM117B", "CDC14A", "BBC3", "SMG6", "TGOLN2", "PPP3R1", "DRAM1", "OXCT1", "ARSK", "TCEAL1", "ME3", "MYH10", "PTPN18", "MGEA5", "ST6GAL1", "ATRX", "NAP1L3", "SERPINB9", "ELOVL6", "IFT80", "SHISA3", "IRAK3", "PARP14", "MUT", "XK", "CLCN4", "MFAP3", "VIM", "ANGPTL4", "PRTFDC1"], "H3K27ac_H1-hESC_hg19": ["IFITM3", "MGEA5", "ARL15", "CUL2", "LENG9", "ISG15", "ABHD5", "MUT", "FAM117B", "AACS", "CTGF", "MTMR7", "IL1A", "ACLY", "CLCN4", "MFAP3", "GNB4", "SSX2IP", "MET", "TRIM21", "TAF1"], "H3K9me3_ES-E14_mm9": ["AFAP1L2", "AKAP2"], "H2AFZ_HeLa-S3_hg19": ["TTC14", "CFH", "ARL15", "MX2", "VPS13B", "XIAP", "ISG15", "MITF", "LYST", "FAM117B", "CDC14A", "BBC3", "ACLY", "PPP3R1", "XK", "DRAM1", "CLCN4", "CSRP1", "ARSK", "MNDA", "ME3", "MET", "PCMTD1", "IL13RA1"], "H3K4me3_H1-hESC_hg19": ["PRIM2", "PTPN18", "AHCTF1", "STEAP4", "SLC43A2", "KCNJ8", "ARL15", "FAM46A", "VPS13B", "ABHD5", "MLLT3", "USP18", "ACADSB", "TRHDE", "SYTL2", "IFIH1", "AMMECR1L", "NEDD4", "MFAP3", "ARSK", "DPYD", "PLCE1", "MET", "SPSB4"], "H2AFZ_fibroblast of dermis_hg19": ["IFITM3", "CAST", "SLC43A2", "TMEM50B", "SLC30A1", "TNFRSF11B", "PIK3R1", "LYST", "FHIT", "NID2", "AKAP2", "TMEM144", "LMAN1", "GOLPH3", "XK", "OXCT1", "IL1B", "MARS", "ATXN1L", "PLCE1", "AGFG2", "IL13RA1"], "H3K4me3_T-cell acute lymphoblastic leukemia_hg19": ["CAST", "AHCTF1", "NEK5", "TMEM50B", "ONECUT1", "GNAI3", "VPS13B", "IFIT1", "USP18", "FHIT", "SMG6", "EFNA1", "SOCS3", "MAPK9", "AMMECR1L", "MFAP3", "ARSK", "OGN", "RTN4IP1", "HARS", "GBP2", "PRTFDC1", "PCMTD1", "SPSB4"], "H3K4me2_B cell_hg19": ["PTPN18", "SH3GL3", "NFE2", "AHCTF1", "ARL15", "ONECUT1", "TNFRSF11B", "IFIT1", "USP18", "TRHDE", "RTN4", "PROCR", "MS4A6A", "XK", "MFAP3", "ARSK", "PLCE1", "HARS", "S100A9", "MYH10", "PRTFDC1", "KLRG1"], "H3K4me2_fibroblast of dermis_hg19": ["AHCTF1", "SLC43A2", "BCL2A1", "SRD5A1", "ARL15", "TESC", "MX2", "VPS13B", "SLC30A1", "MUT", "USP18", "FHIT", "SEPT2", "ACAT2", "PAPSS2", "MAPK9", "XK", "IL1B", "OGN", "PLCE1", "IGFBP7", "SLC25A21", "SPSB4"], "H3K36me3_keratinocyte_hg19": ["ATF2", "AHCTF1", "INSIG1", "AACS", "RTN4", "ACAT2", "TGM1", "SOCS3", "AMMECR1L", "TRIM5", "SLC25A21", "HNRNPA1", "LDLR", "S100A11", "TPM4", "CAV2", "NEK5", "SRD5A1", "ATRX", "SEBOX", "MUT", "IL1A", "ARMCX2", "ZFP62", "IL1B", "NEDD4", "S100A6", "TAF1", "FERMT3"], "H3K4me3_HEK293_hg19": ["NPDC1", "APP", "ST6GAL1", "G6PD", "ELOVL5", "ONECUT1", "IFT80", "GFRA1", "FAM117B", "MTMR7", "SMG6", "TGOLN2", "SH3BGRL", "PPP3R1", "DRAM1", "AMMECR1L", "CSRP1", "GNG5", "RASSF10", "ADORA2B", "NEDD4", "HMCN1", "SPSB4", "MAP2K6"], "H3K4me3_placenta_mm9": ["SH3GL3", "PLVAP", "STEAP4", "CAV2", "FAM89A", "TESC", "ONECUT1", "CUL2", "MITF", "IRAK3", "ACYP2", "GFRA1", "NPL", "USP18", "LRP6", "SMG6", "RNF144A", "HIST1H4B", "FASN", "NOX4", "HMCN1", "MET", "CLIC1"]}