{"MTF2-20144788-MESC-MOUSE": ["CDKN1C", "ZFP703", "PDGFA", "N4BP2L1", "AAAS", "RHOBTB1", "COCH", "SMPD3", "RUSC2", "ATOH8", "PMEPA1", "B4GALNT1", "ABCC3", "ESRRA", "SLC34A2", "EGR1", "SLC13A3", "IQSEC2", "TMEM30B", "ACTR5", "TSC22D2", "CACNA2D3", "CIDEA", "HNF1B", "GADD45G", "DDAH1", "BCL6", "GIPC2", "SRRD", "ACOT3"], "TEAD4-22529382-TROPHECTODERM-MOUSE": ["BCAR3", "MDC1", "HSDL2", "SLC22A5", "ANKRD33B", "TMEM41A", "ENTPD5", "BHLHE41", "GDE1", "CACNA2D3", "HNF1B", "GCLC", "TADA2A", "SLC25A28", "DDAH1", "RUSC2", "IRAK2", "NUP85", "CRLF3", "PLA1A"], "STAT3-18555785-MESC-MOUSE": ["PRR5", "NQO1", "HSDL2", "RNF34", "HSPB1", "ASNS", "MSL3L2", "SLC1A4", "WFDC3", "GADD45G", "ADH1", "PFKL", "RUSC2", "GSTA3", "MYC", "STMN1", "ARHGEF2", "PATZ1", "GPR19"], "AR-19668381-PC3-HUMAN": ["PRR5", "RNF34", "WDR4", "PDGFA", "HSPB1", "ZDHHC7", "CBLB", "ADH7", "PPCDC", "RHOBTB1", "SBNO2", "RUSC2", "ATOH8", "DACT2", "ABCC3", "ABCC4", "SLC13A3", "SLC37A1", "IQSEC1", "TFEB", "CACNA2D3", "TFAP4", "ADAM15", "SLC6A9", "MYBBP1A", "CLDN14", "PSAT1", "DOLPP1", "ALDH1A1", "PIR", "CC2D1B"], "STAT3-22323479-MACROPHAGE-MOUSE": ["AIG1"], "RBPJ-21746931-IB4-LCL-HUMAN": ["CDKN1C", "PRR5", "TMEM41A", "GSTT1", "WFDC3", "TFPT", "SLC7A5", "GCLC", "SHARPIN", "PPCS", "DOLPP1", "ERI2", "TRIB3", "SPIN2A", "SLC25A42", "ITGA5", "CRAT", "CCDC61", "TEAD2", "GPR19"], "REST-21632747-MESC-MOUSE": ["CDKN1C", "ABCC4", "ANKRD33B", "TMEM41A", "IQSEC1", "CD300A", "CIDEA", "ASNS", "AAAS", "SMPD3", "CCNB2", "MEX3B", "GCLC", "METTL13", "IRAK2", "ZFYVE19", "MAPRE3", "KIFC3", "SLC25A33", "RAB11FIP4", "CCRN4L"], "SOX2-21211035-LN229_GBM-HUMAN": ["PRR5", "MRPL38", "TGFA", "CBLB", "TSKU", "PPCDC", "SMPD3", "CCNB2", "MT2A", "B4GALNT1", "CCRN4L", "DECR1", "RBM38", "CCDC134", "TOP3B", "SLC34A2", "ABCC4", "TMEM30B", "IQSEC1", "CACNA2D3", "ASNS", "PPAPDC3", "CYP8B1", "GADD45G", "SLC7A5", "TFAP4", "MYBBP1A", "GSTA3", "PSAT1", "GIPC2", "TBCE", "ALDH1A1", "CRYL1", "CC2D1B"], "AR-22383394-PROSTATE_CANCER-HUMAN": ["CSRNP1", "ABCC4", "GLYATL2", "TGFBRAP1", "EPHX1", "CACNA2D3", "CBLB", "TSKU", "RHOBTB1", "SLC25A37", "GCLC", "SLC22A15", "DDAH1", "PSAT1", "GIPC2", "TBCE", "ALDH1A1", "UGT2B7"], "TCF4-23295773-U87-HUMAN": ["TGFA", "NEU2", "RGS5", "CCNB2", "DHX30", "SBNO2", "PPCS", "STMN1", "EP400", "SLC25A42", "RAB11FIP4", "FN3K", "RPL39L", "TOP3B", "HSDL2", "GLYATL2", "IQSEC1", "CACNA2D3", "PARP16", "AIG1", "FRS3", "SLC25A37", "GCLC", "DDAH1", "PSAT1", "ALDH1A1", "PIR", "SPIN2A"], "YAP1-20516196-MESC-MOUSE": ["BCAR3", "ABCC4", "IQSEC1", "ZFP703", "ASNS", "ZDHHC7", "SLC1A4", "GADD45G", "CYP17A1", "SMPD3", "ADH1", "GCLC", "MYC", "TBCE", "KIFC3", "PATZ1", "RAB11FIP4", "CCRN4L"], "AR-20517297-VCAP-HUMAN": ["TOP3B", "GPX2", "SLC13A4", "SLC22A5", "ANKRD33B", "SRXN1", "MRPL38", "CIDEA", "MSL3L2", "AIG1", "GADD45G", "RGS5", "ADH4", "RAB30", "SLC22A15", "SARS2", "GSTA3", "DOLPP1", "CYP1A1"], "SMAD4-21799915-A2780-HUMAN": ["BCAR3", "TOP3B", "ZYG11B", "SUV39H1", "EPHX2", "USP2", "CACNA2D3", "ZDHHC7", "THNSL1", "AIG1", "SERPINA7", "METTL13", "DDAH1", "IRAK2", "GIPC2", "PIR", "TMEM14A", "HTATIP2"], "KDM5B-21448134-MESC-MOUSE": ["MDC1", "RNF34", "SLC22A5", "ANKRD33B", "POP1", "TGFA", "SLC1A4", "COCH", "CCNB2", "DHX30", "NUP85", "ERI2", "EP400", "OBFC1", "PATZ1", "SEC31A", "TOP3B", "NQO1", "ABCC4", "WDHD1", "PCP4L1", "USP2", "CACNA2D3", "HAUS4", "ASNS", "HNF1B", "AIG1", "SLC7A5", "TADA2A", "MYBBP1A", "BCL6", "PSAT1", "ZFYVE19", "TBCE", "CRYL1", "CIAPIN1", "CRLF3", "SLC25A33"], "SIN3B-21632747-MESC-MOUSE": ["PRR5", "CSRNP1", "LRSAM1", "RNF34", "SMYD5", "POMT1", "PDGFA", "TSKU", "CLN6", "SPATA7", "SMPD3", "DHX30", "METTL13", "PPCS", "STMN1", "SLC38A7", "RAB11FIP4", "CCRN4L", "CCDC134", "PLA2G12A", "SLC37A1", "USP2", "MUL1", "ASNS", "MSL3L2", "BCS1L", "THNSL1", "SNHG4", "FRS3", "KLF16", "GADD45G", "CTU2", "MEX3B", "MYBBP1A", "NEURL3", "DMWD", "ID1", "GIPC2", "POLR1E", "VWA1", "MAPRE3", "GEMIN6", "SRSF4", "KIFC3", "REEP6", "CC2D1B"], "TP53-23651856-MEF-MOUSE": ["PRR5", "TRUB1", "LRSAM1", "PTPRN", "BHLHE41", "GDE1", "PDGFA", "N4BP2L1", "AAAS", "TSKU", "PPCDC", "PMEPA1", "B4GALNT1", "RAB11FIP4", "CCRN4L", "TOP3B", "ESRRA", "SLC13A3", "IQSEC1", "EPHX1", "USP2", "CACNA2D3", "ABHD14A", "AIG1", "TADA2A", "TRAF4", "FAM195B", "DMWD", "GIPC2", "PIR", "TRIB3", "MAPRE3", "ITGA5"], "ERG-20887958-HPC-7-MOUSE": ["TRUB1", "B4GALT3", "EGR1", "RNF34", "SMYD5", "POP1", "ACTR5", "MUL1", "THNSL1", "PPP2R1B", "ZFYVE19", "MYC", "STMN1", "TLCD1", "ARHGEF2", "PIM2", "PATZ1", "TMEM14A", "BCAT2", "CCRN4L"], "STAT3-23295773-U87-HUMAN": ["POMT1", "AMD1", "MRPL38", "PDGFA", "SLC1A4", "CBLB", "RHOBTB1", "SMPD3", "SBNO2", "SLC22A15", "AKR7A3", "SLC38A7", "STK38L", "OBFC1", "B4GALNT1", "SLC13A3", "SLC13A4", "TMEM30B", "IQSEC1", "TSC22D2", "CACNA2D3", "ASNS", "HNF1B", "AIG1", "CYP8B1", "GCLC", "DDAH1", "SLC6A9", "BCL6", "GSTA3", "ALDH1A1", "SLC25A33", "SLC27A4"], "SETDB1-19884257-MESC-mouse": ["GSTP1", "DAPP1", "SLC1A4", "PPCDC", "CLN6", "RUSC2", "IRAK2", "STMN1", "TRIM3", "OBFC1", "B4GALNT1", "PATZ1", "RBM38", "RPL39L", "ZYG11B", "SLC37A1", "IQSEC1", "EPHX2", "EPHX1", "MUL1", "THNSL1", "TRAF4", "BCL6", "VWA1", "ACOT4"], "TET1-21451524-MESC-MOUSE": ["LRSAM1", "RNF34", "PTPRN", "MIIP", "TCF7", "GDE1", "CACNA2D3", "PDGFA", "ABHD14A", "CYP17A1", "SBNO2", "SHARPIN", "IRAK2", "GAR1", "POLR1E", "TLCD1", "CHAC1", "RAB11FIP4", "SLC27A4", "PLA1A"]}