{"HNF1B (human)": ["POMT1"], "NR2C2 (human)": ["RBM38"], "NFE2L1 (human)": ["MDC1", "CACNA2D3"], "SMAD3 (human)": ["MEX3B", "BRF1"], "CPEB1 (human)": ["DMWD"], "Tcfcp2l1 (mouse)": ["CCRN4L"], "SOX2 (human)": ["TRIB3"], "Myf (human)": ["N4BP2L1"], "NFIL3 (human)": ["FRS3"], "SND1 (mouse)": ["CCDC61"], "Zfx (mouse)": ["CLDN14", "DMWD"], "VDR (human)": ["PCP4L1", "POMT1"], "ESR2 (human)": ["FAM195B"], "HLF (human)": ["FRS3"], "SMAD3 (mouse)": ["SEC31A"], "IRF7 (human)": ["ZYG11B", "DDAH1"], "NME2 (human)": ["MYC"], "MIR210 (human)": ["CDKN1C"], "NFYB (human)": ["EPHX1", "ID1"], "NCOA1 (human)": ["RAB30"]}