{"GABPA_HL-60_hg19": ["CUL4A", "LAS1L", "GMFG", "MRPS31", "LPXN", "MYL6B", "ZNF337", "FBXL14", "BLZF1"], "SETDB1_K562_hg19": ["CR2", "MRPS31", "SECTM1", "NR1D2", "MT1X", "TPTEP1", "QKI", "MLLT11", "RGS2", "ACP5", "CD37", "ZNF337", "BLZF1", "MFAP3L"], "GABPA_CH12.LX_mm9": ["MDC1", "MYL6B", "CLCN3", "ICAM1"], "POLR2A_K562_hg19": ["MDC1", "DYRK3", "GMFG", "SERPINE1", "TNFAIP2", "TNFAIP3", "SECTM1", "PTPN22", "CXCL1", "MT1X", "ING1", "ICAM1", "PCMTD2", "POLB", "RGS2", "SCML2", "EFEMP2", "CSRP2", "CTSK", "MYBL2", "CD37", "ZNF205", "IGFBP4", "SP110", "C10ORF10", "RHOH", "EMP3", "PLA2G16", "MMP11", "GAL", "DDAH2", "ITGA5", "BIRC3", "TAGLN", "SDC4", "PRKRIP1", "CCDC69", "MRPS31", "NEDD4L", "GDPD5", "CLCN3", "LPXN", "CAMTA2", "AHNAK2", "FN1", "LILRB3", "QKI", "MLLT11", "CUL4A", "TMEM158", "LAS1L", "BAMBI", "TNFSF9", "ZNF337"], "MYC_K562_hg19": ["MDC1", "COL15A1", "OLFML2B", "PRKRIP1", "GMFG", "CCDC69", "MRPS31", "TNFAIP3", "NEDD4L", "PTPN22", "SLC2A3", "MYL6B", "MT1X", "CTCF", "ING1", "CLU", "ICAM1", "LPXN", "CD37", "CAMTA2", "ZNF205", "TAC1", "KCNN4", "PPP1R16B", "WFS1", "FN1", "C10ORF10", "G0S2", "RHOH", "PCOLCE", "NR1D2", "IGF1", "MLLT11", "CUL4A", "PLA2G16", "MMP11", "GAL", "CLEC2B", "LAS1L", "COL6A2", "DPYD", "TNFSF9", "ITGA5", "MFGE8", "TRIB2", "BLZF1", "BIRC3"], "MYC_HepG2_hg19": ["MLLT11", "PRKRIP1", "MYBL2", "MYL6B", "ZNF205", "FERMT2"], "USF1_K562_hg19": ["DYRK3", "NR1D2", "RGL1", "ENO2"], "SP2_K562_hg19": ["MDC1", "LAS1L", "WFS1", "BAMBI", "SFXN3", "CAMTA2", "ING1", "TRIB2"], "NRF1_HeLa-S3_hg19": ["PCMTD2", "SPOP", "RGL1", "ING1"], "eGFP-HDAC8_K562_hg19": ["CUL4A", "GDPD5", "BLZF1", "HIST1H2BD", "ICAM1"], "MYC_MCF-7_hg19": ["MDC1", "DYRK3", "HTRA1", "MRPS31", "LAMC2", "MYL6B", "CTCF", "CLCN3", "ING1", "PCMTD2", "POLB", "RGS2", "CAMTA2", "ZNF205", "KCNN4", "IL11", "CR2", "SP110", "NR1D2", "PLA2G16", "LAS1L", "DDAH2", "C16ORF45", "ZNF337", "PDZRN3", "FERMT2"], "POLR2A_HepG2_hg19": ["MDC1", "SDC4", "PRKRIP1", "SERPINE1", "MRPS31", "TNFAIP3", "NEDD4L", "CTCF", "CLCN3", "COX7A1", "ING1", "PCMTD2", "POLB", "RGS2", "CSRP2", "CTSK", "AOX1", "LPXN", "MYBL2", "CD37", "ZNF205", "FCER1G", "CADM1", "SP110", "WFS1", "ACSL1", "RARRES2", "AKR1C1", "AHNAK2", "FN1", "BGN", "NR1D2", "FBXL14", "MMP11", "LAS1L", "BAMBI", "COL7A1", "SPAG1", "TNFSF9", "HCLS1", "ZNF337", "RGL1", "FERMT2", "HIST1H2BD", "BIRC3"], "YY1_NT2-D1_hg19": ["MYL6B", "BLZF1"], "MAX_HeLa-S3_hg19": ["MDC1", "WFS1", "AHNAK2", "MYL6B", "POLB", "RGS2", "SLPI", "BAMBI", "IL1B", "SPOP", "LPXN", "ZNF205", "PI3", "KCNN4", "BLZF1", "S100A8", "HOXA5", "BIRC3"], "ZBTB33_A549_hg19": ["MDC1", "LAS1L", "PRKRIP1", "SERPINE1", "MYL6B", "CAMTA2", "ZNF337", "FBN1"], "KAT2A_MEL cell line_mm9": ["PRKRIP1", "MRPS31", "BLZF1"], "NFYA_GM12878_hg19": ["LAS1L", "WFS1", "SFXN3"], "YY1_K562_hg19": ["POLB", "PLA2G16", "SCML2", "PRKRIP1", "CCDC69", "MRPS31", "CAMTA2", "ZNF337", "BLZF1"], "CHD2_K562_hg19": ["DYRK3", "MRPS31", "C10ORF10", "ZNF337", "ZNF205", "QKI"], "GABPA_HeLa-S3_hg19": ["CUL4A", "LAS1L", "MRPS31", "LPXN", "MYL6B", "ZNF337", "ZNF205", "FBXL14"]}