{"H3K36me3 Colon Smooth Muscle": ["ABCB6"], "H3K9me3 Chondrocytes from Bone Marrow Derived Mesenchymal Stem Cell Cultured Cells": ["PCP4L1"], "H3K36me3 Duodenum Mucosa": ["SLC13A3"], "H3K9me3 CD4+ CD25- Th Primary Cells": ["PCP4L1"], "H3K9me3 Breast Myoepithelial Cells": ["LRSAM1", "CYP17A1"], "H3K36me3 Neurosphere Cultured Cells Cortex Derived": ["ABCB6"], "H3K9me3 Duodenum Mucosa": ["CYP17A1"], "H3K36me3 IMR90": ["SLC13A3"], "H3K36me3 Brain Substantia Nigra": ["SLC13A3"], "H3K36me3 Brain Hippocampus Middle": ["ECH1"], "H3K9me3 Peripheral Blood Mononuclear Primary Cells": ["CYP17A1"], "H3K9me3 Stomach Mucosa": ["THEM4"], "H3K36me3 CD34 Primary Cells": ["SLC13A3"], "H3K9me3 Adult Kidney": ["STK38L"], "H3K36me3 Adult Liver": ["GPX2"], "H3K36me3 CD8 Memory Primary Cells": ["SLC13A3", "SRXN1"], "H3K36me3 Stomach Mucosa": ["ID1"], "H3K9me3 Stomach Smooth Muscle": ["NEU2"], "H3K9me3 Adult Liver": ["CYP17A1"], "H3K36me3 Fetal Heart": ["BCAR3"]}