{"GTGGTGA,MIR-197": ["SMYD5"], "TCCAGAT,MIR-516-5P": ["IQSEC2"], "ATCTTGC,MIR-31": ["AMD1"], "ATACCTC,MIR-202": ["PURG"], "AATGGAG,MIR-136": ["TSC22D2"], "TAGGTCA,MIR-192,MIR-215": ["TCF7"], "GTTTGTT,MIR-495": ["HSDL2"], "TGCCTTA,MIR-124A": ["ABCC4", "PARP16", "SLC1A4"], "TAGCTTT,MIR-9": ["SLC25A37"], "GTACAGG,MIR-486": ["TSC22D2"], "TCTGATC,MIR-383": ["GADD45G"], "AAAGGGA,MIR-204,MIR-211": ["EPHB6"], "AATGTGA,MIR-23A,MIR-23B": ["ENTPD5", "TGFA"], "TGTTTAC,MIR-30A-5P,MIR-30C,MIR-30D,MIR-30B,MIR-30E-5P": ["SLC6A9", "DOLPP1", "CBLB"], "GGGCATT,MIR-365": ["ESRRA"], "GTACTGT,MIR-101": ["PURG"], "GGGGCCC,MIR-296": ["IQSEC2"], "ATGCTGC,MIR-103,MIR-107": ["CC2D1B"], "CACCAGC,MIR-138": ["IQSEC2"], "GCAAGAC,MIR-431": ["DHX30"]}