{"GABPA_HL-60_hg19": ["CALR3", "TMEM41A", "PEX11A", "AMD1", "WDR4", "ZDHHC7", "CBLB", "AAAS", "NOL6", "RGS5", "TFPT", "DHX30", "METTL13", "SLC22A15", "SHARPIN", "ERI2", "GAR1", "THEM4", "STK38L", "ABCD1", "SEC31A", "TOP3B", "HAUS4", "MUL1", "SCAF1", "MYBBP1A", "DMWD", "TBCE", "TRIB3", "GEMIN6", "SRSF4", "BCAT2"], "ESRRA_HepG2_hg19": ["ESRRA", "CIAPIN1", "CRAT"], "POLR2A_bone marrow_mm9": ["ABCB6", "SUV39H1", "GSTP1", "N4BP2L1", "ZDHHC7", "TFPT", "DHX30", "SBNO2", "SLC16A6", "THEM4", "STK38L", "SLC25A42", "PIM2", "FN3K", "ZYG11B", "ACTR5", "ECH1", "TFEB", "ASNS", "KLF16", "SLC7A5", "RAB30", "BCL6", "CRYL1", "TLCD1", "CCDC174", "SLC27A4"], "STAT3_MCF 10A_hg19": ["TRUB1", "LRSAM1", "TMEM41A", "GSTP1", "POMT1", "AMD1", "WDR4", "MRPL38", "AAAS", "PPCDC", "NOL6", "RGS5", "ADH4", "TFPT", "PPCS", "IRAK2", "MYC", "TRIM3", "GAR1", "OBFC1", "SLC17A3", "SEC31A", "WDHD1", "HSDL2", "MIIP", "ECH1", "USP2", "MUL1", "ASNS", "BCS1L", "CTU2", "SLC25A37", "RAB30", "GCLC", "BDH2", "VNN1", "TFAP4", "SLC6A9", "BCL6", "PSAT1", "DMWD", "ID1", "TBCE", "TMEM106C", "POLR1E", "KXD1", "SRSF4", "SLC27A4"], "EP300_GM12878_hg19": ["CSRNP1", "LRSAM1", "TMEM41A", "SRXN1", "AMD1", "GDE1", "MRPL38", "HSPB1", "ZDHHC7", "ITGAL", "PPCDC", "SMPD3", "PTTG1", "STMN1", "PIM2", "TMEM14A", "CCRN4L", "ZYG11B", "WDHD1", "SLC13A3", "HSDL2", "BCS1L", "CTU2", "RAB30", "POLR1E", "KXD1", "TLCD1", "ARHGEF2", "TRUB1", "SEPW1", "GSTT1", "SLC1A4", "NOL6", "CCNB2", "SHARPIN", "PPCS", "ERI2", "SLC38A7", "STK38L", "B4GALNT1", "CAMTA2", "DECR1", "SEC31A", "PURG", "CCDC134", "RPL39L", "EGR1", "TMEM120A", "MIIP", "ASNS", "SLC25A37", "TFAP4", "BCL6", "NEURL3", "ID1", "TBCE", "RANGRF", "CIAPIN1", "CC2D1B"], "SUZ12_H1-hESC_hg19": ["EPHB6", "RNF34", "ANKRD33B", "WDR4", "BHLHE41", "N4BP2L1", "SLC1A4", "COCH", "CCNB2", "MT2A", "RUSC2", "ATOH8", "B4GALNT1", "SEC31A", "WDHD1", "CD300A", "ENTPD5", "CIDEA", "HNF1B", "WDYHV1", "BCS1L", "THNSL1", "CTU2", "GCLC", "PSAT1", "ID1", "POLR1E", "VWA1", "KXD1", "SRSF4", "ARHGEF2", "CIAPIN1", "CRLF3", "SLC25A33", "CCDC61"], "RAD21_IMR-90_hg19": ["BCAR3", "POP1", "MRPL38", "SPATA7", "COCH", "WFDC3", "NOL6", "B4GALNT1", "TMEM14A", "ABCC4", "HSDL2", "TMEM120A", "TSC22D2", "USP2", "BDH2", "TRAF4", "NEURL3", "TBCE", "TMEM106C", "CRYL1", "SRSF4", "TLCD1", "KIFC3", "REEP6", "CRLF3"], "CTCF_CH12.LX_mm9": ["PRR5", "POMT1", "WDR4", "MRPL38", "SLC1A4", "AAAS", "ADH1", "PTTG1", "IRAK2", "MYC", "ATOH8", "EP400", "B4GALNT1", "SLC25A42", "TMEM14A", "TOP3B", "WDHD1", "EGR1", "SLC37A1", "IQSEC1", "PLEKHG5", "USP2", "TFEB", "HAUS4", "MSL3L2", "ABHD14A", "KLF16", "TMEM82", "GADD45G", "SLC25A37", "GCLC", "PFKL", "BDH2", "SARS2", "TFAP4", "TRAF4", "KIFC2", "COL6A2", "GLOD5", "CYP1A1", "TMEM106C", "KXD1", "TRIB3", "GEMIN6", "TLCD1", "CRLF3"], "NR2F2_HepG2_hg19": ["RRP7A", "NR1I3", "GSTP1", "SERPINA7"], "EBF1_GM12878_hg19": ["PRR5", "TRUB1", "LRSAM1", "TMEM41A", "PEX11A", "POMT1", "GDE1", "MRPL38", "DAPP1", "HSPB1", "SEPW1", "ZDHHC7", "SLC1A4", "ITGAL", "COCH", "WFDC3", "SHARPIN", "NUP85", "STMN1", "GAR1", "EP400", "THEM4", "CAMTA2", "PIM2", "TOP3B", "ENTPD5", "ECH1", "MUL1", "BDH2", "TRAF4", "TBCE", "PIR", "SRSF4", "CRLF3", "ACOT4", "CDKN3"], "ATF3_A549_hg19": ["TRUB1", "MDC1", "LRSAM1", "TMEM41A", "POMT1", "WDR4", "MRPL38", "SEPW1", "AAAS", "RGS5", "TFPT", "SHARPIN", "NUP85", "ERI2", "MYC", "ORAOV1", "NQO1", "ECH1", "HAUS4", "THNSL1", "SCAF1", "SLC7A5", "RAB30", "SARS2", "MYBBP1A", "TLCD1"], "SIRT6_H1-hESC_hg19": ["TRUB1", "TMEM41A", "POP1", "WDR4", "SLC1A4", "PPCDC", "RGS5", "KRTCAP3", "TFPT", "PPP2R1B", "FAM120C", "NUP85", "TEAD2", "CCRN4L", "DECR1", "SEC31A", "MPZL2", "CCDC134", "WDHD1", "PLEKHG5", "ECH1", "PARP16", "THNSL1", "RAB30", "TBCE", "RANGRF", "SLC27A4"], "SUPT20H_HeLa-S3_hg19": ["CTU2", "TMEM41A", "TSKU"], "NFYB_GM12878_hg19": ["CALR3", "GDE1", "SLC1A4", "PPCDC", "CCNB2", "DHX30", "METTL13", "PTTG1", "STMN1", "OBFC1", "PIM2", "CCDC134", "HSDL2", "PCP4L1", "TMEM120A", "USP2", "PPAPDC3", "GADD45G", "CTU2", "SARS2", "ID1", "TBCE", "KXD1", "SRSF4", "CRLF3", "CDKN3"], "FLI1_megakaryocyte_mm9": ["MDC1", "PEX11A", "AMD1", "WDR4", "AAAS", "PPCDC", "NOL6", "TFPT", "ERI2", "MYC", "GAR1", "EP400", "OBFC1", "SEC31A", "CCDC134", "TOP3B", "MIIP", "MUL1", "BCS1L", "SARS2", "DMWD", "TBCE", "KXD1", "SRSF4", "CCDC174", "CCDC61", "GPR19"], "SIN3A_H1-hESC_hg19": ["CSRNP1", "CCDC120", "POP1", "PEX11A", "RSPH9", "NOL6", "SMPD3", "METTL13", "SHARPIN", "PPCS", "GAR1", "SLC38A7", "SLC16A6", "CHAC1", "SEC31A", "ABCC3", "TOP3B", "SLC34A2", "NQO1", "ENTPD5", "EPHX2", "USP2", "CIDEA", "PPAPDC3", "THNSL1", "TMEM82", "GADD45G", "CTU2", "BDH2", "NEURL3", "COL6A2", "SRRD", "VWA1", "CRYL1", "ACOT4", "SLC27A4"], "POLR2A_endothelial cell of umbilical vein_hg19": ["CDKN1C", "CALR3", "CSRNP1", "LRSAM1", "SRXN1", "POP1", "POMT1", "AMD1", "WDR4", "ZDHHC7", "CBLB", "TSKU", "MT2A", "AKR7A3", "RUSC2", "PPP2R1B", "PTTG1", "TMEM14A", "ABCD1", "TOP3B", "ABCC4", "WDHD1", "HSDL2", "ACTR5", "ECH1", "TFEB", "PPAPDC3", "THNSL1", "SLC7A5", "SARS2", "POLR1E", "BCAT2", "SLC27A4", "RNF34", "SEPW1", "SPATA7", "NOL6", "PPCS", "NUP85", "ORAOV1", "SEC31A", "RBM38", "RPL39L", "ESRRA", "NQO1", "IQSEC2", "TMEM120A", "AIG1", "GADD45G", "FAM195B", "SRRD", "TBCE", "CIAPIN1", "CDKN3"], "RELA_GM19099_hg19": ["CALR3", "LRSAM1", "ABCB6", "POP1", "GSTP1", "MRPL38", "SEPW1", "ITGAL", "AAAS", "CLN6", "PPCS", "NUP85", "GAR1", "SLC16A6", "CAMTA2", "PIM2", "TMEM14A", "ORAOV1", "CCRN4L", "SEC31A", "NQO1", "WDHD1", "BCS1L", "POLR1E", "CRYL1"], "RXRA_H1-hESC_hg19": ["TCF7", "ABCD1"], "REST_PFSK-1_hg19": ["TRUB1", "LRSAM1", "ABCB6", "PTPRN", "AMD1", "ZDHHC7", "CBLB", "PPCDC", "SMPD3", "RGS5", "TFPT", "SBNO2", "PPP2R1B", "NUP85", "EP400", "RAB11FIP4", "CCRN4L", "EPHX1", "ECH1", "RAB30", "TRAF4", "MYBBP1A", "ID1", "TBCE", "POLR1E", "KXD1", "CIAPIN1", "ITGA5", "CRLF3", "SLC25A33"]}