{"H4K20me1_mammary epithelial cell_hg19": ["CDKN1C", "PRR5", "CSRNP1", "SLC37A1", "TP53I13", "POP1", "PTPRN", "GSTP1", "TFEB", "SERPINA7", "NEU2", "MT2A", "SLC25A28", "PPCS", "SLC16A6", "TRIB3", "SRSF4", "ARHGEF2", "ORAOV1", "SLC27A4"], "H3K27me3_astrocyte_hg19": ["GSTM3", "SLC34A2", "ANKRD33B", "CD300A", "PTPRN", "GSTP1", "USP2", "TCF7", "BHLHE41", "CIDEA", "TGFA", "SERPINA7", "COCH", "CYP17A1", "SLC22A15", "GIPC2", "CYP1A1", "SLC16A6", "DACT2", "REEP6", "NEIL1"], "H3K27ac_skeletal muscle myoblast_hg19": ["ABCC4", "HSDL2", "SLC22A5", "SRXN1", "ACTR5", "AAAS", "KLF16", "NOL6", "RRP7A", "RGS5", "SLC7A5", "MEX3B", "PFKL", "SARS2", "SHARPIN", "PPCS", "PSAT1", "TRIM3", "OBFC1", "CAMTA2", "PATZ1"], "H3K9me3_ES-E14_mm9": ["RPL39L", "MIIP"], "H3K4me3_foreskin fibroblast_hg19": ["GSTP1", "N4BP2L1", "SLC1A4", "SPATA7", "TFPT", "DHX30", "GAR1", "THEM4", "PATZ1", "CCRN4L", "FN3K", "RPL39L", "PLA2G12A", "PCP4L1", "ACTR5", "EPHX2", "MIIP", "HAUS4", "PARP16", "PPAPDC3", "AIG1", "SNHG4", "GADD45G", "MEX3B", "DOLPP1", "VWA1", "TRIB3", "ARHGEF2", "REEP6", "ITGA5", "SLC25A33", "CCDC61", "ACOT4"], "H3K4me3_keratinocyte_hg19": ["PEX11A", "SUV39H1", "GSTP1", "TCF7", "BHLHE41", "ZDHHC7", "RHOBTB1", "SPATA7", "COCH", "RRP7A", "MT2A", "SHARPIN", "RUSC2", "PTTG1", "TRIM3", "B4GALNT1", "PATZ1", "CCDC134", "RPL39L", "SLC34A2", "BRF1", "PCP4L1", "PLEKHG5", "EPHX2", "EPHX1", "USP2", "PARP16", "BCS1L", "AIG1", "GADD45G", "CTU2", "MEX3B", "NEURL3", "ALDH1A1", "CIAPIN1", "CCDC61"], "H2AFZ_osteoblast_hg19": ["CCDC134", "TOP3B", "TRUB1", "PLA2G12A", "POP1", "PEX11A", "USP2", "ABHD14A", "PPCDC", "SPATA7", "MEX3B", "TADA2A", "NEURL3", "PPCS", "PSAT1", "DOLPP1", "DMWD", "STK38L", "ANKRD54", "KXD1", "CAMTA2", "TMEM14A"], "H3K4me3_NT2-D1_hg19": ["FN3K", "SLC34A2", "CALR3", "ABCC4", "EGR1", "RNF34", "BRF1", "TMEM120A", "PEX11A", "SUV39H1", "TGFBRAP1", "USP2", "CBLB", "AIG1", "RHOBTB1", "NOL6", "RGS5", "SLC22A15", "PPCS", "NUP85", "CRYL1", "CAMTA2", "CHAC1"], "H3K4me3_HepG2_hg19": ["SMYD5", "POP1", "TGFBRAP1", "MRPL38", "COCH", "SMPD3", "TFPT", "DHX30", "SLC22A15", "SHARPIN", "RUSC2", "THEM4", "TMEM14A", "MPZL2", "ENTPD5", "MIIP", "PARP16", "WDYHV1", "BCS1L", "SNHG4", "KLF16", "TMEM82", "CTU2", "MEX3B", "RAB30", "SARS2", "ADAM15", "SLC6A9", "NEURL3", "GLOD5", "PIR", "VWA1", "CIAPIN1", "CCDC61"], "H3K9me3_T-cell acute lymphoblastic leukemia_hg19": ["BCAR3", "GSTM3", "ABCC4", "ACSM3", "PCP4L1", "CD300A", "NR1I3", "EPHX2", "SPATA7", "COCH", "CYP17A1", "CCNB2", "METTL13", "TADA2A", "NUP85", "SRRD", "SLC16A6", "THEM4", "STK38L", "ANKRD54", "PHGDH", "CDKN3"], "H3K4me3_Panc1_hg19": ["RNF34", "N4BP2L1", "SEPW1", "SLC1A4", "RSPH9", "RHOBTB1", "SPATA7", "SLC22A15", "SHARPIN", "TRIM3", "THEM4", "CAMTA2", "CHAC1", "ABCD1", "DECR1", "PURG", "MPZL2", "ESRRA", "BRF1", "PCP4L1", "USP2", "PARP16", "ABHD14A", "BCS1L", "SNHG4", "GADD45G", "CTU2", "RAB30", "NEURL3", "DOLPP1", "GIPC2", "CRYL1", "CIAPIN1"], "H3K36me3_GM12878_hg19": ["MDC1", "LRSAM1", "ANKRD33B", "TP53I13", "GSTP1", "N4BP2L1", "KRTCAP3", "TFPT", "SHARPIN", "SLC25A28", "PPCS", "FAM120C", "SLC25A42", "PIM2", "SLC13A3", "GPX2", "TMEM120A", "TFEB", "WDYHV1", "SLC25A37", "SARS2", "TFAP4", "DMWD", "TLCD1", "ARHGEF2", "SLC25A33"], "H3K4me3_HEK293_hg19": ["CCDC134", "PRR5", "RPL39L", "SLC34A2", "NQO1", "SLC22A5", "SRXN1", "PCP4L1", "GSTP1", "BHLHE41", "ABHD14A", "SNHG4", "KLF16", "TADA2A", "PIR", "DACT2", "THEM4", "PATZ1", "SLC25A33", "CCDC61", "DECR1"], "H2AFZ_fibroblast of lung_hg19": ["FN3K", "RPL39L", "ABCC4", "BRF1", "POP1", "PEX11A", "TGFBRAP1", "USP2", "MUL1", "PARP16", "SPATA7", "ADH4", "SLC25A37", "MEX3B", "PFKL", "TADA2A", "RUSC2", "PPP2R1B", "DOLPP1", "DMWD", "GAR1", "ANKRD54", "OBFC1"], "H3K27me3_endothelial cell of umbilical vein_hg19": ["EPHB6", "CDKN1C", "PTPRN", "GSTP1", "BHLHE41", "TGFA", "ITGAL", "COCH", "CYP17A1", "SLC22A15", "STMN1", "SLC16A6", "DACT2", "RAB11FIP4", "SEC31A", "ABCC3", "SLC34A2", "SLC13A4", "SLC37A1", "IQSEC2", "IQSEC1", "PCP4L1", "CD300A", "EPHX2", "USP2", "CACNA2D3", "CIDEA", "HNF1B", "SLC6A9", "GLOD5", "REEP6", "NEIL1"], "H3K4me2_CH12.LX_mm9": ["PEX11A", "EPHX2", "GSTP1", "HAUS4", "PDGFA", "MSL3L2", "ZDHHC7", "WDYHV1", "FRS3", "CLN6", "SPATA7", "METTL13", "TADA2A", "ADAM15", "COL6A2", "ID1", "TMEM106C", "THEM4", "CRYL1", "MAPRE3", "KIFC3", "ARHGEF2", "ORAOV1"], "H3K9ac_NT2-D1_hg19": ["CCDC134", "ABCC4", "MDC1", "RNF34", "BRF1", "POP1", "PEX11A", "SUV39H1", "TGFBRAP1", "CBLB", "BCS1L", "AIG1", "SPATA7", "SBNO2", "SLC22A15", "SARS2", "RUSC2", "PPP2R1B", "KIFC2", "NUP85", "ZFYVE19", "TRIM3", "CRYL1"], "H3K79me2_C2C12_mm9": ["WDHD1", "SRXN1", "BRF1", "ACTR5", "MIIP", "GDE1", "MUL1", "HSPB1", "TMA16", "NOL6", "TFPT", "SLC7A5", "DHX30", "TADA2A", "PTTG1", "ZFYVE19", "TBCE", "POLR1E", "ANKRD54", "CIAPIN1", "CRLF3", "CCDC174"], "H3K36me3_endothelial cell of umbilical vein_hg19": ["MDC1", "TP53I13", "SRXN1", "POP1", "GSTP1", "TGFBRAP1", "HSPB1", "NOL6", "RRP7A", "KRTCAP3", "TFPT", "MT2A", "SHARPIN", "SLC25A28", "RUSC2", "PPCS", "ANKRD54", "PIM2", "NQO1", "SLC13A3", "GPX2", "TMEM120A", "SLC25A37", "SARS2", "DDAH1", "MYBBP1A", "DMWD", "ID1", "ARHGEF2", "CCDC61"], "H3K9ac_A549_hg19": ["FN3K", "RPL39L", "ESRRA", "CALR3", "PEX11A", "SUV39H1", "TGFBRAP1", "USP2", "PARP16", "RRP7A", "CTU2", "MT2A", "SARS2", "SHARPIN", "ADAM15", "NEURL3", "COL6A2", "DACT2", "CRYL1", "CIAPIN1", "UGT2B7"]}