{"KLF4-18358816-MESC-mouse": ["CDKL2", "EOMES", "DYNC1I2", "USP8", "RNASEH2B", "AHNAK", "MAX", "IDH1", "MCRS1", "SHROOM3", "AP2B1", "1110008F13RIK", "ACTB", "SMAD7", "ALAD", "RBM3", "WEE1", "MAFB", "KLF9", "SPP1", "ZFP260", "EIF1A", "PTMA", "CLIC1"], "TFAP2A-17053090-MCF7-human": ["FNBP4", "SMAD4", "NFIX", "DTNA", "AHNAK", "SYT1", "EED", "USP22", "BAZ2A", "ABCB9", "NR1D1", "CSNK1E", "ARFRP1", "PER1", "GGA1", "WEE1", "GANAB", "FRMD6", "IRAK1", "WNK1", "CDH11", "VAMP1", "TIMP3", "FAM60A"], "SIN3A-21632747-MESC-MOUSE": ["SMAD2", "DFFA", "RRN3", "AHNAK", "SETD8", "FEM1A", "USP22", "NR1D1", "GTF2E2", "ZFP90", "TCTE1", "SMAD7", "MAU2", "AMMECR1L", "RRAGD", "OGFOD2", "ARHGEF1", "ZFP260", "PRKACA", "SOS2"], "REST-21632747-MESC-MOUSE": ["GABRB3", "GRIA1", "RBM26", "MPG", "GPR137B-PS", "PTPRO", "CAMK2A", "CPLX2", "ELAVL2", "PPP3CA", "BOD1L", "KIF5C", "SC5D", "ZFP960", "ATP6V0A1", "SF3A3", "GABRA2", "DDX18", "SYT1", "HOMER2", "UBE2E1", "PBX3", "VPS37B", "KLF3", "SYN2", "ZFP90", "DLK1", "PISD", "SLC22A23", "POMC", "WNK1", "COPS2", "RRAGD", "TRIP12", "TCF4", "HCN1"], "ERG-20517297-VCAP-HUMAN": ["CDKL2", "DLX1", "ENY2", "SETD8", "CTR9", "SHROOM3", "TRNT1", "GNL2", "IGF1R", "SOD1", "KLHL9", "PSMD6", "DBP", "KIF2A", "CPD", "CDC42EP4", "ADRBK1"], "GATA2-20887958-HPC-7-MOUSE": ["DDR1", "ACHE", "CTR9", "TOR1AIP2", "RASAL1", "NR3C1", "SMC3", "PPM1G", "IGF1R", "RNFT1", "HSD11B1", "ALAD", "AMMECR1L", "RREB1", "CLIC1", "DDX18", "PHC2", "SGIP1", "IDH1", "MCRS1", "SHROOM3", "CDC5L", "VPS37B", "GNL2", "DLK1", "TWSG1", "PPA2", "PSMA1", "PDCD4", "ATP13A2", "SNRPC", "DLD", "ABCG2"], "E2F1-17053090-MCF7-human": ["NFIX", "KCNA1", "BAZ2A", "APCDD1", "IGF1R", "HERPUD1", "NUDT4", "EPS8", "GANAB", "HERC2", "CAND1", "DHRSX", "ARID2", "SMAD4", "DTNA", "EED", "GABRA3", "IL18", "NR1D1", "DPM1", "TM9SF2", "PER1", "MAFB", "STAG2", "SLC7A8", "WNK1"], "LMO2-20887958-HPC-7-MOUSE": ["ACHE", "USP33", "RASAL1", "ABCB9", "ACTB", "GTF2E2", "PPM1G", "IGF1R", "ALAD", "SNN", "GM2A", "SPIN1", "HARS", "CLIC1", "SGIP1", "MCRS1", "TCF12", "ATP6AP2", "SHROOM3", "GNL2", "DLK1", "TWSG1", "WNK1", "PDCD4", "ATP13A2"], "TP63-22573176-HFKS-HUMAN": ["DDR1", "TCERG1", "CTNND1", "PRDM5", "AP2A1", "HERPUD1", "IFIT2", "CALB2", "C4A", "NSDHL", "AMMECR1L", "CAPN7", "ME1", "TIMP3", "LBR", "TSHB", "DFFA", "PACRG", "SGIP1", "VPS37B", "CSNK1E", "NPNT", "SYN2", "PISD", "SLC22A23", "PSMA6", "TWSG1", "SLC7A8", "CDC42EP4", "AVP", "PTMA", "DLD", "PHLDB2", "DLX1", "DLX2", "NFIX", "SLC35D1", "YTHDC1", "EPAS1", "CUL1", "STK39", "FOXO3", "CPLX2", "PPM1G", "MTM1", "TYMP", "GGA1", "SNN", "DHRSX", "KCTD20", "PERP", "ADRBK1", "RREB1", "HMOX2", "CD99", "ATP6V0A1", "PHC2", "DTNA", "KCNB1", "HOMER2", "MCRS1", "PBX3", "PLEKHA5", "FMO1", "AP2B1", "KLF3", "SMAD7", "TH", "ZFP62", "FABP7", "ID1", "CCDC6", "PDCD4", "TRIP12", "TCF4"], "SETDB1-19884257-MESC-mouse": ["DLX1", "WDR26", "NFIX", "RRN3", "CERK", "YTHDC1", "CTNND1", "RASAL1", "ABCB9", "NR3C1", "FOXO3", "SMC3", "CTGF", "IGF1R", "HERPUD1", "EPS8", "SNN", "PSMD6", "CWC22", "DHX36", "CHCHD7", "SPIN1", "SC5D", "LBR", "EOMES", "PHC2", "TRPC1", "NR1D2", "COMMD4", "NR4A2", "KLHL9", "WEE1", "TH", "SLC7A8", "IMPAD1", "CDH11", "PSME4", "DNAJC9", "PDE7A"], "TCF4-23295773-U87-HUMAN": ["ACHE", "IPO11", "ATP8A1", "THUMPD3", "SNX13", "ADAR", "AHR", "PRL", "NR3C1", "ELAVL2", "IGF1R", "SPTLC1", "HERC2", "AMMECR1L", "SESN1", "CWC22", "TIMP2", "PDE4B", "SIRPA", "ARID2", "BCAS3", "PACRG", "SGIP1", "ZFP90", "PARP8", "INPP4A", "PSMA1", "PSPC1", "CDC42EP4", "AKAP9", "BEX4", "GRIA1", "CAMK2D", "WDR26", "NFIX", "TM2D1", "KCNA1", "CTR9", "STK39", "OPRL1", "ABCB9", "HSD17B11", "TANK", "MED12L", "SNN", "CAND1", "FUT9", "PLXNA2", "CGA", "HMOX2", "ATP6V0A1", "GABRA2", "DTNA", "FEM1A", "PBX3", "PLEKHA5", "CDC5L", "AP2B1", "INADL", "SMAD7", "PER2", "NR4A2", "CCDC88A", "WNK1", "CCDC6", "HCN1"], "JARID2-20075857-MESC-MOUSE": ["GABRA2", "EOMES", "DLX1", "DLX2", "NFIX", "HOMER2", "EPAS1", "KCNA1", "STK39", "PBX3", "SLC4A4", "MED12L", "DLK1", "PARP8", "TYMP", "SLC22A23", "MAFB", "CCND2", "CDH11", "KIF1A", "EIF1A", "RREB1"], "ZFP322A-24550733-MESC-MOUSE": ["HSD11B1", "GRIA1", "ZFP322A"], "SPI1-20517297-HL60-HUMAN": ["SMAD2", "ENY2", "AHNAK", "KCNB1", "AP2A1", "SMC6", "ACTB", "CCAR1", "POMC", "ACTA2", "DBP", "PPA2", "SERTAD1", "CFHR1", "COPS2", "ADRBK1", "MAGOH", "SIRPA"], "EGR1-19374776-THP-1-human": ["PER2", "TCERG1", "SOD1"], "CIITA-18437201-Raji B cells and iDC-human": ["C4A", "CACYBP"], "RAD21-21589869-MESC-MOUSE": ["ACHE", "RNASEH2B", "NFIX", "AHNAK", "CEBPD", "ARL6", "PTPRO", "CTGF", "NUDT4", "IFIT2", "MAPK9", "PPP1R2", "ARGLU1", "RREB1", "CDKL2", "KLF10", "GH", "PHYH", "TRPC1", "SSU72", "SERPINB9", "VPS37B", "ZFP90", "MED23", "POMC", "ACTA2", "MAFB", "PPA2", "TH", "BHLHE40", "FASTKD5", "VAMP1", "EIF1A"], "JARID2-20064375-MESC-MOUSE": ["GABRA2", "EOMES", "DLX1", "DLX2", "NFIX", "HOMER2", "KCNA1", "STK39", "NPNT", "TANK", "SLC4A4", "DLK1", "PARP8", "SLC22A23", "NR4A2", "MAFB", "CDH11", "SOS2"], "TET1-21451524-MESC-MOUSE": ["MRPS15", "GGNBP2", "RRN3", "AHNAK", "SETD8", "DCUN1D5", "CERK", "MPG", "GPR137B-PS", "OPRL1", "ADAR", "RTN4", "CORO1B", "CALB2", "TMEM123", "CCND2", "SCP2", "SERTAD1", "KCTD20", "CHCHD7", "PRKACA", "RREB1", "ATP6V0A1", "EOMES", "PHC2", "PNPT1", "FEM1A", "IFRD2", "SHROOM3", "CCDC88A", "PER1", "PSME4", "ATP13A2", "TRIP12"], "GATA1-19941827-MEL-mouse": ["DYNC1I2", "ACHE", "NFIX", "AHNAK", "ATP8A1", "RASAL1", "AP2A1", "TRAK2", "IGF1R", "ALAD", "TMEM123", "SNN", "PLXNA2", "KIF1A", "HARS", "RREB1", "IVNS1ABP", "BCAS3", "KCNB1", "IDH1", "VPS37B", "CSNK1E", "GNL2", "SLC22A23", "CPD", "CDC42EP4", "CCDC6", "PDCD4", "S100A5", "ATP13A2", "ABCG2"]}