{"HNF1B (human)": ["SPP1", "INTS8"], "SMAD3 (human)": ["TWSG1"], "CBX5 (human)": ["WDR26"], "PBX1 (human)": ["MCRS1"], "NFE2L2 (human)": ["ADI1", "MAGOH"], "IRF9 (human)": ["NOV", "PDE4B"], "NFYB (human)": ["ID1", "ACTB"], "NFIL3 (human)": ["ABCB9"], "RUNX1 (mouse)": ["RBM3", "PRDM5"], "SOX2 (human)": ["RASAL1", "NR3C1"], "MYCN (human)": ["FOXO3"], "Tal1::Gata1 (mouse)": ["GM2A"], "HNRNPK (human)": ["FOXO3"], "ESR2 (human)": ["DDR1", "PRL"], "CPEB1 (human)": ["DLX2"], "MAFB (human)": ["RTN4"], "Myf (human)": ["DDR1"], "SMAD3 (mouse)": ["2310061I04RIK", "KIF1A"], "NME2 (human)": ["GGA1"], "NCOA1 (human)": ["USP33", "SNRPA1"]}