{"H3K27me3 H1 Derived Mesenchymal Stem Cells": ["GABRA2", "EOMES", "FUT9", "PDE4B", "NPNT", "ELAVL2", "HCN1"], "H3K9me3 Breast vHMEC": ["RBM3"], "H3K36me3 CD34 Cultured Cells": ["SPG20"], "H3K9me3 Adult Kidney": ["ELAVL2"], "H3K36me3 Fetal Heart": ["POMC"], "H3K27me3 CD4+ CD25- CD45RA+ Naive Primary Cells": ["GABRA2", "GRIA1", "POMC", "SYT1", "NOV", "FUT9", "CLDN25", "KCNA1", "ID1", "CDH11", "GABRA3", "SLC4A4"], "H3K9me3 Mesenchymal Stem Cell Derived Adipocyte Cultured Cells": ["POMC", "ATP6AP2"], "H3K36me3 Brain Substantia Nigra": ["GANAB"], "H3K9me3 H1": ["SF3A3", "PHYH", "AHNAK", "KCNB1", "KCNA1", "BAZ2A", "ABCB9", "NR1D1", "DLK1", "ALAD", "ARFRP1", "FOLH1", "METTL5", "HMOX2", "NFE2L2"], "H3K36me3 Brain Germinal Matrix": ["DLX1"], "H3K27me3 Brain Hippocampus Middle": ["GABRA2", "SYT1", "NPNT", "SLC4A4", "WISP1"], "H3K4me1 CD4+ CD25- CD45RA+ Naive Primary Cells": ["BEX4", "ACHE", "NFIX", "RRN3", "OPRL1", "NR3C1", "SLC4A4", "PRSS23", "ELAVL2", "EPS8", "CALB2", "MAPK9", "GGA1", "ALCAM", "SCP2", "GM2A", "KIF5C", "PERP", "CHCHD7", "PLXNA2", "SPP1", "KIF1A", "ATP6V0A1", "FNBP4", "CDKL2", "KLF10", "KCNB1", "TRPC1", "MCRS1", "ATP6AP2", "PLEKHA5", "TRNT1", "COMMD4", "TCTE1", "DPM1", "TMEM199", "SLC7A8", "CDC42EP4", "MAP1B", "ID1", "RRAGD", "GNB4", "CKS2", "ATG4B", "MCM4", "VAMP2"], "H3K36me3 Pancreatic Islets": ["PHC2"], "H3K36me3 Neurosphere Cultured Cells Cortex Derived": ["SPG20"], "H3K36me3 H1": ["NFIX", "PLXNA2", "FAM60A", "TYMP"], "H3K9me3 Stomach Smooth Muscle": ["ELAVL2"], "H3K9me3 CD8 Memory Primary Cells": ["ELAVL2"], "H3K4me1 Breast Myoepithelial Cells": ["GABRB3", "PTPRO", "SMC6", "SLC4A4", "ACTB", "CTGF", "HERPUD1", "NSDHL", "PSMD6", "SPTLC1", "ALCAM", "KIF5C", "SESN1", "CHCHD7", "PDE4B", "EIF2B1", "EOMES", "DDX18", "BCAS3", "PHYH", "SLC30A9", "PACRG", "TRPC1", "PCOLCE", "TRNT1", "CSNK1E", "NPNT", "ZFP90", "TCTE1", "GABRG1", "PISD", "PARP8", "DPM1", "MED23", "TWSG1", "FOLH1", "PSMA1", "SLC7A8", "NOV", "RRAGD", "CKS2", "FKBP7", "VAMP1", "ULK2", "MCM4", "VAMP2", "GRIA1", "DLX1", "WDR26", "RRN3", "UQCRB", "ARL6", "KCNA1", "HSD17B11", "CPLX2", "TANK", "MED12L", "GANAB", "FUT9", "LLPH", "GABRA2", "KCNB1", "MCRS1", "NR1D1", "NR4A2", "TMEM199", "WEE1", "FABP7", "PSMC2", "PDCD4", "ATP13A2"], "H3K4me1 H9": ["ACHE", "BAZ2A", "ABCB9", "GTF2E2", "CTGF", "HERPUD1", "IFIT2", "CALB2", "TMEM123", "ISLR", "DBP", "STS", "ME1", "IVNS1ABP", "PCOLCE", "TCTE1", "PISD", "TMEM199", "PER1", "ADI1", "FABP7", "CPD", "PDCD4", "ATP13A2", "DNAJC9", "DLD", "VAMP2"], "H3K27me3 Brain Cingulate Gyrus": ["EOMES", "AHNAK", "SYT1", "PERP"]}