{"AGTCAGC,MIR-345": ["EPS8", "KLF9"], "CGCTGCT,MIR-503": ["ACHE", "CCND2"], "AACGGTT,MIR-451": ["YTHDF2"], "GCAAGGA,MIR-502": ["DTNA", "SGIP1"], "AGGAGTG,MIR-483": ["RBM3", "VAMP2"], "GTGTCAA,MIR-514": ["TCF12", "NR3C1"], "GGTAACC,MIR-409-5P": ["STAG2"], "GGGATGC,MIR-324-5P": ["KLF3"], "CCCACAT,MIR-299-3P": ["TIMP3", "TCF4"], "AAGTCCA,MIR-422B,MIR-422A": ["PPP3CA", "SYN2"], "TCGATGG,MIR-213": ["GANAB", "MAX"], "GTACAGG,MIR-486": ["GABRB3", "ELAVL2"], "ACCAATC,MIR-509": ["PBX3", "BAZ2A"], "CCTGAGT,MIR-510": ["RBM3", "TRIP12"], "TACGGGT,MIR-99A,MIR-100,MIR-99B": ["BAZ2A"], "ACACTCC,MIR-122A": ["CCNG1", "CCDC6"], "TAGGTCA,MIR-192,MIR-215": ["ALCAM"], "ATAACCT,MIR-154": ["COPS2", "TCF12"], "TTCCGTT,MIR-191": ["PHC2", "CCND2"], "GCAAGAC,MIR-431": ["SMAD4"]}