{"MAZ_HeLa-S3_hg19": ["ENY2", "IPO11", "WDR26", "CHRM1", "SETD8", "DCUN1D5", "CEBPD", "PRDM5", "NMD3", "ALAD", "CALB2", "PPP3CA", "AMMECR1L", "PRADC1", "SPIN1", "LLPH", "TTC14", "USP8", "SLC30A9", "PNPT1", "USP22", "IL18", "VPS37B", "TRNT1", "GNL2", "COMMD4", "U2SURP", "PER1", "PSMA6", "COPS2", "IMPAD1", "AKAP9", "FASTKD5", "ATP13A2", "SNRPA1", "SERINC3", "ASF1A", "FAM60A"], "CHD7_H1-hESC_hg19": ["GRIA1", "CAMK2D", "DCUN1D5", "CEBPD", "CTNND1", "CSTF2", "NMD3", "HSD17B11", "MED12L", "CCAR1", "PSMD6", "SPTLC1", "SPAST", "BOD1L", "GM2A", "PCF11", "TIMP3", "EIF2B1", "FNBP4", "SF3A3", "PNPT1", "VPS37B", "GNL2", "TM9SF2", "DNAJC2", "PSMA6", "PPA2", "PSPC1", "COPS2", "FABP7", "VAMP1", "TUBGCP3", "CEBPZ", "PDE7A", "NFE2L2", "RAD9A"], "CTCF_fibroblast of lung_hg19": ["TCERG1", "CTNND1", "PRDM5", "THUMPD3", "SNX13", "NR3C1", "ELAVL2", "IGF1R", "ALAD", "EPS8", "CALB2", "PSMD6", "ALCAM", "EOMES", "DDX18", "ADSL", "SGIP1", "EED", "UBE2E1", "CSNK1E", "ILF2", "PISD", "MED28", "MED23", "ACTA2", "TWSG1", "MAU2", "PPA2", "PSMA1", "KIF2A", "CDH11", "FASTKD5", "ULK2", "ASF1A", "CAMK2D", "RNASEH2B", "LXN", "CTR9", "CSTF2", "TOR1AIP2", "HSD17B11", "MED12L", "CAND1", "SPAST", "BOD1L", "PERP", "ADRBK1", "SPP1", "METTL5", "FYN", "HARS", "HMOX2", "TTC14", "SF3A3", "PHC2", "NMB", "YTHDF2", "RANBP9", "NR1D2", "KLHL9", "CCDC88A", "STAG2", "WNK1", "ZFP62", "CCDC6", "TUBGCP3", "CEBPZ"], "SIN3A_GM12878_hg19": ["RRN3", "SETD8", "YTHDC1", "USP33", "IREB2", "TOR1AIP2", "SMC6", "HSD17B11", "ACTB", "TRAK2", "EPS8", "PSMD6", "SPTLC1", "ALCAM", "IRAK1", "METTL5", "ARGLU1", "SMNDC1", "PHYH", "DFFA", "ADSL", "PNPT1", "MCRS1", "GNL2", "COMMD4", "PISD", "PARP8", "SOD1", "PER2", "MED23", "TMEM199", "TM9SF2", "CCDC6", "ATP13A2", "ARHGEF1", "INTS8"], "POLR2A_MCF 10A_hg19": ["IPO11", "ADAR", "PRSS23", "CCAR1", "ZNRD1", "CAPN7", "CWC22", "MAGOH", "TIMP2", "ARIH1", "EOMES", "TRPC1", "SHROOM3", "CSNK1E", "COMMD4", "MED28", "PTBP3", "INPP4A", "PSMA6", "MAU2", "FRMD6", "KIF2A", "AKAP9", "FASTKD5", "FKBP7", "SNRPA1", "SOS2", "DLX1", "STX12", "WDR26", "LXN", "RRN3", "CSTF2", "HSD17B11", "FGD1", "SNN", "GANAB", "CAND1", "SERTAD1", "IRAK1", "FYN", "SMNDC1", "ATP6V0A1", "SMAD4", "SYT1", "IDH1", "MCRS1", "PBX3", "PLEKHA5", "NR1D1", "SOD1", "EEPD1", "COPS2", "CPD", "UBA3", "CEBPZ"], "CTCF_GM13976_hg19": ["CAMK2D", "LXN", "CTR9", "SNX13", "SLC4A4", "MED12L", "GTF2E2", "NUDT4", "CALB2", "PSMD6", "SPTLC1", "ALCAM", "SPAST", "IRAK1", "ADRBK1", "TIMP2", "METTL5", "FYN", "ARIH1", "SMNDC1", "SF3A3", "EOMES", "RANBP9", "NR1D2", "GNL2", "INPP4A", "TWSG1", "MAU2", "STAG2", "PPA2", "WNK1", "CPD", "FASTKD5", "CCDC6", "ASF1A"], "CHD1_H1-hESC_hg19": ["USP33", "THUMPD3", "SNX13", "AQP4", "AHR", "NR3C1", "SMC3", "PRSS23", "CHD1", "IGF1R", "HERPUD1", "PSMD6", "TIMP3", "ARIH1", "EIF2B1", "ARID2", "LBR", "KLF10", "PHYH", "ADSL", "PACRG", "EED", "BROX", "SSU72", "ILF2", "SYN2", "MED28", "DPM1", "ACTA2", "DNAJC2", "AKAP9", "CDH11", "SNRPC", "BEX4", "DLX1", "WDR26", "RRN3", "TOR1AIP2", "SLAIN1", "HSD17B11", "TANK", "CORO1B", "GGA1", "DHRSX", "PLXNA2", "SPP1", "METTL5", "HMOX2", "TTC14", "SMAD2", "NMB", "SMAD4", "MCRS1", "ADI1", "FABP7", "GNB4", "PDCD4", "TUBGCP3", "NFE2L2", "HCN1"], "CTCF_HeLa-S3_hg19": ["SNX13", "IGF1R", "NUDT4", "ALAD", "CALB2", "PSMD6", "ALCAM", "ZNRD1", "SESN1", "TIMP2", "TIMP3", "ARIH1", "EOMES", "KLF10", "DDX18", "IFRD2", "IL18", "PISD", "MED28", "DPM1", "MED23", "ACTA2", "TWSG1", "MAU2", "PPA2", "NOV", "FASTKD5", "ASF1A", "CAMK2D", "LXN", "CTR9", "CSTF2", "TOR1AIP2", "BAZ2A", "HSD17B11", "GTF2E2", "FGD1", "SPAST", "BOD1L", "PERP", "ADRBK1", "METTL5", "FYN", "HARS", "IVNS1ABP", "TTC14", "SF3A3", "YTHDF2", "SYT1", "RANBP9", "CDC5L", "NR1D2", "CCDC88A", "STAG2", "CCDC6", "CEBPZ", "NFE2L2"], "RXRA_SK-N-SH_hg19": ["KLF10", "BHLHE40", "RTN4", "CTGF"], "RXRA_H1-hESC_hg19": ["ARFRP1", "GGA1", "YTHDF2", "SETD8", "KCNB1", "PCOLCE"], "CTCF_GM12871_hg19": ["CAMK2D", "RNASEH2B", "LXN", "CTR9", "SNX13", "HSD17B11", "MED12L", "CALB2", "PSMD6", "ALCAM", "SPAST", "ADRBK1", "TIMP2", "METTL5", "FYN", "ARIH1", "SF3A3", "EOMES", "YTHDF2", "RANBP9", "SERPINB9", "NR1D2", "ILF2", "MED28", "SOD1", "INPP4A", "CCDC88A", "TWSG1", "MAU2", "STAG2", "PPA2", "KIF2A", "WNK1", "CCDC6", "TUBGCP3", "ASF1A"], "POLR2A_GM18526_hg19": ["RRN3", "CEBPD", "CTR9", "TOR1AIP2", "THUMPD3", "HSD17B11", "TRAK2", "ALAD", "PPP3CA", "NSDHL", "SPTLC1", "ZNRD1", "CAPN7", "CWC22", "HARS", "EIF2B1", "ATP6V0A1", "TTC14", "ADSL", "MCRS1", "BROX", "SSU72", "ILF2", "COMMD4", "PISD", "INPP4A", "CCDC88A", "PSMA6", "WEE1", "TWSG1", "MAFB", "PSME4", "FASTKD5", "VAMP1", "SNRPA1", "CEBPZ", "SERINC3", "RAD9A"], "POLR2A_HGPS cell_hg19": ["BEX4", "DCUN1D5", "STK39", "NMD3", "HSD17B11", "TYMP", "ALAD", "ZNRD1", "CAPN7", "ADRBK1", "CWC22", "PLXNA2", "PDE4B", "METTL5", "LLPH", "PRKACA", "ATP6V0A1", "DFFA", "SLC30A9", "HOMER2", "TRPC1", "IFRD2", "SERPINB9", "ILF2", "COMMD4", "MED28", "INPP4A", "TM9SF2", "PSMA6", "ZFP62", "UBA3", "ATP13A2", "ARHGEF1", "SERINC3", "INTS8"], "eGFP-GATA2_K562_hg19": ["MRPS15", "DCUN1D5", "UQCRB", "TM2D1", "YTHDC1", "CTR9", "THUMPD3", "SNX13", "RASAL1", "HSD11B1", "RBM3", "ZNRD1", "SERTAD1", "KCTD20", "CWC22", "METTL5", "EIF2B1", "LBR", "FNBP4", "DDX18", "CEP350", "MCRS1", "GABRA3", "SSU72", "CACYBP", "AP2B1", "CSNK1E", "GNL2", "INPP4A", "PSPC1", "COPS2", "ID1", "CCNG1", "INTS8", "DLD", "NUCB2"], "STAT1_GM12878_hg19": ["DLX1", "MRPS15", "DCUN1D5", "UQCRB", "MPG", "TOR1AIP2", "SNX13", "NMD3", "HSD17B11", "TANK", "TRAK2", "ALAD", "TMEM123", "PPP1R2", "GANAB", "HMGN5", "CHCHD7", "ME1", "METTL5", "EIF2B1", "ATP6V0A1", "SF3A3", "CDKL2", "DFFA", "PNPT1", "DTNA", "IFRD2", "TRNT1", "COMMD4", "TMEM199", "PSMA6", "PPA2", "FASTKD5", "ATG4B", "CEBPZ", "SMAP1", "NFE2L2"], "CTCF_H1-hESC_hg19": ["ATP8A1", "PTPRO", "THUMPD3", "SNX13", "NUDT4", "ALAD", "CALB2", "PSMD6", "ALCAM", "CAPN7", "TIMP2", "SPIN1", "ARIH1", "EOMES", "DDX18", "SLC30A9", "ADSL", "IFRD2", "PTBP3", "MED23", "TWSG1", "PPA2", "CDH11", "FASTKD5", "VAMP1", "ULK2", "AVP", "ASF1A", "CAMK2D", "LXN", "YTHDC1", "MAX", "CTR9", "CSTF2", "RASAL1", "ABCB9", "APCDD1", "MED12L", "MAPK9", "SPAST", "BOD1L", "IRAK1", "FUT9", "ADRBK1", "SPP1", "METTL5", "FYN", "HMOX2", "IVNS1ABP", "SF3A3", "NMB", "YTHDF2", "FEM1A", "IDH1", "PLEKHA5", "U2SURP", "CCDC88A", "STAG2", "WNK1", "COPS2", "CCDC6", "CEBPZ", "HCN1"], "ESRRA_HepG2_hg19": ["DLX2", "SETD8", "ADI1", "FASTKD5"], "CTCF_foreskin fibroblast_hg19": ["CAMK2D", "LXN", "ARL6", "CTR9", "CSTF2", "STK39", "TOR1AIP2", "SNX13", "HSD17B11", "MED12L", "IGF1R", "ALAD", "CALB2", "PSMD6", "ALCAM", "SPAST", "BOD1L", "ADRBK1", "METTL5", "FYN", "HARS", "SF3A3", "DDX18", "ADSL", "YTHDF2", "SERPINB9", "ILF2", "COMMD4", "U2SURP", "PISD", "MED28", "MED23", "ACTA2", "CCDC88A", "TWSG1", "MAU2", "STAG2", "PPA2", "COPS2", "CDH11", "FASTKD5", "CCDC6", "ULK2", "TUBGCP3", "DNAJC9", "CEBPZ", "ASF1A"], "NANOG_H1-hESC_hg19": ["GANAB", "KCNB1", "ID1", "COMMD4", "CTGF"], "SMARCB1_HeLa-S3_hg19": ["CTR9", "SMC6", "PRSS23", "BOD1L", "PERP", "SPIN1", "METTL5", "HARS", "EIF2B1", "IVNS1ABP", "TTC14", "KLF10", "USP8", "SMAD4", "TRPC1", "MCRS1", "BROX", "ATP6AP2", "RANBP9", "KLF3", "TM9SF2", "EEPD1", "TWSG1", "COPS2", "AKAP9", "PSME4", "GNB4", "SRSF2", "VAMP1", "SNRPA1", "TUBGCP3", "PDE7A", "PTMA", "NUCB2", "ABCG2", "RAD9A"]}