{"H2AFZ_GM12878_hg19": ["MMP7", "C1R", "PRKRIP1", "MYL6B", "FBXL14", "HCK", "IL6", "ISLR", "TMEM158", "CSRP2", "PLAU", "ITGAX", "AOX1", "CPE", "HCLS1", "CAMTA2", "ZNF337", "RGL1", "IL7R", "BLZF1"], "H3K79me2_osteoblast_hg19": ["NOTCH3", "S100A2", "SP110", "PRKRIP1", "SERPINE1", "TNFAIP2", "PCOLCE", "MT1X", "PTGS2", "MLLT11", "RGS2", "IL6", "SCML2", "DDAH2", "CTSK", "COL7A1", "CCL2", "MYBL2", "CAMTA2", "IGFBP6"], "H3K4me2_myotube_hg19": ["DYRK3", "POSTN", "CADM1", "BCL2A1", "CCDC69", "CXCL1", "PTGS2", "ICAM1", "DACH1", "WIF1", "IL1B", "SFXN3", "TNFSF9", "AOX1", "CPE", "CAMTA2", "PLXNC1", "TAC1", "RAPGEF4", "BIRC3"], "H3K4me2_T-cell acute lymphoblastic leukemia_hg19": ["PPP1R16B", "CCR1", "OLFML2B", "BCL2A1", "ACSL1", "C1R", "SERPINE1", "FN1", "NEDD4L", "CXCL1", "CST7", "GDPD5", "CLCN3", "ICAM1", "CD79B", "MMP11", "RGS2", "IL6", "CAMTA2", "IGFBP6"], "H3K4me3_HeLa-S3_hg19": ["NNMT", "CFH", "C1R", "TACSTD2", "LRP4", "TNFAIP3", "TFPI", "GDPD5", "ING1", "CLU", "ICAM1", "PDLIM3", "CSRP2", "BASP1", "OLR1", "CYP1B1", "SP110", "WFS1", "ACSL1", "WNT5A", "C10ORF10", "EMP3", "SULF1", "QKI", "CUL4A", "MEIS1", "TMEM158", "KRT16", "BAMBI", "COL7A1", "CPE", "GAS1", "RGL1", "MFGE8", "GAS6", "S100A9"], "H3ac_C2C12_mm9": ["COL16A1", "IL1R1", "PRKRIP1", "KCNA3", "LY96", "CXCL1", "PCOLCE", "CTCF", "GDPD5", "CLCN3", "PLA2G7", "LOXL2", "PCMTD2", "POLB", "HCK", "RGS2", "EFEMP2", "COL7A1", "CPE", "IGFBP6", "RGL1", "KCNN4"], "H3K36me3_H1-hESC_hg19": ["NOTCH3", "MDC1", "TAGLN", "FCER1G", "WFS1", "FZD7", "PRKRIP1", "FN1", "NR1D2", "AEBP1", "PPBP", "PARVB", "SULF1", "ENO2", "CXCL5", "CUL4A", "ACTC1", "CXCL12", "LAS1L", "DDAH2", "ANGPTL2"], "H3K4me3_cerebellum_mm9": ["COL16A1", "RAMP3", "TNFAIP6", "SERPINE1", "LPAR1", "HTRA1", "TNFAIP3", "PTGS2", "BMP7", "HOPX", "PCMTD2", "AKAP12", "MRC2", "CXCL10", "SCML2", "TMEM158", "BAMBI", "DPYD", "SPAG1", "CAMTA2", "NPTX2"], "H4K20me1_B cell_hg19": ["HIST2H2AA3", "CD52", "FZD7", "PRKRIP1", "AHNAK2", "OSM", "SECTM1", "EMP3", "GDPD5", "ING1", "MMP11", "IL6", "DDAH2", "SFXN3", "ANGPTL2", "HCLS1", "CD37", "COL9A3", "CAMTA2", "DBN1", "HIST1H2BD"], "H3K4me3_cardiac mesoderm_hg19": ["PTGFR", "MDC1", "CXCL6", "DYRK3", "RRAD", "C1R", "KCNA3", "LPAR1", "TNFAIP3", "TWIST1", "CXCL1", "SLC7A1", "ING1", "CXCL5", "ICAM1", "AKAP12", "MRC2", "RGS2", "DACH1", "FLRT2", "BASP1", "SVEP1", "NPTX2", "TAC1", "PLTP", "HOXA5", "SP110", "WNT5A", "HOPX", "QKI", "HCK", "IL6", "MEIS1", "P2RX5", "ACTC1", "BAMBI", "CPE", "ZNF337", "FERMT2", "BIRC3"], "H3K4me3_K562_hg19": ["COL16A1", "NNMT", "C1R", "SERPINE1", "TNFAIP3", "PTPN22", "CXCL1", "MYL6B", "MT1X", "PTGS2", "LRRC32", "GDPD5", "ING1", "CD3D", "FYB", "ICAM1", "POLB", "TMEM47", "RGS2", "PDLIM3", "TCL1A", "CSRP2", "PLAU", "CD37", "CAMTA2", "APOD", "IGFBP6", "SP110", "WFS1", "ACSL1", "C10ORF10", "G0S2", "EMP3", "SMARCA1", "CUL4A", "PLA2G16", "MMP11", "MEIS1", "BAMBI", "COL6A2", "DPYD", "SFXN3", "RGL1", "EVI2B", "BLZF1", "BIRC3"], "H3K9me3_ES-E14_mm9": ["CSRP2", "SP110"], "H3K4me3_A549_hg19": ["PTGFR", "CSTA", "CALCB", "TNFAIP6", "C1R", "TWIST1", "CXCL1", "MYL6B", "PTGS2", "LRRC32", "GDPD5", "RPS4Y1", "TANK", "ING1", "ICAM1", "MRC2", "CSRP2", "WIF1", "ITGAX", "OLR1", "LPXN", "PLXNC1", "MMP7", "SP110", "FZD7", "C10ORF10", "G0S2", "QKI", "MLLT11", "CUL4A", "IL6", "MEIS1", "CXCL12", "CLEC2B", "COL6A2", "CPE", "ITGA5", "MFGE8", "BLZF1", "IDO1"], "H3K27ac_myotube_hg19": ["CFH", "SP110", "WFS1", "PRKRIP1", "FGL2", "MRPS31", "TNFAIP3", "TNFRSF11B", "CLCN3", "POLB", "AKAP12", "IL6", "GLIPR1", "DES", "MDFIC", "DDAH2", "CTSK", "CPE", "RAMP1", "BIRC3"], "H3K4me3_erythroblast_mm9": ["OLFML2B", "COL11A1", "PRKRIP1", "LPAR1", "PLA2G7", "LOXL2", "RGS2", "EFEMP2", "WIF1", "PLAU", "CD37", "MFAP3L", "WFS1", "OSM", "RHOH", "PARVB", "CXCL10", "MMP11", "P2RX5", "MAP1A", "SPAG1", "SFXN3", "TNFSF9", "HCLS1", "ARHGEF7", "CDK14", "BLZF1"], "H4K20me1_fibroblast of lung_hg19": ["CPA3", "NOTCH3", "TAGLN", "SERPINE1", "TNFAIP2", "GCG", "SLC2A3", "NR1D2", "AEBP1", "PARVB", "RPS4Y1", "MLLT11", "CUL4A", "HCK", "RGS2", "DACH1", "SLPI", "ANGPTL2", "ARHGEF7", "FBN1"], "H3K79me2_A549_hg19": ["PRKRIP1", "PHF1", "MRPS31", "SECTM1", "CXCL1", "SLC2A3", "MYL6B", "MT1X", "PTGS2", "CXCL5", "MYLK", "POLB", "RGS2", "CCL2", "CAMTA2", "ZNF205", "IGFBP6", "KCNN4", "IL11", "S100A2", "ACSL1", "FN1", "KRT7", "EMP3", "MLLT11", "MEIS1", "SFXN3", "TNFSF9"], "H2AFZ_mammary epithelial cell_hg19": ["DYRK3", "TAGLN", "VCAM1", "S100A2", "WFS1", "PRKRIP1", "WNT5A", "MT1X", "PPBP", "EMP3", "FBXL14", "CLU", "LAS1L", "KRT16", "IL1B", "RGL1", "TAC1", "KCNN4", "PDZRN3", "BLZF1"], "H3K4me3_WERI-Rb-1_hg19": ["FZD7", "TNFAIP3", "TWIST1", "LRRC32", "ING1", "ICAM1", "MEIS1", "CLEC2B", "SFXN3", "C16ORF45", "PLXNC1", "PLTP", "PDZRN3", "HOXA5", "RAPGEF4", "FBN1"], "H3K4me3_endothelial cell of umbilical vein_hg19": ["PTGFR", "DYRK3", "TAGLN", "NNMT", "C1R", "GMFG", "LPAR1", "HTRA1", "TNFAIP3", "CXCL1", "MYL6B", "MT1X", "SLC7A1", "ING1", "ICAM1", "MRC2", "CSRP2", "AOX1", "CCL2", "PLXNC1", "TAC1", "MMP7", "SP110", "WNT5A", "QKI", "CXCL11", "P2RX5", "ACTC1", "CLEC2B", "MAP1A", "CPE", "ARHGEF7", "EVI2B", "PDZRN3", "RAPGEF4", "BIRC3"]}