{"SP4 (human)": ["HBZ", "SLC30A1"], "MYC::MAX (human)": ["NEU1"], "REST (human)": ["NEU1"], "HNRNPK (human)": ["TSC22D1", "FOXO3"], "PLAG1 (human)": ["NEU1"], "NR1H2::RXRA (human)": ["NEU1"], "RXR::RAR_DR5 (human)": ["NEU1"], "EWSR1-FLI1 (human)": ["NEU1"], "MIZF (human)": ["NEU1"], "TAL1::TCF3 (human)": ["NEU1"], "Zfx (mouse)": ["SEPP1"], "CTCF (human)": ["NEU1"], "INSM1 (human)": ["NEU1"], "RXRA::VDR (human)": ["NEU1"], "RREB1 (human)": ["NEU1"], "MXI1 (human)": ["EHD1", "SS18L1"], "NHLH1 (human)": ["NEU1"], "TLX1::NFIC (human)": ["NEU1"], "IRF1 (human)": ["NEU1"], "RORA_2 (human)": ["NEU1"]}