{"H4K20me1_mammary epithelial cell_hg19": ["ACHE", "CAMK2D", "UQCRB", "CERK", "TM2D1", "PTPRO", "CAMK2A", "SLAIN1", "ACTB", "PPM1G", "AMMECR1L", "ADRBK1", "FYN", "ARIH1", "ADSL", "PLEKHA5", "RANBP9", "NR1D2", "AP2B1", "TCTE1", "PARP8", "SMAD7", "PPA2", "PSMA1", "ADI1", "PSME4", "TUBGCP3", "SOS2"], "H3K79me2_HeLa-S3_hg19": ["MRPS15", "RRN3", "CHRM1", "MAX", "ARL6", "CSTF2", "SMC6", "ACTB", "HERPUD1", "IFIT2", "ALAD", "RBM3", "DBP", "HARS", "CGA", "EIF2B1", "HMOX2", "KLF10", "BCAS3", "PHYH", "BROX", "INADL", "SOD1", "PER1", "S100A5", "ATP13A2", "ARHGEF1"], "H4K20me1_skeletal muscle myoblast_hg19": ["ENY2", "NFIX", "UQCRB", "MPG", "EPAS1", "CPLX2", "HERPUD1", "MAPK9", "KCTD20", "SESN1", "ADRBK1", "SMNDC1", "ATP6V0A1", "EOMES", "ADSL", "HOMER2", "NPNT", "ILF2", "PISD", "SOD1", "CLK1", "PER1", "COPS2", "ID1", "VAMP1", "ATP13A2", "SNRPA1"], "H3K27me3_small intestine_mm9": ["DLX1", "ACHE", "KCNA1", "PTPRO", "PRDM5", "RASAL1", "SLAIN1", "SLC4A4", "MED12L", "CTGF", "CALB2", "KIF5C", "SIRPA", "KIF1A", "EOMES", "SGIP1", "TRPC1", "SHROOM3", "NPNT", "SYN2", "DLK1", "TCTE1", "PARP8", "POMC", "MAP1B", "CDH11", "GNB4", "AVP", "PHLDB2"], "H3K4me2_CD14-positive monocyte_hg19": ["ARL6", "PRDM5", "CSTF2", "AP2A1", "SMC6", "PRL", "SLC4A4", "PRSS23", "ARFRP1", "AMMECR1L", "SPP1", "SMNDC1", "BCAS3", "PNPT1", "FEM1A", "TRPC1", "ILF2", "SYN2", "TCTE1", "PISD", "DPM1", "TWSG1", "MAU2", "COPS2", "ID1", "NUCB2", "ABCG2", "RAD9A"], "H3K36me3_A549_hg19": ["CAMK2D", "CERK", "TM2D1", "SNX13", "BAZ2A", "AP2A1", "AHR", "NR3C1", "WISP1", "CCAR1", "TYMP", "GANAB", "ZNRD1", "AMMECR1L", "SERTAD1", "SESN1", "ADRBK1", "CWC22", "SLC30A9", "NMB", "ADSL", "PLEKHA5", "SERPINB9", "NR1D2", "VPS37B", "AP2B1", "NR1D1", "PISD", "KLHL9", "EEPD1", "PPA2", "ZFP62", "ADI1", "COPS2", "CDC42EP4", "ID1", "FASTKD5", "ARHGEF1", "TUBGCP3", "SNRPC", "PTMA", "VAMP2"], "H3K27me3_H1-hESC_hg19": ["ACHE", "MPG", "KCNA1", "PTPRO", "APCDD1", "SLC4A4", "PRSS23", "TYMP", "EPS8", "CALB2", "SCP2", "PERP", "ME1", "TIMP3", "GABRA2", "EOMES", "SGIP1", "SERPINB9", "VPS37B", "NPNT", "DLK1", "SLC22A23", "PER2", "MAFB", "PPA2", "NOV", "RRAGD", "CLIP4", "ARHGEF1"], "H3K4me1_G1E_mm9": ["BEX4", "DDR1", "DLX1", "LXN", "CEBPD", "ARL6", "CPQ", "HSD17B11", "IFIT2", "PPP1R2", "SCP2", "FUT9", "PLXNA2", "ME1", "KIF1A", "HARS", "ZFP960", "PACRG", "HOMER2", "PBX3", "SERPINB9", "NR1D2", "NPNT", "COMMD4", "TCTE1", "PISD", "MED28", "INPP4A", "FKBP7", "DNAJC9", "ZSCAN26", "NUCB2", "SPG20", "ABCG2", "RAD9A"], "H3K27me3_GM12878_hg19": ["DLX1", "ACHE", "DLX2", "NFIX", "AHNAK", "MAX", "EPAS1", "KCNA1", "PRDM5", "APCDD1", "SLC4A4", "PRSS23", "MED12L", "ELAVL2", "FGD1", "CTGF", "IGF1R", "EPS8", "CALB2", "SCP2", "FUT9", "CLDN25", "PERP", "PDE4B", "GABRA2", "EOMES", "DTNA", "SYT1", "HOMER2", "TRPC1", "PLEKHA5", "NR1D2", "NPNT", "DLK1", "SLC22A23", "NR4A2", "POMC", "PSMA1", "FABP7", "ID1", "CDH11", "ULK2", "AVP", "ABCG2"], "H3K36me3_endothelial cell of umbilical vein_hg19": ["BEX4", "CAMK2D", "MRPS15", "GGNBP2", "CERK", "TM2D1", "YTHDC1", "ARL6", "BAZ2A", "AP2A1", "SMC6", "SMC3", "ACTB", "CORO1B", "CTGF", "PPM1G", "CCAR1", "RBM3", "ARFRP1", "GANAB", "ZNRD1", "AMMECR1L", "FYN", "NMB", "ADSL", "NR1D2", "NR1D1", "ILF2", "KLHL9", "TMEM199", "MAU2", "PPA2", "ADI1", "ID1", "FASTKD5", "ATG4B", "ARHGEF1", "TUBGCP3", "VAMP2", "RAD9A"], "H3K9ac_myotube_hg19": ["DLX1", "DLX2", "IPO11", "ATP8A1", "MAX", "CSTF2", "AP2A1", "HSD17B11", "SMC3", "SLC4A4", "CORO1B", "ISLR", "ZNRD1", "SPAST", "KCTD20", "SESN1", "CWC22", "TIMP3", "FNBP4", "BCAS3", "BROX", "MED28", "INPP4A", "COPS2", "CCNG1", "CLIP4", "DNAJC9"], "H4K20me1_GM12878_hg19": ["ACHE", "EPAS1", "ABCB9", "FOXO3", "SLC4A4", "MAPK9", "PSMD6", "GANAB", "CAPN7", "TIMP3", "PRKACA", "ATP6V0A1", "FNBP4", "EOMES", "HOMER2", "BROX", "CDC5L", "SMAD7", "WEE1", "MAFB", "SLC7A8", "WNK1", "ID1", "CKS2", "SNRPA1", "CEBPZ", "SERINC3"], "H3K27me3_SK-N-SH_hg19": ["DLX1", "ACHE", "DLX2", "AQP4", "AHR", "SLAIN1", "APCDD1", "SLC4A4", "MED12L", "CTGF", "EPS8", "PERP", "PDE4B", "KIF1A", "GABRA2", "EOMES", "NPNT", "DLK1", "TCTE1", "GABRG1", "SLC22A23", "NR4A2", "POMC", "MAFB", "FOLH1", "NOV", "FABP7", "RRAGD", "ABCG2", "HCN1"], "H3K4me2_B cell_hg19": ["STX12", "NFIX", "ARL6", "CSTF2", "PRSS23", "RTN4", "CALB2", "ZNRD1", "PERP", "PLXNA2", "SPP1", "LLPH", "HARS", "PRKACA", "EIF2B1", "BCAS3", "NMB", "TRPC1", "IL18", "SHROOM3", "EEPD1", "TWSG1", "MAU2", "ID1", "NUCB2", "ABCG2"], "H3K36me3_ES-E14_mm9": ["RRN3", "IREB2", "FOXO3", "SMC3", "PPP1R18", "ACTB", "CTGF", "RBM3", "PSMD6", "PRADC1", "MAGOH", "SPP1", "SF3A3", "ADSL", "MED28", "KLHL9", "MED23", "WNK1", "ADI1", "FASTKD5", "SRSF2", "MCM4", "DNAJC9", "SNRPC", "EIF1A", "PTMA", "FAM60A", "VAMP2"], "H3K79me2_A549_hg19": ["STX12", "MRPS15", "RRN3", "MPG", "ARL6", "CSTF2", "CORO1B", "CTGF", "RNFT1", "ALAD", "ARFRP1", "HERC2", "HMGN5", "ZNRD1", "SERTAD1", "GM2A", "SESN1", "PRADC1", "CHCHD7", "HARS", "DFFA", "MCRS1", "NR1D1", "INADL", "ZFP90", "COMMD4", "SLC22A23", "MED23", "TMEM199", "PER1", "TWSG1", "MAU2", "ADI1", "FKBP7", "DNAJC9", "NUCB2"], "H4K20me1_osteoblast_hg19": ["STX12", "ENY2", "CHD1", "CORO1B", "PPM1G", "MTM1", "RNFT1", "TYMP", "ALCAM", "SCP2", "SERTAD1", "MAGOH", "OGFOD2", "LLPH", "FNBP4", "KLF10", "USP8", "SLC30A9", "KCNB1", "TRPC1", "NR1D1", "ILF2", "TWSG1", "ID1", "CHPT1", "ATP13A2", "INTS8"], "H3K4me3_Panc1_hg19": ["CAMK2D", "MAX", "ARL6", "CSTF2", "SMC3", "ELAVL2", "CORO1B", "TRAK2", "HERPUD1", "IFIT2", "ARFRP1", "TMEM123", "GGA1", "ZNRD1", "SPAST", "KCTD20", "FUT9", "METTL5", "LLPH", "EIF2B1", "SMNDC1", "HMOX2", "BCAS3", "NMB", "EED", "MCRS1", "SERPINB9", "ILF2", "TCTE1", "MED28", "TMEM199", "ACTA2", "TWSG1", "MAU2", "RRAGD", "CDH11", "FASTKD5", "CCDC6", "FKBP7", "TRIP12", "CEBPZ", "SNRPC", "PTMA", "ABCG2", "HCN1", "RAD9A"], "H4K20me1_HepG2_hg19": ["IPO11", "CTR9", "IREB2", "SMC6", "CPLX2", "PPM1G", "ARFRP1", "MAPK9", "GANAB", "ZNRD1", "AMMECR1L", "PCF11", "SESN1", "DHX36", "SIRPA", "SMNDC1", "ATP6V0A1", "ADSL", "SERPINB9", "PER1", "MAU2", "MAFB", "PSPC1", "FABP7", "SOS2", "DLD", "VAMP2"], "H3K27me3_bronchial epithelial cell_hg19": ["GRIA1", "DLX1", "ACHE", "CHRM1", "KCNA1", "PTPRO", "AQP4", "SLAIN1", "APCDD1", "ELAVL2", "ISLR", "KIF5C", "FUT9", "PDE4B", "KIF1A", "GABRA2", "EOMES", "SYT1", "FMO1", "NPNT", "SYN2", "DLK1", "TCTE1", "POMC", "PSMA1", "MAP1B", "RRAGD", "AVP", "HCN1"]}