{"SMAD3-18955504-HaCaT-human": ["SPECC1", "ARNT2", "BRD2", "FKBP2", "BTG2", "HSP90AB1", "WWC1", "ANXA11", "RANGAP1", "YWHAZ", "PURB", "TUBA1C", "CAPNS1", "H2AFJ", "COL4A1", "BMP2K", "ST3GAL5"], "TEAD4-22529382-TROPHECTODERM-MOUSE": ["KL", "RNF10", "FKBP2", "SLC12A5", "RBFOX2", "CADM1", "ITGB4", "WWC1", "HTRA1", "MINA", "HIPK3", "ARNTL", "EML5", "TUBA1C", "STIM1", "TRAF3", "EXOSC8", "BSG", "LRIG1", "SPOCK1", "PFDN2", "GOLGA7"], "MEIS1-20887958-HPC-7-MOUSE": ["ZBTB17", "CD81", "DUSP1", "WWC1", "TNNC1", "ZFP503", "STIP1", "PALM", "HNRNPH3", "SLC39A7", "PPIB", "STX4A", "PRR13"], "STAT3-23295773-U87-HUMAN": ["PDGFA", "DERL2", "CHD4", "ARNTL", "NPEPPS", "ST3GAL5", "SPOCK1", "AASS", "ARNT2", "PLA2G4F", "SLC12A5", "BDNF", "FBXW7", "IMMT", "UNC5C", "YWHAZ", "HIPK3", "SND1", "ZDHHC14", "TRAF3", "KCNS2", "SP3", "PEX5", "PIGK", "SYCP3"], "REST-21632747-MESC-MOUSE": ["SLC12A5", "BDNF", "CTBP1", "HPCA", "SGTA", "CELF4", "L1CAM", "RUNDC3A", "HIPK3", "DNM1", "MAPK8IP1", "ARNTL", "NPEPPS", "TUBA1C", "ADCYAP1", "COL4A2", "TSPAN9", "KCNS2", "SST", "TOP1", "PRPS1L3", "ASTN1"], "RBPJ-21746931-IB4-LCL-HUMAN": ["TAF15", "DUSP1", "LY86", "HDHD2", "SND1", "ZDHHC14", "GNAI2", "MAPK8IP1", "ARNTL", "GNG2", "KCNS2", "ST3GAL5", "CD9"], "GATA1-21571218-MEGAKARYOCYTES-HUMAN": ["BTG2", "HSP90AB1", "CHD4", "GRIK1", "MLLT3", "ODF2L", "TSPAN9", "BSG", "ANXA6", "ST3GAL5", "CKB", "GLUL", "TXNDC5", "ZBTB17", "GPR37L1", "RUNDC3A", "YWHAZ", "SND1", "SIRT2", "UBE2W", "STIM1", "COL4A2", "PEX5", "FSCN1", "TOP1"], "OLIG2-23332759-OLIGODENDROCYTES-MOUSE": ["TRPC6", "CADM1", "CD81", "SCHIP1", "GRIK1", "MINA", "SLC4A3", "HIPK3", "SND1", "ARNTL", "SOX2", "PURB", "COL4A1", "KCNS2", "SST", "PALM", "TACC3", "GAS2", "LAP3"], "AR-22383394-PROSTATE_CANCER-HUMAN": ["BRD2", "CTBP1", "WWC1", "LY86", "GRIK1", "MLLT3", "MUT", "PDC", "EPN1", "EML5", "COL4A1", "KCNS2", "PIGK", "BMP2K", "LRIG1", "GAS2", "ST3GAL5", "SPOCK1"], "TCF4-23295773-U87-HUMAN": ["TXNDC9", "RPL32", "ITGB4", "SCHIP1", "WWC1", "GRIK1", "SLC4A3", "H2AFJ", "TSPAN9", "ZMIZ2", "LRIG1", "CLPTM1", "SPOCK1", "AASS", "ARNT2", "SLC12A5", "OSBPL5", "FBXW7", "DUSP1", "SGTA", "LY86", "UNC5C", "DUSP8", "SND1", "ZDHHC14", "EML5", "COL4A2", "COL4A1", "SP3", "PEX5", "PIGK", "CD9", "TOP1", "CHST2"], "FOXA2-19822575-HepG2-human": ["HSP90AB1", "SCHIP1", "MLLT3", "NPEPPS", "TUBA1C", "LRIG1", "SLC39A7", "ATP9A", "TXNDC5", "SPTBN2", "ZBTB17", "ARNT2", "BRD2", "ACOT7", "PPTC7", "CADM1", "FBXW7", "VEGFB", "TIMM23", "RANGAP1", "CP", "SGPP1", "ZDHHC14", "AES", "STIM1", "TRAF3", "PIGK", "GAS2", "NGEF", "ITM2C"], "AR-20517297-VCAP-HUMAN": ["ACOT7", "TRPC6", "PPTC7", "ITGB4", "WWC1", "RANGAP1", "RC3H2", "SGPP1", "STIP1", "UBE2W", "ODF2L", "STIM1", "H2AFJ", "MAN1A2", "COL4A1", "PALM", "BMP2K", "UQCRC2", "IDH3A", "SPTBN2"], "GFI1B-20887958-HPC-7-MOUSE": ["LRRC59", "JUND", "TAF15", "CD81", "TNNC1", "HPCA", "SHISA5", "SAFB", "SND1", "PURB", "ODF2L", "PFDN2", "SLC39A7", "PPIB", "GLUL", "STX4A", "ITM2C"], "SMAD4-21799915-A2780-HUMAN": ["ZBTB17", "KL", "TRPC6", "BDNF", "DUSP1", "SCHIP1", "TNNC1", "LY86", "HTRA1", "UNC5C", "GRIK1", "MINA", "MLLT3", "MUT", "HIPK3", "BMP2K", "TOP1", "ATP9A", "ASTN1"], "RAD21-21589869-MESC-MOUSE": ["GTF3C1", "RPL41", "SELPLG", "TXNDC9", "TAF15", "INS2", "TEX21", "HPCA", "MINA", "HIPK3", "STIP1", "SH3BP2", "ANXA6", "CKB", "TAGLN3", "GOLGA7", "CHST2"], "GATA1-22025678-K562-HUMAN": ["BMP2K"], "TP63-17297297-HaCaT-human": ["ITGB4"], "GATA2-20887958-HPC-7-MOUSE": ["BRD2", "BTG2", "CD81", "DUSP1", "GRIK1", "PDC", "NRGN", "STIP1", "CYTH2", "TUBA1C", "D17WSU92E", "GAS2", "TAB3", "UQCRC2", "HNRNPH3", "SNRNP25", "ITM2C"], "FLI1-20887958-HPC-7-MOUSE": ["RPL41", "OSBPL5", "WWC1", "MTIF2", "MUT", "EPN1", "PSMB10", "COASY", "GNAI2", "STIP1", "UBB", "PFDN2", "RPS10", "ITM2C", "CHMP5", "PRR13"], "SMAD2-18955504-HaCaT-human": ["SPECC1", "ARNT2", "BRD2", "FKBP2", "BTG2", "HSP90AB1", "WWC1", "ANXA11", "RANGAP1", "YWHAZ", "PURB", "TUBA1C", "CAPNS1", "H2AFJ", "COL4A1", "BMP2K", "ST3GAL5"]}