{"SP4 (human)": ["TRAF3"], "MYC::MAX (human)": ["BRD2"], "REST (human)": ["BRD2"], "INSM1 (human)": ["BRD2"], "PLAG1 (human)": ["BRD2"], "NR1H2::RXRA (human)": ["BRD2"], "Tal1::Gata1 (mouse)": ["ARNT2"], "RXR::RAR_DR5 (human)": ["BRD2"], "MIZF (human)": ["BRD2"], "TAL1::TCF3 (human)": ["BRD2"], "MYCN (human)": ["SAFB"], "CTCF (human)": ["BRD2"], "RREB1 (human)": ["BRD2"], "TLX1::NFIC (human)": ["BRD2"], "RXRA::VDR (human)": ["BRD2"], "NHLH1 (human)": ["BRD2"], "RORA_2 (human)": ["BRD2"], "NFYB (human)": ["SP3"], "IRF1 (human)": ["BRD2"], "EWSR1-FLI1 (human)": ["BRD2"]}