{"H3K36me3 Colon Smooth Muscle": ["PURB", "RPL41", "GNG3"], "H3K36me3 Stomach Smooth Muscle": ["POLR2C"], "H3K36me3 CD4+ CD25+ CD127- Treg Primary Cells": ["POLR2C"], "H3K23ac H1": ["SPECC1", "RANBP1", "TAF15", "HSP90AB1", "TNNC1", "HTRA1", "HDHD2", "HIPK3", "ZDHHC14", "TUBA1C", "HSPH1", "H2AFJ", "PFDN2", "HNRNPH3", "TXNDC5"], "H3K36me3 Colonic Mucosa": ["FBXW7", "SP3", "EXOSC8", "SAFB"], "H3K27me3 CD4+ CD25- CD45RO+ Memory Primary Cells": ["SPECC1", "SST", "ADAMTS1", "A4GALT", "SLC4A3", "AASS", "PTMS"], "H3K36me3 Fetal Lung": ["FKBP2", "SEC24B", "HIPK3", "UQCRH"], "H3K36me3 CD34 Primary Cells": ["POLR2C"], "H3K27me3 Treg Primary Cells": ["SPECC1", "TNFAIP6", "ADAMTS1", "CELF4", "UNC5C", "AASS"], "H3K36me3 Brain Inferior Temporal Lobe": ["HDHD2", "CHMP5"], "H3K36me3 Brain Germinal Matrix": ["POLR2C"], "H3K36me3 Bone Marrow Derived Mesenchymal Stem Cell Cultured Cells": ["GNG3"], "H3K27me3 Colon Smooth Muscle": ["CLDN5", "ITGB4", "KCNS2", "GRIK1", "TAGLN3", "CHST2"], "H3K36me3 Brain Anterior Caudate": ["GNG3", "POLR2C", "PSMB10"], "H3K27me3 CD4 Naive Primary Cells": ["SOX2", "SLC12A5", "ADAMTS1", "HPCA", "PDC"], "H3K9me3 Adipose Derived Mesenchymal Stem Cell Cultured Cells": ["ASTN1"], "H3K27me3 Neurosphere Cultured Cells Ganglionic Eminence Derived": ["TRPC6", "KCNS2", "HPCA", "UNC5C"], "H3K36me3 CD4 Memory Primary Cells": ["COMT"], "H3K27me3 CD4+ CD25- Th Primary Cells": ["CLDN5", "TRPC6", "PALM", "UNC5C", "GRIK1", "GPR37L1", "RUNDC3A"], "H3K36me3 Adipose Nuclei": ["FKBP2"]}