{"ATGTCAC,MIR-489": ["MBD6"], "AAGGGAT,MIR-188": ["FBXW7"], "AGTCTTA,MIR-499": ["TOP1"], "GTAAACC,MIR-299-5P": ["PURB"], "TATCTGG,MIR-488": ["FBXW7"], "GTGTCAA,MIR-514": ["TSPAN9"], "CTCTATG,MIR-368": ["BDNF"], "CAGGGTC,MIR-504": ["PURB"], "GGTGAAG,MIR-412": ["CLPTM1"], "GGGATGC,MIR-324-5P": ["UNC5C"], "CAAGGAT,MIR-362": ["NPEPPS"], "GGCCAGT,MIR-193A,MIR-193B": ["YWHAZ"], "CTCAAGA,MIR-526B": ["PSME3"], "TTGGGAG,MIR-150": ["MBD6"], "AACGGTT,MIR-451": ["YWHAZ"], "GGGGCCC,MIR-296": ["EPN1"], "GCAAGAC,MIR-431": ["CHST2"], "ATAACCT,MIR-154": ["HDHD2"], "TTCCGTT,MIR-191": ["BDNF"], "CCATCCA,MIR-432": ["SOX2"]}