{"TCF12_MCF-7_hg19": ["FKBP2"], "ELK4_HeLa-S3_hg19": ["ZBTB17", "RPL41", "RPL32", "ANXA11", "MTIF2", "HDHD2", "UQCRH", "COASY", "TTC30B", "UBB", "POLR2C", "PFDN2", "HNRNPH3", "PPIB", "RPS10", "POLR2K", "RPS23", "PRR13"], "POLR2AphosphoS2_K562_hg19": ["RNF10", "LRRC59", "TXNDC9", "CD81", "CHD8", "DERL2", "CHD4", "UQCRH", "PSMB10", "GNAI2", "STIP1", "CYTH2", "GNG3", "GNG2", "UBB", "RPL41", "TAF15", "ATP6AP1", "TNNC1", "SGTA", "GPR37L1", "GPCPD1", "SAFB", "SIRT2", "MAPK8IP1", "CLDN5", "MED24", "TRAF3", "PSME3", "PIGK", "FSCN1", "CD9", "CHMP5"], "CTCF_MCF-7_hg19": ["RPL32", "ITGB4", "COMT", "ADAMTS1", "RPS10", "PLA2G4F", "ACOT7", "DUSP1", "UNC5C", "GPR37L1", "GPCPD1", "MUT", "DNM1", "MAPK8IP1", "EML5", "STIM1", "PEX5", "PIGK", "FSCN1", "HNRNPH3", "MFGE8", "PPIB", "CHMP5", "CCDC90B", "LRRC59", "TXNDC9", "HPCA", "SRRT", "DERL2", "MTIF2", "TM2D3", "UQCRH", "STIP1", "HSPH1", "POLR2C", "EXOSC8", "PCBP2", "ST3GAL5", "SPOCK1", "SPECC1", "SLC12A5", "OSBPL5", "CADM1", "SLC35E4", "SGTA", "MINA", "SGPP1", "UBE2W", "ITM2C"], "SIRT6_H1-hESC_hg19": ["GTF3C1", "ZBTB17", "TNNC1", "SHISA5", "ANXA11", "MTIF2", "HDHD2", "MUT", "RC3H2", "EPN1", "PURB", "UBE2W", "EXOSC8", "PCBP2", "PFDN2", "UQCRC2", "ITM2C", "CCDC90B"], "FOS_MCF 10A_hg19": ["RNF10", "LRRC59", "TXNDC9", "SRRT", "MLLT3", "TUBA1C", "ODF2L", "DPP7", "HSPH1", "CECR5", "CAPNS1", "UBB", "H2AFJ", "POLR2C", "SPOCK1", "AASS", "POLR2K", "ZBTB17", "RPL41", "DUSP1", "DYNLT3", "SAFB", "MUT", "RUNDC3A", "EPN1", "SIRT2", "COASY", "UBE2W", "DBF4", "PSME3", "PIGK", "FSCN1", "PFDN2", "UQCRC2", "HNRNPH3"], "ZEB1_HepG2_hg19": ["WWC1", "TACC3"], "CTCF_lung_hg19": ["SPECC1", "LRRC59", "ECHS1", "TAF15", "HSP90AB1", "OSBPL5", "CADM1", "CHD8", "SRRT", "TM2D3", "SGPP1", "CYTH2", "EML5", "HSPH1", "CAPNS1", "POLR2C", "PSME3", "CHMP5"], "CEBPB_A549_hg19": ["GTF3C1", "TXNDC9", "TNFAIP6", "RPL32", "TSPAN31", "TUBA1C", "UBB", "PCBP2", "AASS", "MBD6", "DUSP1", "DYNLT3", "SGTA", "CP", "HIPK3", "RC3H2", "SIRT2", "COASY", "SGPP1", "TTC30B", "PIGK", "PFDN2", "TOP1", "HNRNPH3", "CCDC90B", "PRR13"], "NR2F2_HepG2_hg19": ["RRP7A", "CCDC90B"], "GATA1_erythroblast_hg19": ["SPECC1", "RANBP1", "BTG2", "SEC24B", "JUND", "HSP90AB1", "CTBP1", "DUSP1", "SRRT", "RANGAP1", "HDHD2", "HIPK3", "PTMS", "TUBA1C", "DPP7", "HSPH1", "TTC30B", "UBB", "TAB3", "GOLGA7", "AASS"], "SMC3_GM12878_hg19": ["SPECC1", "LRRC59", "SELPLG", "JUND", "CHD4", "MTIF2", "GPCPD1", "MLLT3", "HDHD2", "DNM1", "EPN1", "TUBA1C", "POLR2C", "FSCN1", "MPHOSPH10", "SPOCK1", "UQCRC2", "RPS10"], "CTCF_BJ_hg19": ["SPECC1", "LRRC59", "CADM1", "SRRT", "SGTA", "MTIF2", "GPR37L1", "TM2D3", "GPCPD1", "MLLT3", "DNM1", "UQCRH", "STIP1", "EML5", "ADCYAP1", "HSPH1", "ADAMTS1", "POLR2C", "SPOCK1", "CHMP5"], "MYC_NB4_hg19": ["SPECC1", "TNFAIP6", "OSBPL5", "CD81", "RANGAP1", "MUT", "RRP7A", "EML5", "TUBA1C", "DPP7", "HSPH1", "TRAF3", "POLR2C", "PSME3", "FSCN1", "SPOCK1", "GOLGA7", "ITM2C", "PRR13"], "eGFP-GATA2_K562_hg19": ["ZBTB17", "RPL41", "SELPLG", "HSP90AB1", "SCHIP1", "SRRT", "MTIF2", "MUT", "SIRT2", "COASY", "ODF2L", "MED24", "PSME3", "SP3", "EXOSC8", "PIGK", "TAB3", "CCDC90B", "PRR13"], "FOXM1_MCF-7_hg19": ["TUBA1C", "PTMS"], "MXI1_HepG2_hg19": ["ACOT7", "CTBP1", "DYNLT3", "SGTA", "RANGAP1", "MUT", "RUNDC3A", "PSMB10", "PTMS", "ARNTL", "SOX2", "CYTH2", "NPEPPS", "TUBA1C", "UBB", "FSCN1", "TAB3", "CKB", "RPS10"], "BHLHE40_HepG2_hg19": ["LRRC59", "FKBP2", "BEX1", "ATP6AP1", "DUSP1", "TNNC1", "CP", "YWHAZ", "SND1", "EPN1", "SIRT2", "EML5", "PSME3", "BSG", "MPHOSPH10", "TOP1", "LAP3", "HNRNPH3", "PPIB", "CHMP5", "RPS23"], "BRCA1_HepG2_hg19": ["SPECC1", "ZBTB17", "FKBP2", "BTG2", "RPL41", "ACOT7", "SGTA", "MTIF2", "GPCPD1", "SAFB", "COASY", "TSPAN31", "TUBA1C", "DBF4", "POLR2C", "TAB3", "TOP1", "HNRNPH3", "PPIB"], "ARID3A_K562_hg19": ["SPECC1", "ZBTB17", "LRRC59", "JUND", "ATP6AP1", "CHD8", "GPCPD1", "RUNDC3A", "MAPK8IP1", "PTMS", "UBE2W", "CYTH2", "GNG3", "HSPH1", "CAPNS1", "UBB", "FSCN1", "ANXA6", "SNRNP25"]}