{"H3K36me3_HepG2_hg19": ["RNF10", "RPL41", "JUND", "ECHS1", "RPL32", "DUSP1", "SGTA", "TM2D3", "MUT", "EPN1", "TSPAN31", "CYTH2", "TTC30B", "UBB", "ZMIZ2", "EXOSC8", "MPHOSPH10", "TAB3", "SYCP3", "PPIB", "RPS10"], "H4K20me1_GM12878_hg19": ["BTG2", "MBD6", "RBFOX2", "DUSP1", "ANXA11", "PDGFA", "IMMT", "MT3", "EPN1", "COASY", "PTMS", "PURB", "CAPNS1", "UBB", "TAGLN3", "PPIB", "SPTBN2"], "H3K27ac_CD14-positive monocyte_hg19": ["ECHS1", "TNFAIP6", "CHD4", "MLLT3", "HDHD2", "SIRT2", "AES", "ODF2L", "TTC30B", "TRAF3", "ST3GAL5", "TAB3", "UQCRC2", "SNRNP25", "AASS", "POLR2K", "IDH3A"], "H3K4me3_myocyte_mm9": ["TXNDC9", "ECHS1", "HSP90AB1", "RBFOX2", "FBXW7", "ZFR2", "SLC35E4", "SHISA5", "ODF2L", "HSPH1", "TACC3", "MPHOSPH10", "TOP1", "UQCRC2", "SNRNP25", "RPS10", "POLR2K"], "H2AFZ_B cell_hg19": ["SPECC1", "LRRC59", "RANBP1", "CHD8", "SRRT", "MTIF2", "RANGAP1", "COASY", "PURB", "RRP7A", "STIP1", "UBE2W", "ADAMTS1", "ATP5E", "TAB3", "GOLGA7", "IDH3A", "PRR13"], "H3K27me3_GM12878_hg19": ["TNFAIP6", "ITGB4", "PDGFA", "SLC4A3", "ADAMTS1", "SH3BP2", "BSG", "PALM", "CKB", "A4GALT", "GLUL", "ATP9A", "SPECC1", "KL", "OSBPL5", "BDNF", "TBR1", "GPR37L1", "MT3", "RUNDC3A", "DNM1", "EML5", "KCNS2", "TAGLN3", "ITM2C", "ASTN1"], "H3K4me3_astrocyte_hg19": ["MTIF2", "MLLT3", "MT3", "SIRT2", "PTMS", "RRP7A", "STIP1", "EML5", "DPP7", "ZMIZ2", "PIGK", "TACC3", "SERPINH1", "PFDN2", "UQCRC2", "SNRNP25", "POLR2K"], "H3K27me3_small intestine_mm9": ["KL", "ARNT2", "SLC12A5", "TNFAIP6", "CADM1", "HTRA1", "UNC5C", "MAPK8IP1", "NRGN", "SOX2", "EML5", "GNG2", "ST3GAL5", "SPOCK1", "A4GALT", "CHST2", "SPTBN2"], "H2AFZ_T-cell acute lymphoblastic leukemia_hg19": ["ZBTB17", "SEC24B", "ATP6AP1", "CHD8", "SRRT", "MTIF2", "TM2D3", "HIPK3", "SIRT2", "COASY", "AES", "UBB", "POLR2C", "MPHOSPH10", "PFDN2", "ITM2C"], "H3K4me1_A549_hg19": ["ZBTB17", "LRRC59", "TRPC6", "TNFAIP6", "BDNF", "CHD8", "TNNC1", "LCAT", "GPR37L1", "MT3", "SIRT2", "PSMB10", "COASY", "AES", "NCR1", "RRP7A", "MED24", "GNG2", "GAS2", "CLPTM1", "SERPINH1", "GLUL", "POLR2K"], "H3K27me3_fibroblast of lung_hg19": ["ITGB4", "HPCA", "CELF4", "PDGFA", "GRIK1", "SLC4A3", "SOX2", "PALM", "CKB", "A4GALT", "KL", "ARNT2", "TRPC6", "ZFR2", "TBR1", "UNC5C", "GPR37L1", "MT3", "RUNDC3A", "MAPK8IP1", "CLDN5", "ADCYAP1", "ADORA2A", "KCNS2", "GAS2", "ASTN1"], "H4K20me1_H1-hESC_hg19": ["KL", "RPL41", "JUND", "SLC35E4", "SGTA", "CELF4", "UNC5C", "L1CAM", "STIP1", "ADCYAP1", "KCNS2", "SST", "FSCN1", "TAB3", "PFDN2", "SNRNP25", "RPS10"], "H3K4me2_CH12.LX_mm9": ["MBD6", "ZFR2", "SHISA5", "PDGFA", "MT2", "MTIF2", "L1CAM", "ZDHHC14", "TSPAN31", "GNG3", "CECR5", "STIM1", "MAN1A2", "GAS2", "ST3GAL5", "SNRNP25"], "H3K9me3_MCF-7_hg19": ["CTBP1", "DERL2"], "H3K4me3_G1E-ER4_mm9": ["ZBTB17", "SEC24B", "ECHS1", "HTRA1", "IMMT", "MT2", "MTIF2", "TM2D3", "MT3", "DNM1", "RC3H2", "TSPAN31", "GNG3", "TTC30B", "PEX5", "PALM", "LRIG1", "CLPTM1", "PFDN2", "STX4A", "POLR2K"], "H3K4me3_heart_mm9": ["TXNDC9", "TNFAIP6", "ITGB4", "HTRA1", "MTIF2", "TSPAN31", "SOX2", "ODF2L", "DPP7", "CAPNS1", "EXOSC8", "LRIG1", "AASS", "IDH3A", "ZFR2", "SGTA", "DYNLT1A", "SHISA5", "MT2", "RANGAP1", "CP", "TTC30B", "TACC3", "GAS2", "TAGLN3", "PRR13"], "H3K27me3_GM06990_hg19": ["KL", "RUNDC3A"], "H3K4me2_fibroblast of lung_hg19": ["SPECC1", "WWC1", "PDGFA", "DERL2", "MTIF2", "MT3", "RUNDC3A", "SIRT2", "ZDHHC14", "PTMS", "ARNTL", "AES", "CYTH2", "COL4A1", "KCNS2", "PSME3", "UQCRC2"], "H3K4me3_kidney_mm9": ["RNF10", "SEC24B", "TXNDC9", "TNFAIP6", "ZFR2", "ITGB4", "SGTA", "SHISA5", "DUSP8", "TSPAN31", "DPP7", "CAPNS1", "GAS2", "TAGLN3", "NGEF", "IDH3A", "PRR13"], "H3K4me1_HeLa-S3_hg19": ["LRRC59", "TNFAIP6", "RPL32", "ANXA11", "IMMT", "GPR37L1", "DNM1", "COASY", "AES", "TSPAN31", "RRP7A", "MED24", "SERPINH1", "RPS10", "LY6E", "PRR13"]}