{"TP63-23658742-EP156T-HUMAN": ["CDKN1A", "PHLDB1", "CEBPD", "TFRC", "RPLP1", "GSTP1", "RPL11", "SLC1A3", "ENO1", "AHR", "THBS2", "CNN3", "TMEM47", "HSPH1", "CCND1", "BAG3", "DNER", "ARHGDIB", "UIMC1", "PCBP2", "SERPINH1", "MAP7", "DYNC1I1", "EGR1", "IGFBP5", "DCAKD", "PDE4C", "LAPTM5", "IL18", "DNAJC15", "THNSL2", "MRPS6", "PJA2", "GFAP", "EHD1", "CH25H", "CDAN1", "CDKN2AIPNL", "FABP7", "ID2", "BHLHE40", "RPL13AP3", "MFGE8", "CD44", "HSPA1B"], "MTF2-20144788-MESC-MOUSE": ["CEBPB", "SPON1", "PHLDB1", "CD83", "SERPINE2", "CEBPD", "TFRC", "NCAN", "ADM", "GLDN", "DNER", "CD14", "B2M", "DYNC1I1", "GPM6B", "RPS12", "EGR1", "JUN", "JUND", "IGFBP5", "CADM1", "LIMCH1", "RGMA", "REEP1", "CH25H", "MARCKS", "TMBIM4", "BCL6", "DNAJA4", "ID2", "MAP6D1", "HSPA1B"], "TEAD4-22529382-TROPHECTODERM-MOUSE": ["DDX5", "SLC44A2", "SLC1A3", "HSD17B4", "TUBA1C", "TRIM2", "DPYSL2", "PLEKHH1", "RPL17", "EIF4B", "CHGB", "SYT4", "H3F3B", "IGFBP5", "PARP1", "CADM1", "LIMCH1", "PDE4C", "ZFYVE20", "EHD1", "REEP1", "PPA2", "ID2", "RPL37A", "RNF181", "DNAJC8", "SRSF5"], "STAT3-18555785-MESC-MOUSE": ["CDKN1A", "CD83", "RPL11", "HSPB1", "STMN4", "CXXC5", "TUBA1C", "RPS16", "RPS15A", "TRIM2", "RPL38", "CD14", "A2M", "LDLR", "RPS13", "SRRM2", "HSPA8", "PNPT1", "EMP1", "RGMA", "RPS26", "CDKN2AIPNL", "RPS29", "ID2", "HNRNPA2B1", "HSPA1B"], "TP63-17297297-HaCaT-human": ["CDKN1A", "DDIT4"], "AR-19668381-PC3-HUMAN": ["GLTP", "CSF1R", "SPON1", "PHLDB1", "TFRC", "ROCK2", "RPLP1", "C5ORF28", "GDI2", "HSPB1", "SLC1A3", "RASD1", "CCND1", "DPYSL2", "DNER", "SERPINH1", "MAP7", "ATP6V1E1", "RPS13", "SRRM2", "GADD45B", "IGFBP5", "WFS1", "MSN", "LILRB1", "PJA2", "MARCKS", "CDC42EP4", "ID2", "RPL37A", "SPARCL1", "TPT1", "ITM2C"], "SRY-25088423-EMBRYONIC GONADS-MOUSE": ["DAZAP2", "CD83", "SLC44A4", "AIRE", "RPL12", "NCAN", "GDI2", "PRCP", "LIPA", "ACTB", "CHCHD2", "RASD1", "HSPH1", "RPL18A", "TMEM205", "DNER", "DPYSL3", "OLR1", "APOE", "RPS11", "SLC25A23", "CTSB", "JUND", "GSTM1", "HMGCS1", "LIMCH1", "ANXA5", "PDE4C", "EMP1", "MSN", "GFAP", "EEF1A1", "MARCKS", "TUBB2B", "CDKN2AIPNL", "CDC42EP4", "TOMM7", "RPL27", "HAMP"], "RCOR3-21632747-MESC-MOUSE": ["SCARB2", "RPL5", "MTCH1", "CDKN1A", "CD83", "NCAN", "GSTP1", "HSPB1", "CXXC5", "ACTB", "CNN3", "ACTG1", "SEPT9", "RPS17", "PGRMC2", "RPS16", "CCND1", "CCL2", "RPL38", "RPL18", "ATP9A", "DYNC1I1", "CHGB", "SNCA", "MBD4", "SEMA4D", "GADD45B", "PARP1", "CIRBP", "LAPTM5", "RPA2", "MRPS6", "GNB2L1", "NFKBIA", "RPS29", "ID2", "ALOX5AP", "DDIT4", "IL17D", "EZR", "ATF4"], "BP1-19119308-Hs578T-human": ["LAPTM5"], "TCF4-23295773-U87-HUMAN": ["CSF1R", "TFRC", "BCYRN1", "C5ORF28", "AKR1D1", "ADM", "AHR", "THBS2", "DNAJC28", "PCMT1", "HLA-DMB", "ALDH2", "CCND1", "PSMB1", "UIMC1", "MAP4", "SLC25A23", "DYNC1I1", "EIF4B", "RPS12", "HAVCR2", "SRRM2", "SYT4", "IGFBP5", "LIMCH1", "DCAKD", "RNASET2", "ANXA5", "MSN", "ZNF14", "NFKBIA", "TF", "CDAN1", "CDKN2AIPNL", "REEP5", "EIF3L", "CDC42EP4", "APOC1", "TOMM7", "HLA-DRA", "EZR", "FARSB"], "TP63-22573176-HFKS-HUMAN": ["GLTP", "RPL5", "EIF4A1", "MTCH1", "GABPB2", "BCYRN1", "RPLP1", "GSTP1", "DAPP1", "HSPB1", "SLC1A3", "CIB1", "PARK7", "RPL10A", "CNN3", "PTBP1", "DNAJB1", "BAG3", "ARHGDIB", "PCBP2", "PEA15", "EFHD2", "SERPINH1", "OLR1", "PHGDH", "ATP6V1E1", "LDLR", "SNCA", "ABCA1", "EGR1", "CD74", "MGEA5", "C8ORF37", "JUND", "TAF15", "CADM1", "CIRBP", "RPA2", "MRPS6", "GLTSCR2", "GFAP", "FABP7", "CDC42EP4", "OCIAD1", "DNAJC8", "EZR", "CD44", "LLGL1"], "RBPJ-22232070-NCS-MOUSE": ["DNER", "RPL37A", "HSPD1"], "SMAD4-21799915-A2780-HUMAN": ["ROCK2", "SLC1A3", "STMN4", "PCMT1", "RASD1", "PGRMC2", "UIMC1", "ATP9A", "CHGB", "FKTN", "USP49", "LIMCH1", "ANXA5", "LAPTM5", "FOS", "THNSL2", "ZNF14", "PJA2", "PPA2", "DNAJA4", "RPS29", "EIF3L", "HNRNPA2B1", "BHLHE40", "TOMM7", "TMEM9B", "FARSB"], "TET1-21490601-MESC-MOUSE": ["CDKN1A", "PHLDB1", "SLC44A2", "GDI2", "PRCP", "CXXC5", "GLDN", "PCMT1", "ZFP36", "EFHD2", "SERPINH1", "PLEKHH1", "CHGB", "MBD4", "MGEA5", "JUN", "CADM1", "ANXA5", "TUG1", "REEP1", "TUBB2B", "CDAN1", "CDKN2AIPNL", "PPP1R3C", "BHLHE40", "TMEM9B"], "SIN3B-21632747-MESC-MOUSE": ["SCARB2", "GLTP", "CSRNP1", "MTCH1", "CDKN1A", "AHCYL1", "IFITM2", "CD83", "NCAN", "ADM", "PARK7", "ENO1", "ACTB", "ACTG1", "PTBP1", "SEPT9", "TUBA1C", "ZFP36", "RPS19", "RPL38", "CHGB", "HMGN1", "GABARAPL2", "IGFBP5", "PDE4C", "CIRBP", "SSU72", "FOS", "SEPT2", "RGMA", "EEF1A1", "MORF4L1", "DDIT4", "RPL24", "RPL27", "EZR", "ALDH9A1", "CNTNAP4", "ATF4", "RBM22", "CXXC5", "SNX3", "PGRMC2", "RPS15A", "ORC6", "DDT", "BAG3", "PCBP2", "CCL2", "SAP18", "RPL18", "LDLR", "MBD4", "JUND", "EHD1", "NFKBIA", "RPS25", "RPS29", "ID2", "ALOX5AP", "BHLHE40", "HIST1H4C", "TPT1"], "SUZ12-20075857-MESC-MOUSE": ["CDKN1A", "SPON1", "PHLDB1", "CD83", "SERPINE2", "ADM", "AHR", "TOMM20", "GLDN", "SEPT9", "RPL18A", "DPYSL2", "DNER", "DPYSL3", "EFHD2", "B2M", "CHGB", "IGFBP5", "LIMCH1", "IL18", "FOS", "RGMA", "CH25H", "PPP1R3C", "CD44", "CEBPB", "CEBPD", "HSD17B4", "FAM171A1", "RASD1", "SERPINH1", "CD14", "SLC25A23", "PLEKHH1", "DYNC1I1", "GPM6B", "EGR1", "JUN", "CADM1", "GFAP", "REEP1", "MARCKS", "BCL6", "DNAJA4", "ID2", "BHLHE40", "CNTN2", "MAP6D1", "TMEM9B", "HSPA1B", "HSPA1A"], "STAT3-23295773-U87-HUMAN": ["SERPINA3", "AHCYL1", "SERPINE2", "ARL6IP1", "TFRC", "ROCK2", "SLC1A3", "ADM", "VPS26A", "THBS2", "GLDN", "SNX3", "TRIM2", "PSMB1", "DNER", "EFHD2", "ATP6V0E2", "DYNC1I1", "GPM6B", "FKTN", "HMGN1", "ABCA1", "USP49", "GADD45B", "LIMCH1", "HLA-B", "EMP1", "MSN", "TM4SF1", "REEP1", "MARCKS", "CDKN2AIPNL", "BCL6", "REEP5", "ID2", "RPL37A", "BHLHE40", "DDIT4", "TOMM7", "OCIAD1", "ANP32B", "CNTNAP4"], "FOXP1-22492998-STRATIUM-MOUSE": ["RPL36AL", "LDLR"], "SETDB1-19884257-MESC-mouse": ["FCGBP", "SLC44A4", "ARL6IP1", "AIRE", "GSTP1", "AKR1D1", "GDI2", "DAPP1", "RPL10A", "ACTG1", "SNX3", "SEPT9", "RPL38", "ATP9A", "EIF4B", "SRRM2", "HSPA8", "USP49", "CIRBP", "TUG1", "GNB2L1", "GFAP", "NFKBIA", "BCL6", "ID2", "ALOX5AP", "EZR", "ITM2C", "ALDH9A1", "ATF4"], "SOX9-25088423-EMBRYONIC GONADS-MOUSE": ["SLC44A4", "SERPINE2", "GDI2", "THBS2", "ACTB", "SEPT9", "PCMT1", "MAT2A", "CCND1", "BAG3", "EFHD2", "OLR1", "RPS11", "LDLR", "GPM6B", "IGFBP5", "ZFYVE20", "CIRBP", "PJA2", "MORF4L1", "CDC42EP4", "ID2", "TPT1", "ITM2C", "ARHGEF6"]}