{"HSF1": ["ENO2"], "FOXP3": ["LAS1L", "SP110", "LPXN", "FYB"], "E2F4": ["MYBL2"], "SRF": ["HOPX"], "TP63": ["MAP1A"], "CCND1": ["MYBL2"], "MAX": ["GABBR1"], "TRIM28": ["VCAM1", "FN1"], "PPARGC1A": ["NR5A2"], "KAT2A": ["CUL4A"], "SMAD1": ["BMP7", "HOXA5"], "CTNNB1": ["CUL4A", "AKAP12", "WWTR1", "PTPRC", "PECAM1"], "PPARG": ["CLU"], "RUNX1": ["WWTR1"], "VDR": ["CFH"], "GFI1B": ["EFEMP2"], "MYC": ["SDC4", "AHNAK2", "FN1", "CTCF", "MYLK", "CUL4A", "HCK", "ACTC1", "LAS1L", "PLAU", "IL1B", "MAP1A", "NPTX2", "MFGE8"], "MYB": ["CUL4A"], "EZH2": ["PHF1"], "YAP1": ["WWTR1"]}