{"E2F1 (mouse)": ["DAZAP2", "GABPB2", "HSP90AB1", "AIRE", "VPS26A", "ACTB", "TMEM47", "RASD1", "ORC6", "RPL36AL", "TMEM205", "PRRG1", "DPYSL3", "TIMP1", "GPM6B", "FKTN", "ABCA1", "EGR1", "MGEA5", "PARP1", "ANXA5", "RPA2", "MRPS6", "PJA2", "EEF1A1", "MORF4L1", "RPS28", "CDC42EP4", "HNRNPA2B1", "MAP6D1", "MFGE8", "SQSTM1", "TPT1", "ARHGEF6", "PRR13"], "HNF1B (human)": ["RGMA"], "HNRNPK (human)": ["ID2"], "IRF9 (human)": ["HLA-A", "TOMM20"], "Esrrb (mouse)": ["CADM1"], "NR2C2 (human)": ["APOE"], "PDX1 (human)": ["LILRB1"], "EIF4EBP1 (human)": ["TRIM2", "ALOX5AP", "PCBP2"], "VDR (human)": ["RPS25", "PRR13"], "Pax6 (human)": ["TMBIM4", "EZR"], "RUNX1 (mouse)": ["CDKN2AIPNL"], "STAT5B (mouse)": ["RPL4", "MTCH1", "EGR1", "GADD45B", "PARP1", "CD81", "FOS", "HSD17B7", "SAT1", "GFAP", "RPS25", "TUBB2B", "RPS28", "HSPH1", "CCND1", "BCL6", "RPL36AL", "OCIAD1", "CCL2", "A2M"], "IRF7 (human)": ["SLC44A4", "CCL3L3", "PDE4C"], "FOS (mouse)": ["CSF1R", "MBD4", "HSP90AB1", "H3F3B", "GDI2", "ZFYVE20", "CIRBP", "TM4SF1", "GLDN", "MORF4L1", "PGRMC2", "CDKN2AIPNL", "BAG3", "RPL36AL", "TRIM2", "RPS3", "TIMP1", "SQSTM1", "RBM22"], "GABPA (human)": ["APLNR", "SLC25A23"], "MXI1 (human)": ["EHD1", "FAM171A1"], "SOX9 (human)": ["UIMC1", "ADM"], "NFYB (human)": ["HBA2", "ACTB"], "RUNX2 (mouse)": ["GSTM3", "CD74", "CDKN1A", "GSTM2", "PHLDB1", "GSTM1", "ATP6AP1", "SLC44A2", "ZFYVE20", "LAPTM5", "TOMM20", "NSA2", "RPS11", "RPL18", "MFGE8", "HIST1H4C", "HAMP", "RPS13", "LLGL1"], "MYOD1 (human)": ["GABPB2", "RPS19"]}