{"H3K4me3 Chondrocytes from Bone Marrow Derived Mesenchymal Stem Cell Cultured Cells": ["GLTP", "MTCH1", "CD83", "ARL6IP1", "TFRC", "C5ORF28", "LIPA", "GLDN", "CHCHD2", "CCND1", "RPL36AL", "DPYSL2", "ARHGDIB", "B2M", "CHGB", "ZFYVE20", "SSU72", "THNSL2", "ZNF14", "CH25H", "SPARCL1", "MPPE1", "BLZF1", "LLGL1", "PRR13", "BEX2", "BEX1", "VPS26A", "DNAJC28", "SNX3", "FAM171A1", "HSPH1", "ORC6", "MAP7", "GPM6B", "GSTM3", "GSTM2", "C8ORF37", "PNPT1", "CADM1", "WFS1", "HSPA6", "REEP1", "RPS26", "RPS25", "RPS28", "CDAN1", "REEP5", "ID2", "MAP6D1", "HIST1H4C", "TMEM9B", "ITM2C", "FARSB", "DAZAP2", "COX4I1", "SEPT9", "ALDH2", "DNER", "UIMC1", "PEA15", "ZNF486", "USP49", "CERS6", "ATP6AP1", "RNASET2", "FOS", "GLTSCR2", "PJA2", "RGMA", "NPC2", "ALDH9A1", "RBM22", "GSTP1", "HSD17B4", "HSD17B7", "HSPD1", "MAT2A", "PSMB1", "PRRG1", "ATP6V0E2", "SLC25A23", "PLEKHH1", "ATP9A", "DYNC1I1", "RPL19", "FKTN", "SNCA", "HES4", "MBD4", "CD74", "TAF15", "MX1", "LAPTM5", "RPA2", "CDKN2AIPNL", "APOC1", "MSRB2", "TOMM7", "OCIAD1", "IL17D"], "H3K4me1 Stomach Mucosa": ["SERPINA3", "IFITM2", "SERPINE2", "COX4I1", "SLC1A3", "THBS2", "TOMM20", "ACTB", "HSPD1", "TUBA1C", "CHCHD2", "ORC6", "RPL36AL", "PSMB1", "UIMC1", "SERPINH1", "APOE", "RPS13", "SNCA", "MBD4", "C8ORF37", "USP49", "ATP6AP1", "SSU72", "RPA2", "GLTSCR2", "PJA2", "RGMA", "REEP1", "MORF4L1", "CH25H", "OCIAD1", "MAP6D1", "MPPE1", "HIST1H4C", "IL17D", "HAMP", "ALDH9A1"], "H3K4me3 Duodenum Mucosa": ["GLTP", "RPL4", "MTCH1", "GABPB2", "SERPINE2", "C5ORF28", "PARK7", "RPL10A", "RPL9", "TOMM20", "LIPA", "ACTB", "GLDN", "CHCHD2", "ZFP36", "CCND1", "RPL18A", "DPYSL2", "B2M", "RPS13", "CHGB", "RPS12", "HMGN1", "LIMCH1", "RPL23", "ZFYVE20", "SSU72", "THNSL2", "CH25H", "DDIT4", "SRSF2", "RPL27", "MPPE1", "SRSF6", "SQSTM1", "BLZF1", "LLGL1", "ATF4", "BEX2", "DDX5", "DAPP1", "SLC1A3", "VPS26A", "DNAJC28", "SNX3", "FAM171A1", "HSPH1", "MAP7", "APOE", "MAP4", "A2M", "GPM6B", "ABCA1", "GSTM3", "EGR1", "C8ORF37", "PNPT1", "WFS1", "HSPA6", "REEP1", "RPS26", "NFKBIA", "RPS28", "TF", "CDAN1", "REEP5", "MAP6D1", "HIST1H4C", "TMEM9B", "DAZAP2", "COX4I1", "RPLP1", "SEPT9", "TRIM2", "TMSB4X", "DNER", "UIMC1", "PEA15", "PHGDH", "TIMP1", "HAVCR2", "ZNF486", "USP49", "ATP6AP1", "ANXA5", "IL18", "EMP1", "RPS3A", "FOS", "MRPS6", "GLTSCR2", "PJA2", "RGMA", "NSA2", "NPC2", "RPL37A", "MFGE8", "VAMP2", "RBM22", "RPL12", "GSTP1", "HSD17B4", "PRCP", "HSD17B7", "THBS2", "HSPD1", "RASD1", "PSMB1", "PRRG1", "CCL2", "SAP18", "ATP6V0E2", "SLC25A23", "PLEKHH1", "ATP9A", "DYNC1I1", "RPL19", "FKTN", "SNCA", "HES4", "TAF15", "MX1", "LAPTM5", "RPA2", "LILRB1", "MARCKS", "CDKN2AIPNL", "EIF3L", "SCD", "TOMM7", "OCIAD1", "IL17D"], "H3K4me3 Brain Mid Frontal Lobe": ["RPL4", "IFITM2", "CD83", "SERPINE2", "ARL6IP1", "C5ORF28", "RPL9", "TOMM20", "SAT1", "LIPA", "ACTB", "GLDN", "RPS19", "CCND1", "RPL18A", "RPL36AL", "DPYSL2", "DPYSL3", "RPL38", "RPS13", "CHGB", "RPS12", "HMGN1", "ZFYVE20", "SSU72", "RPSA", "THNSL2", "ZNF14", "EEF1A1", "CH25H", "DDIT4", "SRSF2", "RPL24", "RPL27", "MPPE1", "SRSF6", "SQSTM1", "BLZF1", "LLGL1", "PRR13", "BEX2", "BEX1", "AIRE", "VPS26A", "C1ORF54", "DNAJC28", "HSPH1", "ORC6", "APOE", "MAP4", "ABCA1", "GSTM3", "JUN", "C8ORF37", "PNPT1", "HSPA6", "MSN", "DNAJC15", "RPS26", "RPS25", "RPS28", "TF", "RPS29", "MAP6D1", "ANP32B", "HIST1H4C", "TMEM9B", "DAZAP2", "SLC44A2", "COX4I1", "RPLP1", "SEPT9", "TUBA1C", "ALDH2", "TRIM2", "TMSB4X", "UIMC1", "EFHD2", "TIMP1", "HAVCR2", "ZNF486", "USP49", "CERS6", "DCAKD", "ANXA5", "EMP1", "RPS3A", "FOS", "SEPT2", "SUMF2", "GLTSCR2", "PJA2", "RGMA", "NSA2", "TMBIM4", "NPC2", "RPL37A", "CD44", "ALDH9A1", "ARHGEF6", "RBM22", "RPL12", "GSTP1", "RPL11", "HSD17B4", "PRCP", "HSD17B7", "HSPD1", "RASD1", "MAT2A", "TMEM205", "PSMB1", "PRRG1", "RPS3", "CCL2", "SAP18", "ATP6V0E2", "SLC25A23", "PLEKHH1", "RPL17", "ATP9A", "FKTN", "HES4", "MBD4", "TAF15", "MX1", "LAPTM5", "RPA2", "CDKN2AIPNL", "FABP7", "MSRB2", "TOMM7", "OCIAD1", "IL17D"], "H3K4me3 Brain Inferior Temporal Lobe": ["RPL4", "IFITM2", "CD83", "SERPINE2", "ARL6IP1", "C5ORF28", "CIB1", "AHR", "RPL9", "TOMM20", "LIPA", "ACTB", "RPL18A", "RPL36AL", "DPYSL2", "DPYSL3", "RPS13", "CHGB", "RPS12", "HMGN1", "IGFBP5", "RPL23", "ZFYVE20", "SSU72", "RPSA", "THNSL2", "TM4SF1", "EEF1A1", "CH25H", "SRSF2", "RPL24", "RPL27", "MPPE1", "SRSF6", "SQSTM1", "BLZF1", "PRR13", "BEX2", "BEX1", "AIRE", "VPS26A", "DNAJC28", "SNX3", "HSPH1", "ORC6", "APOE", "MAP4", "ABCA1", "GSTM3", "GSTM2", "JUN", "C8ORF37", "GSTM1", "PRRT2", "PNPT1", "GADD45B", "WFS1", "HSPA6", "MSN", "DNAJC15", "REEP1", "RPS26", "RPS25", "RPS28", "CDAN1", "RPS29", "ID2", "ANP32B", "HIST1H4C", "TMEM9B", "FARSB", "DAZAP2", "SLC44A2", "COX4I1", "RPLP1", "SEPT9", "TUBA1C", "ALDH2", "TRIM2", "TMSB4X", "DNER", "UIMC1", "EFHD2", "TIMP1", "HAVCR2", "ZNF486", "USP49", "ATP6AP1", "DCAKD", "ANXA5", "EMP1", "RPS3A", "FOS", "SEPT2", "SUMF2", "GLTSCR2", "PJA2", "RGMA", "NSA2", "NPC2", "RPL37A", "MFGE8", "CD44", "ALDH9A1", "ARHGEF6", "RBM22", "RPL12", "GSTP1", "RPL11", "HSD17B4", "PRCP", "HSD17B7", "HSPD1", "RASD1", "MAT2A", "PSMB1", "PRRG1", "RPS3", "CCL2", "SAP18", "SLC25A23", "RPL17", "ATP9A", "EIF4B", "FKTN", "HES4", "MBD4", "TAF15", "MX1", "LAPTM5", "RPA2", "LILRB1", "MARCKS", "CDKN2AIPNL", "FABP7", "OCIAD1", "IL17D", "TPT1"], "H3K27me3 CD4+ CD25- CD45RA+ Naive Primary Cells": ["TF", "IGFBP5", "ALDH2", "PRRG1", "APOE", "DYNC1I1", "CNTNAP4"], "H3K4me1 Brain Anterior Caudate": ["RPL4", "IFITM2", "ARL6IP1", "COX4I1", "C5ORF28", "SEPT9", "ZFP36", "ALDH2", "RPL18A", "RPL36AL", "DPYSL2", "DPYSL3", "CHGB", "USP49", "ATP6AP1", "ZFYVE20", "RPS3A", "TUG1", "GLTSCR2", "MPPE1", "BLZF1", "ARHGEF6", "RBM22", "CSF1R", "ROCK2", "RPL12", "GSTP1", "VPS26A", "DNAJC28", "HSPD1", "PGRMC2", "PSMB1", "SERPINH1", "APOE", "RPL18", "RPL17", "FKTN", "HES4", "SYT4", "CD74", "GSTM2", "C8ORF37", "PTGES3", "RPA2", "RPS26", "RPS28", "CDKN2AIPNL", "SCD", "FABP7", "OCIAD1"], "H3K4me3 Breast Myoepithelial Cells": ["SCARB2", "GLTP", "RPL4", "MTCH1", "IFITM2", "CD83", "SERPINE2", "ARL6IP1", "TFRC", "C5ORF28", "CIB1", "PARK7", "TOMM20", "SAT1", "LIPA", "GLDN", "CCND1", "RPL36AL", "DPYSL2", "ARHGDIB", "DPYSL3", "RPL38", "B2M", "CHGB", "RPS12", "HMGN1", "LIMCH1", "ZFYVE20", "SSU72", "RPSA", "TUG1", "THNSL2", "ZNF14", "CH25H", "PPA2", "DDIT4", "RPL24", "RPL27", "MPPE1", "BLZF1", "LLGL1", "ATF4", "PRR13", "BEX2", "BEX1", "AIRE", "SLC1A3", "VPS26A", "DNAJC28", "SNX3", "FAM171A1", "HSPH1", "ORC6", "MAP7", "APOE", "MAP4", "A2M", "GPM6B", "ABCA1", "GSTM3", "GSTM2", "C8ORF37", "JUND", "PRRT2", "PNPT1", "WFS1", "HSPA6", "DNAJC15", "GNB2L1", "EHD1", "REEP1", "RPS26", "RPS25", "RPS28", "TF", "CDAN1", "REEP5", "RPS29", "CNTN2", "RNF181", "MAP6D1", "ANP32B", "HIST1H4C", "TMEM9B", "ITM2C", "FARSB", "HIST2H2AA3", "DAZAP2", "SERPINA3", "SLC44A2", "COX4I1", "GDI2", "PTBP1", "SEPT9", "TUBA1C", "ALDH2", "TRIM2", "TMSB4X", "DNER", "UIMC1", "PEA15", "EFHD2", "CTSB", "ZNF486", "USP49", "ATP6AP1", "HMGCS1", "DCAKD", "RNASET2", "EMP1", "SEPT2", "SUMF2", "PJA2", "RGMA", "TUBB2B", "NSA2", "TMBIM4", "NPC2", "VAMP2", "ALDH9A1", "ARHGEF6", "RBM22", "GSTP1", "HSD17B4", "PRCP", "HSD17B7", "THBS2", "HSPD1", "RASD1", "TMEM205", "PSMB1", "PRRG1", "CCL2", "SAP18", "ATP6V0E2", "SLC25A23", "LDLR", "PLEKHH1", "ATP9A", "DYNC1I1", "FKTN", "HES4", "MBD4", "TAF15", "MX1", "RPA2", "CDKN2AIPNL", "SCD", "FABP7", "HNRNPA2B1", "MSRB2", "TOMM7", "OCIAD1", "IL17D"], "H3K9me3 CD4+ CD25- CD45RA+ Naive Primary Cells": ["AKR1D1"], "H3K4me1 Brain Cingulate Gyrus": ["ARL6IP1", "C5ORF28", "SEPT9", "ZFP36", "RPL18A", "DPYSL2", "DPYSL3", "CHGB", "ATP6AP1", "ANXA5", "ZFYVE20", "RPS3A", "FOS", "TUG1", "THNSL2", "GLTSCR2", "CH25H", "TMBIM4", "PPP1R3C", "RPL37A", "RPL27", "CD44", "BLZF1", "ALDH9A1", "ARHGEF6", "CSF1R", "ROCK2", "GSTP1", "VPS26A", "HSPD1", "DNAJB1", "SERPINH1", "APOE", "MAP4", "RPL18", "SLC25A23", "RPL17", "ATP9A", "SNCA", "HES4", "MBD4", "C8ORF37", "GADD45B", "RPA2", "RPS26", "RPS28", "CDKN2AIPNL", "FABP7", "ID2", "ALOX5AP", "OCIAD1", "RNF181", "HIST1H4C"], "H3K4me1 Brain Inferior Temporal Lobe": ["RPL4", "ARL6IP1", "GSTP1", "C5ORF28", "VPS26A", "RPL9", "DNAJC28", "HSPD1", "CHCHD2", "PGRMC2", "CCND1", "RPL18A", "RPL36AL", "DPYSL2", "DPYSL3", "APOE", "RPL18", "FKTN", "HES4", "MBD4", "CD74", "C8ORF37", "USP49", "ZFYVE20", "RPA2", "EMP1", "FOS", "TUG1", "SUMF2", "GLTSCR2", "RPS26", "MARCKS", "RPS28", "CDKN2AIPNL", "FABP7", "ID2", "RNF181", "RPL24", "MPPE1", "HIST1H4C", "CD44", "BLZF1", "ARHGEF6", "RBM22"], "H3K4me3 Penis Foreskin Fibroblast Primary Cells": ["MTCH1", "SPON1", "CD83", "COX4I1", "C5ORF28", "ADM", "SAT1", "GLDN", "PCMT1", "ALDH2", "TRIM2", "DPYSL2", "DNER", "DPYSL3", "CHGB", "ZNF486", "USP49", "CERS6", "LIMCH1", "RNASET2", "ZFYVE20", "FOS", "THNSL2", "ZNF14", "PJA2", "RGMA", "EEF1A1", "CH25H", "NSA2", "PPP1R3C", "MPPE1", "BLZF1", "ARHGEF6", "RBM22", "BEX2", "BEX1", "AIRE", "ROCK2", "HSD17B4", "VPS26A", "HSD17B7", "DNAJC28", "FAM171A1", "HSPH1", "ORC6", "PRRG1", "MAP7", "CCL2", "ATP6V0E2", "SLC25A23", "PLEKHH1", "ATP9A", "DYNC1I1", "FKTN", "HES4", "GSTM3", "MBD4", "CD74", "GSTM2", "C8ORF37", "GSTM1", "PNPT1", "TAF15", "CADM1", "MX1", "HSPA6", "LAPTM5", "RPA2", "REEP1", "TF", "DNAJA4", "ID2", "HNRNPA2B1", "MSRB2", "OCIAD1", "MAP6D1", "HIST1H4C", "IL17D", "TMEM9B"], "H3K4me1 Brain Hippocampus Middle": ["RPL4", "DAZAP2", "AHCYL1", "CD83", "ARL6IP1", "COX4I1", "RPLP1", "C5ORF28", "GDI2", "CIB1", "STMN4", "RPL10A", "SEPT9", "TUBA1C", "ZFP36", "RPS16", "CCND1", "RPL36AL", "DPYSL2", "DPYSL3", "PEA15", "ATP6V1E1", "RPS13", "CHGB", "SRRM2", "USP49", "CERS6", "DCAKD", "RNASET2", "ZFYVE20", "SSU72", "RPS3A", "FOS", "THNSL2", "ZNF14", "TM4SF1", "GLTSCR2", "NSA2", "PPP1R3C", "RPL37A", "RPL24", "RPL27", "DNAJC8", "CD44", "BLZF1", "ALDH9A1", "CNTNAP4", "PRR13", "RBM22", "CSF1R", "RPL12", "GSTP1", "VPS26A", "HSPD1", "CNN3", "RASD1", "PGRMC2", "RPL18", "SLC25A23", "LDLR", "ATP9A", "FKTN", "HES4", "ABCA1", "MBD4", "MGEA5", "GSTM2", "C8ORF37", "PRRT2", "PNPT1", "TAF15", "H3F3B", "GADD45B", "PTGES3", "MX1", "RPA2", "GFAP", "RPS26", "MARCKS", "CDAN1", "CDKN2AIPNL", "DNAJA4", "SCD", "FABP7", "ID2", "ALOX5AP", "OCIAD1", "RNF181", "MAP6D1"], "H3K36me3 Brain Substantia Nigra": ["RPS15A"], "H3K4me1 Brain Substantia Nigra": ["RPL4", "GABPB2", "ARL6IP1", "TFRC", "C5ORF28", "SEPT9", "PCMT1", "CHCHD2", "RPL18A", "RPL36AL", "DPYSL2", "DPYSL3", "CHGB", "USP49", "CERS6", "ATP6AP1", "RPL23", "DCAKD", "ZFYVE20", "CIRBP", "RPS3A", "TUG1", "TM4SF1", "GLTSCR2", "TMBIM4", "PPP1R3C", "NPC2", "RPL37A", "RPL24", "RPL27", "DNAJC8", "MPPE1", "ALDH9A1", "RBM22", "ROCK2", "RPL12", "GSTP1", "VPS26A", "DNAJC28", "HSPD1", "PGRMC2", "APOE", "ATP6V0E2", "RPL18", "SLC25A23", "FKTN", "MBD4", "C8ORF37", "CADM1", "MX1", "RPA2", "GFAP", "REEP1", "RPS26", "CDKN2AIPNL", "FABP7", "ID2", "OCIAD1", "HIST1H4C", "TMEM9B"], "H3K9me3 Adipose Derived Mesenchymal Stem Cell Cultured Cells": ["AKR1D1"], "H3K4me1 Fetal Lung": ["RPL4", "GABPB2", "SERPINE2", "ARL6IP1", "C5ORF28", "CIB1", "PARK7", "ENO1", "RPL9", "ACTB", "GLDN", "PCMT1", "CHCHD2", "RPS16", "RPL18A", "RPL36AL", "DPYSL2", "ARHGDIB", "DPYSL3", "RPL38", "RPS13", "SRRM2", "RPL23", "ZFYVE20", "SSU72", "CH25H", "DDIT4", "SRSF2", "RPL27", "SRSF5", "BLZF1", "LLGL1", "CSF1R", "AIRE", "DAPP1", "VPS26A", "DNAJC28", "MAP7", "APOE", "MAP4", "A2M", "GSTM3", "HSPA8", "JUN", "C8ORF37", "PRRT2", "PNPT1", "GADD45B", "REEP1", "RPS26", "RPS28", "CDAN1", "BHLHE40", "RPS26P11", "MAP6D1", "HIST1H4C", "HAMP", "TMEM9B", "CSRNP1", "HSP90AB1", "SLC44A2", "COX4I1", "TUBA1C", "TRIM2", "DNER", "EFHD2", "ZNF486", "CERS6", "ATP6AP1", "DCAKD", "PDE4C", "MRPS6", "SUMF2", "GLTSCR2", "PJA2", "RGMA", "NSA2", "CDC42EP4", "CNTNAP4", "RBM22", "GSTP1", "HSD17B4", "PRCP", "THBS2", "HSPD1", "DNAJB1", "PGRMC2", "MAT2A", "TMEM205", "PSMB1", "PRRG1", "SLC25A23", "FKTN", "HES4", "CD74", "TAF15", "PTGES3", "MX1", "LAPTM5", "CDKN2AIPNL", "SCD", "FABP7", "MSRB2", "IL17D"], "H3K36me3 Pancreatic Islets": ["H3F3B"], "H3K4me1 Adult Liver": ["SERPINE2", "COX4I1", "SLC1A3", "ACTB", "GLDN", "DNAJC28", "PCMT1", "HSPH1", "CCND1", "DPYSL2", "DNER", "SERPINH1", "PLEKHH1", "ATP9A", "DYNC1I1", "RPS13", "GPM6B", "CHGB", "FKTN", "SNCA", "RPS12", "SYT4", "C8ORF37", "USP49", "MX1", "RPA2", "SUMF2", "GLTSCR2", "RGMA", "REEP1", "RPS26", "MORF4L1", "CH25H", "MARCKS", "RPS28", "APLNR", "UQCRBP1", "SPARCL1", "RPL24", "MAP6D1", "MPPE1", "MFGE8", "IL17D", "BLZF1", "TMEM9B", "LLGL1", "RBM22"], "H3K36me3 Peripheral Blood Mononuclear Primary Cells": ["TMSB4X"]}