{"CGCTGCT,MIR-503": ["CCND1"], "AGTCTTA,MIR-499": ["MARCKS"], "CACGTTT,MIR-302A": ["MORF4L1"], "GTGTCAA,MIR-514": ["TRIM2"], "GTAGGCA,MIR-189": ["BCL6"], "GGCACAT,MIR-455": ["PJA2"], "CCTGAGT,MIR-510": ["CEBPB"], "ATAACCT,MIR-154": ["MAP4"], "GGCAGAC,MIR-346": ["BCL6"], "CTCAAGA,MIR-526B": ["DNER"], "CAGTCAC,MIR-134": ["MAT2A"], "ACAACTT,MIR-382": ["EEF1A1"], "GTAAGAT,MIR-200A": ["TMSB4X"], "GACAGGG,MIR-339": ["BCL6"], "ACACTCC,MIR-122A": ["MSN"], "ATGCACG,MIR-517B": ["MORF4L1"], "ACCAATC,MIR-509": ["OLR1"], "GTTAAAG,MIR-302B": ["BCL6"], "CTAGGAA,MIR-384": ["GPM6B"], "ACAACCT,MIR-453": ["HSPD1"]}