{"MXI1_K562_hg19": ["CD81", "RPLP1", "SAT1", "ACTB", "SNX3", "CHCHD2", "RPS16", "BAG3", "ARHGDIB", "SAP18", "RPL38", "APOE", "TIMP1", "LDLR", "RPL17", "JUN", "GADD45B", "MRPS6", "EHD1", "RPS26", "CDKN2AIPNL", "REEP5", "CDC42EP4", "RPL37A", "DDIT4", "RPL27", "DNAJC8", "SRSF5", "BLZF1", "FARSB", "PRR13"], "POLR2A_HeLa-S3_hg19": ["SCARB2", "GLTP", "CD81", "GDI2", "PARK7", "MAGT1", "LIPA", "SEPT9", "PCMT1", "RPS17", "CHCHD2", "RPL18A", "EFHD2", "OLR1", "TIMP1", "ATP6V1E1", "HMGN1", "ATP6AP1", "LIMCH1", "RNASET2", "ZFYVE20", "SSU72", "HBA2", "MRPS6", "ZNF14", "GLTSCR2", "PJA2", "NSA2", "PPP1R3C", "DDIT4", "PRR13", "CEBPD", "ROCK2", "VPS26A", "HSD17B7", "DNAJC28", "SNX3", "HSPH1", "SAP18", "SLC25A23", "PLEKHH1", "EIF4B", "FKTN", "MBD4", "MGEA5", "WFS1", "PTGES3", "MX1", "HSPA6", "CDAN1", "CDKN2AIPNL", "EIF3L", "SCD", "TOMM7", "FARSB"], "CHD1_H1-hESC_hg19": ["SCARB2", "RPL4", "MTCH1", "GABPB2", "CD83", "SERPINE2", "COX4I1", "C5ORF28", "PARK7", "AHR", "TUBA1C", "RPS17", "UIMC1", "DPYSL3", "RPS13", "CHGB", "ZNF486", "ZFYVE20", "SSU72", "RPSA", "MRPS6", "SEPT2", "SUMF2", "GLTSCR2", "PJA2", "DNAJC8", "EZR", "CD44", "PRR13", "RBM22", "GSTP1", "HSD17B4", "DNAJC28", "SNX3", "RASD1", "PSMB1", "MAP7", "SAP18", "PLEKHH1", "DYNC1I1", "C8ORF37", "GADD45B", "WFS1", "HSPA6", "NFKBIA", "CDKN2AIPNL", "REEP5", "FABP7", "CNTN2", "IL17D", "TMEM9B"], "POLR2A_GM19193_hg19": ["CDKN1A", "HSP90AB1", "ARL6IP1", "PARK7", "HSD17B7", "DNAJC28", "DNAJB1", "PCMT1", "TUBA1C", "CHCHD2", "RPS16", "RPS15A", "PEA15", "SAP18", "ATP6V1E1", "SLC25A23", "FKTN", "GSTM1", "TAF15", "ATP6AP1", "RNASET2", "ZFYVE20", "SSU72", "SUMF2", "CDKN2AIPNL", "EIF3L", "HNRNPA2B1", "TMEM9B", "ITM2C", "FARSB", "PRR13"], "TCF12_MCF-7_hg19": ["SERPINA3", "TMEM205", "GSTP1"], "POLR3A_K562_hg19": ["GSTM2", "C8ORF37", "GABPB2", "RPS29", "HSPA6"], "RXRA_SK-N-SH_hg19": ["ABCA1", "TMEM205", "BHLHE40", "HIST1H4C"], "CTCF_GM12891_hg19": ["GLTP", "GABPB2", "RPLP1", "GSTP1", "PRCP", "ACTB", "PTBP1", "HSPH1", "CCND1", "TMEM205", "TMSB4X", "PSMB1", "EFHD2", "ATP6V0E2", "B2M", "CHGB", "PARP1", "CADM1", "RNASET2", "TUG1", "ZNF14", "SUMF2", "EEF1A1", "NFKBIA", "PPA2", "REEP5", "DDIT4", "SRSF5", "IL17D", "EZR"], "FOXM1_GM12878_hg19": ["ARL6IP1", "RPLP1", "C5ORF28", "RPL10A", "RPL9", "TUBA1C", "RPS16", "RPS15A", "RPS19", "UIMC1", "RPS3", "RPL38", "MAP4", "ATP6V1E1", "RPS11", "RPL19", "MGEA5", "JUN", "HMGCS1", "RPA2", "RPS26", "RPS29", "EIF3L", "RPL24", "RPL27", "FARSB"], "FOXP2_PFSK-1_hg19": ["MGEA5", "JUND", "RPL27", "TM4SF1", "EIF4B"], "GABPA_MEL cell line_mm9": ["CDKN2AIPNL", "ARHGDIB", "ENO1"], "CTCF_BJ_hg19": ["GLTP", "RPL5", "DAZAP2", "GABPB2", "GSTP1", "RPL11", "C1ORF54", "RPL10A", "HSPH1", "RPS16", "CCND1", "RPL36AL", "TMEM205", "DPYSL3", "MAP7", "RPL38", "ATP6V0E2", "CHGB", "GSTM3", "PARP1", "CADM1", "PTGES3", "RPS3A", "SEPT2", "EHD1", "NFKBIA", "PPA2", "CDKN2AIPNL", "REEP5", "ID2", "HNRNPA2B1", "RPL24", "ANP32B"], "POLR2A_HGPS cell_hg19": ["GLTP", "CDKN1A", "BEX2", "ROCK2", "CIB1", "PARK7", "HSD17B7", "PTBP1", "FAM171A1", "RPL36AL", "TMEM205", "DPYSL3", "SAP18", "RPS13", "RPL19", "FKTN", "C8ORF37", "TAF15", "CERS6", "PARP1", "LIMCH1", "PTGES3", "THNSL2", "ZNF14", "CH25H", "PPP1R3C", "EIF3L", "TOMM7", "SRSF6", "TPT1", "PRR13"], "ELK1_GM12878_hg19": ["PPP1R15A", "GLTP", "CSRNP1", "HSP90AB1", "RPL12", "PRCP", "ADM", "RPL9", "SAT1", "ACTG1", "RPS15A", "RPS19", "RPS3", "RPL38", "MAP4", "SRRM2", "GABARAPL2", "PNPT1", "HMGCS1", "ZFYVE20", "SSU72", "RPA2", "RPSA", "GLTSCR2", "RPS26", "PPA2", "CDC42EP4", "DNAJC8", "ITM2C"], "FOXM1_MCF-7_hg19": ["TUBA1C", "SERPINA3", "ARL6IP1", "TMEM205", "HNRNPA2B1"], "MXI1_HepG2_hg19": ["GLTP", "DDX5", "AHCYL1", "RPLP1", "PARK7", "RPL9", "SAT1", "TUBA1C", "ZFP36", "RPS16", "BAG3", "RPL19", "CTSB", "HES4", "SRRM2", "EGR1", "PNPT1", "HMGCS1", "ZNF14", "TM4SF1", "SUMF2", "PJA2", "EHD1", "RPS26", "NSA2", "CDAN1", "SCD", "MSRB2", "TOMM7", "SRSF6", "TPT1"], "FOSL1_H1-hESC_hg19": ["USP49", "HNRNPA2B1", "DDIT4", "SERPINH1", "SEPT2"], "JUND_T47D_hg19": ["JUN", "TMEM205", "ARHGEF6"], "CHD1_GM12878_hg19": ["CDKN1A", "C5ORF28", "DNAJC28", "SNX3", "HSPH1", "RPL36AL", "ARHGDIB", "EFHD2", "MAP4", "ATP6V0E2", "RPL18", "RPS13", "CERS6", "GADD45B", "PARP1", "ANXA5", "ZFYVE20", "LILRB1", "FOS", "SUMF2", "RPS26", "RPS25", "MARCKS", "RPS28", "CDKN2AIPNL", "BCL6", "EIF3L", "TOMM7", "RPL27", "MPPE1"], "CHD2_HepG2_hg19": ["SCARB2", "PPP1R15A", "CDKN1A", "ARL6IP1", "GDI2", "ADM", "PTBP1", "RPS16", "RPS3", "APOE", "SLC25A23", "HMGN1", "ABCA1", "PNPT1", "HMGCS1", "WFS1", "PTGES3", "ZFYVE20", "SSU72", "RPA2", "ZNF14", "EHD1", "EEF1A1", "RPS26", "RPS29", "EIF3L", "RPL24", "MFGE8", "EZR", "TPT1", "RBM22"]}