{"H3K4me3_K562_hg19": ["GLTP", "RPL4", "CD83", "COX4I1", "C5ORF28", "PARK7", "ENO1", "MAGT1", "SAT1", "ACTB", "TMEM47", "SEPT9", "ZFP36", "RPS19", "ARHGDIB", "ATP6V1E1", "CHGB", "SRRM2", "GABARAPL2", "USP49", "RNASET2", "FOS", "GLTSCR2", "MPPE1", "SRSF6", "SQSTM1", "BLZF1", "LLGL1", "DDX5", "GSTP1", "HSD17B7", "DNAJC28", "FAM171A1", "MAT2A", "TMEM205", "MAP4", "PLEKHH1", "FKTN", "C8ORF37", "WFS1", "MX1", "HSPA6", "CDKN2AIPNL", "EIF3L", "APOC1", "RNF181", "IL17D", "HAMP", "TMEM9B", "ITM2C"], "H3K27me3_astrocyte_hg19": ["GSTM3", "SYT4", "SPON1", "USP49", "CADM1", "NCAN", "GSTP1", "SLC1A3", "HBA2", "THBS2", "REEP1", "TUBB2B", "REEP5", "DPYSL2", "DNER", "DPYSL3", "MAP7", "SPARCL1", "APOE", "CHGB", "SNCA", "CNTNAP4"], "H3K4me3_bone marrow macrophage_mm9": ["PARP1", "GSTP1", "ZFYVE20", "CIRBP", "RPA2", "HSPB1", "AHR", "DNAJC15", "MRPS6", "GNB2L1", "DNAJC28", "SEPT9", "TMBIM4", "ARHGDIB", "DDIT4", "MAP6D1", "MPPE1", "PLEKHH1", "ATP9A", "FARSB", "PRR13", "RBM22"], "H3K4me3_astrocyte_hg19": ["SPON1", "USP49", "RNASET2", "HSPA6", "PARK7", "GLTSCR2", "DNAJC28", "RPS25", "CCND1", "RPL36AL", "NPC2", "TMEM205", "RPL37A", "SERPINH1", "RNF181", "HIST1H4C", "IL17D", "SQSTM1", "PLEKHH1", "TMEM9B", "HES4"], "H3K9ac_mammary epithelial cell_hg19": ["MBD4", "CD83", "WFS1", "C5ORF28", "MX1", "PARK7", "HSD17B7", "ACTG1", "RPS25", "TUBA1C", "NSA2", "RPS28", "NPC2", "ARHGDIB", "RNF181", "SAP18", "ATP6V0E2", "ATP6V1E1", "IL17D", "PLEKHH1", "FKTN", "PRR13", "ZNF486"], "H3K4me3_thymus_mm9": ["ABCA1", "DAZAP2", "CERS6", "GSTP1", "ANXA5", "ZFYVE20", "CIRBP", "RPA2", "AHR", "MRPS6", "DNAJC28", "EHD1", "SNX3", "TUBB2B", "ORC6", "TMBIM4", "TMEM205", "APOE", "ATP6V1E1", "FARSB", "PRR13"], "H3K4me2_CH12.LX_mm9": ["GABARAPL2", "CEBPB", "WFS1", "GSTP1", "MX1", "HSD17B4", "VPS26A", "AHR", "HSD17B7", "MRPS6", "GNB2L1", "DNAJC28", "TUBB2B", "BAG3", "EIF3L", "MSRB2", "MAP7", "MPPE1", "SLC25A23", "PLEKHH1", "TMEM9B", "RBM22"], "H3K27me3_brain_mm9": ["SERPINE2", "ANXA5", "DAPP1", "HSPB1", "CXXC5", "GLDN", "SEPT9", "TUBA1C", "CH25H", "ALDH2", "BAG3", "DNAJA4", "MAP7", "APOE", "MFGE8", "EZR", "PLEKHH1", "ATP9A", "GPM6B", "CNTNAP4"], "H3K4me3_heart_mm9": ["GLTP", "GABPB2", "AIRE", "GSTP1", "AHR", "THBS2", "GLDN", "DNAJC28", "PCMT1", "ZFP36", "ORC6", "ALDH2", "TRIM2", "PSMB1", "ATP6V1E1", "ABCA1", "HSPA8", "GSTM2", "SEMA4D", "PARP1", "ZFYVE20", "SSU72", "RPA2", "DNAJC15", "GLTSCR2", "TMBIM4", "PPP1R3C", "DDIT4", "MAP6D1", "MPPE1", "HIST1H4C", "IL17D", "FARSB", "ALDH9A1", "PRR13"], "H3K4me3_T-cell acute lymphoblastic leukemia_hg19": ["RPL4", "IFITM2", "DCAKD", "C5ORF28", "MX1", "HSPA6", "HSD17B4", "HSD17B7", "DNAJC28", "SEPT9", "RPS25", "RPS28", "NPC2", "TMEM205", "ID2", "RNF181", "HIST1H4C", "SLC25A23", "SQSTM1", "PLEKHH1", "VAMP2"], "H3K27me3_A549_hg19": ["SPON1", "BEX2", "BEX1", "CD83", "SERPINE2", "AIRE", "NCAN", "RPLP1", "CXXC5", "THBS2", "ARHGDIB", "DPYSL3", "OLR1", "PHGDH", "APOE", "CHGB", "GSTM3", "SYT4", "EGR1", "PARP1", "LIMCH1", "HBA2", "FOS", "REEP1", "CH25H", "TUBB2B", "REEP5", "NPC2", "SPARCL1", "IL17D"], "H3K4me1_A549_hg19": ["IFITM2", "HSD17B4", "STMN4", "C1ORF54", "TOMM20", "DNAJC28", "ZFP36", "ARHGDIB", "SERPINH1", "RPS3", "OLR1", "RPL38", "CD14", "ATP6V0E2", "GPM6B", "SNCA", "ABCA1", "GSTM3", "PRRT2", "IGFBP5", "MX1", "REEP1", "CH25H", "TUBB2B", "TF", "CDAN1", "PPA2", "ALPP", "ALOX5AP", "APLNR", "CNTN2", "HIST1H4C", "ARHGEF6"], "H3K9ac_ES-E14_mm9": ["MGEA5", "GSTM2", "DDX5", "GSTP1", "SSU72", "CIB1", "TUG1", "GLDN", "DNAJC28", "SNX3", "SEPT9", "MAT2A", "DNAJA4", "DPYSL3", "EFHD2", "SRSF2", "ATP6V0E2", "BLZF1", "LLGL1", "TPT1", "FARSB"], "H3K27me3_GM06990_hg19": ["CH25H", "SNCA"], "H3K4me2_keratinocyte_hg19": ["GABARAPL2", "SPON1", "COX4I1", "RNASET2", "MX1", "HSPA6", "SSU72", "PARK7", "TUG1", "SUMF2", "ACTG1", "REEP1", "RPS25", "DPYSL2", "DNER", "ALOX5AP", "APOC1", "DDIT4", "RNF181", "HIST1H4C", "PLEKHH1", "ITM2C"], "H3K4me3_erythroblast_mm9": ["RPL4", "DDX5", "CD83", "HSP90AB1", "SERPINE2", "PRCP", "SEPT9", "RASD1", "ORC6", "RPL36AL", "DPYSL2", "DPYSL3", "ATP6V0E2", "SLC25A23", "ATP9A", "RPS13", "HMGN1", "EGR1", "WFS1", "GNB2L1", "PJA2", "CH25H", "TUBB2B", "NSA2", "BCL6", "PPP1R3C", "NPC2", "DDIT4", "MSRB2", "SRSF5", "BLZF1"], "H3K4me3_A549_hg19": ["GLTP", "BEX2", "AHCYL1", "GABPB2", "IFITM2", "ARL6IP1", "SLC44A2", "COX4I1", "RPLP1", "PARK7", "HSD17B7", "RPS19", "OLR1", "MAP4", "B2M", "PLEKHH1", "DYNC1I1", "RPL19", "SRRM2", "GABARAPL2", "SYT4", "MGEA5", "C8ORF37", "USP49", "CIRBP", "FOS", "MRPS6", "GLTSCR2", "REEP1", "RPS26", "NFKBIA", "EIF3L", "SCD", "RNF181", "MFGE8", "IL17D", "SQSTM1", "BLZF1", "VAMP2", "ITM2C", "ARHGEF6", "ATF4"], "H3K4me3_endothelial cell of umbilical vein_hg19": ["GABPB2", "RPLP1", "GSTP1", "PARK7", "ENO1", "HSD17B7", "CNN3", "ACTG1", "FAM171A1", "RPS17", "ORC6", "MAT2A", "RPS19", "TMEM205", "DNER", "CCL2", "MAP4", "PLEKHH1", "DYNC1I1", "SRRM2", "GSTM2", "USP49", "RNASET2", "HSPA6", "RPS25", "NSA2", "PPP1R3C", "EIF3L", "RPL37A", "RNF181", "HIST1H4C", "IL17D", "EZR", "SQSTM1", "TMEM9B", "LLGL1", "ITM2C"], "H3K4me2_fibroblast of lung_hg19": ["RPL4", "GSTP1", "RNASET2", "HSPA6", "PRCP", "ADM", "SUMF2", "GLTSCR2", "DNAJC28", "PJA2", "RPS25", "CH25H", "DPYSL2", "ARHGDIB", "MAP7", "RPL24", "A2M", "PLEKHH1", "GPM6B", "CHGB", "HES4"], "H3K4me1_liver_mm9": ["GLTP", "CSRNP1", "SLC44A4", "SERPINE2", "SLC1A3", "RASD1", "DDT", "TRIM2", "TMEM205", "UIMC1", "OLR1", "ATP6V0E2", "SLC25A23", "PLEKHH1", "ATP9A", "SNCA", "HAVCR2", "MBD4", "GSTM2", "USP49", "WFS1", "PDE4C", "IL18", "EMP1", "DNAJC15", "RGMA", "CH25H", "PPA2", "FABP7", "ALOX5AP", "MSRB2", "MAP6D1", "DNAJC8", "MFGE8", "EZR", "CD44", "ITM2C", "ARHGEF6"]}