{"TP63-23658742-EP156T-HUMAN": ["SLC44A1", "MAOA", "DDX1", "SLC2A1", "STK39", "HTRA1", "ATP2A2", "AKR1B1", "CD99L2", "ATP1A1", "ATP5O", "NDRG1", "ENHO", "CYB5R2", "LAMP1", "MOBP", "LAMP2", "SLC17A6", "NEFL", "NEFH", "TCFL5", "BCAS1", "YWHAH", "CAP2", "FIS1", "GPR37", "ANKRD46", "GOT2", "PTPN11", "ATP1B1", "GJB6", "ALDH1A1", "GATS", "FSCN1", "SCG2", "MRAP2", "RHOQ", "RPS23", "FTL"], "SPI1-22790984-ERYTHROLEUKEMIA-MOUSE": ["CHURC1", "GMFB", "RPL31", "DDX1", "GOT2", "RHOG", "COPS7A", "TIMM10", "ATP1A1", "COX5B", "ADD1", "CST3", "CNST", "ATIC", "GNG7", "CERCAM", "PIN1", "TCEB2", "RPS27A", "NDUFV1", "GAPDH", "ITM2A", "CALM2"], "TFAP2A-17053090-MCF7-human": ["COX8A", "SNAP25", "RTN3", "NDRG4", "EGLN2", "SLC1A2", "HBB", "PTPN11", "TIMM22", "MT1X", "DYNLL1", "EEF2", "BSCL2", "MAP1LC3B", "GNAS", "CAPN3", "SLC17A6", "MBP", "CKB", "GAPDH", "NEFH"], "TEAD4-22529382-TROPHECTODERM-MOUSE": ["ACTR2", "NDUFB7", "GMFB", "GPX4", "ATP5A1", "HTRA1", "FAM107B", "ARHGAP44", "PSMB7", "TMEM59", "ATIC", "TMEM98", "KIF5C", "GNG7", "BSG", "MBP", "TACC1", "TNS3", "TCFL5"], "GATA2-20887958-HPC-7-MOUSE": ["SLC48A1", "SH3GLB2", "PRNP", "WBP2", "DUSP1", "RHOG", "IMP4", "TBCB", "GSTT1", "COX5B", "ATP1B1", "FAM107B", "MOBP", "BASP1", "CERCAM", "TACC1", "BCAS1"], "TP53-23651856-MEF-MOUSE": ["NDUFA11", "RPL31", "TMEM59L", "SLC2A1", "FAM107A", "KLC1", "ADD1", "THBS4", "CNDP2", "DDA1", "ENHO", "PSMB7", "GJA1", "FAM168A", "KIF5C", "ZMAT3", "GNG7", "HCFC1R1", "MBP", "APOD", "TNPO2", "TNS3", "TRIM44", "ZCCHC24", "SH3GLB2", "PRNP", "GABBR2", "ARNT2", "PPP1R14A", "UNC13C", "MIF", "CALY", "COL4A5", "CRYAB", "PVALB"], "GATA1-22025678-K562-HUMAN": ["SPTAN1"], "RUNX2-22187159-PCA-HUMAN": ["SPARC", "MAOA", "DDX1", "TMEM59L", "STK39", "STMN2", "ATP2A2", "CD99L2", "SLC6A1", "ATP5O", "CPLX1", "NDRG1", "SLC6A3", "RAP1GAP", "FAM107B", "C15ORF59", "ATIC", "KIF5C", "ZMAT3", "BASP1", "CLPTM1", "NEFL", "TCEB2", "MBP", "APOD", "STXBP6", "TNS3", "PAQR8", "UNC13C", "ACTR2", "NKX6-2", "CHURC1", "ANKRD46", "MOG", "DUSP1", "TIMM22", "COX6C", "MT3", "KLF2", "TMEM59", "KIAA0101", "RCAN2", "GNAS", "COL4A5", "EVL"], "LMO2-20887958-HPC-7-MOUSE": ["ZCCHC24", "PRNP", "BRSK1", "ACTR2", "RHBDD2", "WBP2", "RHOG", "ADD1", "FAM107B", "DDA1", "ENHO", "BCL2L13", "TUBA1B", "CNST", "BSG", "ITM2A", "CALM2", "RAB3GAP1", "CAP2"], "AR-22383394-PROSTATE_CANCER-HUMAN": ["ANAPC13", "ATP6V1G1", "GPR37", "NRSN1", "MAOA", "STMN2", "AKR1B1", "ATP1B1", "NDRG1", "KLF2", "GLUD1", "SCRN1", "MOBP", "BASP1", "DAAM2", "ALDH1A1", "COL4A5", "GPD1L", "STXBP6", "TNS3", "CALM2", "CAP2"], "FOXA2-19822575-HepG2-human": ["CYFIP2", "SNAP25", "RAB3C", "NDRG4", "NRSN1", "SLC44A1", "NDUFA11", "SLC1A2", "ADIPOR2", "RAP1GAP", "ADD1", "THBS4", "FAM107B", "MRPL41", "PSMB7", "SPOCK2", "GNG7", "MBP", "STXBP6", "KIF3C", "TNS3", "TRIM44", "BCAS1", "ZCCHC24", "ARNT2", "PPP1R14A", "PLLP", "GSTO1", "ECH1", "GOT2", "CHCHD10", "PTPN11", "TMEM59", "GLUD1", "RRAGA", "TMEM98", "DAAM2", "GATS", "EVL", "ATP6V0D1"], "TP63-22573176-HFKS-HUMAN": ["SPARC", "NDUFA11", "TECR", "MT1M", "AKR1B1", "ATP5G1", "TRIM8", "MAP1LC3A", "SCRN1", "LAMP1", "SLC22A17", "GPR137", "RPL39", "COX8A", "SH3GLB2", "ANKRD46", "TIMM22", "MIF", "ATP1B1", "UQCRC1", "EVL", "ATP6V0D1", "SLC25A5", "RHOQ", "MT1E", "BRSK1", "DDX1", "STK39", "SLC1A2", "HTRA1", "COPS7A", "CD99L2", "ATP1A1", "KLC1", "RAP1GAP", "BCL2L13", "FAM168A", "CKB", "NDUFV1", "PRNP", "GABBR2", "FIS1", "PPP1R14A", "KCNJ6", "CHURC1", "MOG", "RHBDD2", "MT3", "SPCS1", "TH", "SYT11", "XPNPEP3", "GATS", "GPD1L", "FAU"], "BCL11B-21912641-STHDH STRIATAL CELLS-MOUSE": ["MSH3", "CISD1"], "SMAD4-21799915-A2780-HUMAN": ["CYFIP2", "GRIA2", "GABBR2", "ZYG11B", "NRSN1", "GMFB", "MDH1", "DUSP1", "MGST3", "STMN2", "HTRA1", "EPDR1", "ATP1A1", "ATP1B1", "NDRG1", "ADD1", "NAP1L5", "THBS4", "TMEM144", "KIF5C", "GPD1L", "SCG2", "CALM2", "BCAS1"], "EZH2-22144423-EOC-HUMAN": ["GABBR2", "KCNJ6"], "TET1-21490601-MESC-MOUSE": ["CYFIP2", "CISD1", "STK39", "MYL6B", "ATP1A1", "THY1", "KLC1", "RAP1GAP", "ADD1", "CNST", "ATIC", "SCRN1", "CAMK2N1", "HCFC1R1", "MBP", "NEFM", "NEFH", "TSC22D4", "SPCS1", "GNAS", "UQCRC1", "JTB", "ATP6V0D1", "CRYAB", "CALM2", "INA", "RHOQ"], "KDM5B-21448134-MESC-MOUSE": ["CYFIP2", "EIF4A2", "SLC44A1", "RPL31", "CISD1", "SLC2A1", "STMN2", "FAM107A", "ATP2A2", "GHITM", "ATP5G1", "ATIC", "LAMP1", "TUBB3", "PPP2R1A", "NPTN", "TNPO2", "TNS3", "SH3GL2", "BCAS1", "TSC22D4", "ACTR2", "ATP6V1B2", "VDAC3", "UQCRC1", "RAB5B", "DDX1", "ATP5A1", "COPS7A", "COX7A2", "ATP1A1", "COX5A", "PSMB7", "ATP5B", "FAM168A", "UBB", "CLPTM1", "SLC17A6", "RPS27A", "NDUFV2", "MDH1", "MDH2", "TBCB", "EEF2", "COX6C", "TMEM59", "GLUD1", "COPS5", "PIN1", "CALM2"], "STAT3-23295773-U87-HUMAN": ["RAB3C", "MAOA", "STK39", "TIMM10", "KLC1", "GJA1", "FAM168A", "MOBP", "SPOCK2", "GNG7", "MBP", "NEFM", "APOD", "STXBP6", "TNPO2", "RAB6B", "TNS3", "TRIM44", "GABBR2", "TSC22D4", "ARNT2", "UNC13C", "KCNJ6", "GPR37", "ERAP2", "KLF2", "TH", "MSH3", "RCAN2", "ALDH1A1", "GATS", "NDUFS3"], "SUZ12-18974828-MESC-MOUSE": ["GRIA2", "GABBR2", "KCNJ6", "NKX6-2", "GPR37", "PLLP", "SLC1A2", "HTRA1", "OLIG1", "THY1", "NDRG1", "SLC6A3", "GNAS", "EFHD1", "MAL", "NRIP3", "NEFL", "MBP", "NEFM", "KIF1A", "STXBP6", "RAB6B", "INA"], "GATA1-19941827-MEL-mouse": ["CYFIP2", "GABBR2", "GPX4", "WBP2", "MGST3", "SLC1A2", "ATP1A1", "ATP1B1", "ADIPOR2", "RAP1GAP", "ADD1", "BCL2L13", "SCRN1", "CAPNS1", "LAMP1", "TUBB3", "BSG", "NDUFS3", "PIN1", "MBP", "KIF1A", "RAB6B"]}