{"HNF1B (human)": ["SPARC", "ATP6V1B2"], "Esrrb (mouse)": ["GPX4", "ANKRD46"], "HNRNPK (human)": ["TRIM44"], "STAT1 (mouse)": ["TCEB2"], "MAFB (human)": ["FSCN1"], "IRF9 (human)": ["ARNT2", "IFI6"], "NFYB (human)": ["EDF1"], "NFIL3 (human)": ["CLUAP1"], "SP4 (human)": ["PLLP"], "FOXA2 (human)": ["UQCRC1", "COX7A2"], "SOX2 (human)": ["SCG2"], "Zfx (mouse)": ["THY1"], "SMAD3 (human)": ["NDRG4"], "GABPA (human)": ["GABBR2", "ATP6V1G1"], "Myf (human)": ["CKB"], "Hand1::Tcfe2a (mouse)": ["SCRN1", "STK39"], "Tal1::Gata1 (mouse)": ["ARNT2"], "MIR210 (human)": ["NDRG2"], "HNF1B (mouse)": ["NDUFB8"], "NCOA1 (human)": ["CLUAP1"]}