{"H3K36me3 Fetal Brain": ["ATP6V0B", "NDUFS3", "GNAS"], "H3K9me3 Colonic Mucosa": ["MAOA", "NEFL", "NEFM", "OLIG1", "NEFH", "PVALB"], "H3K9me3 H9": ["LAMP2", "NDUFA1", "ITM2A"], "H3K36me3 Neurosphere Cultured Cells Cortex Derived": ["CLIP3", "JTB"], "H3K36me3 IMR90": ["CLPTM1", "JTB", "C12ORF10"], "H3K9me3 Mobilized CD34 Primary Cells": ["CALY", "PEG3", "MAOA", "NDUFA1", "NEFM", "OLIG1", "THBS4"], "H3K36me3 Brain Hippocampus Middle": ["SPCS1", "GDI1", "ECH1", "NDUFS3", "CAPN3", "IMP4"], "H3K36me3 H1 BMP4 Derived Mesendoderm Cultured Cells": ["RAB5B", "ATP2A2", "MIF"], "H3K36me3 Fetal Lung": ["NDUFA8", "CHURC1", "GDI1", "NDUFB3", "ECH1", "ATP6V1B2", "JTB"], "H3K36me3 CD34 Primary Cells": ["FIS1"], "H3K36me3 CD3 Primary Cells": ["RPS27A"], "H3K27me3 Penis Foreskin Keratinocyte Primary Cells": ["ARNT2", "RAB3C", "RCAN2", "SLC1A2", "KIF1A", "STXBP6", "SH3GL2"], "H3K36me3 Duodenum Smooth Muscle": ["JTB"], "H3K27me3 Fetal Heart": ["RAB3C", "TUBB3", "DAAM2", "SPOCK2", "TMEM59L", "CRYBB2", "SLC6A1", "TUBB4A", "SH3GL2", "THBS4", "PVALB"], "H3K36me3 Brain Anterior Caudate": ["GDI1", "NDUFS3", "JTB"], "H3K9me3 Skeletal Muscle": ["UNC13C"], "H3K36me3 CD8 Naive Primary Cells": ["ATP6V0B", "NDUFB2", "IMP4"], "H3K36me3 CD34 Cultured Cells": ["NDUFS3"], "H3K36me3 Bone Marrow Derived Mesenchymal Stem Cell Cultured Cells": ["GDI1", "JTB"], "H3K9me3 CD8 Naive Primary Cells": ["PEG3"]}