{"ATGTCAC,MIR-489": ["NDUFV2"], "GTGGTGA,MIR-197": ["GRIA2"], "ACACTCC,MIR-122A": ["CALM3"], "GCAAGGA,MIR-502": ["MAP1A"], "CAGGTCC,MIR-492": ["SLC44A1"], "GGTGAAG,MIR-412": ["CLPTM1"], "CTCTAGA,MIR-526C,MIR-518F,MIR-526A": ["BCL2L2"], "ATAACCT,MIR-154": ["RAB5B"], "TCTGATA,MIR-361": ["CALM3"], "TCCCCAC,MIR-491": ["MAP1A"], "GTACAGG,MIR-486": ["DYNLL1"], "CTCTATG,MIR-368": ["CAPN3"], "ATTACAT,MIR-380-3P": ["SNAP25"], "CCCACAT,MIR-299-3P": ["ADD1"], "CTCAAGA,MIR-526B": ["CAPN3"], "CAAGGAT,MIR-362": ["CAPN3"], "GTTAAAG,MIR-302B": ["DDA1"], "AGGGCCA,MIR-328": ["SLC2A1"], "CAGTCAC,MIR-134": ["SLC25A5"], "GCAAGAC,MIR-431": ["MAP1A"]}