{"SPI1-22790984-ERYTHROLEUKEMIA-MOUSE": ["PTGER4", "SLC26A2", "PARM1", "CD151", "CTSZ", "GFPT1", "BCL10", "FOS", "HMGCR", "RPS6KA3", "PTP4A3", "NRAS", "AKR1B10", "GMDS", "DPH2", "ID1", "CCNG1", "SGK1", "PIGF"], "TAL1-20887958-HPC-7-MOUSE": ["DUSP4", "SLC25A1", "TLE2", "TFRC", "DUSP1", "PITPNB", "GFPT1", "ARL1", "NR1H4", "RNASE4", "FOS", "NEAT1", "DNAJB1", "MAN2A1", "GNA11", "ENC1", "STK38", "HSPA1B", "EIF2A"], "E2F4-21247883-LYMPHOBLASTOID-HUMAN": ["B4GALT2", "ARL1", "BUB1B", "BCL10", "SYNE2", "NRAS", "UROD", "PRKACB", "EXPH5", "SLC35A3", "SDS", "NFYC", "PABPC4", "GLCE", "RNASE4", "HSPA2", "FOS", "ATP1B1", "GSTZ1", "EBNA1BP2", "WEE1", "P2RX4", "NASP", "PCCA", "CCDC6", "KIF2C", "PPIH", "ANG", "MMACHC"], "DCP1A-22483619-CHIP-SEQ-HELA": ["ANG"], "MYCN-18555785-MESC-mouse": ["SLC25A1", "SLC26A2", "SEMA6A", "TFRC", "MAOA", "LRBA", "PITPNB", "CHRNA7", "GFPT1", "YBX1", "HMGCR", "DNAJB1", "NASP", "CCNE1", "CCNG1", "ENC1", "GPD1L", "ACO2", "PSPH", "BCAT2", "EPHB3"], "TET1-21490601-MESC-MOUSE": ["ABCC3", "PARM1", "SEMA6A", "GDF15", "GSR", "BUB1B", "TBC1D9", "DIO3", "AQP3", "SYNE2", "P2RX4", "CLDN3", "PCCA", "CHN2", "MALL", "NAAA", "ENC1", "STK38", "NKX2-1", "FOSB", "KDELR3", "SLC27A2", "EIF4E"], "RBPJ-21746931-IB4-LCL-HUMAN": ["DDX17", "CD151", "PGAP2", "DUSP1", "PITPNB", "NEDD9", "HSPA2", "HBA1", "MUC5B", "IFIT3", "SLC5A6", "SH3YL1", "C1QTNF3", "AZGP1", "WEE1", "HYAL1", "STK38", "SAA1", "CCDC6", "CHP2", "PADI2", "TRIB1", "CES1"], "KDM5B-21448134-MESC-MOUSE": ["PTGER4", "DDC", "PANK3", "SLC22A5", "HPGD", "TFRC", "PITPNB", "BUB1B", "ATP10B", "YBX1", "HMGCR", "HOXB13", "NR3C2", "HIRA", "NRAS", "GMDS", "STK38", "NKX2-1", "KIF13B", "IGF2BP3", "SOX9", "EIF4E", "BCAS1", "EIF2A", "DDX17", "SEMA6A", "PABPC4", "HSPA2", "GSTZ1", "NR4A2", "WEE1", "CLDN3", "NASP", "CCNE1", "AGPS", "NMU", "NAAA", "CCNG1", "CCDC6", "KIF2C", "PPIH", "AVL9", "SMPDL3A", "PIGF"], "FOXO3-22982991-MACROPHAGES-MOUSE": ["CDS1", "DDX17", "SLC25A1", "SLC26A2", "SLC35A3", "DUSP1", "DNAJB1", "SH3YL1", "WEE1", "P2RX4", "OAS2", "CCNG1", "GPR126", "PLCB1", "AVL9", "TRIB1", "PSPH"], "CREM-20920259-GC1-SPG-MOUSE": ["B4GALT2", "SLC25A1", "TFRC", "PITPNB", "YBX1", "AREG", "SYNE2", "KIF5C", "HADH", "PRKACB", "PSPH", "EIF2A", "SPINK4", "DUSP4", "DDX17", "TLE2", "CXADR", "DGAT1", "DUSP1", "FOS", "NEAT1", "EBNA1BP2", "PCCA", "CCNE1", "AGPS", "PCCB", "SIK1", "KIF2C", "PPARG", "KDELR3", "TRIB1", "PFN2", "CDS1", "SLC26A2", "SLC22A5", "MAOA", "ARL1", "BCL10", "HMGCR", "AGPAT2", "DNAJB1", "NRAS", "GMDS", "MAN2A1", "GNA11", "IGF2BP3", "EIF4E", "SLC35A3", "GDF15", "LRBA", "NFYC", "GFPT1", "GSR", "HSPA2", "KLF4", "GSTZ1", "NR4A2", "SH3YL1", "WEE1", "P2RX4", "NASP", "ID1", "FOSB", "F2RL1", "ACO2", "AVL9", "MMACHC"], "RUNX1-21571218-MEGAKARYOCYTES-HUMAN": ["PGAP2", "TFRC", "IRS1", "BUB1B", "ATP12A", "LGALS2", "KIF13B", "PSPH", "BCAS1", "DUSP4", "TLE2", "SEMA6A", "SPINK1", "DUSP1", "FOS", "ATP1B1", "NEAT1", "PTP4A3", "AZGP1", "PCP4", "AGPS", "TYRO3", "SIK1", "TRIB1", "PIGF", "HBEGF", "CFD", "LRPAP1", "IFI6", "NEDD9", "HIRA", "DNAJB1", "MUC2", "GMDS", "GNA11", "CHN2", "IGF2BP3", "MYH11", "EIF4E", "GDF15", "GSR", "NR4A2", "WEE1", "P2RX4", "TP53I3", "FOSB", "AVL9", "MMACHC", "C5ORF30"], "REST-21632747-MESC-MOUSE": ["PCSK1", "PARM1", "CXADR", "SEMA6A", "SATB2", "CHRNA7", "PTPRO", "QPRT", "CADPS", "USH1C", "HK2", "PTPRD", "LARS2", "LGALS2", "KIF5C", "GNA11", "FPGT", "ENC1", "STK38", "FOSB", "SIK1", "SGK1", "SLC26A3", "ATF3"], "FOXP1-21924763-HESC-HUMAN": ["SEMA5A", "B4GALT2", "CFD", "PCSK1", "CD151", "PANK3", "NEDD9", "BCL10", "ATP12A", "HYAL1", "GNA11", "DPH2", "ENC1", "IGF2BP3", "PRSS8", "CRYM", "PSPH", "DUSP4", "SEMA6A", "GDF15", "DUSP1", "LRBA", "GFPT1", "ACOT13", "ABHD14A", "LSR", "HSPA2", "FOS", "FMO5", "LARS2", "WEE1", "TP53I3", "FXYD3", "ID1", "PCCB", "TYRO3", "NFE2L3", "FOSB", "SGK1", "TRIB1", "MMACHC", "FGFR3", "PIGF", "ATF3", "C5ORF30"], "SFPI1-20887958-HPC-7-MOUSE": ["PARM1", "CD151", "PANK3", "TFRC", "BCL10", "SYNE2", "DNAJB1", "MAN2A1", "ANPEP", "ENC1", "EIF2A", "DUSP4", "IL1R2", "GSR", "TBC1D9", "FOS", "MAPK13", "WEE1", "P2RX4", "AKR1B10", "GLB1", "AGPS", "PADI2", "AVL9", "TRIB1", "FGFR3", "BCAT2"], "RCOR3-21632747-MESC-MOUSE": ["DDC", "PANK3", "QPRT", "CHN2", "NNAT", "ENC1", "IGF2BP3", "HMGCS2", "SLC13A3", "GDF15", "DUSP1", "CDX1", "CADPS", "GSTZ1", "PTPRD", "WEE1", "CLDN3", "PCCA", "OAS2", "CCNE1", "ID1", "NAAA", "CCDC6", "FOSB", "SIK1", "ANG", "SGK1"], "GATA1-22025678-K562-HUMAN": ["RSAD2"], "SIN3B-21632747-MESC-MOUSE": ["CDS1", "SLC25A1", "PANK3", "PITPNB", "QPRT", "NEDD9", "HOXB13", "AQP3", "HIRA", "BZRAP1", "UROD", "GNA11", "DPH2", "CHN2", "NKX2-1", "AP1S1", "SOX9", "BCAS1", "EXPH5", "GDF15", "DUSP1", "ATP8B1", "IL1R2", "CADPS", "TBC1D9", "DIO3", "FOS", "KLF4", "NR4A2", "PTPRD", "EBNA1BP2", "WEE1", "CLDN3", "CCNE1", "AGPS", "ID1", "TYRO3", "FOSB", "SIK1", "KIF2C", "GPD1L", "KDELR3", "ACO2", "AVL9", "FGFR3", "PFN2"], "ERG-20887958-HPC-7-MOUSE": ["DUSP4", "PARM1", "CD151", "FUCA1", "GSR", "TAP2", "TBC1D9", "SRI", "DNAJB1", "LARS2", "NRAS", "EBNA1BP2", "BZRAP1", "AGPS", "CCDC6", "AVL9", "BCAT2"], "TP53-23651856-MEF-MOUSE": ["SEMA5A", "UGT1A10", "DDC", "CD151", "NEDD9", "TEX261", "SYNE2", "THBS4", "IFIT3", "GMDS", "KIF5C", "HYAL1", "GNA11", "NNAT", "ENC1", "KIF13B", "CTNNA2", "NINL", "PRSS2", "SLC13A3", "FGFBP1", "SEMA6A", "GDF15", "GFPT1", "GSR", "ABHD14A", "RNASE4", "FOS", "NEAT1", "GSTZ1", "PTPRD", "SLC5A6", "PTP4A3", "NMU", "CCNG1", "ANG", "HSPA1B"], "RBPJ-22232070-NCS-MOUSE": ["IRS1"]}