{"CTCF_HCT116_hg19": ["SLC48A1", "NDUFB7", "GMFB", "WBP2", "NDUFB3", "IFI6", "AKR1B1", "GHITM", "MRPL41", "TMEM144", "PSMB7", "CAPNS1", "EFHD1", "BEND6", "SH3GLB2", "CBX6", "GUSBP2", "ANKRD46", "CCZ1B", "H3F3A", "GOT2", "EPDR1", "MIF", "MRPL23", "DYNLL1", "EEF2", "COX6C", "C12ORF10", "RRAGA", "MYL6", "PCP4", "TUBB2A", "MSH3", "RCAN2", "GATS", "CERCAM", "GNAS", "UQCRC1", "PIN1", "LAMTOR1", "ATP6V0D1", "SCG2", "CLUAP1"], "MAZ_HeLa-S3_hg19": ["SNAP25", "NDUFA13", "GMFB", "HTRA1", "TIMM10", "COX5B", "ATP5O", "ATP5G1", "ADD1", "LAMP1", "UBB", "ZMAT3", "CAMK2N1", "CYC1", "NDUFV2", "NDUFV1", "TNPO2", "RPL39", "TRIM44", "NDUFA8", "RHBDD2", "NDUFA4", "PLLP", "NDUFA3", "CERCAM", "NDUFS3", "FAU", "RPS23"], "UBTF_MEL cell line_mm9": ["ANAPC13", "RTN3", "RAB5B", "SLC44A1", "GDI1", "SLC2A1", "ATP2A2", "GSTT1", "ATP1A1", "CNDP2", "TRIM8", "ENHO", "KIF3C", "PAQR8", "ZCCHC24", "ZYG11B", "ATP6V1G1", "CBX6", "GPX4", "DUSP1", "H3F3A", "RHOG", "DYNLL1", "TUBB4B", "GLUD1", "RGCC", "VDAC3", "TACC1", "RHOQ"], "CTCF_lung_hg19": ["SLC48A1", "RTN3", "NDUFA13", "MAOA", "COPS7A", "MT1X", "COX5A", "CNDP2", "DDA1", "NCSTN", "CAPNS1", "NPTN", "DENND5A", "TNS3", "PRNP", "NUDC", "CCZ1B", "RHBDD2", "NDUFA3", "H3F3A", "GOT2", "TIMM22", "MRPL23", "DYNLL1", "MYL6", "FAU", "GAPDH", "FTL"], "JUND_T47D_hg19": ["HCFC1R1", "KLC1", "CAP2"], "RAD21_HepG2_hg19": ["EIF4A2", "PDXK", "GMFB", "NDUFB3", "SLC2A1", "STK39", "NDUFB2", "AKR1B1", "NDRG1", "CST3", "ATIC", "LAMP2", "EFHD1", "NDUFV1", "TNS3", "KCNJ6", "PEG3", "GPX4", "ANKRD46", "RHBDD2", "NDUFA4", "DUSP1", "GOT2", "EPDR1", "DYNLL1", "PCP4", "TUBB2A", "XPNPEP3", "RCAN2", "GATS", "GNAS", "UQCRC1", "ATP6V0D1", "SCG2", "CLUAP1", "CALM2"], "MAX_GM12878_hg19": ["RAB3C", "NDUFA13", "GMFB", "IFI6", "ATP5O", "ADIPOR2", "OAZ1", "CNDP2", "LAMP1", "UBB", "UQCRFS1", "NDUFV2", "RPL39", "SPTAN1", "ATP6V1F", "COX8A", "TSC22D4", "GPX4", "GOT2", "EPDR1", "RPL35A", "TUBB4A", "NAP1L5", "TUBB2A", "PPA1", "ATP6V1B2", "SLIRP", "RPS23"], "MEF2C_GM12878_hg19": ["SLC44A1", "SYT11", "AKR1B1", "KLF2", "YWHAH"], "RXRA_SK-N-SH_hg19": ["SLC44A1", "GPX4", "HCFC1R1", "ECH1"], "CTCF_MEL cell line_mm9": ["SLC48A1", "GMFB", "GDI1", "SLC2A1", "FAM107B", "MAP1LC3B", "CNST", "BSG", "NPTN", "YWHAH", "SH3GLB2", "ATP6V0B", "ANKRD46", "DUSP1", "GSTO1", "RHOG", "IMP4", "TIMM22", "DYNLL1", "BSCL2", "RRAGA", "MYL6", "PCP4", "TUBB2A", "PPA1", "MSH3", "ATP6V1B2", "CERCAM", "NDUFS3", "UQCRC1", "ATP6V0D1", "SLC25A5", "SCG2", "RHOQ", "NDUFB7", "WBP2", "MGST3", "NDUFB2", "COPS7A", "ATP1A1", "KLC1", "ATP5O", "OAZ1", "BCL2L13", "NCSTN", "CLPTM1", "TCEB2", "NDUFV2", "NDUFV1", "PPP1R14A", "NDUFA3", "GOT2", "RPL35A", "MRPL23", "EEF2", "COPS5", "RGCC", "CALY", "NDUFAF3", "CALM3", "CLUAP1", "BCL2L2", "RPS23"], "RXRA_H1-hESC_hg19": ["LAMP1", "CPLX1"], "REST_HL-60_hg19": ["GRIA2", "KCNJ6", "ATP6V1B2"], "GABPA_MEL cell line_mm9": ["SLC48A1", "ANKRD46", "MT3"], "IRF3_HeLa-S3_hg19": ["RAB5B", "NDUFA11", "NDUFB3", "TECR", "COPS7A", "TMEM160", "ATP5G1", "ADD1", "DDA1", "ATP5B", "PPP2R1A", "GPR137", "COX8A", "ACTR2", "NUDC", "GUSBP2", "GPX4", "ANKRD46", "EDF1", "TBCB", "TUBB4B", "KIAA0101", "JTB", "PIN1", "RHOQ"], "POLR2AphosphoS2_K562_hg19": ["SLC48A1", "CYFIP2", "NDUFA13", "GMFB", "GDI1", "CEP19", "CISD1", "HBB", "MT1X", "NPTN", "CAPN3", "UQCRFS1", "COX8A", "ACTR2", "NUDC", "GPX4", "PLLP", "RHOG", "EDF1", "DYNLL1", "RRAGA", "PPA1", "FSCN1", "VDAC3", "UQCRC1", "JTB", "MT1G", "GAPDH", "PVALB", "CSTB", "NDUFB8", "NDUFB7", "COPS7A", "SEPW1", "CST3", "UBB", "SPOCK2", "GNG7", "NDUFV2", "NDUFV1", "NDUFA3", "CHCHD10", "PTPN11", "EEF2", "KLF2", "COPS5", "KIAA0101", "XPNPEP3", "GATS", "CALM3", "SLIRP", "BCL2L2"], "ESRRA_HepG2_hg19": ["PAQR8", "COX5A"], "NFYA_K562_hg19": ["RAB5B", "WBP2", "NDUFB3", "TECR", "IFI6", "ATP2A2", "COPS7A", "OAZ1", "ATP5G1", "CNDP2", "DDA1", "ATP5B", "CNST", "UBB", "CKB", "COX8A", "ACTR2", "ATP6V1G1", "NUDC", "MDH1", "GPX4", "EDF1", "TUBB4B", "MYL6", "KIAA0101", "PIN1", "LAMTOR1", "SLC25A5", "CALM2", "FTL"], "NFYA_GM12878_hg19": ["RAB5B", "WBP2", "NDUFB3", "TECR", "AKR1B1", "COPS7A", "TMEM160", "GSTT1", "TIMM10", "OAZ1", "ATP5G1", "ADD1", "DDA1", "ATP5B", "CNST", "COX8A", "ACTR2", "NUDC", "MDH1", "GPX4", "EDF1", "TUBB4B", "KIAA0101", "PIN1", "GAPDH", "CALM2", "FTL"], "CTCF_kidney_hg19": ["RTN3", "NDUFA13", "CISD1", "GSTT1", "OAZ1", "DDA1", "GJA1", "CAPNS1", "UQCRFS1", "NDUFV1", "TNS3", "NDUFA8", "ZYG11B", "ATP6V0B", "CBX6", "GUSBP2", "CCZ1B", "RHBDD2", "DUSP1", "H3F3A", "NDUFA1", "CHCHD10", "MRPL23", "DYNLL1", "TUBB4B", "MYL6", "TUBB2A", "FAU", "FTL"], "GABPA_HeLa-S3_hg19": ["NDUFA13", "RPL31", "DDX1", "COPS7A", "MYL6B", "TIMM10", "GHITM", "COX5B", "CNDP2", "ATP5B", "NCSTN", "CNST", "ZMAT3", "PPP2R1A", "TRIM44", "COX8A", "ACTR2", "NUDC", "GUSBP2", "MDH1", "MDH2", "NDUFA1", "IMP4", "EDF1", "PTPN11", "MRPL23", "C12ORF10", "TMEM59", "RRAGA", "XPNPEP3", "NDUFS3", "SLIRP"]}