{"H2AFZ_astrocyte_hg19": ["PAQR8", "ACTR2", "NUDC", "RHBDD2", "MDH2", "NDUFA3", "NDUFB3", "ECH1", "TMEM59L", "EDF1", "PTPN11", "COX7A2", "TIMM22", "GHITM", "NDRG1", "PSMB7", "ATP5B", "NCSTN", "KIAA0101", "CA2", "GPD1L", "FAU", "BCL2L2", "CAP2"], "H3K4me3_HeLa-S3_hg19": ["CYFIP2", "NDUFA11", "DDX1", "SLC2A1", "COX7A2", "TIMM10", "ATP5G1", "ADD1", "TMEM144", "BCL2L13", "TUBA1B", "CNST", "RIMS3", "FAM168A", "BASP1", "SPOCK2", "HCFC1R1", "CLPTM1", "EFHD1", "TCEB2", "KIF3C", "RAB6B", "SH3GL2", "CAP2", "PRNP", "GPR37", "CCZ1B", "CCDC136", "IMP4", "PTPN11", "TBCB", "KLF2", "SPCS1", "CERCAM", "JTB", "ALDOC", "SLIRP", "ATP6V0D1", "CALM2", "FTL", "MT1E"], "H3K4me3_ES-E14_mm9": ["GRIA2", "NRSN1", "MGST3", "CISD1", "NDUFB2", "COPS7A", "SEPW1", "CD99L2", "NDRG2", "CPLX1", "THBS4", "CYB5R2", "NCSTN", "TUBB3", "CLPTM1", "NRIP3", "TNPO2", "RAB6B", "PRNP", "ARNT2", "ACTR2", "MDH1", "NDUFA4", "RHOG", "TMA7", "EDF1", "TUBB4B", "CLIP3", "RGCC", "TMEM98", "MSH3", "MAP1A", "FAU", "GAPDH", "CLUAP1", "BCL2L2"], "H3K9ac_K562_hg19": ["CYFIP2", "GMFB", "GDI1", "NDUFA11", "CEP19", "ATP5A1", "TMEM160", "CD99L2", "GSTT1", "MYL6B", "MT1X", "TIMM10", "COX5B", "ATP5G1", "NDRG1", "ADD1", "MRPL41", "BCL2L13", "NCSTN", "RIMS3", "FAM168A", "ZMAT3", "TCEB2", "RPS27A", "SPTAN1", "BEND6", "ATP6V0B", "GPR37", "CCZ1B", "PLLP", "ECH1", "EDF1", "ATP1B1", "DYNLL1", "MSH3", "GATS", "NDUFS3", "NDUFAF3", "FAU", "SLIRP", "ATP6V0D1", "MRAP2"], "H2AFZ_osteoblast_hg19": ["NDUFA13", "GMFB", "NDUFB3", "AKR1B1", "COX7A2", "MYL6B", "THY1", "NDRG1", "CYB5R2", "BCL2L13", "NCSTN", "KIF3C", "SH3GL2", "ZCCHC24", "ACTR2", "ATP6V0B", "NUDC", "RHBDD2", "MDH2", "NDUFA3", "TIMM22", "CLIP3", "VDAC3", "FAU", "MT1E"], "H3K4me3_T-cell acute lymphoblastic leukemia_hg19": ["RAB5B", "NDUFA11", "WBP2", "CEP19", "TMEM59L", "ATP5G1", "MRPL41", "EFHD1", "TCEB2", "GUSBP2", "CCZ1B", "DUSP1", "CCDC136", "NDUFA3", "ECH1", "CHCHD10", "EDF1", "TBCB", "TUBB4B", "TUBB2A", "MSH3", "NDUFS3", "UQCRC1", "ATP6V0D1", "SCG2"], "H3K27me3_erythroblast_mm9": ["BRSK1", "HTRA1", "GSTT1", "CPLX1", "RAP1GAP", "MAP1LC3A", "KIF5C", "ZMAT3", "BASP1", "GNG7", "PTGDS", "RAB6B", "TNS3", "SH3GL2", "PAQR8", "ZCCHC24", "ARNT2", "KCNJ6", "GPR37", "PEG3", "GSTO1", "NDUFA1", "TUBB4A", "NAP1L5", "TMEM98", "DAAM2", "GJB6", "RCAN2", "COL4A5", "EVL", "INA", "PVALB", "RHOQ"], "H3K4me3_NT2-D1_hg19": ["GRIA2", "ANAPC13", "NDUFA13", "NDUFB3", "MT1M", "CD99L2", "MYL6B", "TIMM10", "COX5B", "RAP1GAP", "THBS4", "SPOCK2", "EFHD1", "TCEB2", "STXBP6", "CBX6", "PEG3", "CCDC136", "ATP1B1", "TUBB2A", "SPCS1", "MSH3", "GATS", "UQCRC1", "FAU"], "H3K4me3_CD14-positive monocyte_hg19": ["SNAP25", "NDUFA13", "RAB5B", "WBP2", "DDX1", "CEP19", "MT1M", "SLC2A1", "AKR1B1", "SEPW1", "COX7A2", "CD99L2", "GSTT1", "COX5B", "ENHO", "RIMS3", "UBB", "ZMAT3", "CA2", "UQCRFS1", "STXBP6", "KIF3C", "NEFH", "SH3GL2", "PRNP", "GPR37", "CCZ1B", "NDUFA4", "PLLP", "CCDC136", "TIMM22", "EEF2", "TUBB2A", "KIAA0101", "CERCAM", "NDUFS3", "NDUFAF3", "ALDOC", "EVL", "SLIRP", "CLUAP1", "RPS23", "FTL", "MT1E"], "H3K9me3_ES-E14_mm9": ["NEFM", "FAU", "NAP1L5"], "H3K4me3_brain microvascular endothelial cell_hg19": ["BRSK1", "CSTB", "NDUFA13", "DDX1", "TMEM59L", "SLC2A1", "TMEM144", "CYB5R2", "RIMS3", "BASP1", "BSG", "EFHD1", "NEFM", "SH3GL2", "PRNP", "FIS1", "PPP1R14A", "CBX6", "GPR37", "IMP4", "EDF1", "PTPN11", "SPCS1", "CERCAM", "JTB", "ALDOC"], "H3K4me2_CH12.LX_mm9": ["SLC44A1", "MGST3", "NDUFB2", "ADIPOR2", "SLC6A3", "RAP1GAP", "ENHO", "CAMK2N1", "GNG7", "HCFC1R1", "RAB6B", "FIS1", "PPP1R14A", "CHURC1", "NDUFA4", "GSTO1", "EDF1", "TBCB", "MYL6", "TUBB2A", "MAP1A", "CERCAM", "COL4A5", "SCG2", "CLUAP1", "BCL2L2"], "H3K4me3_kidney_mm9": ["MGST3", "STK39", "THBS4", "CNST", "FAM168A", "CAPNS1", "CAMK2N1", "EFHD1", "ZCCHC24", "SH3GLB2", "NDUFA8", "GABBR2", "NKX6-2", "GPR37", "CHURC1", "NDUFA4", "ECH1", "NDUFA1", "TIMM22", "CLIP3", "BSCL2", "COPS5", "TUBB2A", "EVL", "MRAP2", "ITM2A"], "H3K4me3_G1E-ER4_mm9": ["ANAPC13", "WBP2", "NDUFB3", "NDUFB2", "HTRA1", "KLC1", "ENO2", "TMEM144", "PSMB7", "CNST", "CARNS1", "CLPTM1", "NRIP3", "TCEB2", "NDUFV2", "NDUFV1", "TNPO2", "SPTAN1", "ACTR2", "NDUFA4", "NDUFA3", "MT3", "GLUD1", "MYL6", "CALY", "XPNPEP3", "MAP1A", "NDUFS3", "NDUFAF3", "GPD1L", "FAU", "CLUAP1"], "H3K4me3_erythroblast_mm9": ["NDUFA13", "CEP19", "KLC1", "NDRG2", "TMEM144", "NCSTN", "FAM168A", "KIF5C", "ZMAT3", "CAMK2N1", "TUBB3", "GNG7", "CARNS1", "RPS27A", "NDUFV1", "TNPO2", "SPTAN1", "ZYG11B", "PPP1R14A", "ACTR2", "GPR37", "PLLP", "TMEM256", "TMEM98", "PPA1", "MSH3", "XPNPEP3", "RCAN2", "MAP1A", "NDUFS3", "PIN1", "COL4A5", "GAPDH", "CLUAP1"], "H3K9ac_HepG2_hg19": ["RAB5B", "GDI1", "NDUFA11", "WBP2", "IFI6", "COX7A2", "KLC1", "ENO2", "OAZ1", "BCL2L13", "ARNT2", "EGLN2", "CCZ1B", "ECH1", "RHOG", "CHCHD10", "EDF1", "KLF2", "TUBB2A", "NDUFS3", "NDUFAF3", "ALDOC", "GAPDH", "RPS23", "MT1E"], "H3K79me2_A549_hg19": ["RTN3", "NDUFA13", "NDUFB7", "WBP2", "ATP5A1", "NDUFB2", "ATP2A2", "COPS7A", "MYL6B", "MT1X", "MRPL41", "TUBA1B", "CNST", "TUBB3", "HCFC1R1", "GPR137", "RPS27A", "ATP6V1F", "PPP1R14A", "MDH1", "NDUFA3", "TBCB", "TUBB4B", "TUBB2A", "SPCS1", "TMEM98", "MSH3", "CERCAM", "PIN1", "FAU", "CLUAP1", "FTL"], "H3K4me2_fibroblast of lung_hg19": ["GRIA2", "NDUFA13", "RAB5B", "NDUFA11", "TMEM59L", "MT1M", "GSTT1", "TIMM10", "ENHO", "ARHGAP44", "TUBB3", "APOD", "RAB6B", "GABBR2", "MDH1", "PLLP", "CHCHD10", "TUBB4B", "MT3", "BSCL2", "TUBB2A", "MT1G", "ALDOC", "ATP6V0D1", "CLUAP1"], "H3K4me1_lung_mm9": ["CEP19", "TIMM10", "THY1", "ENO2", "ATP5G1", "RAP1GAP", "CYB5R2", "BCL2L13", "TUBA1B", "KIF5C", "TUBB3", "BASP1", "CARNS1", "NRIP3", "RPS27A", "NDUFV1", "SH3GL2", "PRNP", "GSTO1", "EDF1", "SEPT4", "MT3", "MAP1A", "CERCAM", "NDUFS3", "CLUAP1"], "H3K4me1_liver_mm9": ["CYFIP2", "GRIA2", "AMER2", "NDUFA13", "NDRG4", "NDUFB8", "NRSN1", "GDI1", "MAOA", "HTRA1", "COPS7A", "ENO2", "NDRG2", "CPLX1", "SLC6A3", "RAP1GAP", "CYB5R2", "TUBA1B", "MAP1LC3A", "SCRN1", "KIF5C", "ZMAT3", "BASP1", "GNG7", "CARNS1", "NRIP3", "TCEB2", "KIF3C", "NEFH", "ARNT2", "GOT2", "NDUFA1", "CHCHD10", "COX6C", "RNASE1", "BSCL2", "MAP1A", "CERCAM", "UQCRC1", "MRAP2", "RAB3GAP1", "RHOQ"]}