{"IRF3": ["PIN1"], "SREBF2": ["COPS5"], "PCGF2": ["CBX6"], "ESR2": ["MYL6", "CALM3", "RPS27A", "NEFH", "CALM2", "YWHAH"], "FOS": ["PIN1", "EDF1", "NEFM"], "RFX5": ["SLIRP"], "CCNE1": ["PIN1"], "HNF4A": ["COPS5"], "RXRA": ["EDF1", "KIF1A"], "PPARGC1A": ["CAPNS1"], "MEF2C": ["COPS5"], "STAT5B": ["PTPN11"], "HNF1A": ["CALM3"], "PHC1": ["CBX6"], "NFE2": ["H3F3A"], "E2F4": ["RAB3GAP1"], "NFE2L2": ["COPS7A"], "MYC": ["NDUFA8", "DDX1", "ATP2A2", "PTPN11", "ATP1A1", "ATP5O", "TUBA1B", "UBB", "TUBB3", "MSH3", "MAP1A", "NDUFS3", "PIN1", "NDUFAF3", "UQCRFS1", "CALM3", "CYC1", "RPS27A"], "CHD1": ["H3F3A"], "CTCF": ["FAU"]}