{"TP63-23658742-EP156T-HUMAN": ["NRP1", "DDX3X", "BTG1", "RNF19B", "AKR1B1", "PLOD2", "PPP2R2A", "ENO1", "RND3", "TSKU", "ETS2", "LBH", "C1QBP", "MYC", "FTH1", "ANKFY1", "TMSB10", "TGM2", "DSP", "TGIF1", "LMO2", "MTUS1", "KRT8", "HLA-E", "ELF1", "OAS2", "TMX1", "DAD1", "OAS3", "IRF2", "SIK1", "CD47", "TOP1", "MET", "TLR3", "DYNC1I2", "C1S", "SAMD9", "RPL11", "TRANK1", "ZC3HAV1", "DDX60", "HIF1A", "CORO1C", "PDLIM1", "SLC25A28", "STAT1", "FAM46A", "FN1", "PARP12", "HIGD2A", "EHD4", "SPATS2L", "ID3", "F2RL1", "TGFBI", "ITM2B", "HSPA1B"], "MTF2-20144788-MESC-MOUSE": ["NRP1", "CEBPB", "PON2", "PTPRO", "ZC3HAV1", "RND3", "CXCL5", "IFIH1", "CASP7", "LBH", "TUBB3", "PMAIP1", "B2M", "DSP", "IL15RA", "DUSP5", "IGFBP4", "LMO2", "MTUS1", "KRT8", "TAP1", "ISG15", "OSMR", "PARP12", "COASY", "PSMB8", "PSMB9", "IRF2", "PMP22", "ID3", "TGFBI", "HSPA1B", "UBE2M"], "TEAD4-22529382-TROPHECTODERM-MOUSE": ["DYNC1I2", "NUP107", "TRANK1", "UBE2L6", "GLRX", "SQRDL", "RND3", "ETS2", "PDLIM1", "PSMB7", "CASP7", "SLC25A28", "DPYSL2", "BSG", "EIF4H", "EIF4EBP1", "TMED2", "HMOX1", "FLNB", "NBN", "TSPAN3", "S100A11", "PARP4", "H3F3B", "GPX4", "DDX58", "LMO2", "TBCA", "EHD4", "OAS2", "IRF2", "S100A6", "AGRN", "GLA"], "STAT3-18555785-MESC-MOUSE": ["CSTF3", "POP4", "RPL11", "UBE2L6", "DDX60", "IFIT1", "RND3", "LAPTM4A", "RPS16", "KYNU", "MYC", "LAMP3", "UBC", "NAMPT", "RPS13", "IER2", "HSPA8", "DUSP5", "STAT1", "STAT3", "NMI", "TBCA", "PLSCR1", "MYL6", "TMX1", "DAD1", "TRIP12", "COPE", "HSPA1B"], "AR-19668381-PC3-HUMAN": ["LGALS3BP", "NRP1", "SP100", "NNMT", "POP4", "GDI2", "PLOD2", "ZC3HAV1", "SAMHD1", "IFIT1", "PSMB2", "OPHN1", "C1QBP", "DPYSL2", "DHX15", "TRIM25", "ANKFY1", "RPS13", "TGM2", "MCL1", "DUSP5", "ABCC1", "PARP4", "STAT1", "SP110", "DUSP1", "LMO2", "GSR", "EMR1", "MTUS1", "TAP1", "AKR1C2", "SERPINB9", "SLC30A1", "HLA-F", "HLA-G", "TNFRSF1A", "ISG20", "EHD4", "UQCRQ", "IRF1", "IRF2", "PMP22", "CTNNB1", "TOP1", "SNRPF", "TPT1", "UBE2M"], "RUNX2-22187159-PCA-HUMAN": ["LGALS3BP", "NRP1", "TRAM1", "DDX3X", "BTG1", "ADPGK", "PLOD2", "SQRDL", "ENO1", "RND3", "ETS2", "LAPTM4A", "OPHN1", "BASP1", "KYNU", "DPYSL2", "DHX15", "PLS3", "TMEM109", "SLC12A7", "TRIM22", "HERC6", "DUSP5", "ABCC1", "C5ORF15", "SP110", "DUSP1", "LMO2", "MTUS1", "OSMR", "HLA-E", "PLSCR1", "ELF1", "IRF7", "SNRPF", "TLR3", "DYNC1I2", "SP100", "CEBPB", "PMAIP1", "FLNB", "S100A11", "MX2", "GSR", "FN1", "NAP1L1", "PA2G4", "PARP12", "ISG20", "SPATS2L", "CTNNB1"], "RBPJ-21746931-IB4-LCL-HUMAN": ["IFITM3", "GPI", "ADPGK", "POMP", "LIPA", "IFIT3", "PPP4C", "IFI16", "SPP1", "RPL35", "RPLP2", "FLNB", "TGM2", "DUSP1", "NONO", "MX2", "FN1", "MTUS1", "DEK", "PGD", "TNFRSF1A", "MORF4L1", "PSMA3", "UBE2S", "IRF1", "APEX1", "S100A6", "AIDA", "AGRN", "MYD88"], "RCOR3-21632747-MESC-MOUSE": ["RNF19B", "RND3", "ETS2", "ACTG1", "RPS16", "TUBB3", "BASP1", "KYNU", "TMED2", "TRIM25", "TGIF1", "IGFBP4", "SP110", "DUSP1", "LMO2", "PTOV1", "SLC30A1", "PSMA6", "OAS2", "TMX1", "SIK1", "TOP1", "SNRPF", "ALDOA", "CHMP5", "LY6E", "MRPL12", "PSMB7", "APOL6", "PSMB2", "UBB", "EIF4H", "CCL2", "PMAIP1", "FLNB", "RABAC1", "MCL1", "HSPA5", "TMEM50A", "EPHX1", "NAP1L1", "GNB2L1", "NFKBIA", "CAPRIN1", "ID1", "PMP22", "ID3", "TRIP12", "RPS21"], "AR-20517297-VCAP-HUMAN": ["NRP1", "NNMT", "DDX3X", "NUP107", "UBE2L6", "GLRX", "SQRDL", "TMEM140", "RND3", "CXCL5", "IFIH1", "KYNU", "FTH1", "TMEM109", "S100A11", "IL15RA", "ABCC1", "RSAD2", "STAT1", "RPL22", "PTOV1", "ACOT13", "DYNLL1", "PSMA5", "GGCT", "MORF4L1", "PSMA4", "IFI27", "OAS1", "XAF1", "SLC25A6"], "SOX2-21211035-LN229_GBM-HUMAN": ["NRP1", "BTG1", "PTPRO", "PLOD2", "U2AF1", "SQRDL", "TSKU", "ETS2", "CDC20", "MT2A", "CYB5R3", "LBH", "UBB", "PSMB3", "BASP1", "KYNU", "DHX15", "RPL13", "PLS3", "ANKFY1", "PMAIP1", "FLNB", "TSPAN3", "DUSP5", "ABCC1", "DDX58", "DUSP1", "FAM46A", "IFI44", "SERPINB9", "SLC30A1", "TDRD7", "HLA-G", "PARP12", "HLA-E", "DNAJA1", "PLSCR1", "EHD4", "NPC2", "DAD1", "CYCS", "TRIP12", "CD47", "LAP3", "P4HB"], "TCF4-23295773-U87-HUMAN": ["OGFR", "GPI", "NUP107", "RPL32", "RNF19B", "ADAR", "PPP2R2A", "RND3", "ETS2", "LBH", "OPHN1", "TUBB3", "BASP1", "SLC12A7", "TGIF1", "IL15RA", "DUSP5", "ABCC1", "C5ORF15", "DUSP1", "LMO2", "MTUS1", "ACOT13", "HLA-F", "PDIA6", "ELF1", "TMX1", "IRF1", "IRF2", "SIK1", "TOP1", "AIDA", "MET", "SP100", "SAMD9", "SAMHD1", "HIF1A", "UBC", "AP2S1", "FLNB", "FN1", "TDRD7", "TBCA", "ISG20", "GGCT", "NFKBIA", "UQCRQ", "PMP22", "FAU", "XAF1", "RPS21"], "REST-21632747-MESC-MOUSE": ["RPL11", "PTPRO", "TRANK1", "U2AF1", "CORO1C", "RNF114", "PSMB2", "SNRPD2", "TUBB3", "BASP1", "KYNU", "CCL2", "PMAIP1", "TRIM26", "RABAC1", "SLC12A7", "SP110", "MTUS1", "GNB2L1", "EHD4", "ID3", "CTNNB1", "SIK1", "TRIP12", "TOP1", "MYD88"], "BCL11B-21912641-STHDH STRIATAL CELLS-MOUSE": ["SP110", "ID3"], "SMAD4-21799915-A2780-HUMAN": ["NRP1", "SP100", "DDX3X", "GLRX", "SQRDL", "ZC3HAV1", "RND3", "HIF1A", "OASL", "NAMPT", "DHX15", "ANKFY1", "FLNB", "CD59", "S100A11", "ABCC1", "DUSP1", "LMO2", "IFI44", "TDRD7", "TBCA", "PSMA5", "IRF2", "SPATS2L", "TRIP12", "TOP1", "TGFBI", "GCLM", "MET", "MYD88", "SNRPB"], "SCL-21571218-MEGAKARYOCYTES-HUMAN": ["DYNC1I2", "CEBPB", "DDX3X", "C1S", "PTPRO", "ETS2", "PDLIM1", "BCL2L13", "CHCHD2", "OPHN1", "FTH1", "BSG", "EIF4EBP1", "PMAIP1", "SLC12A7", "ABCC1", "GPX1", "PARP4", "GPX4", "C5ORF15", "LMO2", "SMARCA5", "CD47", "TOP1", "TRIM38", "RPL29", "PTMA"], "SIN3B-21632747-MESC-MOUSE": ["IFITM2", "ADPGK", "SLC35B1", "EIF4A3", "ADAR", "ENO1", "COX6A1", "TSKU", "ACTG1", "PTBP1", "LAPTM4A", "RNF114", "SNRPD2", "RPS19", "TUBB3", "BASP1", "KYNU", "TMED2", "RPLP2", "TMEM109", "TRIM26", "NBN", "CLIC1", "IER2", "DSP", "TGIF1", "DUSP5", "GPX1", "PARP4", "SP110", "DUSP1", "GSTO1", "PGAM1", "RPL22", "DYNLL1", "GTPBP2", "TNFRSF1A", "PSMA5", "MORF4L1", "PSMA6", "PSMA4", "TMX1", "SIK1", "SNRPF", "ALDOA", "NAPA", "DYNC1I2", "MRPL17", "MRPL12", "GABARAP", "CYB5R3", "PSMB2", "UBB", "AP2S1", "MLEC", "HMOX1", "CCL2", "PMAIP1", "FLNB", "RABAC1", "MCL1", "HSPA5", "NAP1L1", "NFKBIA", "HNRNPM", "CAPRIN1", "HNRNPF", "APEX1", "ID1", "CTNNB1", "TRIP12", "FAU", "RPS21", "COPE", "TPT1", "UBE2M"], "SUZ12-20075857-MESC-MOUSE": ["NRP1", "CEBPB", "PON2", "PTPRO", "TRANK1", "SQRDL", "ZC3HAV1", "USP18", "CXCL5", "IFIH1", "CASP7", "LBH", "SNRNP70", "TUBB3", "DPYSL2", "MYC", "PMAIP1", "B2M", "DSP", "IL15RA", "DUSP5", "TNFRSF12A", "IGFBP4", "GSTO1", "LMO2", "FAM46A", "SMARCA5", "KRT8", "TAP1", "ISG15", "OSMR", "PARP12", "COASY", "PSMB8", "PSMB9", "GGCT", "SCO2", "IRF2", "PMP22", "SPATS2L", "TRIM14", "ID3", "TGFBI", "MET", "HSPA1B", "HSPA1A"], "STAT3-23295773-U87-HUMAN": ["NAPA", "LGALS3BP", "GPI", "SP100", "IFITM1", "CALCOCO2", "SLC35B1", "ADAR", "PLOD2", "PPP2R2A", "ZC3HAV1", "SAMHD1", "OASL", "LAPTM4A", "LBH", "NAMPT", "TMED2", "NBN", "TGM2", "ABCC1", "LMO2", "FN1", "MTUS1", "SMARCA5", "KRT8", "HLA-B", "NMI", "PSMA3", "ELF1", "DNAJC7", "OAS2", "CAPRIN1", "PMP22", "SPATS2L", "C19ORF66", "XAF1"], "SETDB1-19884257-MESC-mouse": ["IFITM3", "TRAM1", "C1S", "CNP", "RPLP0", "GDI2", "PLOD2", "IFI30", "CORO1C", "ACTG1", "CST3", "CYB5R3", "LBH", "SNRPD2", "UBB", "TUBB3", "IER2", "TGIF1", "HSPA8", "DDX58", "DUSP1", "EPHX1", "LMO2", "IRF2BP1", "TDRD7", "GNB2L1", "NFKBIA", "PSME1", "F2RL1", "CD47", "AIDA", "AGRN", "PFN1", "LY6E"], "TET1-21451524-MESC-MOUSE": ["NNMT", "RPL32", "CALCOCO2", "RPL12", "POMP", "GDI2", "UBE2L6", "ADAR", "COX6A1", "UBE2Z", "MRPL12", "CYB5R3", "IMPA1", "ATP5E", "RPL13", "NBN", "MPDU1", "HSPA8", "GPX4", "STAT1", "DUSP1", "PGAM1", "TAP1", "HIGD2A", "MYL6", "TRIP12", "TGFBI", "MET", "HSPA1B"]}