{"SP4 (human)": ["SLC30A1"], "MYC::MAX (human)": ["TRIM26", "HLA-E"], "REST (human)": ["TRIM26", "HLA-E"], "PBX1 (human)": ["TRIM26", "HLA-E"], "PLAG1 (human)": ["TRIM26", "HLA-E"], "NR1H2::RXRA (human)": ["TRIM26", "HLA-E"], "NFYB (human)": ["FTH1", "EPHX1", "ID1"], "MIZF (human)": ["TRIM26", "HLA-E"], "TAL1::TCF3 (human)": ["TRIM26", "HLA-E"], "RXR::RAR_DR5 (human)": ["TRIM26", "HLA-E"], "CTCF (human)": ["TRIM26", "HLA-E"], "INSM1 (human)": ["TRIM26", "HLA-E"], "TLX1::NFIC (human)": ["TRIM26", "HLA-E"], "RXRA::VDR (human)": ["TRIM26", "HLA-E"], "CBX5 (human)": ["AKR1C2"], "RREB1 (human)": ["TRIM26", "HLA-E"], "NHLH1 (human)": ["TRIM26", "HLA-E"], "RORA_2 (human)": ["TRIM26", "HLA-E"], "IRF1 (human)": ["TRIM26", "HLA-E"], "EWSR1-FLI1 (human)": ["TRIM26", "HLA-E"]}