{"H3K27me3 H1 Derived Mesenchymal Stem Cells": ["C1R", "LMO2", "MTUS1", "PDGFRL"], "H3K27me3 Colonic Mucosa": ["C1S", "IGFBP4", "C1R", "PTPRO", "KRT8", "SERPINB9", "TYMS", "OSMR", "RND3", "PDGFRL", "PDLIM1", "TUBB3", "BASP1", "DPYSL2", "LAMP3", "SPP1", "PLS3", "F2RL1", "MT1G", "DENND5A", "TGFBI", "MET", "LY6E"], "H3K27me3 CD34 Primary Cells": ["DSP", "NNMT", "DPYSL2", "FN1", "TGFBI", "OSMR", "MET", "CXCL5"], "H3K4me3 Penis Foreskin Fibroblast Primary Cells": ["NUP107", "POP4", "SLC35B1", "UBE2L6", "PLOD2", "TMEM140", "IFI30", "IFIT1", "IFIT3", "IFIT2", "HERC5", "MT2A", "SNRPD2", "OPHN1", "BASP1", "DPYSL2", "LAMP3", "PLS3", "TRIM25", "ANKFY1", "DENND5A", "BANF1", "TMSB10", "TRIM21", "TGM2", "HERC6", "RSAD2", "SP110", "MTUS1", "KRT8", "ACOT13", "SLC30A1", "PDIA6", "PDGFRL", "SCO2", "MT1F", "TRIM14", "MT1G", "SIK1", "MT1H", "RBCK1", "LAP3", "C19ORF66", "SNRPB", "TRANK1", "DDX60", "ZMPSTE24", "NME1-NME2", "UBB", "TMEM50A", "EIF2AK2", "TDRD7", "C20ORF24", "NMI", "HIGD2A", "GGCT", "UQCRQ", "CYCS", "MYD88", "ADPGK", "CALCOCO2", "PTPRO", "AKR1B1", "ADAR", "CXCL5", "OASL", "IFIH1", "IMPA1", "TMED2", "EIF3CL", "TRIM6-TRIM34", "DSP", "TGIF1", "CCT2", "GPX1", "WARS", "DDX58", "DUSP1", "AHSA1", "OSMR", "PSMA5", "PSMA6", "OAS2", "OAS3", "IRF2", "ALDOA", "TLR3", "SLC25A6", "C1S", "SAMD9", "PON2", "POMP", "IFI6", "MTIF2", "UQCR10", "USP18", "APOL6", "SLC25A28", "CCL2", "APOL1", "MX2", "STAT3", "FAM46A", "MX1", "NDUFA1", "F2RL1", "FAU", "GLA"], "H3K36me3 CD4+ CD25- Th Primary Cells": ["MVP"], "H3K4me3 Duodenum Mucosa": ["IFITM3", "IFITM1", "NUP107", "POP4", "EIF4A3", "IFIT5", "UBE2L6", "COX6A1", "IFI30", "LIPA", "IFIT2", "HERC5", "CHCHD2", "MT2A", "RNF114", "SNRPD2", "OPHN1", "BASP1", "DPYSL2", "LAMP3", "PLS3", "ANKFY1", "DENND5A", "BANF1", "B2M", "TMSB10", "TRIM21", "RPS13", "HERC6", "IL15RA", "RSAD2", "C5ORF15", "LMO2", "PTOV1", "MTUS1", "KRT8", "MIF", "PGD", "PDIA6", "PDGFRL", "TMX1", "TRIM14", "MT1G", "SIK1", "PRKD2", "MT1H", "RBCK1", "SNRPF", "C19ORF66", "RPL29", "SNRPB", "LY6E", "CNP", "TRANK1", "MRPL17", "DDX60", "MRPL12", "RPS4Y1", "ZMPSTE24", "CORO1C", "NME1-NME2", "HMOX1", "PMAIP1", "NAA50", "TMEM50A", "PHF11", "FN1", "EIF2AK2", "PA2G4", "HIGD2A", "ISG20", "GGCT", "NFKBIA", "EHD4", "EIF6", "UBE2S", "UQCRQ", "CYCS", "XAF1", "LRP10", "RPS21", "COPE", "UBE2M", "NRP1", "ADPGK", "PTPRO", "AKR1B1", "ADAR", "CXCL5", "OASL", "IMPA1", "SNRNP70", "C1QBP", "TMED2", "TRIM6-TRIM34", "PSENEN", "TGIF1", "CCT2", "ABCC1", "GPX1", "PARP4", "GPX4", "DDX58", "GSTO1", "AHSA1", "C6ORF62", "OSMR", "PSMA5", "PSMA4", "DNAJC7", "OAS2", "NPC2", "OAS3", "IRF2", "AIDA", "MET", "TLR3", "CHMP5", "SLC25A6", "DYNC1I2", "SP100", "SAMD9", "C1R", "RPL12", "POMP", "IFI6", "MTIF2", "U2AF1", "UQCR10", "TYMS", "USP18", "HSPD1", "PSMB7", "APOL6", "SLC25A28", "CCL2", "CD59", "POLR2I", "APOL1", "POLR2L", "MX2", "STAT3", "FAM46A", "MX1", "EMR1", "NDUFA1", "NAP1L1", "TRIP12", "TRIM38", "GLA"], "H3K36me3 Mobilized CD34 Primary Cells": ["MVP"], "H3K36me3 Mesenchymal Stem Cell Derived Adipocyte Cultured Cells": ["ATP5E"], "H3K27me3 Mobilized CD34 Primary Cells": ["NRP1", "SAMHD1", "RND3", "CXCL5", "TSKU", "PDLIM1", "LBH", "OPHN1", "TUBB3", "DPYSL2", "LAMP3", "HMOX1", "PLS3", "PMAIP1", "TGM2", "DSP", "DUSP5", "IGFBP4", "FN1", "MTUS1", "NDUFA1", "PDGFRL", "ID1", "PMP22", "MT1G", "MT1H", "MET"], "H3K4me1 Colonic Mucosa": ["NUP107", "POP4", "SLC35B1", "EIF4A3", "UBE2L6", "MT1X", "COX6A1", "TMEM140", "IFIT1", "IFIT2", "HERC5", "CHCHD2", "MT2A", "TUBB3", "BASP1", "DPYSL2", "LAMP3", "FTH1", "BSG", "ANKFY1", "DENND5A", "BANF1", "TRIM21", "RPS13", "TGM2", "C5ORF15", "PTOV1", "MIF", "PDGFRL", "MT1G", "SNRPF", "C19ORF66", "SNRPB", "LY6E", "MRPL17", "DDX60", "MRPL12", "ZMPSTE24", "NME1-NME2", "UBB", "PMAIP1", "NAA50", "FN1", "EIF2AK2", "PA2G4", "TBCA", "ISG20", "GGCT", "NFKBIA", "UBE2S", "UQCRQ", "ID3", "CYCS", "TGFBI", "GCLM", "XAF1", "LRP10", "COPE", "UBE2M", "ADPGK", "PTPRO", "AKR1B1", "OASL", "TMED2", "TMEM109", "ABCC1", "GPX1", "WARS", "GPX4", "AHSA1", "PSMA5", "ELF1", "PSMA4", "OAS1", "OAS2", "NPC2", "OAS3", "CD47", "AIDA", "MET", "TLR3", "CHMP5", "SLC25A6", "DYNC1I2", "SP100", "CEBPB", "C1S", "SAMD9", "C1R", "MVP", "RPL12", "PON2", "POMP", "IFI6", "MTIF2", "GLRX", "U2AF1", "UQCR10", "SAMHD1", "TYMS", "USP18", "HSPD1", "PSMB7", "APOL6", "SLC25A28", "RPL13", "POLR2I", "MX2", "STAT3", "FAM46A", "NAP1L1", "PSMB8", "GLA"], "H3K36me3 CD34 Cultured Cells": ["ATP5E"], "H3K27me3 CD8 Naive Primary Cells": ["DSP", "LMO2", "FN1", "MTUS1", "PLOD2", "TYMS", "CXCL5", "TSKU", "PDGFRL", "ID1", "SPP1", "SPATS2L", "MT1G", "SIK1", "MT1H", "TGFBI", "MET", "TGM2"], "H3K27me3 Breast vHMEC": ["HERC5", "IFITM1", "LBH", "DPYSL2", "TRANK1", "MT1G"], "H3K27me3 Breast Myoepithelial Cells": ["NONO", "NDUFA1", "RPL13", "CXCL5", "TGM2"], "H3K36me3 Pancreatic Islets": ["H3F3B"], "H3K27me3 Adipose Derived Mesenchymal Stem Cell Cultured Cells": ["PDLIM1", "DPYSL2", "MTUS1", "TGFBI", "CXCL5"], "H3K27me3 Adult Liver": ["AKR1B1"], "H3K27me3 IMR90": ["TGIF1", "OAS1", "PTPRO", "SPP1", "MTUS1", "CXCL5", "HERC6"], "H3K27me3 Mesenchymal Stem Cell Derived Adipocyte Cultured Cells": ["MTUS1", "PLS3", "F2RL1", "PMAIP1", "CXCL5", "TGM2", "HERC6"], "H3K9me3 Brain Cingulate Gyrus": ["IFI44"]}