{"GTAAACC,MIR-299-5P": ["H3F3B"], "CTCTAGA,MIR-526C,MIR-518F,MIR-526A": ["H3F3B"], "CGGTGTG,MIR-220": ["GPX1"], "ATAACCT,MIR-154": ["MTUS1"], "TACAATC,MIR-508": ["NONO"], "TCTAGAG,MIR-517": ["RND3"], "GTGTGAG,MIR-342": ["DDX3X"], "AGGAGTG,MIR-483": ["H3F3B"], "AGTCTAG,MIR-151": ["DDX3X"], "CTCTATG,MIR-368": ["CSTF3"], "TACGGGT,MIR-99A,MIR-100,MIR-99B": ["SMARCA5"], "GACAGGG,MIR-339": ["DNAJC7"], "TAGAACC,MIR-182": ["DDX3X"], "ATGCACG,MIR-517B": ["MORF4L1"], "GCGCCTT,MIR-525,MIR-524": ["IER2"], "CTAGGAA,MIR-384": ["DDX3X"], "GTAAGAT,MIR-200A": ["SP100"], "CAGTCAC,MIR-134": ["BANF1"], "TTCCGTT,MIR-191": ["CEBPB"], "CACGTTT,MIR-302A": ["MORF4L1"]}