{"CHD1_GM12878_hg19": ["NAPA", "IFITM1", "PON2", "POMP", "EIF4A3", "IFI30", "UBE2Z", "ETS2", "ZMPSTE24", "PSMB7", "BCL2L13", "IMPA1", "IFI16", "C1QBP", "BSG", "MLEC", "RPLP2", "ANKFY1", "SLC12A7", "RPS13", "POLR2L", "WARS", "NONO", "STAT3", "PTOV1", "NDUFA1", "ACOT13", "NAP1L1", "SLC30A1", "ISG15", "NMI", "PA2G4", "HIGD2A", "EIF6", "APEX1", "S100A6", "CTNNB1", "SLC25A6"], "CTCF_IMR-90_hg19": ["TRAM1", "IFITM2", "C1S", "ADPGK", "CSTF3", "RPL11", "RPLP0", "MRPL17", "ZC3HAV1", "IFI35", "UBE2Z", "PDLIM1", "RPS16", "RPS19", "C1QBP", "HMOX1", "ANKFY1", "FLNB", "TMSB10", "IER2", "TGM2", "IL15RA", "PARP4", "C5ORF15", "TALDO1", "ACOT13", "NAP1L1", "SLC30A1", "PGD", "DYNLL1", "OSMR", "NFKBIA", "TMX1", "SNRPF", "TGFBI", "IRF9", "CHMP5", "SLC25A6"], "ZNF384_K562_hg19": ["ADPGK", "CALCOCO2", "PON2", "ADAR", "MRPL12", "USP18", "HIF1A", "ZMPSTE24", "CST3", "NME1-NME2", "CASP7", "LBH", "IMPA1", "RPS19", "SNRNP70", "C1QBP", "NAMPT", "DHX15", "DENND5A", "FLNB", "WARS", "H3F3B", "STAT1", "SMARCA5", "KRT8", "TALDO1", "SERPINB9", "PA2G4", "DYNLL1", "PDIA6", "NFKBIA", "FAM111A", "EIF6", "SNRPF", "ALDOA", "RPL29", "LRP10", "IRF9", "TPT1"], "CTCF_GM13976_hg19": ["TRAM1", "CEBPB", "IFITM2", "CALCOCO2", "SLC35B1", "RPL11", "RPLP0", "EIF4A3", "MRPL17", "MTIF2", "IFI35", "UBE2Z", "RND3", "PDLIM1", "CASP7", "C1QBP", "HMOX1", "TRIM25", "DENND5A", "FLNB", "NBN", "IER2", "IL15RA", "IRF2BP1", "TALDO1", "ACOT13", "TDRD7", "DYNLL1", "PDGFRL", "NFKBIA", "DNAJC7", "SCO2", "H3F3AP4", "PSME1", "TRIM14", "IRF9", "CHMP5"], "ZEB1_HepG2_hg19": ["IFIH1", "SP100", "GSTO1", "ID1", "HMOX1", "F2RL1"], "RXRA_SK-N-SH_hg19": ["NRP1", "GPX4", "TNFRSF12A", "TRIM25", "IRF9"], "CTCF_GM12891_hg19": ["ADPGK", "CALCOCO2", "C1R", "CSTF3", "TRANK1", "MRPL17", "IFI35", "UBE2Z", "MRPL12", "HERC5", "PDLIM1", "PTBP1", "CASP7", "IMPA1", "UBB", "HMOX1", "DENND5A", "NBN", "APOL1", "B2M", "IER2", "CCT2", "C5ORF15", "IGFBP4", "SLC30A1", "MIF", "TBCA", "PGD", "DYNLL1", "PDGFRL", "TNFRSF1A", "NFKBIA", "SCO2", "IRF1", "H3F3AP4", "FAU", "PFN1", "IRF9", "SLC25A6"], "EP300_MCF-7_hg19": ["ISG20", "ELF1", "BTG1", "STAT1", "STAT3", "LY6E"], "CTCF_small intestine_mm9": ["CSTF3", "PON2", "RPL11", "MTIF2", "UBE2Z", "HIF1A", "CST3", "LBH", "IMPA1", "SNRNP70", "CTSL", "C1QBP", "UBC", "EIF4H", "RPL35", "FLNB", "NBN", "CLIC1", "TGM2", "MCL1", "MPDU1", "ABCC1", "STAT1", "RPL22", "MTUS1", "KRT8", "TAP1", "SLC30A1", "GGCT", "PSMA6", "PSMA3", "NPC2", "PSME1", "TRIM14", "F2RL1", "GCLM", "PPIB", "IRF9"], "KDM5B_H1-hESC_hg19": ["NRP1", "CNP", "GDI2", "IFIT5", "PLOD2", "PPP2R2A", "MT1X", "ENO1", "ZC3HAV1", "ZMPSTE24", "BCL2L13", "MT2A", "ANKFY1", "PMAIP1", "FLNB", "RPS13", "MPDU1", "IL15RA", "HSPA5", "RSAD2", "TREX1", "SMARCA5", "C6ORF62", "C20ORF24", "DEK", "PDGFRL", "GNB2L1", "TNFRSF1A", "DNAJA1", "KARS", "DNAJC7", "APEX1", "ID1", "MT1F", "RBCK1", "GCLM", "PPIB"], "SIRT6_H1-hESC_hg19": ["C1R", "CSTF3", "UBE2L6", "MTIF2", "COX6A1", "UBE2Z", "RPS4Y1", "CXCL5", "ETS2", "ZMPSTE24", "HERC5", "NME1-NME2", "BCL2L13", "ATP5B", "PSMB2", "DHX15", "EIF4H", "ZNF207", "RPL13", "CCL2", "FLNB", "B2M", "RPS13", "IER2", "HSPA5", "C5ORF15", "DDX58", "FAM46A", "ACOT13", "PA2G4", "DNAJA1", "GGCT", "NFKBIA", "HNRNPM", "DAD1", "APEX1", "CYCS", "F2RL1", "C19ORF66", "SLC25A6"], "ZZZ3_HeLa-S3_hg19": ["NME1-NME2", "NUP107", "BASP1", "ZNF207", "RPL29", "SNRPB", "MPDU1"], "POLR2AphosphoS2_K562_hg19": ["LGALS3BP", "GPI", "IFITM1", "IFITM2", "FMR1", "EIF4A3", "GDI2", "MT1X", "IFI35", "COX6A1", "TSKU", "MT2A", "RNF114", "RPS16", "LBH", "SNRPD2", "C1QBP", "TMED2", "ANKFY1", "BANF1", "TRIM21", "IL15RA", "GPX4", "DDX58", "PGAM1", "KRT8", "TALDO1", "SERPINB9", "SLC30A1", "DYNLL1", "GTPBP2", "DAD1", "S100A6", "MT1G", "MT1H", "CD47", "MET", "CHMP5", "SP100", "TRANK1", "GLRX", "UQCR10", "SAMHD1", "TYMS", "CST3", "UBB", "PSMB3", "EIF4H", "CCL2", "RABAC1", "S100A11", "MPDU1", "NONO", "STAT3", "GSR", "EIF2AK2", "PA2G4", "FAM111A", "EIF6", "CAPRIN1", "APEX1", "CTNNB1", "COPE", "MYD88"], "POLR2A_IMR-90_hg19": ["C1S", "CNP", "PON2", "IFI6", "MRPL17", "MTIF2", "MT1X", "ENO1", "UQCR10", "TYMS", "COX6A1", "ATP5B", "RPS16", "OPHN1", "ATP5E", "EIF4H", "HSPA8", "GPX1", "GPX4", "SP110", "DDX58", "TREX1", "EPHX1", "FAM46A", "NDUFA1", "ACOT13", "EIF2AK2", "SERPINB9", "C20ORF24", "HIGD2A", "H3F3AP4", "F2RL1", "P4HB", "AIDA", "AGRN", "MET", "COPE", "TPT1"], "POLR2A_NB4_hg19": ["OGFR", "SP100", "IFITM1", "NUP107", "ADPGK", "RPLP0", "MT1X", "SAMHD1", "IFIT1", "OAZ1", "LIPA", "IFIH1", "PTBP1", "ATP5B", "RPS16", "CYB5R3", "BASP1", "C1QBP", "FTH1", "PMAIP1", "B2M", "TMSB10", "NAA50", "IGFBP4", "SP110", "EPHX1", "RPL22", "AHSA1", "EIF2AK2", "ISG15", "PSMA5", "PSMA6", "UBE2S", "IRF1", "H3F3AP4", "CD47", "RBCK1", "LAP3", "AIDA", "LRP10"], "MXI1_H1-hESC_hg19": ["NAPA", "LGALS3BP", "NUP107", "POP4", "MTIF2", "USP18", "CORO1C", "CDC20", "IMPA1", "BSG", "DHX15", "SPP1", "CD59", "SLC12A7", "H3F3B", "HSPA5", "GPX4", "DYNLT1", "STAT1", "NONO", "MX1", "MTUS1", "EIF2AK2", "PDGFRL", "PSMA5", "FAM111A", "EHD4", "EIF6", "UQCRQ", "OAS3", "CTNNB1", "PSME2", "MT1H", "FAU", "ALDOA", "PPIB", "GLA", "IRF9", "SNRPB"], "JUND_T47D_hg19": ["TNFRSF12A", "STAT3", "UBC", "KRT8"], "FOXP2_PFSK-1_hg19": ["HNRNPM", "GPX1", "KRT8", "LAP3", "TSKU", "CORO1C"], "CHD2_K562_hg19": ["NAPA", "DYNC1I2", "NUP107", "CSTF3", "MRPL17", "ADAR", "COX6A1", "IFI30", "UBE2Z", "PTBP1", "ATP5B", "ATP5E", "C1QBP", "BSG", "ANKFY1", "PMAIP1", "FLNB", "TRIM6-TRIM34", "RABAC1", "IER2", "MPDU1", "STAT1", "RPL22", "KRT8", "EIF2AK2", "SERPINB9", "ISG15", "PDIA6", "HIGD2A", "PSMA5", "GGCT", "NFKBIA", "PSMA6", "ID1", "CD47", "SNRPF", "COPE", "TPT1"], "CTCF_GM10248_hg19": ["TRAM1", "IFITM2", "CALCOCO2", "RPL11", "EIF4A3", "MRPL17", "MTIF2", "IFI35", "UBE2Z", "PDLIM1", "CASP7", "RNF114", "KYNU", "HMOX1", "ANKFY1", "DENND5A", "FLNB", "NBN", "TMSB10", "IER2", "TGM2", "IL15RA", "IRF2BP1", "TALDO1", "ACOT13", "TBCA", "DYNLL1", "NFKBIA", "SCO2", "IRF1", "H3F3AP4", "PSME1", "TRIM14", "CTNNB1", "RPL29", "IRF9", "CHMP5"]}