{"H2AFZ_GM12878_hg19": ["C1R", "POP4", "RPL11", "MRPL17", "AKR1B1", "MTIF2", "USP18", "TSKU", "CORO1C", "CYB5R3", "DHX15", "ZNF207", "TMED2", "TRIM6-TRIM34", "TGIF1", "GPX1", "DDX58", "NONO", "KRT8", "ACOT13", "SLC30A1", "C20ORF24", "TNFRSF1A", "PSMA6", "ID1", "IRF7", "F2RL1", "LAP3", "FAU", "LRP10", "SNRPB"], "H3K4me3_bone marrow macrophage_mm9": ["PON2", "SLC35B1", "UBE2L6", "TRIM28", "SNRPD2", "SNRNP70", "TUBB3", "SPP1", "AP2S1", "RSAD2", "TNFRSF12A", "TMEM50A", "MX2", "FN1", "IRF2BP1", "NDUFA1", "TAP1", "GNB2L1", "ISG20", "PSMA5", "THEMIS2", "TMX1", "SCO2", "OAS3", "ID1", "PSME1", "ID3", "TGFBI", "MET", "COPE"], "H3K4me3_limb_mm9": ["NAPA", "IFITM3", "MVP", "MTIF2", "DDX60", "GABARAP", "IFIH1", "TRIM28", "SNRPD2", "SNRNP70", "TUBB3", "CTSL", "EIF4H", "POLR2I", "CLIC1", "TGM2", "PARP4", "TNFRSF12A", "TMEM50A", "TREX1", "IRF2BP1", "NDUFA1", "TAP1", "SERPINB9", "PSMA5", "ELF1", "THEMIS2", "PSME1", "TRIM14", "F2RL1", "TGFBI", "MYD88"], "H3K27ac_CD14-positive monocyte_hg19": ["IFITM3", "NUP107", "C1R", "POP4", "MRPL17", "GLRX", "MT1X", "UQCR10", "ZMPSTE24", "IFIT2", "OASL", "HERC5", "APOL6", "PSMB3", "TRIM5", "C1QBP", "FTH1", "HMOX1", "POLR2I", "TRIM21", "POLR2L", "RSAD2", "TMEM50A", "RPL22", "ISG15", "GGCT", "MT1F", "ID3", "RPS21", "GLA", "SLC25A6"], "H3K4me3_ES-Bruce4_mm9": ["IFITM3", "PON2", "SLC35B1", "DDX60", "IFI30", "USP18", "LIPA", "IFIH1", "TRIM28", "OPHN1", "SNRNP70", "SPP1", "RPLP2", "TMEM109", "POLR2I", "TGM2", "DSP", "TREX1", "TAP1", "EIF2AK2", "PSMA5", "GGCT", "THEMIS2", "SCO2", "HNRNPF", "PMP22", "PSME1", "TGFBI", "COPE"], "H3K4me2_CD14-positive monocyte_hg19": ["LGALS3BP", "CNP", "C1R", "SLC35B1", "MTIF2", "RND3", "USP18", "CHCHD2", "PSMB2", "OPHN1", "DPYSL2", "SPP1", "RPL35", "CCL2", "TRIM21", "HERC6", "TGIF1", "GPX4", "C5ORF15", "FN1", "IRF2BP1", "OSMR", "HIGD2A", "UQCRQ", "DAD1", "ID1", "MT1F", "MT1H", "SNRPF", "FAU", "COPE"], "H3K4me3_brain_mm9": ["NAPA", "IFITM3", "MVP", "SLC35B1", "MTIF2", "DDX60", "LIPA", "IFIH1", "CYB5R3", "TRIM28", "SNRPD2", "TRIM25", "PMAIP1", "POLR2I", "TGM2", "TGIF1", "PARP4", "TMEM50A", "TREX1", "RPL22", "FN1", "SERPINB9", "PSMA5", "GGCT", "ELF1", "PSME1", "TRIM14", "RBCK1", "TGFBI", "MET", "HSPA1A", "MSRB1"], "H3K4me3_heart_mm9": ["NAPA", "IFITM3", "SP100", "NNMT", "MVP", "ADAR", "MTIF2", "TMEM140", "DDX60", "IFI30", "GABARAP", "ZMPSTE24", "IFIH1", "TRIM28", "SNRNP70", "TUBB3", "CTSL", "UBC", "PMAIP1", "NBN", "TRIM21", "HSPA8", "DUSP5", "RSAD2", "TMEM50A", "TREX1", "MX2", "FN1", "IRF2BP1", "NDUFA1", "TAP1", "SERPINB9", "PA2G4", "PSMB8", "ISG20", "PSMA5", "MYL6", "THEMIS2", "TMX1", "S100A6", "TRIM14", "TGFBI", "XAF1", "MET", "TLR3", "COPE", "MYD88", "MSRB1"], "H3K4me3_H1-hESC_hg19": ["CNP", "C1R", "POP4", "POMP", "MT1X", "UQCR10", "COX6A1", "MRPL12", "USP18", "IFIH1", "MT2A", "OPHN1", "TRIM25", "CCL2", "TRIM6-TRIM34", "TGM2", "PSENEN", "NAA50", "TMEM50A", "DUSP1", "FAM46A", "ISG20", "FAM111A", "NPC2", "DAD1", "OAS3", "IRF1", "PSME1", "MT1F", "SNRPF", "P4HB", "AIDA", "MET"], "H3K4me3_erythroblast_mm9": ["NRP1", "SQRDL", "TMEM140", "DDX60", "ETS2", "CORO1C", "SLC25A28", "TUBB3", "DPYSL2", "ANKFY1", "PMAIP1", "TMEM109", "TRIM26", "RPS13", "NAA50", "DUSP5", "WARS", "IRF2BP1", "MTUS1", "TALDO1", "AHSA1", "TAP1", "SERPINB9", "ISG15", "PGD", "GNB2L1", "HIGD2A", "PSMB9", "GGCT", "PSMA6", "NPC2", "DAD1", "IRF2", "SPATS2L", "CYCS", "TRIP12", "AGRN", "XAF1", "TLR3"], "H3K27ac_cerebellum_mm9": ["RPL32", "RPL11", "RNF19B", "PLOD2", "MTIF2", "MRPL12", "GABARAP", "ZMPSTE24", "TRIM28", "SNRNP70", "UBC", "ANKFY1", "TRIM26", "NBN", "POLR2I", "MCL1", "TREX1", "EPHX1", "GSR", "IRF2BP1", "COASY", "ELF1", "PSMA4", "TMEM258", "TMX1", "RBCK1", "GCLM", "LRP10", "COPE", "ITM2B", "UBE2M"], "H3K4me2_keratinocyte_hg19": ["C1S", "CNP", "C1R", "MVP", "POP4", "SLC35B1", "MTIF2", "UQCR10", "TMEM140", "DDX60", "USP18", "ACTG1", "OASL", "SLC25A28", "DPYSL2", "SPP1", "BANF1", "RSAD2", "EPHX1", "PHF11", "MX1", "FN1", "AHSA1", "C6ORF62", "PSMA5", "MT1F", "MT1G", "RPS21", "TLR3", "COPE"], "H3K27me3_brain_mm9": ["PON2", "SQRDL", "IFI30", "CXCL5", "IFIH1", "CASP7", "EIF4EBP1", "TRIM25", "S100A11", "TGM2", "DSP", "ABCC1", "PARP4", "DDX58", "EPHX1", "FAM46A", "MTUS1", "KRT8", "NMI", "OSMR", "PARP12", "PDGFRL", "PSMB8", "TNFRSF1A", "PSMB9", "IRF1", "ID1", "IRF7", "PMP22", "SPATS2L", "TRIM14", "MET", "MYD88"], "H3K4me3_liver_mm9": ["SP100", "NNMT", "SLC35B1", "DDX60", "IFI30", "MRPL12", "IFIT3", "IFIH1", "TRIM28", "OPHN1", "SNRNP70", "EIF4H", "POLR2I", "TRIM21", "CLIC1", "TGM2", "RSAD2", "TNFRSF12A", "DDX58", "TMEM50A", "TREX1", "MX2", "RPL22", "IRF2BP1", "MTUS1", "NDUFA1", "IFI44", "TAP1", "SERPINB9", "PA2G4", "ISG20", "MYL6", "ELF1", "THEMIS2", "TMX1", "SCO2", "APEX1", "S100A6", "PSME1", "RBCK1", "TGFBI", "XAF1", "MYD88"], "H3K4me2_HepG2_hg19": ["CEBPB", "SAMD9", "C1R", "POP4", "IFI6", "MTIF2", "GLRX", "ACTG1", "IFIT2", "OASL", "APOL6", "IMPA1", "DPYSL2", "BANF1", "WARS", "RSAD2", "C5ORF15", "SP110", "MX2", "PHF11", "MX1", "EIF2AK2", "NMI", "DYNLL1", "OAS2", "NPC2", "MT1G", "PLP2", "FAU", "XAF1", "COPE"], "H3K4me3_ES-E14_mm9": ["CSTF3", "POP4", "SLC35B1", "UBE2L6", "MTIF2", "SQRDL", "UQCR10", "USP18", "GABARAP", "IFIT2", "CDC20", "SLC25A28", "TUBB3", "PSMB3", "CTSL", "AP2S1", "TMEM109", "TRIM21", "IER2", "NAA50", "WARS", "IGFBP4", "EPHX1", "AHSA1", "TAP1", "OSMR", "GTPBP2", "PARP12", "COASY", "HIGD2A", "GGCT", "UBE2S", "TMX1", "SCO2", "APEX1", "PSME1", "SPATS2L", "CYCS", "CD47", "P4HB", "TGFBI", "FAU", "PFN1", "XAF1", "MET", "GLA", "COPE", "MSRB1"], "H3K4me3_endothelial cell of umbilical vein_hg19": ["POP4", "SLC35B1", "IFIT5", "RNF19B", "PLOD2", "MT1X", "ENO1", "IFIT1", "ACTG1", "IFIT2", "OASL", "IFIH1", "CDC20", "LAPTM4A", "LBH", "TRIM28", "RPS19", "BSG", "TRIM6-TRIM34", "DSP", "TGIF1", "RSAD2", "SP110", "PGAM1", "AHSA1", "PLSCR1", "DNAJC7", "OAS2", "OAS3", "MT1F", "LAP3", "C19ORF66", "PTMA", "NNMT", "SAMD9", "C1R", "POMP", "MTIF2", "GLRX", "UQCR10", "DDX60", "PSMB2", "CCL2", "MPDU1", "TMEM50A", "NONO", "NDUFA1", "NAP1L1", "ISG20", "ID3", "FAU", "XAF1"], "H3K4me3_bone marrow_mm9": ["NAPA", "IFITM3", "SP100", "MVP", "UBE2L6", "ADAR", "MTIF2", "DDX60", "IFI30", "LIPA", "CDC20", "TRIM28", "SNRNP70", "POLR2I", "CLIC1", "TGM2", "TNFRSF12A", "DDX58", "NDUFA1", "TAP1", "SERPINB9", "PA2G4", "ISG20", "PSMA5", "SCO2", "APEX1", "PSME1", "XAF1", "IRF9"], "H3K4me3_kidney_mm9": ["NAPA", "SP100", "NNMT", "SLC35B1", "DDX60", "CDC20", "CYB5R3", "TRIM28", "SNRNP70", "SPP1", "EIF4H", "AP2S1", "CLIC1", "TGM2", "ABCC1", "DDX58", "TREX1", "NDUFA1", "IFI44", "TAP1", "ISG15", "PA2G4", "ISG20", "PSMA5", "THEMIS2", "SCO2", "PSME1", "TGFBI"], "H3K27ac_cortical plate_mm9": ["NAPA", "RPL32", "PON2", "POP4", "SLC35B1", "PTPRO", "PPP2R2A", "TMEM140", "DDX60", "GABARAP", "PPP4C", "IMPA1", "TRIM28", "ATP5E", "DHX15", "EIF4H", "ANKFY1", "BANF1", "NBN", "TMEM50A", "GSR", "IRF2BP1", "SERPINB9", "DEK", "PDIA6", "ELF1", "PSMA4", "TMEM258", "PSME1", "RBCK1", "ITM2B", "UBE2M"]}