{"HNF1B (human)": ["SATB2", "SI"], "SP4 (human)": ["CCNE1"], "NFE2L1 (human)": ["ATP8B1"], "HNRNPK (human)": ["IGF2BP3", "EIF4E"], "STAT1 (mouse)": ["KLF4"], "NFE2L2 (human)": ["PROM1"], "Zfx (mouse)": ["GNA11"], "RORA_1 (human)": ["HADH", "HLA-DQB1"], "CEBPE (human)": ["CXADR", "HPN"], "MYCN (human)": ["MUC5B"], "SND1 (mouse)": ["HMGCS2"], "NR4A2 (human)": ["HLA-DQB1"], "NFATC3 (human)": ["GSTZ1", "CCDC6", "GZMB"], "IRF7 (human)": ["QPRT"], "Hand1::Tcfe2a (mouse)": ["CHN2"], "MXI1 (human)": ["SEMA5A", "MSLN"], "NME2 (human)": ["NAT1"], "MIR210 (human)": ["MYH11"], "RORA_2 (human)": ["HLA-DQB1"], "NCOA1 (human)": ["SELENBP1"]}