{"TP63-23658742-EP156T-HUMAN": ["PFKFB3", "TFRC", "CUL3", "RPLP1", "DDX1", "FHL2", "OLA1", "ARPC5L", "ATP2A2", "TXN", "AKAP12", "FAM168B", "PSMD7", "MPRIP", "BAG3", "PACSIN2", "RBBP8", "ST3GAL5", "RAC1", "ZBED5", "IER3", "SLC38A1", "RPL41", "PDCD6IP", "ANXA2", "RHBDF2", "TPM1", "MICAL2", "DDX10", "UBE2G1", "ATP1B1", "HNRNPAB", "DKK1", "ZWINT", "SOD1", "FABP5", "PSMC4", "PALLD", "MYH9", "PPIA", "MMADHC", "ISCU", "PFKP", "RPS23", "FTL"], "STAT3-18555785-MESC-MOUSE": ["POP5", "PDCD6IP", "ODC1", "UBE2G1", "BFAR", "WDR12", "ATP1B1", "PRSS23", "SRP9", "ZWINT", "RPS26", "LDHB", "TUBA1C", "UCHL1", "GPRC5A", "ATIC", "RPS15A", "PSMD7", "RPS29", "HEATR2", "WAC", "RBBP8", "MYH9", "PFKP"], "RUNX2-22187159-PCA-HUMAN": ["AGPAT5", "CRTC3", "CANT1", "DDX1", "FHL2", "CLTA", "ATP2A2", "NDUFB1", "TUBA1C", "UCHL1", "ATIC", "PSMD7", "BAG3", "SEC61B", "KCMF1", "TRAP1", "SLC38A1", "RPL21", "ANXA2", "CAV1", "TXNL1", "UBE2E1", "MICAL2", "INHBB", "ZWINT", "SOD1", "PSMC4", "PALLD", "ERP29", "PPIA", "MMADHC", "PFKP"], "STAT3-23295773-U87-HUMAN": ["POP5", "CRTC3", "CANT1", "TFRC", "CLTC", "OLA1", "SPINT2", "AKAP12", "MRPL3", "LASP1", "PSMD7", "NT5DC2", "ST3GAL5", "CCT5", "JAK1", "HMGN1", "KCMF1", "CSGALNACT1", "SLC38A1", "STARD7", "CAV1", "CNBP", "TXNRD1", "TPM1", "AHNAK2", "UBE2E1", "FN3KRP", "MICAL2", "ZWINT", "LRPPRC", "GPRC5A", "MLPH", "TOMM70A", "MMADHC", "KPNB1"], "SRY-25088423-EMBRYONIC GONADS-MOUSE": ["CSTB", "RPL30", "FEN1", "CRTC3", "RNASEH2A", "CERK", "RPL34", "ODC1", "HEATR1", "PHB2", "REPIN1", "RPL7A", "FAM168B", "LDHA", "PLAU", "RAC1", "SEC11A", "CEP55", "UBE2C", "RHBDF2", "TPM1", "TXNL1", "KRT7", "RPL13A", "WDR12", "ATP1B1", "SLC7A5", "ACLY", "PSMC4", "ERP29", "WAC", "RPL27", "GAPDH", "RPL28", "PFKP"], "RCOR3-21632747-MESC-MOUSE": ["AGPAT5", "RPL5", "POP5", "GLO1", "WRB", "HEATR1", "ATP2A2", "PPP1CC", "RPS17", "LASP1", "PLAU", "HEATR2", "TK1", "CEP55", "KCMF1", "SLC38A1", "NPM1", "HSP90AA1", "RNF44", "PDCD6IP", "FZD2", "H2AFZ", "TXNL1", "INHBB", "SRP9", "TUFM", "GPRC5A", "RPS29", "STRAP", "SNRPE", "KPNB1", "ATF4"], "REST-21632747-MESC-MOUSE": ["AGPAT5", "GABARAPL2", "NPM1", "PDCD6IP", "RPLP1", "NDUFB3", "HEATR1", "UBE2E1", "INHBB", "CCNB2", "MRPL3", "TUBA1C", "RPS15A", "PSMD7", "TMEM43", "RPS29", "RBBP8", "CYC1", "CALM2", "KPNB1"], "RAD21-21589869-MESC-MOUSE": ["CSGALNACT1", "POP5", "RPL41", "NPM1", "FEN1", "CRTC3", "RNASEH2A", "GLO1", "MRPL15", "RPS15A", "CNOT7", "PSMD7", "FABP5", "PALLD", "NHP2", "PMPCB", "PPIA", "NOP10", "ISCU", "CCT5", "RPL19"], "GATA1-21571218-MEGAKARYOCYTES-HUMAN": ["AGPAT5", "CRTC3", "CANT1", "TFRC", "DDX1", "FHL2", "OLA1", "PHB2", "FAM171A1", "LDHB", "PACSIN2", "ST3GAL5", "HMGN2", "CCT5", "JAK1", "CSGALNACT1", "TPM1", "MICAL2", "UBE2G1", "ACTN4", "ATP1B1", "DKK1", "SLC7A5", "MLPH", "TNIP1", "PALLD", "MYH9", "ANXA2P3", "IARS"], "LMO2-20887958-HPC-7-MOUSE": ["AGPAT5", "FEN1", "H2AFZ", "MMD", "GLO1", "TPM1", "OLA1", "TUBA4A", "EEF1B2", "PSMD7", "PALLD", "NACA", "PRDX1", "TMSB4X", "SNRPE", "ITGAV", "CALM2", "JAK1"], "EGR1-20690147-ERYTHROLEUKEMIA-HUMAN": ["CRTC3", "CERK", "CLTC", "ARPC5L", "ATP2A2", "AKAP12", "LASP1", "TMEM43", "CFL1", "MYBL2", "ITGAV", "HMGN2", "TMEM14B", "JAK1", "HMGN1", "KCMF1", "GABARAPL2", "HSP90AA1", "RNF44", "STARD7", "RPS8", "RHBDF2", "UBE2E1", "DDX10", "ACTN4", "ATP1B1", "TUFM", "SLC7A5", "PALLD", "NCL", "GARS", "SLC25A5", "GAPDH", "RPL28", "PPIA", "SNRPA", "KPNB1", "CSTB", "RAB1A", "DDX5", "PFKFB3", "RPL10", "CUL3", "ATP5I", "TXN", "REPIN1", "PTDSS1", "PRDX1", "NT5DC2", "PACSIN2", "HEATR2", "ST3GAL5", "RPS2", "SEC11A", "TRAP1", "FZD2", "IDH1", "CAV1", "INHBB", "RPL23A", "HN1", "SOD1", "KRT18", "TNIP1", "FABP5", "RPL27A", "CDK2AP1", "CALM2", "PFKP", "AARS"], "TCF4-23295773-U87-HUMAN": ["TFRC", "FHL2", "CLTA", "RPL6", "AKAP12", "PPP1CC", "CCNB2", "MRPL3", "PACSIN2", "RBBP8", "KPNA2", "KCMF1", "CSGALNACT1", "MDH1", "ANXA2", "MMD", "CNBP", "TXNRD1", "MICAL2", "ATP1B1", "DKK1", "SRP9", "ZWINT", "LRPPRC", "TNIP1", "FABP5", "SNRPE", "GARS", "ANXA2P3", "PPIA", "CALM2", "AARS"], "TP63-22573176-HFKS-HUMAN": ["NCKAP1", "RPL5", "RPLP1", "HJURP", "ARPC5L", "BUB1B", "SPINT2", "PHB2", "RPS4X", "AKAP12", "RPL7A", "PSMD7", "TMEM43", "RAC1", "TK1", "IER3", "RNF44", "ANXA2", "RPS7", "RHBDF2", "RPS6", "TPM1", "KRT7", "ATP1B1", "TUBA4A", "ATP5J2", "SLC7A5", "MYH9", "SLC25A5", "PPIA", "ISCU", "PFKFB3", "CANT1", "RPL10", "DDX1", "ATP5I", "MYL12A", "REPIN1", "BAG3", "NT5DC2", "PACSIN2", "ST3GAL5", "RPS2", "RPL41", "CAV1", "TXNRD1", "AHNAK2", "UBE2G1", "HNRNPAB", "MLLT11", "AKR1B10", "TNIP1", "FABP5", "PFKP"], "SMAD4-21799915-A2780-HUMAN": ["CSGALNACT1", "NCKAP1", "PDCD6IP", "MDH1", "RPL21", "MMD", "FHL2", "CLTA", "MICAL2", "DDX10", "UBE2G1", "ATP1B1", "LRPPRC", "LDHB", "TMEM43", "PALLD", "RPS29", "PACSIN2", "SNRPE", "GARS", "CALM2", "ZBED5", "MMADHC", "CEP55"], "TET1-21490601-MESC-MOUSE": ["TIMM8B", "PFKFB3", "CRTC3", "ANXA2", "CUL3", "WRB", "TPM1", "CLTC", "BUB1B", "UBE2G1", "WDR12", "BCS1L", "SRP9", "LRPPRC", "MLLT11", "ATIC", "TMEM147", "KRT18", "PRDX1", "ST3GAL5", "CALM2", "ISCU", "KPNB1", "JAK1"], "SUZ12-20075857-MESC-MOUSE": ["POP5", "PFKFB3", "CRTC3", "CERK", "FHL2", "PRSS23", "REPIN1", "FAM171A1", "PLAU", "NT5DC2", "HEATR2", "ST3GAL5", "ITGAV", "JAK1", "CSGALNACT1", "FZD2", "CAV1", "TPM1", "UBE2E1", "KRT7", "MICAL2", "INHBB", "DKK1", "KRT18", "RPL28"], "SOX9-25088423-EMBRYONIC GONADS-MOUSE": ["CSTB", "KRT81", "PFKFB3", "CANT1", "ODC1", "NDUFB3", "RPL13A", "PRSS23", "REPIN1", "RPL7A", "KRT18", "BAG3", "NCL", "HMGN2", "UBA52", "ISCU", "CEP55", "IER3"], "SETDB1-19884257-MESC-mouse": ["AGPAT5", "SLC38A1", "FEN1", "RNASEH2A", "CERK", "RPS8", "WRB", "ODC1", "NDUFB3", "TPM1", "TXNL1", "MICAL2", "HSPE1", "UCHL1", "PALLD", "UBA2", "RPS20", "RPL26", "RPS27A", "ATF4"], "TET1-21451524-MESC-MOUSE": ["AGPAT5", "TIMM8B", "RPL41", "PDCD6IP", "CERK", "CAV1", "ATP2A2", "RPL23A", "RPS26", "FAM171A1", "MPRIP", "PSMC4", "CFL1", "HEATR2", "WAC", "TK1", "HMGN2", "PPIA", "ISCU", "SNRPA", "ATF4", "PRR13"], "RBPJ-22232070-NCS-MOUSE": ["CUL3"]}