{"SP4 (human)": ["RPL4", "MMD"], "SMAD3 (human)": ["MPRIP"], "NFE2L1 (human)": ["CRTC3"], "HNRNPK (human)": ["WDR12"], "ESR2 (mouse)": ["MPRIP", "ITGAV"], "IRF9 (human)": ["MMD"], "RORA_1 (human)": ["PFKFB3"], "SOX9 (human)": ["PSMC4"], "EBF1 (mouse)": ["RPL28"], "VDR (human)": ["SNRPA", "PRR13"], "ESR2 (human)": ["HJURP"], "GABPA (human)": ["AKAP12"], "CBX5 (human)": ["RPS27L"], "Hand1::Tcfe2a (mouse)": ["FEN1"], "MXI1 (human)": ["FAM171A1", "ODC1"], "NME2 (human)": ["CANT1"], "TBX5 (human)": ["IARS"], "RORA_2 (human)": ["PFKFB3"], "TLX1::NFIC (human)": ["RPL7A"], "NCOA1 (human)": ["AKAP12"]}