{"H3K27me3 Colonic Mucosa": ["NCKAP1", "CAV1", "TXNRD1", "TPM1", "KRT7", "INHBB", "PRSS23", "AKAP12", "GPRC5A", "MLPH", "KRT18", "PLAU", "TMSB4X", "PABPC3", "MYBL2"], "H3K27me3 H1 Derived Mesenchymal Stem Cells": ["KRT7"], "H3K4me3 Penis Foreskin Fibroblast Primary Cells": ["RPL30", "CRTC3", "FHL2", "BUB1B", "CLTA", "SPINT2", "EEF1B2", "NGRN", "MRPL3", "UCHL1", "TMEM43", "MPRIP", "PMPCB", "UQCRFS1", "ITGAV", "SEC61B", "TK1", "HMGN2", "JAK1", "HSP90AA1", "MMD", "FN3KRP", "DDX10", "ATP5F1", "TUFM", "ERP29", "PABPC3", "SNRPE", "ERH", "SLC25A5", "ISCU", "KPNB1", "AGPAT5", "CSTB", "PFKFB3", "UQCRB", "GLO1", "WRB", "MRPL18", "ODC1", "NDUFB3", "HEATR1", "ATP5A1", "XPC", "MYL12A", "FAM171A1", "CCNB2", "FAM168B", "PTDSS1", "PACSIN2", "HEATR2", "RBBP8", "ST3GAL5", "ZBED5", "TIMM8B", "CPSF7", "MDH1", "MDH2", "TXNRD1", "MICAL2", "INHBB", "RPL23A", "BFAR", "HSPE1", "AKR1B10", "KRT18", "FABP5", "TOMM70A", "CD24"], "H3K9me3 Breast vHMEC": ["ANXA2P3"], "H3K4me1 Neurosphere Cultured Cells Ganglionic Eminence Derived": ["FEN1", "RPLP1", "FHL2", "EEF1B2", "MRPL3", "ATIC", "TMEM147", "TMEM43", "PLAU", "SEC61B", "TK1", "HMGN2", "TMEM14B", "CSGALNACT1", "RNF44", "PDCD6IP", "MMD", "FN3KRP", "KRT7", "BCS1L", "DKK1", "TUFM", "GPRC5A", "RPL27", "ERH", "UBA52", "PPIA", "SNRPA", "CERS2", "CSTB", "RPL10", "NDUFB3", "HEATR1", "XPC", "ATP5I", "PRPF8", "MYL12A", "FAM171A1", "CCNB2", "FAM168B", "NT5DC2", "ST3GAL5", "RPS2", "ZBED5", "CCT5", "TIMM8B", "CPSF7", "MDH2", "TXNRD1", "AHNAK2", "BFAR", "HSPE1", "WDR12", "HNRNPAB", "ZWINT", "LRPPRC", "RPS26", "MLPH", "KRT18", "PSMC4", "TOMM70A", "IARS"], "H3K27me3 IMR90": ["PABPC3", "CD24"], "H3K27me3 Mobilized CD34 Primary Cells": ["NCKAP1", "KRT81", "SLC38A1", "FZD2", "CAV1", "TPM1", "AHNAK2", "MICAL2", "PRSS23", "DKK1", "TUBA4A", "FAM171A1", "UCHL1", "GPRC5A", "MLPH", "KRT18", "TMSB4X", "MYBL2", "SLC25A5", "CD24", "IER3"], "H3K27me3 iPS DF 6.9": ["CRTC3", "MPRIP", "TXNRD1", "AHNAK2", "KRT7", "PRSS23"], "H3K36me3 Peripheral Blood Mononuclear Primary Cells": ["TMSB4X"], "H3K27me3 Fetal Lung": ["SLC7A5", "CD24", "DKK1"], "H3K27me3 CD8 Memory Primary Cells": ["UCHL1", "GPRC5A", "PALLD", "PRSS23"], "H3K27me3 Breast vHMEC": ["MLPH", "FZD2", "PFKP"], "H3K27me3 Peripheral Blood Mononuclear Primary Cells": ["AKAP12", "SLC38A1", "GPRC5A", "CD24"], "H3K27me3 Bone Marrow Derived Mesenchymal Stem Cell Cultured Cells": ["MYBL2", "CD24"], "H3K27me3 Brain Substantia Nigra": ["KRT18", "PLAU", "TPM1"], "H3K36me3 Neurosphere Cultured Cells Cortex Derived": ["FABP5"], "H3K27me3 H1 BMP4 Derived Mesendoderm Cultured Cells": ["GPRC5A", "RPS15A", "TNIP1", "TXNRD1", "ST3GAL5", "INHBB", "TUBA4A", "JAK1"], "H3K9me3 IMR90": ["ANXA2P3"], "H3K4me1 Penis Foreskin Fibroblast Primary Cells": ["UQCRB", "DDX1", "NDUFB3", "ATP5A1", "EEF1B2", "MRPL3", "TUBA1C", "RBBP8", "PMPCB", "ST3GAL5", "SEC61B", "GABARAPL2", "RNF44", "CPSF7", "INHBB", "HN1", "HSPE1", "TUFM", "RPS26", "AKR1B10", "PSMC4", "PALLD", "IARS", "KPNB1", "CERS2"], "H3K27me3 CD3 Primary Cells": ["GPRC5A", "AHNAK2", "CD24"]}