{"GTCTACC,MIR-379": ["EIF4G2"], "TCCAGAT,MIR-516-5P": ["ATP2A2"], "AGGGCCA,MIR-328": ["RPS29"], "CAGGTCC,MIR-492": ["MYH9"], "CCAGGTT,MIR-490": ["NPM1"], "CTCCAAG,MIR-432": ["RNF44"], "AGTTCTC,MIR-146A,MIR-146B": ["EIF4G2"], "CAGTCAC,MIR-134": ["SLC25A5"], "CTCTAGA,MIR-526C,MIR-518F,MIR-526A": ["HMGN1"], "GCTGAGT,MIR-512-5P": ["ERP29"], "GGGATGC,MIR-324-5P": ["RNF44"], "CCCACAT,MIR-299-3P": ["ITGAV"], "CTCAAGA,MIR-526B": ["RAB1A"], "GTGTTGA,MIR-505": ["RNF44"], "AACTGAC,MIR-223": ["ATP1B1"], "CCTGAGT,MIR-510": ["CAV1"], "TATCTGG,MIR-488": ["NPM1"], "GGGGCCC,MIR-296": ["RNF44"], "GGCACAT,MIR-455": ["RNF44"], "TCTAGAG,MIR-517": ["CUL3"]}