{"POLR2A_lung_mm9": ["RPL4", "CRTC3", "RNASEH2A", "DDX1", "WRB", "RPS27L", "RPL7A", "TMEM43", "PMPCB", "STARD7", "H2AFZ", "TPM1", "DDX10", "RPSA", "HN1", "TUBA4A", "ZWINT", "TUFM", "SOD1", "RPS26", "SLC7A5", "MLPH", "AKR1B10", "KRT18", "FABP5", "SLC25A5", "MMADHC", "NOP10", "ISCU", "PFKP"], "UBTF_MEL cell line_mm9": ["AGPAT5", "NCKAP1", "PFKFB3", "CRTC3", "CERK", "CUL3", "CLTC", "ARPC5L", "ATP2A2", "MYL12A", "PPP1CC", "LASP1", "MPRIP", "CFL1", "PACSIN2", "MYBL2", "ITGAV", "RAC1", "HMGN2", "HMGN1", "KCMF1", "CPSF7", "IDH1", "UBE2E1", "HNRNPAB", "WDR82", "ERP29", "GARS", "EIF4G2", "KPNB1"], "BCL11A_H1-hESC_hg19": ["RPL41", "PRDX1", "CLTC"], "CTCF_HL-60_hg19": ["NCKAP1", "RPL5", "RAB1A", "NDUFB3", "ATP5I", "RPS4X", "PMPCB", "ST3GAL5", "HMGN2", "IER3", "TIMM8B", "RPS8", "TXNRD1", "RPSA", "UBE2G1", "SRP9", "TUFM", "MLLT11", "RPS26", "GPRC5A", "FABP5", "PSMC4", "ERP29", "SNRPE", "RPS20", "RPL27", "RPL26", "IARS", "NOP10"], "CTCF_MCF-7_hg19": ["NCKAP1", "RPL5", "CRTC3", "TFRC", "CLTC", "BUB1B", "CLTA", "RPS4X", "RPS17", "TMSB4X", "PMPCB", "UQCRFS1", "ITGAV", "TK1", "IER3", "ANXA2", "STARD7", "H2AFZ", "RPSA", "BCS1L", "ATP1B1", "DKK1", "SRP9", "TUFM", "GPRC5A", "WDR82", "ERP29", "SNRPE", "RPL27", "RPL26", "SLC25A5", "MMADHC", "ISCU", "RAB1A", "DDX5", "PFKFB3", "RPL10", "GLO1", "CUL3", "NDUFB3", "HEATR1", "ATP5I", "MYL12A", "FAM171A1", "RBBP8", "ST3GAL5", "SNRPB2", "CYC1", "TIMM8B", "FZD2", "IDH1", "CAV1", "UBE2G1", "RPL23A", "HNRNPAB", "MLLT11", "RPS26", "CNOT7", "FABP5", "PSMC4", "RPS29", "UBA2", "RPS20", "RPL13AP6", "IARS", "CALM2", "NOP10"], "CTCF_keratinocyte_hg19": ["NCKAP1", "RPL5", "CUL3", "RPLP1", "NDUFB3", "CLTC", "ATP5I", "PHB2", "RPS4X", "RPS17", "RBBP8", "PMPCB", "ST3GAL5", "ITGAV", "TK1", "SEC11A", "IER3", "PDCD6IP", "FZD2", "CAV1", "TXNRD1", "TPM1", "RPSA", "RPL23A", "HSPE1", "HNRNPAB", "SRP9", "TUFM", "MLLT11", "GPRC5A", "RPS27", "CNOT7", "FABP5", "TOMM70A", "ERP29", "WAC", "MYH9", "SNRPE", "RPS20", "RPL26", "IARS", "RPL28", "MMADHC", "NOP10"], "HDAC2_K562_hg19": ["POP5", "FEN1", "RPL10", "RPL34", "DDX1", "WRB", "NDUFB3", "HEATR1", "OLA1", "RPS27L", "NDUFB1", "MRPL15", "PRPF8", "REPIN1", "RPL7A", "PSMD7", "TMEM43", "TK1", "TMEM14B", "FZD2", "MDH2", "RHBDF2", "RPS6", "RPL13A", "RPL23A", "ATP5F1", "TUFM", "ACLY", "GPRC5A", "RPS27", "CNOT7", "UBA2", "RPS20", "ERH", "CERS2"], "CTCF_kidney_hg19": ["NCKAP1", "CANT1", "UQCRB", "ATP5I", "MRPL15", "RPS4X", "FAM168B", "TMEM147", "UQCRFS1", "SNRPB2", "TK1", "PDCD6IP", "RPS7", "TXNRD1", "RPS6", "TXNL1", "HSPE1", "TUBA4A", "TUFM", "SOD1", "MLLT11", "CNOT7", "RPS29", "NHP2", "RPL27", "IARS", "UBA52", "ATF4", "FTL"], "RXRA_SK-N-SH_hg19": ["GPRC5A", "ANXA2", "RPL26", "IER3"], "FOXP2_PFSK-1_hg19": ["PPP1CC", "HSP90AA1", "RPL27", "HNRNPAB"], "POLR2AphosphoS2_GM12878_hg19": ["RPL4", "PFKFB3", "WRB", "HILPDA", "C14ORF166", "MYL12A", "PPP1CC", "TUBA1C", "ATIC", "PSMD7", "BAG3", "TK1", "KPNA2", "CCT5", "CEP55", "RPS7", "TXNL1", "UBE2E1", "UBE2G1", "BFAR", "ACTN4", "SRP9", "ATP5J2", "TUFM", "ACLY", "PSMC4", "HNRNPH1", "NCL", "NOP10"], "CTCF_endothelial cell of umbilical vein_hg19": ["AGPAT5", "NCKAP1", "RPL5", "RAB1A", "CRTC3", "RNASEH2A", "NDUFB3", "CLTC", "CLTA", "NDUFB1", "ATP5I", "RPS4X", "MRPL3", "RPS17", "RBBP8", "PMPCB", "ST3GAL5", "ITGAV", "SNRPB2", "TK1", "HNRNPA0", "STARD7", "IDH1", "CAV1", "TXNRD1", "TPM1", "KRT7", "RPSA", "RPL23A", "TUBA4A", "SRP9", "ATP5J2", "TUFM", "SOD1", "MLLT11", "GPRC5A", "CNOT7", "FABP5", "PSMC4", "ERP29", "SNRPE", "RPS20", "RPL26", "IARS", "CD24", "NOP10"], "MAZ_MEL cell line_mm9": ["DDX5", "CUL3", "RPS27L", "PHB2", "NGRN", "PPP1CC", "LDHA", "HEATR2", "RAC1", "EMC6", "HMGN2", "JAK1", "HMGN1", "TRAP1", "GABARAPL2", "ANXA2", "UBE2E1", "UBE2G1", "HSPE1", "TUFM", "SLC7A5", "ERP29", "WAC", "SLC25A5", "GAPDH", "UBA52", "CALM2", "ISCU", "KPNB1"], "POLR2A_H1-hESC_hg19": ["POP5", "RPL30", "RPLP1", "WRB", "HEATR1", "HJURP", "OLA1", "CLTA", "RPS27L", "XPC", "MRPL15", "MYL12A", "NGRN", "TMEM43", "PLAU", "NT5DC2", "PACSIN2", "PMPCB", "ITGAV", "SNRPB2", "ZBED5", "TMEM14B", "CEP55", "HMGN1", "HSP90AA1", "UBE2C", "DKK1", "SOD1", "TPX2", "SLC7A5", "HNRNPH1", "NCL", "ERH", "RPL26", "UBA52", "NOP10", "KPNB1", "PRR13"], "TEAD4_MCF-7_hg19": ["DDX5", "TK1", "ZBED5", "EIF4G2", "MYL12A"], "ESRRA_HepG2_hg19": ["TRAP1", "FAM168B", "STARD7", "PPIA"], "MXI1_MEL cell line_mm9": ["NCKAP1", "DDX5", "RPL30", "FEN1", "UQCRB", "CLTC", "HEATR1", "OLA1", "MRPL15", "CCNB2", "APMAP", "PRDX1", "HEATR2", "SEC61B", "SEC11A", "CCT5", "HMGN1", "GABARAPL2", "MDH1", "RHBDF2", "FN3KRP", "DDX10", "RPSA", "HSPE1", "LRPPRC", "RPS27", "ERH", "IARS", "GAPDH"], "RAD21_IMR-90_hg19": ["RPL5", "CRTC3", "ODC1", "OLA1", "CLTA", "ATP5I", "PRPF8", "RPS4X", "ATIC", "BAG3", "TMSB4X", "RBBP8", "PMPCB", "TIMM8B", "FZD2", "MDH2", "CNBP", "TXNRD1", "UBE2G1", "SRP9", "TUFM", "MLLT11", "RPS26", "SNRPE", "RPL26", "IARS", "UBA52", "NOP10"], "CTCF_fibroblast of lung_hg19": ["NCKAP1", "RPL5", "RAB1A", "FEN1", "NDUFB3", "ATP5I", "RPS4X", "AKAP12", "LDHB", "CCNB2", "PSMD7", "NT5DC2", "PMPCB", "ST3GAL5", "SNRPB2", "TK1", "IER3", "TIMM8B", "RPS7", "STARD7", "CAV1", "TXNRD1", "TPM1", "UBE2E1", "DDX10", "RPSA", "RPL23A", "ATP1B1", "ATP5F1", "TUBA4A", "SRP9", "TUFM", "MLLT11", "GPRC5A", "RPS27", "CNOT7", "FABP5", "NACA", "RPL27A", "ERP29", "SNRPE", "RPS20", "RPL26", "IARS", "CD24", "CALM2", "NOP10"], "CTBP2_H1-hESC_hg19": ["EIF4A2", "FEN1", "RPL34", "NDUFB3", "CLTC", "OLA1", "CLTA", "SPINT2", "PRSS23", "LDHB", "TUBA1C", "TMEM43", "BAG3", "RBBP8", "ST3GAL5", "ITGAV", "SNRPB2", "SEC11A", "IER3", "TRAP1", "RPS7", "TPM1", "HN1", "DKK1", "ACLY", "MLPH", "CNOT7", "HNRNPH1", "RPS20", "EIF4G2"]}