{"H3K9ac_ES-E14_mm9": ["AGPAT5", "NCKAP1", "DDX5", "MDH1", "H2AFZ", "FHL2", "MICAL2", "RPS27L", "PRSS23", "RPS4X", "NGRN", "PPP1CC", "APMAP", "HNRNPH1", "SNRPE", "ERH", "IARS", "HMGN2", "SEC11A", "PPIA", "CALM2"], "H3K4me3_SK-N-SH_hg19": ["AGPAT5", "CRTC3", "FZD2", "DDX1", "RHBDF2", "CLTC", "UBE2E1", "RPSA", "PRSS23", "FAM171A1", "FAM168B", "CDK2AP1", "ITGAV", "GARS", "RAC1", "RPS2", "SEC11A", "SNRPA", "CERS2"], "H3K4me3_H1-hESC_hg19": ["KCMF1", "DDX5", "CPSF7", "MDH1", "FN3KRP", "XPC", "RPSA", "ATP5I", "ATP1B1", "MYL12A", "TUBA1C", "PTDSS1", "TMEM147", "CNOT7", "TMEM43", "PSMC4", "ERP29", "ERH", "HMGN2", "ZBED5"], "H3K9ac_H1-hESC_hg19": ["DDX5", "CPSF7", "ODC1", "NDUFB3", "KRT7", "XPC", "ATP5I", "MRPL15", "BCS1L", "PRSS23", "PRPF8", "NGRN", "PPP1CC", "TUBA1C", "TMEM147", "CNOT7", "PSMC4", "ERP29", "HMGN2", "GAPDH", "NOP10"], "H3K4me3_keratinocyte_hg19": ["PFKFB3", "CRTC3", "CERK", "RPLP1", "DDX1", "PRSS23", "FAM171A1", "FAM168B", "TMEM147", "PACSIN2", "UQCRFS1", "ITGAV", "TK1", "RPS27A", "TMEM14B", "CPSF7", "KRT7", "BCS1L", "DKK1", "SRP9", "PSMC4", "ERP29", "CDK2AP1", "GARS", "RPL28", "PPIA", "ATF4", "FTL", "CERS2"], "H3K4me2_CD14-positive monocyte_hg19": ["TIMM8B", "CPSF7", "UBE2C", "CNBP", "AHNAK2", "HILPDA", "MICAL2", "DDX10", "ATP5F1", "PHB2", "PRSS23", "ZWINT", "TMEM147", "PSMD7", "PSMC4", "IARS", "CYC1", "RPS2", "ZBED5", "FTL"], "H3K4me3_liver_mm9": ["RPL4", "POP5", "RNASEH2A", "DDX1", "SPINT2", "AKAP12", "NGRN", "MRPL3", "PTDSS1", "TMEM43", "APMAP", "PLAU", "SEC11A", "FZD2", "DDX10", "WDR12", "ATP1B1", "GPRC5A", "MLPH", "RPS27", "TNIP1", "UBA2", "RPS20", "GAPDH", "KPNB1", "PFKP", "PRR13"], "H3K27ac_osteoblast_hg19": ["CSGALNACT1", "TRAP1", "POP5", "GABARAPL2", "FEN1", "RPLP1", "XPC", "HSPE1", "AKAP12", "PTDSS1", "TMEM147", "PSMC4", "TOMM70A", "PACSIN2", "RBBP8", "RPS2", "ZBED5", "TMEM14B", "SNRPA"], "H3K4me3_thymus_mm9": ["NCKAP1", "POP5", "PFKFB3", "FZD2", "MDH2", "IMP3", "TXNL1", "KRT7", "WDR12", "ZWINT", "TUFM", "CCNB2", "GPRC5A", "KRT18", "TMEM43", "WAC", "UBA2", "MYBL2", "SEC11A", "MMADHC", "AARS", "PRR13"], "H3K4me3_erythroblast_mm9": ["RPL4", "POP5", "DDX5", "CANT1", "MRPL15", "PRSS23", "EEF1B2", "NGRN", "TMEM147", "TMEM43", "MPRIP", "PLAU", "HMGN2", "RPS27A", "CEP55", "HMGN1", "CSGALNACT1", "HSP90AA1", "CPSF7", "RPS6", "HNRNPAB", "GPRC5A", "AKR1B10", "ERP29", "GAPDH", "RPL28", "CERS2"], "H3K4me3_G1E_mm9": ["NCKAP1", "GABARAPL2", "SLC38A1", "CANT1", "MDH1", "NDUFB3", "DDX10", "MRPL15", "BCS1L", "ATP1B1", "LRPPRC", "NGRN", "MLPH", "TMEM147", "APMAP", "PACSIN2", "HEATR2", "SEC61B", "SPDL1", "HMGN2", "UBA52", "CEP55"], "H3K9ac_A549_hg19": ["KCMF1", "POP5", "PFKFB3", "MDH1", "INHBB", "ZWINT", "TUFM", "MLLT11", "PTDSS1", "TMEM147", "TMEM43", "MPRIP", "PSMC4", "TOMM70A", "CFL1", "ERP29", "TK1", "KPNA2", "CD24"], "H3K4me3_NT2-D1_hg19": ["TIMM8B", "HSP90AA1", "RPL30", "CPSF7", "CERK", "NDUFB3", "HEATR1", "KRT7", "MICAL2", "ATP5I", "ATP1B1", "ATP5F1", "LASP1", "TMEM147", "PSMC4", "ERP29", "CEP55", "ATF4"], "H3K4me3_G1E-ER4_mm9": ["NCKAP1", "GABARAPL2", "DDX5", "RNF44", "FEN1", "MMD", "IDH1", "RPLP1", "NDUFB3", "ARPC5L", "MRPL15", "PHB2", "LRPPRC", "MYL12A", "EEF1B2", "RPS4X", "MRPL3", "TMEM147", "MPRIP", "ERP29", "HEATR2", "SPDL1", "KPNB1"], "H3K4me3_brain_mm9": ["POP5", "MDH2", "IMP3", "IDH1", "ARPC5L", "GPRC5A", "ATIC", "TMEM43", "APMAP", "WAC", "UQCRFS1", "MYH9", "MYBL2", "SEC11A", "MMADHC", "PFKP", "PRR13", "CERS2"], "H3K4me3_skeletal muscle myoblast_hg19": ["KCMF1", "TIMM8B", "POP5", "RHBDF2", "HILPDA", "XPC", "BCS1L", "TUFM", "EEF1B2", "PTDSS1", "TMEM147", "PSMC4", "TOMM70A", "CFL1", "ERP29", "PABPC3", "TK1", "CD24"], "H3K9me1_K562_hg19": ["TIMM8B", "RAB1A", "RPL41", "FEN1", "UQCRB", "TXNL1", "FHL2", "BUB1B", "DDX10", "KRT18", "PALLD", "PRDX1", "SNRPE", "ITGAV", "RPL27", "HMGN2", "ISCU", "JAK1", "ATF4"], "H3K4me2_fibroblast of lung_hg19": ["TIMM8B", "RPL4", "POP5", "CPSF7", "RRM2", "MDH1", "RHBDF2", "ATP5I", "SPINT2", "BCS1L", "ZWINT", "TUFM", "EEF1B2", "MLPH", "TMEM147", "PSMC4", "TOMM70A", "ERP29", "CD24", "AARS"], "H3K4me3_kidney_mm9": ["POP5", "RNASEH2A", "FZD2", "CERK", "DKK1", "ZWINT", "CCNB2", "UCHL1", "PTDSS1", "MLPH", "TMEM43", "APMAP", "WAC", "UBA2", "MYBL2", "SEC11A", "MMADHC", "NOP10", "KPNB1", "PFKP", "AARS", "PRR13"], "H3K4me3_endothelial cell of umbilical vein_hg19": ["POP5", "RNASEH2A", "CUL3", "RPLP1", "DDX1", "HILPDA", "XPC", "ATP5I", "FAM171A1", "RPS17", "ATIC", "TMEM147", "NT5DC2", "UQCRFS1", "ITGAV", "TK1", "TMEM14B", "KCMF1", "TIMM8B", "CPSF7", "FZD2", "MDH1", "UBE2E1", "BCS1L", "ATP5F1", "DKK1", "ZWINT", "FABP5", "PSMC4", "RPL27A", "CDK2AP1", "GARS", "CD24", "RPL28", "CERS2"]}