{"TP63-23658742-EP156T-HUMAN": ["PFKFB3", "C1S", "TFRC", "RPLP1", "GSTP1", "ATP2A2", "DDX60", "HIF1A", "TSKU", "MYL12B", "AKAP12", "FAM134C", "PDLIM1", "RGS2", "PSMD7", "MPRIP", "PTTG1", "C1QBP", "SFN", "PGM1", "DSP", "STAT1", "FN1", "KRT8", "NDUFC1", "ATP1B3", "PARP12", "CDC25B", "HLA-E", "H1F0", "NGFRAP1", "FABP5", "VAPA", "OAS2", "OAS3", "ID2", "SPATS2L", "ID3", "SDC1", "SIK1", "TGFBI", "PPIA", "EIF3D", "PFKP", "HSPA1B", "AVPI1"], "MTF2-20144788-MESC-MOUSE": ["CEBPB", "PFKFB3", "TFRC", "PON2", "TOB1", "IFIH1", "TUBB3", "RRS1", "B2M", "DSP", "JUND", "IGFBP4", "IGFBP3", "KRT8", "TAP1", "ISG15", "PARP12", "PSMB8", "RHOB", "PSMB9", "H1F0", "CYP24A1", "ID2", "ID3", "SDC1", "TGFBI", "HSPA1B"], "PPARD-21283829-MYOFIBROBLAST-HUMAN": ["ATP5G3", "ACTG1", "OASL", "IFIH1", "AKAP12", "PTBP1", "RGS2", "TUBB3", "BASP1", "PLS3", "B2M", "IGFBP4", "IGFBP3", "PGAM1", "KRT7", "TALDO1", "ACTN4", "HLA-G", "DDOST", "CKAP4", "RHOB", "S100A6", "ALDOA", "SNRPC", "PTMA", "IRF9", "ENY2", "PFKFB3", "PCNA", "GSTP1", "SAMHD1", "MRPL12", "HIF1A", "PDLIM1", "PCBP1", "H1FX", "JUND", "CNBP", "EIF2AK2", "PARP12", "CYP24A1", "FABP5", "EIF3K", "NACA", "CAPZA1", "ID2", "ID3", "TGFBI", "EIF3D", "CALM2", "EIF3B"], "SUZ12-20075857-MESC-MOUSE": ["CEBPB", "PFKFB3", "PON2", "USP18", "IFIH1", "RGS2", "TUBB3", "RRS1", "B2M", "DSP", "IGFBP4", "GSTO1", "IGFBP3", "KRT8", "KRT7", "TAP1", "ISG15", "PARP12", "CKAP4", "PSMB8", "RHOB", "PSMB9", "H1F0", "CYP24A1", "P4HA1", "ID2", "SPATS2L", "TRIM14", "ID3", "SDC1", "TGFBI", "RPL28", "HSPA1B", "HSPA1A"], "EGR1-20690147-ERYTHROLEUKEMIA-HUMAN": ["ATP2A2", "HSPB1", "UBE2L6", "ADAR", "RPL8", "TSKU", "CNDP2", "ACTG1", "AKAP12", "PTBP1", "TUBB3", "BASP1", "CFL1", "RPLP2", "HMGN2", "PGM1", "IER2", "GSTO1", "KRT8", "TALDO1", "TAP1", "ACTN4", "PGD", "DYNLL1", "HLA-F", "PDIA6", "MLF2", "RHOB", "TAPBP", "SLC7A5", "PPA1", "NCL", "IRF7", "RBCK1", "LAP3", "AURKAIP1", "PTMA", "RPL28", "PPIA", "LY6E", "AVPI1", "NAPA", "LAMA5", "SP100", "CEBPB", "DNMT1", "PFKFB3", "USP11", "ATP5J", "SLC3A2", "COX5B", "COX5A", "CRIP1", "HSP90B1", "CST3", "PDLIM1", "SDCBP", "GNG5", "PCBP1", "PRAME", "RPS2", "POLR2I", "HSPA8", "JUND", "STAT1", "MX1", "HMGA1", "RPL23A", "HN1", "PARP12", "DNAJA1", "FABP5", "VAPA", "ARPC3", "UBE2S", "ID2", "SDC1", "DYNLRB1", "GCLM", "CALM2", "MYD88", "PFKP", "HSPA1A"], "AR-19668381-PC3-HUMAN": ["LGALS3BP", "KRT81", "SP100", "DNMT1", "PFKFB3", "TFRC", "DDX47", "POP4", "RPLP1", "HSPB1", "SAMHD1", "IFIT1", "AKAP12", "FBL", "PSMD7", "C1QBP", "PGM1", "PDIA3", "RPL21", "SSR4", "STAT1", "SP110", "H2AFZ", "DUSP1", "EMR1", "TAP1", "AKR1C2", "ATP1B3", "HLA-F", "HLA-G", "ISG20", "FABP5", "PSMA1", "P4HA1", "VAPA", "ARPC3", "UQCRQ", "NCL", "ID2", "SDC1", "VDAC2", "PABPC3", "CD24"], "RUNX2-22187159-PCA-HUMAN": ["LGALS3BP", "SP100", "CEBPB", "NDUFB4", "ATP2A2", "ATP5G3", "PAPSS1", "TUBA1C", "LAPTM4A", "PSMD7", "BASP1", "PLS3", "S100A11", "TRIM22", "HERC6", "GPX2", "RPL21", "SP110", "DUSP1", "MX2", "FN1", "COX6C", "PARP12", "RHOB", "HLA-E", "ISG20", "PLSCR1", "ARPC3", "CAPZA1", "ID2", "IRF7", "CKS2", "SPATS2L", "SDC1", "PPIA", "PFKP", "EIF3B"], "TP53-23651856-MEF-MOUSE": ["NAPA", "LGALS3BP", "LAMA5", "ENY2", "CEBPB", "CD81", "IFI35", "MRPL12", "TSKU", "IFIT3", "CNDP2", "PAPSS1", "CDC20", "PDLIM1", "PTBP1", "SDCBP", "FBL", "LAPTM4A", "RPS19", "MPRIP", "PSMB3", "CFL1", "RPLP2", "FLNA", "PLS3", "POLR2L", "DSP", "CNBP", "KRT7", "TALDO1", "ACTN4", "PDIA6", "MLF2", "BST2", "FABP5", "P4HA1", "TRMT5", "NDUFAB1", "S100A6", "SDC1", "PRKD2", "RPL27", "RBCK1", "PTMA", "PPIA", "HSPA1B", "HSPA1A", "AVPI1"], "GATA1-21571218-MEGAKARYOCYTES-HUMAN": ["IFITM3", "LGALS3BP", "C1S", "TFRC", "SRP14", "USP18", "COX5A", "HIF1A", "CRIP1", "LIPA", "IFIT3", "PDLIM1", "FADS2", "PTTG1", "PES1", "H1FX", "HMGN2", "EMR1", "ACTN4", "DDOST", "SLC7A5", "PLSCR1", "H1F0", "NGFRAP1", "ID2", "CKS2", "ID3", "ALDOA", "PTMA", "MYD88", "EIF3B"], "SOX2-21211035-LN229_GBM-HUMAN": ["ENY2", "PFKFB3", "TFRC", "RPLP1", "NDUFB4", "SLC3A2", "TOB1", "TSKU", "CNDP2", "CDC20", "FBL", "RGS2", "MT2A", "PSMD7", "PSMB3", "BASP1", "CFL1", "RRS1", "PLS3", "UQCRFS1", "CCT8", "HMGN2", "NPM1", "DDX58", "DUSP1", "IGFBP3", "IFI44", "TDRD7", "HLA-G", "PARP12", "HLA-E", "DNAJA1", "SLC7A5", "PLSCR1", "CYP24A1", "FABP5", "VAPA", "RPS29", "NPC2", "ID2", "LAP3", "PFKP"], "FOXP1-22492998-STRATIUM-MOUSE": ["RPL36AL"], "TCF4-23295773-U87-HUMAN": ["SP100", "DNMT1", "RPN2", "TFRC", "DDX47", "NDUFB4", "ADAR", "SAMHD1", "COX5A", "HIF1A", "CNDP2", "SRM", "HSP90B1", "AKAP12", "TUBB3", "BASP1", "AP2S1", "SFN", "KPNA2", "PGM1", "DUSP1", "CNBP", "FN1", "TDRD7", "HLA-F", "PDIA6", "ISG20", "BST2", "NFKBIA", "FABP5", "PSMA1", "VAPA", "UQCRQ", "NDUFAB1", "SIK1", "TRIM16", "FAU", "SAE1", "PPIA", "CALM2"], "BCL11B-21912641-STHDH STRIATAL CELLS-MOUSE": ["SP110", "ID3"], "SMAD4-21799915-A2780-HUMAN": ["SP100", "PCNA", "RPN2", "ATP5J", "HIF1A", "PAPSS1", "OASL", "RGS2", "RRS1", "S100A11", "RPL21", "DUSP1", "IFI44", "TDRD7", "ATP1B3", "RHOB", "CYP24A1", "RPS29", "SPATS2L", "SDC1", "TGFBI", "GCLM", "CALM2", "MYD88", "SNRPB"], "RCOR3-21632747-MESC-MOUSE": ["NDUFB4", "GSTP1", "ATP2A2", "HSPB1", "ATP5G3", "ATP5H", "MRPL12", "TOB1", "SRM", "ACTG1", "TUBB3", "BASP1", "PCBP1", "RRS1", "RABAC1", "NPM1", "HSPA5", "IGFBP4", "SP110", "H2AFZ", "DUSP1", "HMGA1", "NFKBIA", "PSMA6", "H1F0", "GPRC5A", "P4HA1", "VAPA", "OAS2", "RPS29", "ID2", "ID3", "VDAC2", "SIK1", "AURKAIP1", "ALDOA", "CHMP5", "LY6E"], "TET1-21490601-MESC-MOUSE": ["ENY2", "PFKFB3", "CNP", "MRPL12", "USP18", "TSKU", "FAM134C", "FADS2", "TMEM147", "PTTG1", "PSAP", "RRS1", "H1FX", "PDIA3", "STAT1", "TREX1", "TALDO1", "TAP1", "PSMB8", "PSMB9", "UGDH", "VAPA", "TRMT5", "S100A6", "SDC1", "ALDOA", "CALM2", "IRF9"], "SIN3B-21632747-MESC-MOUSE": ["IFITM2", "EIF4A3", "ADAR", "ATP5G3", "TSKU", "ACTG1", "FAM134C", "PTBP1", "TUBA1C", "LAPTM4A", "PSMD7", "RPS19", "TUBB3", "BASP1", "RPL36", "RPLP2", "HMGN2", "IER2", "PDIA3", "DSP", "RPL21", "SP110", "DUSP1", "GSTO1", "PGAM1", "DYNLL1", "DDOST", "CTDNEP1", "PSMA6", "PSMA1", "CKS2", "SIK1", "RPL27", "ALDOA", "SNRPC", "NAPA", "CUTA", "ENY2", "COX5B", "MRPL12", "TOB1", "CRIP1", "SRM", "ATP5L", "SDCBP", "CCNB1", "PSAP", "RRS1", "AP2S1", "H1FX", "RABAC1", "NPM1", "JUND", "HSPA5", "HSPE1", "COX6C", "BST2", "NFKBIA", "H1F0", "CYP24A1", "P4HA1", "RPS29", "ID2", "FAU", "EIF3D", "CALM2", "EIF3B"], "STAT3-23295773-U87-HUMAN": ["NAPA", "LGALS3BP", "SP100", "IFITM1", "TFRC", "ADAR", "SAMHD1", "TOB1", "OASL", "AKAP12", "LAPTM4A", "PSMD7", "PGM1", "CNBP", "FN1", "KRT8", "HLA-B", "NMI", "TM4SF1", "RHOB", "PSMA3", "GPRC5A", "VAPA", "OAS2", "ARPC3", "ID2", "SPATS2L", "VDAC2", "C19ORF66"], "STAT6-21828071-BEAS2B-HUMAN": ["PSMD7", "TRIM16"], "TP63-17297297-HaCaT-human": ["GPX2", "IGFBP3", "SFN"]}