{"MYC::MAX (human)": ["HLA-E"], "REST (human)": ["HLA-E"], "HNRNPK (human)": ["ID2"], "PLAG1 (human)": ["HLA-E"], "NR1H2::RXRA (human)": ["HLA-E"], "EBF1 (mouse)": ["RPL28"], "INSM1 (human)": ["HLA-E"], "MIZF (human)": ["HLA-E"], "SOX2 (human)": ["SNRPB"], "RXR::RAR_DR5 (human)": ["HLA-E"], "CTCF (human)": ["HLA-E"], "RREB1 (human)": ["HLA-E"], "TLX1::NFIC (human)": ["SSR4", "HLA-E"], "RXRA::VDR (human)": ["HLA-E"], "CBX5 (human)": ["AKR1C2"], "SMAD3 (human)": ["MPRIP", "PHF11"], "NHLH1 (human)": ["HLA-E"], "RORA_2 (human)": ["PFKFB3", "HLA-E"], "IRF1 (human)": ["HLA-E"], "EWSR1-FLI1 (human)": ["HLA-E"]}