{"H3K27me3 H1 Derived Mesenchymal Stem Cells": ["CYP24A1", "C1R", "KRT7"], "H3K27me3 Colonic Mucosa": ["LAMA5", "C1S", "IGFBP4", "C1R", "IGFBP3", "KRT8", "KRT7", "AKAP12", "PDLIM1", "H1F0", "GPRC5A", "TUBB3", "BASP1", "TMSB4X", "SPP1", "PLS3", "SDC1", "PABPC3", "TGFBI", "LY6E"], "H3K27me3 H9": ["FEN1", "PFKFB3", "IGFBP4", "GSTO1", "TDRD7", "MT1X", "COX6C", "IFIH1", "RGS2", "H1F0", "MT2A", "GPRC5A", "OAS3", "S100A6", "SFN", "TGFBI", "B2M", "AVPI1", "HERC6"], "H3K9me3 Mesenchymal Stem Cell Derived Adipocyte Cultured Cells": ["COX7B"], "H3K9me3 Brain Cingulate Gyrus": ["IFI44"], "H3K27me3 Rectal Smooth Muscle": ["H1F0", "GPRC5A", "FABP5", "C1S", "BASP1", "C1R", "KRT8", "RHOB"], "H3K27me3 Mobilized CD34 Primary Cells": ["DSP", "LAMA5", "KRT81", "IGFBP4", "USP11", "IGFBP3", "FN1", "SAMHD1", "CRIP1", "TUBA4A", "TSKU", "RHOB", "PDLIM1", "GPRC5A", "CYP24A1", "PSMA1", "TUBB3", "MORF4L2", "TMSB4X", "PLS3", "SDC1", "MT1H", "CD24", "RBM10"], "H3K36me3 IMR90": ["IFITM3"], "H3K36me3 Peripheral Blood Mononuclear Primary Cells": ["TMSB4X"], "H3K27me3 CD8 Naive Primary Cells": ["DSP", "LAMA5", "IGFBP3", "FN1", "KRT7", "TSKU", "GPRC5A", "SPP1", "SPATS2L", "SDC1", "SIK1", "MT1H", "TGFBI", "CD24"], "H3K36me3 CD4+ CD25int CD127+ Tmem Primary Cells": ["RPL36AL"], "H3K36me3 Adult Liver": ["GPX2"], "H3K27me3 Peripheral Blood Mononuclear Primary Cells": ["AKAP12", "DSP", "PDLIM1", "GPRC5A", "IGFBP4", "BASP1", "MT1H", "CD24"], "H3K27me3 Bone Marrow Derived Mesenchymal Stem Cell Cultured Cells": ["LAMA5", "CD24"], "H3K9me3 Brain Anterior Caudate": ["SSR4"], "H3K36me3 Neurosphere Cultured Cells Cortex Derived": ["FABP5"], "H3K36me3 CD4+ CD25- CD45RA+ Naive Primary Cells": ["TRMT5"], "H3K27me3 IMR90": ["PSMA1", "OAS1", "SPP1", "PABPC3", "CD24", "CRIP1", "HERC6"], "H3K36me3 Bone Marrow Derived Mesenchymal Stem Cell Cultured Cells": ["ARPC3"], "H3K36me3 Mobilized CD34 Primary Cells": ["RPL36AL"]}