{"H3K9me3 Brain Germinal Matrix": ["MAN2A1", "DIO3"], "H3K36me3 Brain Inferior Temporal Lobe": ["DPH2"], "H3K36me3 Brain Mid Frontal Lobe": ["B4GALT2", "HPN"], "H3K36me3 Mesenchymal Stem Cell Derived Adipocyte Cultured Cells": ["SLC13A3"], "H3K9me3 Bone Marrow Derived Mesenchymal Stem Cell Cultured Cells": ["DDX17", "THBS4"], "H3K36me3 CD4+ CD25+ CD127- Treg Primary Cells": ["PTP4A3", "SLC13A3"], "H3K9me3 Penis Foreskin Fibroblast Primary Cells": ["NKX2-1"], "H3K36me3 Brain Hippocampus Middle": ["B4GALT2", "LGALS4", "PITPNB"], "H3K9me3 Brain Mid Frontal Lobe": ["CEACAM7", "DIO3"], "H3K36me3 Chondrocytes from Bone Marrow Derived Mesenchymal Stem Cell Cultured Cells": ["ID1"], "H3K36me3 Breast Myoepithelial Cells": ["C1QTNF3", "IL1R2", "ADH1A"], "H3K36me3 CD3 Primary Cells": ["B4GALT2"], "H3K27me3 Penis Foreskin Keratinocyte Primary Cells": ["PCSK1", "PARM1", "SATB2", "CADPS", "SLC27A2"], "H4K20me1 IMR90": ["PITPNB", "ID1"], "H3K36me3 CD8 Memory Primary Cells": ["B4GALT2", "SLC13A3"], "H3K36me3 Adult Kidney": ["TP53I3", "PCCA"], "H3K9me3 Stomach Smooth Muscle": ["DEFA6", "CEACAM7"], "H3K36me3 CD4 Memory Primary Cells": ["SLC13A3"], "H3K36me3 Pancreatic Islets": ["SLC13A3", "NEAT1"], "H3K36me3 CD8 Naive Primary Cells": ["B4GALT2", "SLC13A3"]}