{"TGGTGCT,MIR-29A,MIR-29B,MIR-29C": ["MORF4L2", "IFI30"], "GCACTTT,MIR-17-5P,MIR-20A,MIR-106A,MIR-106B,MIR-20B,MIR-519D": ["LAPTM4A", "HN1", "KPNA2", "HIF1A"], "TGCACTT,MIR-519C,MIR-519B,MIR-519A": ["LAPTM4A", "HIF1A"], "ATACCTC,MIR-202": ["DUSP1"], "CACTTTG,MIR-520G,MIR-520H": ["HIF1A"], "GTGCCTT,MIR-506": ["PTBP1", "P4HA1", "TFRC", "ACTN4", "PGM1"], "CTTTGTA,MIR-524": ["JUND"], "TGCCTTA,MIR-124A": ["PTBP1", "P4HA1"], "CAGCTTT,MIR-320": ["TFRC"], "GACAATC,MIR-219": ["LAPTM4A"], "CTTTGCA,MIR-527": ["RHOB"], "GCAAAAA,MIR-129": ["SP100"], "TTTGCAG,MIR-518A-2": ["HMGA1"], "TGCTGCT,MIR-15A,MIR-16,MIR-15B,MIR-195,MIR-424,MIR-497": ["HMGA1", "PDIA6", "LY6E"], "ACCAAAG,MIR-9": ["PTBP1", "CAPZA1", "TGFBI"], "GGCAGCT,MIR-22": ["RGS2"], "ACTGAAA,MIR-30A-3P,MIR-30E-3P": ["TOB1"], "CTGAGCC,MIR-24": ["PSAP"], "CCTGCTG,MIR-214": ["LY6E"], "GAGCCAG,MIR-149": ["ATP2A2"]}