{"POLR2A_lung_mm9": ["SP100", "IFITM2", "HIST1H2BK", "ATP5G3", "ATP5H", "IFI30", "HSP90B1", "FADS2", "PSMB5", "PSMB3", "UTP6", "H2AFZ", "FN1", "KRT8", "AHSA1", "NDUFC1", "HN1", "PDIA6", "TUBA4A", "COX6B1", "PSMB9", "CCT6A", "BST2", "RPS26", "SLC7A5", "FABP5", "ARPC3", "PPA1", "NDUFAB1", "PSME1", "AGRN", "FKBP4", "SAE1", "PFKP", "SNRPB", "HSPA1A", "AVPI1"], "TCF12_MCF-7_hg19": ["GPRC5A", "GSTP1", "S100P", "FKBP4"], "CCNT2_K562_hg19": ["NAPA", "CD81", "POP4", "IFIT5", "SRP14", "MRPL12", "PAPSS1", "SRM", "MYL12B", "FAM134C", "TUBA1C", "MT2A", "TMEM147", "CCT8", "POLR2I", "B2M", "PDIA3", "STAT1", "PGAM1", "AHSA1", "ISG15", "TUBB4B", "DDOST", "CCT6A", "UGDH", "UQCRQ", "CAPZA1", "PSME1", "TRIM14", "SDC1", "RPL27", "FAU", "SAE1", "ALDOA", "PPIB", "AVPI1"], "POLR2AphosphoS2_HeLa-S3_hg19": ["LGALS3BP", "CUTA", "DDX47", "POP4", "MT1X", "COX5B", "SAMHD1", "IFI30", "MYL12A", "MYL12B", "IFIH1", "TMEM147", "RABAC1", "HSPA5", "ATP6AP1", "SP110", "MX1", "TALDO1", "AHSA1", "ACTN4", "DDOST", "CKAP4", "COX6B1", "ISG20", "BST2", "PSMA6", "PSMA3", "NCL", "CKS2", "SDC1", "ERH", "LAP3", "AGRN", "SAE1", "ALDOA", "PPIB", "GLA"], "CTCFL_K562_hg19": ["NAPA", "CEBPB", "PCNA", "DDX47", "UBE2L6", "SAMHD1", "CNDP2", "MYL12B", "IFIH1", "FBL", "RPS19", "C1QBP", "CFL1", "RPL36", "H1FX", "PRAME", "IER2", "RBM10", "JUND", "SSR4", "IGFBP4", "DUSP1", "PGAM1", "TALDO1", "TDRD7", "ATP1B3", "DYNLL1", "TUBB4B", "DDOST", "CDC25B", "NFKBIA", "ARPC3", "NDUFAB1", "TRIM14", "SIK1", "AURKAIP1", "GCLM", "SAE1", "CALM2", "IRF9"], "CHD2_GM12878_hg19": ["NAPA", "ENY2", "DDX47", "POP4", "ATP2A2", "HSPB1", "ADAR", "ATP5H", "LIPA", "CNDP2", "RPS4X", "PTBP1", "FBL", "RGS2", "CCNB1", "TMEM147", "PSMD7", "PTTG1", "C1QBP", "RRS1", "CCT8", "PDIA3", "IGFBP3", "TALDO1", "RPL23A", "COX6B1", "RPS26", "PPA1", "RPS29", "OAS3", "TRMT5", "RPL27", "FAU", "SAE1", "ALDOA", "EIF3D", "APOBEC3B"], "GABPA_MEL cell line_mm9": ["NAPA", "TALDO1", "GCLM", "ALDOA"], "CBX3_K562_hg19": ["NAPA", "ENY2", "TFRC", "HIST1H2BK", "UBE2L6", "ADAR", "SAMHD1", "FAM134C", "SDCBP", "RGS2", "CCNB1", "GNG5", "RPS19", "RRS1", "RPL36", "CCT8", "RPS2", "COX8A", "UTP6", "HSPA5", "KRT8", "RPL23A", "NMI", "HSPE1", "COX6C", "CDC25B", "ISG20", "SLC7A5", "P4HA1", "PPA1", "UQCRQ", "NDUFAB1", "VDAC2", "RPL27", "RBCK1", "C19ORF66", "AURKAIP1", "SAE1", "ALDOA", "SNRPC", "CALM2", "IRF9", "SNRPB", "APOBEC3B"], "POLR2AphosphoS2_HepG2_hg19": ["DDX24", "POP4", "ATP2A2", "ADAR", "IFI35", "HIF1A", "ATP5L", "HSP90B1", "FBL", "RGS2", "RABAC1", "COX8A", "PDIA3", "GPX2", "TPI1", "STAT1", "CNBP", "MX2", "MX1", "KRT8", "HN1", "TUBB4B", "DDOST", "DNAJA1", "PSMA3", "VAPA", "ARPC3", "RPS29", "PSME1", "SLIRP", "AURKAIP1", "GCLM", "PFN1", "EIF3B"], "EP300_MCF-7_hg19": ["ISG20", "GPRC5A", "STAT1", "S100P", "FKBP4", "LY6E"], "FOXP2_PFSK-1_hg19": ["PDIA3", "JUND", "KRT8", "RPL27", "LAP3", "TM4SF1", "TSKU"], "POLR2A_CH12.LX_mm9": ["SP100", "COX7B", "SF3B2", "DDX47", "GSTP1", "SRP14", "COX5B", "MPRIP", "TUBB3", "RPL36AL", "RRS1", "SPP1", "UQCRFS1", "KPNA2", "TRIM21", "IER2", "COX8A", "PDIA3", "SSR4", "MX2", "PGAM1", "EMR1", "AHSA1", "ISG15", "TUBB4B", "PDIA6", "MLF2", "COX6B1", "BST2", "ARPC3", "PPA1", "NDUFAB1", "PSME1", "SDC1", "PSME2"], "MAZ_MEL cell line_mm9": ["NAPA", "CUTA", "USP11", "ATP5G3", "TOB1", "TSKU", "GNG5", "C1QBP", "SUMO2", "PLS3", "HMGN2", "RBM10", "PDIA3", "NAA50", "DDX58", "DUSP1", "ATP1B3", "HSPE1", "PDIA6", "CDC25B", "MLF2", "DNAJA1", "NFKBIA", "SLC7A5", "PSMA6", "VAPA", "OAS3", "SIK1", "AGRN", "FKBP4", "ALDOA", "PTMA", "CALM2", "AVPI1"], "POLR2A_H1-hESC_hg19": ["LGALS3BP", "ENY2", "C1S", "DDX24", "DDX47", "RPLP1", "HJURP", "IFI35", "SRP14", "SAMHD1", "IFI30", "MYL12A", "ATP5L", "CST3", "HERC5", "SDCBP", "FBL", "RPL36AL", "BASP1", "PES1", "B2M", "PGM1", "POLR2L", "HERC6", "GPX2", "HSPA5", "ATP6AP1", "PGD", "CKAP4", "ISG20", "SLC7A5", "PSMA6", "PSMA3", "EIF3K", "ARPC3", "UBE2S", "UQCRQ", "NCL", "CAPZA1", "SIK1", "ERH", "DYNLRB1", "LAP3", "TGFBI", "SLIRP", "C19ORF66", "FKBP4"], "SIRT6_H1-hESC_hg19": ["ENY2", "DNMT1", "TFRC", "C1R", "NDUFB4", "ATP5J", "UBE2L6", "COX5A", "HERC5", "RGS2", "RPL36AL", "PCBP1", "B2M", "PGM1", "IER2", "COX8A", "HSPA5", "DDX58", "HMGA1", "DNAJA1", "RPS26", "NFKBIA", "NGFRAP1", "ARPC3", "NACA", "RPS29", "CAPZA1", "TRMT5", "VDAC2", "RPL27", "ERH", "SLIRP", "C19ORF66", "AURKAIP1", "EIF3D"], "EZH2_GM12878_hg19": ["PON2", "POP4", "UBE2L6", "DDX60", "IFIT1", "USP18", "TOB1", "IFIT3", "MYL12A", "ATP5L", "MYL12B", "FBL", "MT2A", "TUBB3", "PCBP1", "CFL1", "POLR2I", "TRIM22", "RPL21", "IGFBP3", "HNRNPA1P10", "AHSA1", "NMI", "HSPE1", "BST2", "RPS26", "H1F0", "GPRC5A", "NACA", "TRMT5", "SLIRP", "SAE1", "RPL28", "EIF3D", "SNRPB"], "TEAD4_MCF-7_hg19": ["GSTP1", "HSPB1", "IER2", "MYL12A", "MYL12B"], "CHD1_H1-hESC_hg19": ["DDX47", "SRP14", "IFIT1", "CNDP2", "IFIH1", "TUBA1C", "BASP1", "KPNA2", "PGM1", "COX8A", "DSP", "IGFBP4", "DDX58", "KRT8", "KRT7", "TALDO1", "DYNLL1", "DDOST", "MLF2", "CTDNEP1", "GPRC5A", "NGFRAP1", "S100A6", "AURKAIP1", "FKBP4", "PPIB", "SNRPC", "USP11", "GSTP1", "ATP5H", "DDX60", "MRPL12", "COX5A", "SDCBP", "PCBP1", "PES1", "SPP1", "RBM10", "POLR2L", "TREX1", "TDRD7", "COX6C", "ISG20", "DNAJA1", "BST2", "NFKBIA", "CAPZA1", "TRMT5", "NDUFAB1", "DYNLRB1", "TGFBI", "SLIRP", "GCLM", "EIF3B"], "CTCF_testis_mm9": ["DDX47", "ATP2A2", "MRPL12", "HSP90B1", "PSMD7", "RPL36AL", "C1QBP", "PSAP", "RRS1", "RPL36", "CCT8", "PDIA3", "NPM1", "UTP6", "STAT1", "CNBP", "TREX1", "EIF2AK2", "NDUFC1", "DYNLL1", "DDOST", "CCT6A", "P4HA1", "VAPA", "ARPC3", "NPC2", "TRMT5", "NDUFAB1", "RBCK1", "DYNLRB1", "SLIRP", "PPIB", "PPIA", "PFKP"], "CTCF_GM10248_hg19": ["PFKFB3", "PCNA", "IFITM2", "DDX47", "GSTP1", "EIF4A3", "IFI35", "CRIP1", "MYL12B", "RPS4X", "PDLIM1", "RRS1", "RPL36", "FLNA", "PRAME", "IER2", "RBM10", "TALDO1", "HSPE1", "DYNLL1", "DDOST", "CDC25B", "NFKBIA", "GPRC5A", "FABP5", "P4HA1", "ARPC3", "MORF4L2", "NDUFAB1", "PSME1", "TRIM14", "SDC1", "SAE1", "CD24", "IRF9", "CHMP5"]}