{"H2AFZ_H1-hESC_hg19": ["RPN2", "C1R", "PON2", "MT1X", "ATP5G3", "MRPL12", "USP18", "ATP5L", "IFIH1", "RPS19", "RPL36", "CCT8", "TRIM21", "SP110", "MX2", "AHSA1", "COX6C", "BST2", "PSMA6", "GPRC5A", "FABP5", "OAS2", "UBE2S", "OAS3", "S100A6", "ID3", "MT1H", "SLIRP", "SAE1"], "H3K27me3_brain_mm9": ["PON2", "HSPB1", "IFI30", "CRIP1", "IFIH1", "AKAP12", "TUBA1C", "SFN", "S100A11", "PGM1", "DSP", "DDX58", "IGFBP3", "KRT8", "KRT7", "NMI", "PARP12", "PSMB8", "PSMB9", "BST2", "H1F0", "GPRC5A", "IRF7", "SPATS2L", "TRIM14", "SLIRP", "MYD88"], "H3K4me3_ES-E14_mm9": ["CUTA", "FEN1", "POP4", "GSTP1", "UBE2L6", "USP18", "MYL12B", "CDC20", "FADS2", "TMEM147", "TUBB3", "PSMB3", "CTSL", "AP2S1", "SFN", "TRIM21", "IER2", "PDIA3", "NAA50", "UTP6", "IGFBP4", "IGFBP3", "HMGA1", "AHSA1", "TAP1", "TUBB4B", "DDOST", "PARP12", "CDC25B", "UGDH", "UBE2S", "TRMT5", "PSME1", "SPATS2L", "TGFBI", "FAU", "PFN1", "SNRPC", "GLA", "EIF3B"], "H3K9ac_H1-hESC_hg19": ["ENY2", "IFITM1", "SF3B2", "POP4", "SLC3A2", "SRM", "HSP90B1", "FAM134C", "TUBA1C", "TMEM147", "PCBP1", "PES1", "HMGN2", "B2M", "TRIM21", "HSPA8", "DUSP1", "KRT7", "TUBB4B", "CKAP4", "CTDNEP1", "UGDH", "EIF3K", "ARPC3", "CAPZA1", "OAS3", "GLA", "EIF3B"], "H3K27ac_cortical plate_mm9": ["NAPA", "COX7B", "FEN1", "RPN2", "PON2", "POP4", "GSTP1", "ATP5G3", "DDX60", "RPL8", "MYL12A", "ATP5L", "SDCBP", "FADS2", "RPL36AL", "SUMO2", "UQCRFS1", "RPS27A", "RPL21", "IGFBP3", "NDUFC1", "PDIA6", "TMEM258", "ARPC3", "NACA", "PSME1", "RBCK1", "FKBP4", "RPL28"], "H3K4me3_liver_mm9": ["CUTA", "ENY2", "SP100", "RPN2", "USP11", "GSTP1", "HIST1H2BK", "DDX60", "IFI30", "MRPL12", "IFIT3", "MYL12B", "IFIH1", "AKAP12", "FADS2", "RGS2", "POLR2I", "TRIM21", "UTP6", "DDX58", "TREX1", "MX2", "IFI44", "TAP1", "CDC25B", "ISG20", "GPRC5A", "EIF3K", "ARPC3", "CAPZA1", "TRMT5", "S100A6", "PSME1", "RBCK1", "TGFBI", "SAE1", "MYD88", "PFKP", "AVPI1"], "H3K9me3_fibroblast of dermis_hg19": ["RPLP1", "EIF4A3", "SLC3A2", "HIF1A", "MYL12A", "IFI44L", "HSP90B1", "PSMD7", "GNG5", "RPS19", "PSMB3", "TMSB4X", "SUMO2", "RPS2", "HSPA8", "ATP6AP1", "DUSP1", "HNRNPA1P10", "EMR1", "FN1", "PARP12", "H1F0", "NCL", "CAPZA1", "S100A6", "SLIRP", "PPIB", "APOBEC3B"], "H3K4me3_thymus_mm9": ["NAPA", "IFITM3", "CUTA", "LAMA5", "PFKFB3", "POP4", "GSTP1", "ATP5J", "UBE2L6", "MRPL12", "TUBB3", "CTSL", "POLR2I", "TREX1", "KRT7", "EIF2AK2", "ISG20", "BST2", "GPRC5A", "ARPC3", "OAS3", "TRMT5", "S100A6", "PSME2", "FKBP4", "SAE1", "IRF9"], "H3K4me3_erythroblast_mm9": ["CUTA", "ATP5H", "FOXM1", "DDX60", "CRIP1", "HSP90B1", "FADS2", "RGS2", "TMEM147", "MPRIP", "TUBB3", "RPL36AL", "CCT8", "HMGN2", "RPS27A", "NAA50", "UTP6", "SSR4", "TALDO1", "AHSA1", "TAP1", "ISG15", "PGD", "CKAP4", "MLF2", "PSMB9", "BST2", "UGDH", "PSMA6", "GPRC5A", "PPA1", "NPC2", "SPATS2L", "AGRN", "RPL28", "AVPI1"], "H3K9me3_T-cell acute lymphoblastic leukemia_hg19": ["RPN2", "TFRC", "UBE2L6", "SLC3A2", "ATP5G3", "ATP5L", "FAM134C", "TUBA1B", "PSMD7", "IFI16", "BASP1", "TMSB4X", "PSAP", "PLS3", "RPL19", "POLR2L", "HSPA8", "H2AFZ", "CCT6A", "PSMA6", "H1F0", "PSMA1", "ID2", "ID3", "SAE1", "CD24", "PTMA", "APOBEC3B"], "H3K9ac_ES-E14_mm9": ["GSTP1", "UBE2L6", "USP18", "ATP5L", "HSP90B1", "MYL12B", "IFIH1", "CDC20", "RPS4X", "FADS2", "TUBB3", "HMGN2", "H2AFZ", "TREX1", "TUBB4B", "DNAJA1", "CTDNEP1", "UGDH", "CKS2", "PSME1", "SPATS2L", "ERH", "TGFBI", "FAU", "ALDOA", "SNRPC", "PPIA", "CALM2"], "H3K9me3_ES-E14_mm9": ["SP110", "HJURP", "FAU"], "H3K4me2_CH12.LX_mm9": ["LAMA5", "CEBPB", "FEN1", "GSTP1", "HIST1H2BK", "UBE2L6", "IFIT1", "CRIP1", "MYL12B", "FADS2", "LAPTM4A", "CTSL", "POLR2I", "GSTO1", "MX1", "IFI44", "ISG15", "NMI", "PGD", "PSMB8", "ISG20", "GPRC5A", "TMEM258", "OAS3", "MORF4L2", "PSME2", "AVPI1"], "H3ac_C2C12_mm9": ["FEN1", "PCNA", "RPLP1", "GSTP1", "ATP2A2", "UBE2L6", "IFI35", "ATP5H", "IFI30", "ATP5L", "RGS2", "PSMB3", "PES1", "RPS2", "B2M", "S100A11", "GSTO1", "TAP1", "ATP1B3", "RPS26", "VAPA", "PPA1", "PSME1", "ERH", "ALDOA", "SNRPC", "MYD88"], "H3K4me3_fibroblast of upper leg skin_hg19": ["GSTP1", "IFIH1", "LAPTM4A", "PSMB5", "GNG5", "RPS19", "PTTG1", "PES1", "C1QBP", "H1FX", "PDIA3", "DSP", "SSR4", "SP110", "MLF2", "RPS26", "CTDNEP1", "PLSCR1", "EIF6", "UBE2S", "CAPZA1", "SDC1", "PABPC3", "DYNLRB1", "LAP3", "SNRPC", "CALM2"], "H3K4me3_A549_hg19": ["LGALS3BP", "IFITM2", "POP4", "RPLP1", "FOXM1", "IFIT1", "OASL", "IFIH1", "HERC5", "FAM134C", "MT2A", "TMEM147", "RPS19", "TUBB3", "SUMO2", "CFL1", "B2M", "TRIM22", "SP110", "DDX58", "IGFBP3", "PGAM1", "TALDO1", "AHSA1", "MLF2", "CTDNEP1", "GPRC5A", "OAS3", "TRIM14", "SNRPC", "PTMA", "ENY2", "RPN2", "C1S", "CNP", "C1R", "HIST1H2BK", "IFI6", "TOB1", "PRAME", "RPS27A", "RBM10", "RPL19", "ISG15", "RPS26", "NFKBIA", "EIF6", "FABP5", "SDC1", "DYNLRB1", "GLA", "APOBEC3B"], "H2AFZ_mammary epithelial cell_hg19": ["IFITM1", "IFITM2", "PON2", "POP4", "GSTP1", "MT1X", "MRPL12", "USP18", "FAM134C", "TMEM147", "PSMD7", "PSMB5", "RPS19", "PSAP", "RRS1", "SPP1", "TPI1", "STAT1", "ISG15", "CCT6A", "CTDNEP1", "VAPA", "OAS2", "NPC2", "OAS3", "TRMT5", "PSME1", "FAU", "SLIRP"], "H3K4me3_astrocyte of the spinal cord_hg19": ["C1R", "GSTP1", "HIST1H2BK", "IFIT5", "IFI44L", "IFIH1", "PTBP1", "LAPTM4A", "PSMB5", "GNG5", "RPS19", "PES1", "IGFBP3", "IFI44", "AHSA1", "CKAP4", "RHOB", "CTDNEP1", "PSMA1", "UBE2S", "OAS3", "PABPC3", "LAP3", "TGFBI", "SNRPC", "PTMA", "APOBEC3B"], "H3K9ac_HeLa-S3_hg19": ["CUTA", "C1S", "C1R", "POP4", "IFI6", "MT1X", "SRP14", "USP18", "IFI44L", "PAPSS1", "SRM", "HSP90B1", "ACTG1", "OASL", "IFIH1", "FAM134C", "TUBA1B", "TMEM147", "TMSB4X", "CFL1", "HMGN2", "SP110", "PHF11", "BST2", "IFI27", "OAS2", "FAU", "GLA", "APOBEC3B"], "H3K27ac_liver_mm9": ["NAPA", "CUTA", "ENY2", "FEN1", "RPN2", "PON2", "GSTP1", "HJURP", "ATP5H", "DDX60", "MRPL12", "CST3", "IFIH1", "TUBA1C", "FADS2", "PSMB3", "SUMO2", "AP2S1", "UQCRFS1", "POLR2I", "RPS27A", "B2M", "RBM10", "DSP", "RPL21", "AHSA1", "TAP1", "NDUFC1", "PDIA6", "PSMB8", "COX6B1", "RPS26", "EIF3K", "PSMA1", "TMEM258", "ARPC3", "NACA", "PSME1", "RBCK1", "SLIRP", "GLA", "SNRPB", "AVPI1"]}