{"TP63-23658742-EP156T-HUMAN": ["SRP19", "AHNAK", "ZWILCH", "SERPINE1", "RPL11", "AMIGO2", "OLA1", "SLC1A5", "TXN", "C1ORF106", "ZNF706", "KIF5B", "RBBP8", "RAC1", "TMSB10", "VTI1B", "FIS1", "ACOT9", "SLC38A1", "RPL41", "ANXA2", "YWHAZ", "NME1", "EEF1G", "UCK2", "COX7A2L", "PSAT1", "NDUFS5", "AGPS", "ALDH1A1", "POLR1D", "CNTN1", "ETF1", "NUPR1", "ANXA2P2", "RSL24D1", "SKIV2L2", "RPS23", "CDKN3", "FTL"], "GATA2-20887958-HPC-7-MOUSE": ["NQO1", "CD63", "TRAM1", "DTYMK", "GLO1", "MRPL18", "DSTN", "LSM4", "HINT1", "KRT18", "AGPS", "DDIT4", "CANX", "ARL6IP5", "COTL1", "RPL14", "S100A4", "AMZ2", "NUPR1", "SEC11A", "JAK1"], "EGR1-20690147-ERYTHROLEUKEMIA-HUMAN": ["MTCH1", "TRAM1", "RPL3", "CCNI", "YWHAB", "SERPINE1", "CLTC", "KIAA0020", "PARK7", "YBX1", "BZW1", "HK1", "LASP1", "XPO1", "YWHAQ", "C14ORF2", "C19ORF53", "BSG", "COTL1", "TMSB10", "TMEM14B", "JAK1", "KCMF1", "EIF5A", "ACTR2", "ATP6V1G1", "STARD7", "RPS8", "PRMT1", "RPS5", "AKR1A1", "YWHAZ", "DNM1", "TUFM", "EEF1A1", "PTP4A2", "MORF4L1", "CLNS1A", "TAGLN2", "TRIB3", "S100A4", "GARS", "PABPC1", "CD63", "AHNAK", "TEX261", "TXN", "GABARAP", "C1ORF106", "PTDSS1", "ZNF706", "PRDX1", "NT5DC2", "UBC", "MKNK2", "LRRC8D", "AMZ2", "RPL15", "RPL18", "SEC11A", "S100A10", "NQO1", "USP9X", "CAV1", "GSR", "DSTN", "LSM4", "GNB2L1", "CTCFL", "EIF1", "GCLC", "KRT18", "RPL27A", "IMPDH2", "ID1", "ACO1", "RAN", "RPS24", "AARS"], "AR-19668381-PC3-HUMAN": ["PSMD14", "MRPL18", "GDI2", "KIAA0020", "TEX261", "ITGAE", "PRPF8", "LASP1", "UGP2", "C14ORF2", "KIF5B", "RBBP8", "LRRC8D", "RAC1", "BUB3", "METTL9", "SNX5", "KCMF1", "ACTR2", "CAV1", "TXNRD1", "GSR", "MSN", "SRP9", "LSM7", "PSAT1", "MAP1B", "AGPS", "ALDH1A1", "CNTN1", "ACO1", "PABPC1", "NIT2", "RAN", "AARS"], "STAT3-23295773-U87-HUMAN": ["YWHAE", "POP5", "PSMD14", "CLTC", "AMIGO2", "OLA1", "SNX3", "MRPL3", "C1ORF106", "LASP1", "UGP2", "YWHAQ", "NT5DC2", "IARS2", "CTNNAL1", "CCT5", "JAK1", "KCMF1", "SLC38A1", "STARD7", "CAV1", "RPS5", "TXNRD1", "COMMD10", "MYOF", "AHNAK2", "ASNS", "MSN", "LSM4", "YWHAZ", "CTCFL", "EIF1", "EEF1G", "NEIL3", "GCLC", "CLNS1A", "DDIT4", "ALDH1A1", "CNTN1", "ACO1", "VIM", "SELT"], "SRY-25088423-EMBRYONIC GONADS-MOUSE": ["CD63", "LRRC59", "RPL30", "ABHD4", "RPL12", "RPL34", "SERPINE1", "ODC1", "GDI2", "TAF9", "GDE1", "SLC1A5", "PHB2", "ACTB", "MRPL33", "RPL7A", "CHCHD2", "HINT1", "XPO1", "IMPA1", "BSG", "MKNK2", "LRRC8D", "RAC1", "LTA4H", "CCT7", "SEC11A", "ATP6V1F", "VTI1B", "IFRD2", "RPL13A", "MSN", "PYCR1", "NME4", "MRPL24", "YWHAZ", "EEF1A1", "MRTO4", "POLR1D", "TAGLN2", "TMEM126B"], "GATA1-21571218-MEGAKARYOCYTES-HUMAN": ["AGPAT5", "YWHAE", "CD63", "OLA1", "ETFA", "SLC1A5", "PHB2", "ACTB", "HK1", "HINT1", "C19ORF53", "HLTF", "UBC", "BSG", "EIF4EBP1", "LRRC8D", "CCT5", "JAK1", "PRMT1", "SNF8", "YWHAZ", "EEF1A1", "PTP4A2", "UCK2", "LSM7", "MTHFD2", "ID1", "DDIT4", "CCNG1", "POLR1D", "IARS", "PABPC1", "SKIV2L2"], "RBPJ-21746931-IB4-LCL-HUMAN": ["AGPAT5", "TIMM8B", "RPS7", "PRMT1", "GTF3A", "DEK", "PRPF8", "RPL6", "ACTB", "MORF4L1", "C1ORF106", "GCLC", "MAT2A", "ZNF706", "MTHFD2", "EIF3L", "PRDX1", "COTL1", "TRIB3", "AIDA", "CTNNAL1", "S100A10"], "RCOR3-21632747-MESC-MOUSE": ["AGPAT5", "RPL5", "POP5", "MTCH1", "SLC25A3", "GLO1", "WRB", "SLC1A5", "BZW1", "ACTB", "LASP1", "XPO1", "RPS16", "CSRP1", "YWHAQ", "KIF5B", "RPL18", "POLR2J", "KCMF1", "FIS1", "ACTR2", "SLC38A1", "HNRNPA3", "GTF3A", "DSTN", "ASNS", "YWHAZ", "SRP9", "GNB2L1", "TUFM", "DHX40", "PTP4A2", "UCK2", "CDK4", "ID1", "MRTO4", "DDIT4", "STRAP", "VIM", "TMEM126B", "PABPC1", "RPS24", "ATF4"], "TP63-22573176-HFKS-HUMAN": ["RPL5", "MTCH1", "ZWILCH", "RPLP0", "DBI", "PARK7", "SLC1A5", "ITGAE", "RPL10A", "PHB2", "HK1", "RPL7A", "C1ORF106", "YWHAQ", "NT5DC2", "KIF5B", "RAC1", "CCT7", "CTNNAL1", "POLR2J", "TMSB10", "RPL39", "S100A10", "VTI1B", "FIS1", "RPL41", "ANXA2", "RPS7", "CAV1", "TXNRD1", "RPS6", "MYOF", "AHNAK2", "AKR1A1", "DSTN", "MIF", "LSM4", "GLTSCR2", "EEF1G", "COX7A2L", "AKR1B10", "ID1", "POLR1D", "TAGLN2", "ETF1", "PABPC1"], "SOX2-21211035-LN229_GBM-HUMAN": ["POP5", "RPL3", "AHNAK", "RPL34", "WRB", "ARPC1A", "ATP5C1", "PARK7", "GHITM", "HINT1", "XPO1", "CSRP1", "YWHAQ", "RAC1", "RPL39", "SNX5", "S100A10", "JAK1", "SLC38A1", "ATP6V1G1", "PNO1", "TXNRD1", "COMMD10", "ASNS", "MSN", "SEPT2", "UCK2", "PSAT1", "NDUFS5", "MAP1B", "CCNG1", "ALDH1A1", "ACO1", "TMEM126B", "RPS24"], "BP1-19119308-Hs578T-human": ["LSM7"], "TCF4-23295773-U87-HUMAN": ["YWHAE", "MRPS16", "PSMD14", "ARPC1A", "AMIGO2", "KIAA0020", "YBX1", "ITGAE", "HIGD1A", "RPL6", "HK1", "NARS", "MRPL3", "C1ORF106", "HINT1", "XPO1", "CSRP1", "HLTF", "UBC", "COTL1", "RBBP8", "EIF4B", "KCMF1", "MDH1", "ANXA2", "MMD", "TXNRD1", "COMMD10", "MYOF", "MSN", "SRP9", "PTP4A2", "GCLC", "COX7A2L", "EIF3L", "PSAT1", "ALDH1A1", "GARS", "SUCLG1", "AIDA", "ANXA2P2", "SELT", "RAN", "AARS"], "FOXA2-19822575-HepG2-human": ["AGPAT5", "TRAM1", "AHNAK", "GLO1", "SERPINE1", "ODC1", "GDI2", "OLA1", "YBX1", "TXN", "MRPL33", "HK1", "LASP1", "CSRP1", "PRDX1", "KIF5B", "UBC", "LRRC8D", "RAC1", "METTL9", "SNX5", "JAK1", "ANXA2", "XRCC5", "STARD7", "MMD", "IFRD2", "RPL13A", "DEK", "EIF2S2", "LSM4", "DHX40", "ALDH3A1", "KRT18", "PSAT1", "NDUFS5", "AGPS", "ID1", "DDIT4", "POLR1D", "TRIB3", "NUPR1", "HIST1H4C", "RAN", "AARS"], "REST-21632747-MESC-MOUSE": ["AGPAT5", "ABHD4", "RPL11", "ARPC1A", "GHITM", "MRPL3", "RPS15A", "CSRP1", "SNRPD2", "RBBP8", "BUB3", "CYC1", "RPL17", "FIS1", "HNRNPA3", "GTF3A", "ASNS", "DNM1", "GNB2L1", "NME1", "UCK2", "GCLC", "SUCLG1", "TMEM126B", "PABPC1", "RPS24"], "TET1-21490601-MESC-MOUSE": ["CD63", "AHNAK", "WRB", "SERPINE1", "CLTC", "GDI2", "EPRS", "HK1", "CSRP1", "PRDX1", "LRRC8D", "AMZ2", "LTA4H", "CCT7", "JAK1", "VTI1B", "TIMM8B", "ANXA2", "IFRD2", "GSR", "SRP9", "NME1", "LSM7", "KRT18", "POLR1D", "ACO1"], "RBPJ-22232070-NCS-MOUSE": ["TCEA1", "HSPD1"], "TP53-23651856-MEF-MOUSE": ["SLC25A3", "MRPS16", "RPL31", "CLTC", "GDE1", "PARK7", "TOMM20", "MRPL33", "HK1", "HINT1", "LASP1", "CSRP1", "SNRPD2", "KCMF1", "RPS7", "PRMT1", "MIF", "GLTSCR2", "TUFM", "NME1", "EEF1G", "PTP4A2", "DDIT4", "CANX", "TRIB3", "S100A4", "GARS", "AGPAT5", "LRRC59", "AHNAK", "WRB", "RPS27L", "TEX261", "PRPF8", "MAT2A", "UBC", "EIF4EBP1", "RPL18", "CTNNAL1", "RPL41", "TXNRD1", "GSR", "DSTN", "MSN", "GNB2L1", "UCK2", "EIF3L", "CCNG1", "AARS"], "TET1-21451524-MESC-MOUSE": ["AGPAT5", "TIMM8B", "EIF5A", "RPL41", "AHNAK", "RPL12", "CAV1", "IFRD2", "SERPINE1", "GDI2", "AMIGO2", "GDE1", "CTCFL", "XPO1", "HAX1", "IMPA1", "CDK4", "COTL1", "AMZ2", "ATP6V1F", "ATF4"], "SOX9-25088423-EMBRYONIC GONADS-MOUSE": ["EIF5A", "FIS1", "LRRC59", "PSMD14", "USP9X", "ODC1", "GDI2", "TAF9", "RPL13A", "PYCR1", "NME4", "SLC1A5", "GHITM", "ACTB", "RPL7A", "MORF4L1", "KRT18", "MAT2A", "ID1", "CANX", "TMEM106C", "TAGLN2", "LTA4H"]}