{"MYC::MAX (human)": ["NBPF14"], "REST (human)": ["NBPF14"], "SMAD3 (human)": ["SERPINE1"], "PLAG1 (human)": ["NBPF14"], "NR1H2::RXRA (human)": ["NBPF14"], "RXR::RAR_DR5 (human)": ["NBPF14"], "RXRA::VDR (human)": ["NBPF14"], "MIZF (human)": ["NBPF14"], "SOX2 (human)": ["TRIB3"], "MYCN (human)": ["LSM7"], "CTCF (human)": ["NBPF14"], "INSM1 (human)": ["NBPF14"], "IRF1 (human)": ["NBPF14"], "CBX5 (human)": ["RPS27L"], "RREB1 (human)": ["NBPF14"], "NME2 (human)": ["ACO1"], "NFYB (human)": ["ID1", "ACTB"], "NHLH1 (human)": ["NBPF14"], "HNF1B (mouse)": ["ALDH3A1"], "EWSR1-FLI1 (human)": ["NBPF14"]}