{"H3K27me3 H1 Derived Mesenchymal Stem Cells": ["CNTN1"], "H3K27me3 Brain Hippocampus Middle": ["C1ORF106", "SLC38A1", "CAV1"], "H3K4me3 Penis Foreskin Fibroblast Primary Cells": ["MTCH1", "SRP19", "RPL30", "YWHAB", "GDE1", "DBI", "ETFA", "GHITM", "EEF1B2", "NGRN", "MRPL3", "MRPL42", "UCHL1", "IMPA1", "SNRPD2", "EIF3CL", "TMSB10", "JAK1", "ADSL", "MMD", "COMMD10", "TUFM", "NME1", "EEF1A1", "DHX40", "ALDH3A1", "NSA2", "NDUFS5", "CLNS1A", "AGPS", "POLR1D", "TMEM106C", "SUCLG1", "ETF1", "TMEM126B", "SKIV2L2", "SLC25A6", "AGPAT5", "PSMD14", "GLO1", "WRB", "MRPL18", "ODC1", "AMIGO2", "MTIF2", "HIGD1A", "ACAT1", "NME1-NME2", "C1ORF106", "PTDSS1", "ZNF706", "HLTF", "RPL14", "RBBP8", "LRRC8D", "AMZ2", "LTA4H", "POLR2J", "TIMM8B", "NQO1", "MDH1", "PNO1", "TXNRD1", "TPRKB", "SNF8", "TPD52L1", "GCLC", "COPS5", "AKR1B10", "KRT18", "PSAT1", "RLIM", "CNTN1", "ACO1", "SELT", "HIST1H4C", "RSL24D1", "NIT2"], "H3K27me3 Fetal Heart": ["COTL1", "S100A10"], "H3K27me3 Breast vHMEC": ["MAP1B", "CTCFL"], "H3K27me3 Mobilized CD34 Primary Cells": ["ACOT9", "SLC38A1", "USP9X", "CAV1", "MYOF", "AHNAK2", "RPL36A", "EEF1A1", "C1ORF106", "UCHL1", "KRT18", "PSAT1", "ID1", "RLIM", "CNTN1", "CTNNAL1", "RPL39", "S100A10"], "H3K27me3 CD4+ CD25- CD45RA+ Naive Primary Cells": ["SERPINE1", "ID1", "AHNAK2", "TPD52L1", "DNM1"], "H3K9me3 H1 Derived Mesenchymal Stem Cells": ["HK1"], "H3K27me3 Duodenum Mucosa": ["UCHL1", "PSAT1", "ID1", "AMIGO2", "AHNAK2", "CNTN1", "TRIB3"], "H3K27me3 IMR90": ["CNTN1"], "H3K27me3 H1 BMP4 Derived Trophoblast Cultured Cells": ["CD63", "LRRC59", "AHNAK", "AMIGO2", "RPS27L", "GHITM", "UCHL1", "CSRP1", "PSAT1", "C14ORF2", "ACO1", "JAK1", "ATF4"], "H3K27me3 Peripheral Blood Mononuclear Primary Cells": ["SLC38A1", "SERPINE1", "CNTN1", "PYCR1", "ANXA2P2"], "H3K27me3 Colonic Mucosa": ["KRT18", "PSAT1", "CAV1", "TXNRD1", "SERPINE1", "AMIGO2", "CNTN1", "MSN", "TRIB3", "VIM", "HIGD1A", "TPD52L1"], "H3K36me3 Bone Marrow Derived Mesenchymal Stem Cell Cultured Cells": ["TIMM8B", "RPS15A", "MRPL24"], "H3K4me1 Neurosphere Cultured Cells Ganglionic Eminence Derived": ["ARPC1A", "GDE1", "ETFA", "BZW1", "RPL9", "EEF1B2", "MRPL3", "CHCHD2", "IMPA1", "SNRPD2", "C14ORF2", "TMEM14B", "ACOT9", "ADSL", "MMD", "COMMD10", "MYOF", "YWHAZ", "GLTSCR2", "TUFM", "NME1", "NEIL3", "HAX1", "MTHFD2", "MRTO4", "S100A4", "ETF1", "TMEM126B", "NUPR1", "AIDA", "TKT", "SKIV2L2", "SLC25A6", "RPL12", "TAF9", "NDUFB2", "MTIF2", "HIGD1A", "PRPF8", "HSPD1", "NME1-NME2", "ZNF706", "NT5DC2", "UBC", "EIF4EBP1", "RPL15", "RPL18", "CCT5", "TIMM8B", "NQO1", "TXNRD1", "AHNAK2", "TPRKB", "TPD52L1", "GCLC", "KRT18", "QARS", "ID1", "CNTN1", "ACO1", "IARS", "ANXA2P2", "SELT", "HIST1H4C", "NIT2"], "H3K27me3 Neurosphere Cultured Cells Cortex Derived": ["AHNAK"], "H3K36me3 Adipose Nuclei": ["ITGAE"], "H3K4me3 Chondrocytes from Bone Marrow Derived Mesenchymal Stem Cell Cultured Cells": ["MTCH1", "MRPS16", "ARPC1A", "OLA1", "DBI", "ETFA", "GHITM", "PHB2", "PSMD8", "MRPL3", "UCHL1", "CHCHD2", "IMPA1", "SNRPD2", "C14ORF2", "COTL1", "EIF3CL", "TMEM14B", "JAK1", "KCMF1", "ADSL", "COMMD10", "MIF", "SRP9", "GLTSCR2", "TUFM", "NME1", "DHX40", "EEF1G", "HAX1", "NDUFS5", "MRTO4", "CANX", "NHP2", "POLR1D", "TMEM106C", "TRIB3", "SUCLG1", "ETF1", "TMEM126B", "AIDA", "SKIV2L2", "SLC25A6", "AGPAT5", "DTYMK", "PSMD14", "GLO1", "WRB", "ODC1", "TAF9", "MTIF2", "HIGD1A", "HSPD1", "ACAT1", "SNX3", "NME1-NME2", "ATP5B", "C1ORF106", "PTDSS1", "MAT2A", "IRAK1", "ZNF706", "NT5DC2", "HLTF", "EIF4EBP1", "RBBP8", "LRRC8D", "AMZ2", "LTA4H", "RPL15", "CCT7", "POLR2J", "SEC11A", "ATP6V1F", "VTI1B", "HNRNPA0", "TIMM8B", "NQO1", "XRCC5", "PNO1", "TXNRD1", "TPRKB", "SNF8", "TPD52L1", "COPS5", "CNOT7", "KRT18", "QARS", "PSAT1", "CNTN1", "SELT", "HIST1H4C", "NIT2", "RPS23", "CDKN3"], "H3K4me1 Penis Foreskin Fibroblast Primary Cells": ["TRAM1", "GDE1", "PARK7", "SLC1A5", "EEF1B2", "MRPL3", "IMPA1", "IRAK1", "ZNF706", "RBBP8", "VTI1B", "ADSL", "PNO1", "COMMD10", "TPRKB", "DEK", "TUFM", "MORF4L1", "HAX1", "AKR1B10", "PSAT1", "CCNG1", "CNTN1", "TMEM126B", "IARS", "NIT2", "SLC25A6"], "H3K4me2 Muscle Satellite Cultured Cells": ["RPL4", "MRPS16", "ZWILCH", "OLA1", "ATP5C1", "DBI", "ETFA", "GHITM", "PHB2", "EEF1B2", "MRPL3", "UCHL1", "CHCHD2", "IMPA1", "SNRPD2", "C14ORF2", "ARL6IP5", "TMEM14B", "JAK1", "ADSL", "RPS5", "COMMD10", "NME4", "GLTSCR2", "TUFM", "NME1", "EEF1A1", "DHX40", "EEF1G", "ALDH3A1", "HAX1", "NDUFS5", "AGPS", "MRTO4", "CANX", "NHP2", "POLR1D", "TMEM106C", "S100A4", "SUCLG1", "ETF1", "TMEM126B", "AIDA", "SKIV2L2", "SLC25A6", "AGPAT5", "DTYMK", "PSMD14", "GLO1", "TAF9", "NDUFB2", "MTIF2", "PRPF8", "HSPD1", "SNX3", "NME1-NME2", "C1ORF106", "PTDSS1", "ZNF706", "NT5DC2", "EIF4EBP1", "RBBP8", "AMZ2", "LTA4H", "CTNNAL1", "POLR2J", "ATP6V1F", "VTI1B", "TIMM8B", "NQO1", "PNO1", "TXNRD1", "TPRKB", "ASNS", "SNF8", "UCK2", "GCLC", "LSM7", "COPS5", "AKR1B10", "KRT18", "QARS", "CNTN1", "HIST1H4C", "RSL24D1", "NIT2", "RPS23"]}