{"AAGGGAT,MIR-188": ["SELT"], "AGTCTTA,MIR-499": ["TRAM1"], "CTCTAGA,MIR-526C,MIR-518F,MIR-526A": ["SLC25A3"], "CACGTTT,MIR-302A": ["MORF4L1"], "TCTGGAC,MIR-198": ["TCEA1"], "GTAGGCA,MIR-189": ["ACTR2"], "ACAACCT,MIR-453": ["HSPD1"], "AGTCTAG,MIR-151": ["RAN"], "TCTGATC,MIR-383": ["CTNNAL1"], "GGCCAGT,MIR-193A,MIR-193B": ["YWHAZ"], "AGTTCTC,MIR-146A,MIR-146B": ["IRAK1"], "TCCCCAC,MIR-491": ["CSRP1"], "TTGGGAG,MIR-150": ["ETF1"], "AACTGAC,MIR-223": ["MAP1B"], "ACCAATC,MIR-509": ["SELT"], "CCTGAGT,MIR-510": ["CAV1"], "AGGGCCA,MIR-328": ["YWHAZ"], "TAGGTCA,MIR-192,MIR-215": ["MSN"], "GGCACAT,MIR-455": ["GABARAP"], "GGGATGC,MIR-324-5P": ["RAN"]}