{"CTCF_GM12871_hg19": ["RPL5", "LRRC59", "TRAM1", "MRPS16", "RPL11", "RPLP0", "ARPC1A", "GDE1", "RPL36A", "TEX261", "GHITM", "EPRS", "RPL10A", "ACAT1", "PSMD8", "HINT1", "C14ORF2", "MKNK2", "RPL15", "POLR2J", "TXNRD1", "GSR", "ASNS", "RPS3A", "TPD52L1", "SEPT2", "DNM1", "TUFM", "PTP4A2", "UCK2", "CNOT7", "TMEM106C", "RPL24", "ACO1", "RPL26", "IARS", "ANXA2P2", "RSL24D1"], "EGR1_ECC-1_hg19": ["YWHAE", "CD63", "CCNI", "RPL34", "CLTC", "GHITM", "TXN", "BZW1", "HSPD1", "PSMD8", "NME1-NME2", "RPL7A", "LASP1", "MAT2A", "YWHAQ", "ZNF706", "C19ORF53", "UBC", "AMZ2", "SNX5", "HNRNPA0", "ACTR2", "ATP6V1G1", "RPL13A", "PYCR1", "RPS3A", "GLTSCR2", "NME1", "EEF1A1", "PTP4A2", "HAX1", "MRTO4", "DDIT4", "H3F3AP4", "ACO1", "RPL26", "PABPC1", "AIDA", "RAN", "RPS24", "SLC25A6"], "MYC_NB4_hg19": ["POP5", "SRP19", "DTYMK", "SLC25A3", "MRPS16", "RPL3", "CCNI", "YWHAB", "ODC1", "ARPC1A", "OLA1", "DBI", "TXN", "RPL10A", "GABARAP", "RPL7A", "RPS16", "TMSB10", "RPL39", "HNRNPA3", "RPS7", "TXNRD1", "AKR1A1", "RPL13A", "MRPL24", "LSM4", "DHX40", "LSM7", "HAX1", "QARS", "AGPS", "DDIT4", "H3F3AP4", "TMEM106C", "ACO1", "SUCLG1", "EIF3E", "TMEM126B", "AIDA", "SKIV2L2"], "CTCF_WI38_hg19": ["RPL5", "LRRC59", "TRAM1", "SERPINE1", "RPL11", "RPLP0", "ARPC1A", "AMIGO2", "RPL36A", "TEX261", "PARK7", "GHITM", "EPRS", "RPL10A", "NME1-NME2", "MRPL42", "C1ORF106", "MAT2A", "C14ORF2", "MKNK2", "RPL15", "POLR2J", "ATP6V1F", "HNRNPA3", "TXNRD1", "MYOF", "RPS3A", "MIF", "DEK", "TPD52L1", "SRP9", "DNM1", "TUFM", "NME1", "PTP4A2", "GCLC", "HAX1", "RAB13", "TMEM106C", "VIM", "RPL26", "IARS", "ANXA2P2", "SELT", "HIST1H4C"], "CHD1_H1-hESC_hg19": ["RPL4", "POP5", "MTCH1", "TRAM1", "MRPS16", "CLTC", "GDE1", "ATP5C1", "DBI", "PARK7", "GHITM", "EPRS", "PHB2", "UCHL1", "LASP1", "YWHAQ", "BSG", "TMSB10", "TMEM14B", "ACOT9", "ATP6V1G1", "ADSL", "RPS7", "RPS5", "COMMD10", "MYOF", "GTF3A", "RPSA", "MIF", "YWHAZ", "SEPT2", "GLTSCR2", "HAX1", "AIDA", "TKT", "FTL", "LRRC59", "GLO1", "MRPL18", "TAF9", "AMIGO2", "TEX261", "MTIF2", "SNX3", "MKNK2", "RBBP8", "FIS1", "PNO1", "TXNRD1", "GSR", "SNF8", "TPD52L1", "LSM7", "COPS5", "CNOT7", "KRT18", "TCEA1", "SELT", "NIT2"], "RAD21_IMR-90_hg19": ["RPL5", "LRRC59", "RPL3", "SERPINE1", "ODC1", "RPL11", "ARPC1A", "OLA1", "RPL36A", "PARK7", "EPRS", "RPL10A", "BZW1", "PRPF8", "NME1-NME2", "C14ORF2", "MKNK2", "RBBP8", "POLR2J", "RPL39", "TIMM8B", "ATP6V1G1", "ADSL", "TXNRD1", "RPS3A", "SNF8", "MRPL24", "SRP9", "DNM1", "TUFM", "NME1", "EEF1A1", "PTP4A2", "CLNS1A", "MRTO4", "TMEM106C", "RPL26", "IARS"], "CTCF_CH12.LX_mm9": ["EIF4A2", "RPL5", "POP5", "MRPS16", "CCNI", "RPL34", "RPLP0", "PARK7", "RPL10A", "MRPL33", "PSMD8", "RPL7A", "HINT1", "RPS18", "EIF5A", "ACOT9", "ADSL", "RPS5", "MYOF", "RPL13A", "RPS3A", "SRP9", "DNM1", "TUFM", "NME1", "COX7A2L", "MTHFD2", "NHP2", "TMEM106C", "TRIB3", "SUCLG1", "RPL26", "LRRC59", "DTYMK", "WRB", "ODC1", "RPL11", "AMIGO2", "RPL36A", "TEX261", "MTIF2", "HIGD1A", "IRAK1", "RPL14", "LRRC8D", "AMZ2", "POLR2J", "EMC8", "VTI1B", "TIMM8B", "XRCC5", "SNF8", "EEF2", "LSM4", "GCLC", "COPS5", "RAB13", "VIM", "HIST1H4C", "NIT2"], "RXRA_SK-N-SH_hg19": ["ANXA2", "SERPINE1", "TAGLN2", "VIM", "RPL26", "HIST1H4C"], "FOXP2_PFSK-1_hg19": ["DHX40", "CDK4", "RLIM", "TCEA1", "AMZ2", "LSM4", "EIF4B"], "GABPA_MEL cell line_mm9": ["NQO1", "LRRC59", "PRDX1", "UBC", "POLR2J"], "CTCF_pancreas_hg19": ["RPL5", "LRRC59", "TRAM1", "RPL3", "RPL11", "RPLP0", "GDE1", "RPL36A", "TEX261", "PARK7", "EPRS", "RPL10A", "ACTB", "ACAT1", "MRPL3", "HINT1", "PTDSS1", "CSRP1", "IRAK1", "C14ORF2", "KIF5B", "MKNK2", "POLR2J", "FIS1", "ADSL", "STARD7", "TXNRD1", "MYOF", "AKR1A1", "ASNS", "TPD52L1", "DNM1", "PTP4A2", "CNOT7", "IMPDH2", "AGPS", "H3F3AP4", "TMEM106C", "ANXA2P2"], "POLR2AphosphoS2_K562_hg19": ["YWHAE", "MRPS16", "YWHAB", "ARPC1A", "GDI2", "GDE1", "PARK7", "RPL10A", "RPL9", "PHB2", "FAM127A", "MRPL33", "PSMD8", "RPS16", "SNRPD2", "YWHAQ", "KIF5B", "RAC1", "TMEM14B", "JAK1", "EIF5A", "ACOT9", "ACTR2", "ADSL", "STARD7", "PRMT1", "AKR1A1", "SEPT2", "TUFM", "NSA2", "HAX1", "AGPS", "MRTO4", "NHP2", "POLR1D", "TRIB3", "GARS", "ETF1", "TMEM126B", "PABPC1", "AGPAT5", "LRRC59", "AHNAK", "WRB", "ODC1", "TEX261", "SNX3", "MKNK2", "BUB3", "RPL41", "GSR", "TPD52L1", "EEF2", "LSM4", "LSM7", "COPS5", "EIF3L", "PSAT1", "IMPDH2", "RLIM", "RPL13AP6", "NIT2"], "MXI1_H1-hESC_hg19": ["SLC25A3", "RPL3", "ARPC1A", "CLTC", "KIAA0020", "ETFA", "MTIF2", "PARK7", "SLC1A5", "PHB2", "MRPL33", "NARS", "RPL7A", "CSRP1", "IMPA1", "C19ORF53", "BSG", "ARL6IP5", "COTL1", "RPL14", "S100A10", "NQO1", "ACOT9", "TXNRD1", "AKR1A1", "MRPL24", "LSM4", "DNM1", "LSM7", "KRT18", "PSAT1", "RLIM", "TMEM106C", "RPL24", "IARS", "RPS23", "CDKN3"], "RAD21_MEL cell line_mm9": ["EIF4A2", "RPL5", "POP5", "TRAM1", "MRPS16", "RPLP0", "CLTC", "PARK7", "RPL10A", "MRPL33", "EIF5A", "ACOT9", "ADSL", "RPS5", "RPL23", "MYOF", "RPL13A", "RPS3A", "SRP9", "DNM1", "TUFM", "NME1", "PTP4A2", "HAX1", "DDIT4", "TMEM106C", "STRAP", "TAGLN2", "TRIB3", "RPL26", "LRRC59", "DTYMK", "AHNAK", "WRB", "RPL11", "RPL36A", "TEX261", "MTIF2", "IRAK1", "PRDX1", "AMZ2", "CCT7", "POLR2J", "CCT5", "EIF4B", "MDH1", "USP9X", "TPRKB", "ASNS", "PYCR1", "DEK", "LSM4", "COPS5", "RAB13", "NIT2"], "POLR2A_IMR-90_hg19": ["CD63", "ODC1", "ARPC1A", "DBI", "MTIF2", "PARK7", "TXN", "ATP5B", "LASP1", "RPS16", "CTNNAL1", "POLR2J", "RPL39", "HNRNPA0", "NQO1", "MDH1", "XRCC5", "RPS8", "TXNRD1", "AHNAK2", "GTF3A", "TPRKB", "AKR1A1", "SNF8", "MRPL24", "LSM4", "DNM1", "GLTSCR2", "COPS5", "HAX1", "CLNS1A", "H3F3AP4", "SUCLG1", "RPL26", "IARS", "AIDA", "RAN"], "CTCF_Caco-2_hg19": ["RPL5", "LRRC59", "TRAM1", "RPL11", "RPLP0", "GDE1", "RPL36A", "TEX261", "MTIF2", "GHITM", "EPRS", "RPL10A", "PHB2", "ACAT1", "PSMD8", "SNX3", "C1ORF106", "HINT1", "C14ORF2", "MKNK2", "METTL9", "TIMM8B", "STARD7", "CAV1", "MYOF", "AKR1A1", "DSTN", "ASNS", "RPS3A", "TPD52L1", "SRP9", "DNM1", "TUFM", "PTP4A2", "CLNS1A", "TMEM106C", "ACO1", "TRIB3", "RPL26", "ANXA2P2", "RSL24D1"], "POLR2AphosphoS2_HeLa-S3_hg19": ["MRPS16", "GDI2", "RPS27L", "DBI", "TEX261", "PARK7", "YBX1", "TOMM20", "MRPL33", "NGRN", "CHCHD2", "IMPA1", "ZNF706", "COTL1", "POLR2J", "TMEM14B", "ATP6V1F", "KCMF1", "ACTR2", "ATP6V1G1", "ADSL", "MMD", "MYOF", "AHNAK2", "SNF8", "TPD52L1", "DNM1", "GLTSCR2", "TUFM", "LSM7", "COX7A2L", "QARS", "EIF3L", "CLNS1A", "EIF3E", "AIDA", "CDKN3"], "ESRRA_HepG2_hg19": ["STARD7", "GDI2", "TKT", "SLC25A6"], "POLR2A_spleen_mm9": ["AHNAK", "GLO1", "RPL12", "RPL11", "ARPC1A", "TEX261", "EPRS", "RPL6", "MRPL33", "ACAT1", "MRPL42", "SNRPD2", "VPS51", "PRDX1", "EIF4EBP1", "LRRC8D", "BUB3", "CYC1", "SEC11A", "METTL9", "RPL39", "S100A10", "ACOT9", "IFRD2", "COMMD10", "AKR1A1", "RPSA", "MIF", "DEK", "GLTSCR2", "UCK2", "COPS5", "EIF3L", "CLNS1A", "IMPDH2", "AGPS", "NHP2", "EIF3E", "SKIV2L2"], "POLR2AphosphoS5_GM12891_hg19": ["POP5", "SRP19", "DTYMK", "YWHAB", "WRB", "ARPC1A", "GDI2", "OLA1", "RPS4Y1", "MRPL33", "SNX3", "NGRN", "RPS16", "IRAK1", "MKNK2", "AMZ2", "LTA4H", "TMEM14B", "HNRNPA0", "NQO1", "ACOT9", "HNRNPA3", "ATP6V1G1", "XRCC5", "GTF3A", "AKR1A1", "MRPL24", "GLTSCR2", "LSM7", "COX7A2L", "TCEA1", "STRAP", "GARS", "EIF3E", "IARS", "RSL24D1"]}