{"H3K4me3_SK-N-SH_hg19": ["AGPAT5", "EIF5A", "FIS1", "NQO1", "GSR", "CLTC", "TAF9", "RPSA", "SNX3", "CSRP1", "MAT2A", "QARS", "YWHAQ", "MAP1B", "RAB13", "MRTO4", "TCEA1", "GARS", "RAC1", "RPL15", "SEC11A", "SNX5", "S100A10"], "H3K4me1_CH12.LX_mm9": ["POP5", "MTCH1", "SLC25A3", "AHNAK", "SERPINE1", "GDE1", "PARK7", "RPL10A", "TOMM20", "ACAT1", "MRPL3", "CSRP1", "EIF4EBP1", "COTL1", "IARS2", "CYC1", "COA3", "ATP6V1G1", "MYOF", "AKR1A1", "MIF", "EIF2S2", "MRPL24", "YWHAZ", "DHX40", "MORF4L1", "ALDH3A1", "UCK2", "CDK4", "PSAT1", "AGPS", "ID1", "RAB13", "ALDH1A1", "STRAP", "TRIB3", "S100A4", "EIF3E", "NUPR1", "TKT", "RPS24", "LAMTOR5"], "H3K4me2_T-cell acute lymphoblastic leukemia_hg19": ["RPL4", "POP5", "FIS1", "NQO1", "ABHD4", "ZWILCH", "RPS5", "COMMD10", "SERPINE1", "MYOF", "DBI", "MTIF2", "PARK7", "GLTSCR2", "HAX1", "SNRPD2", "QARS", "ID1", "AMZ2", "ANXA2P2", "HIST1H4C", "RPS23", "FTL"], "H3K4me3_A549_hg19": ["SRP19", "MRPS16", "CCNI", "TAF9", "DBI", "PARK7", "RPS4Y1", "FAM127A", "MRPL33", "NME1-NME2", "NGRN", "PTDSS1", "SNRPD2", "AMZ2", "POLR2J", "VTI1B", "TIMM8B", "SLC38A1", "ADSL", "PNO1", "RPS5", "COMMD10", "PYCR1", "EEF2", "DNM1", "GLTSCR2", "NME1", "LSM7", "AKR1B10", "EIF3L", "RAB13", "ALDH1A1", "CNTN1", "ACO1", "GARS", "TMEM126B", "ANXA2P2", "SKIV2L2", "RPS23", "ATF4", "FTL"], "H3K9ac_mammary epithelial cell_hg19": ["KCMF1", "AGPAT5", "POP5", "NQO1", "PNO1", "RPS5", "COMMD10", "MTIF2", "PARK7", "SNF8", "PHB2", "TUFM", "C1ORF106", "LSM7", "NSA2", "HAX1", "ZNF706", "TMEM126B", "SKIV2L2", "RPS23", "SLC25A6"], "H3K4me2_CD14-positive monocyte_hg19": ["TIMM8B", "MRPS16", "AHNAK2", "MTIF2", "NME4", "HIGD1A", "EEF2", "MRPL24", "RPL9", "PHB2", "NME1", "CHCHD2", "LSM7", "NSA2", "PSAT1", "C14ORF2", "ID1", "IARS", "CYC1", "POLR2J", "RPL17", "FTL"], "H3K4me3_bone marrow macrophage_mm9": ["POP5", "COMMD10", "SERPINE1", "ASNS", "PYCR1", "NME4", "TPD52L1", "DNM1", "GNB2L1", "MRPL33", "MRPL42", "LSM7", "XPO1", "SNRPD2", "ID1", "RAB13", "DDIT4", "RPL14", "TRIB3", "NUPR1", "SEC11A"], "H3K4me3_heart_mm9": ["POP5", "WRB", "GDE1", "MTIF2", "GABARAP", "MRPL33", "NARS", "NGRN", "MRPL3", "MRPL42", "UCHL1", "XPO1", "YWHAQ", "VPS51", "UBC", "BUB3", "SEC11A", "EIF5A", "NQO1", "ANXA2", "COMMD10", "MYOF", "TPRKB", "ASNS", "PYCR1", "NME4", "GLTSCR2", "KRT18", "RAB13", "DDIT4", "ALDH1A1", "ACO1", "TRIB3", "NUPR1", "HIST1H4C", "SKIV2L2", "AARS"], "H3K4me3_NT2-D1_hg19": ["TIMM8B", "EIF5A", "RPL30", "MRPS16", "PNO1", "RPS5", "COMMD10", "ATP5C1", "PYCR1", "MTIF2", "NME4", "PARK7", "GLTSCR2", "LASP1", "ACO1", "AMZ2", "AIDA", "CCT7", "NIT2", "EIF4B", "ATF4"], "H3K4me3_liver_mm9": ["RPL4", "POP5", "YWHAB", "MRPL33", "NGRN", "MRPL3", "MRPL42", "PTDSS1", "XPO1", "YWHAQ", "VPS51", "POLR2J", "SEC11A", "VTI1B", "NQO1", "COA3", "COMMD10", "MYOF", "ASNS", "PYCR1", "NME4", "DNM1", "LSM7", "COPS5", "EIF3L", "RAB13", "DDIT4", "ALDH1A1", "TAGLN2", "TRIB3", "NIT2", "SKIV2L2"], "H3K4me3_Panc1_hg19": ["POP5", "TAF9", "DBI", "EEF1B2", "NME1-NME2", "C1ORF106", "XPO1", "SNRPD2", "YWHAQ", "AMZ2", "LTA4H", "CCT7", "RPL39", "SNX5", "S100A10", "TIMM8B", "EIF5A", "MDH1", "RPS5", "COMMD10", "DEK", "EEF2", "YWHAZ", "TUFM", "NME1", "LSM7", "KRT18", "EIF3L", "CLNS1A", "GARS", "VIM", "TMEM126B", "SKIV2L2", "ATF4", "SLC25A6"], "H3K9ac_ES-E14_mm9": ["AGPAT5", "MRPS16", "ABHD4", "NDUFB2", "RPS27L", "ETFA", "SNX3", "NGRN", "MAT2A", "IARS2", "AMZ2", "POLR2J", "SEC11A", "MDH1", "XRCC5", "PNO1", "COMMD10", "TPRKB", "SNF8", "EIF1", "RAB13", "TMEM106C", "ETF1", "NUPR1", "IARS"], "H3K27ac_endothelial cell of umbilical vein_hg19": ["TIMM8B", "NQO1", "MRPS16", "CLTC", "MTIF2", "MRPL24", "PHB2", "GLTSCR2", "GABARAP", "TUFM", "HAX1", "CNOT7", "MAT2A", "QARS", "EIF3L", "COTL1", "AMZ2", "ETF1", "TMEM126B", "RPL26", "IARS", "AIDA", "TMEM14B", "SLC25A6"], "H3K4me3_H1-hESC_hg19": ["KCMF1", "NQO1", "DTYMK", "MRPS16", "MDH1", "COMMD10", "MYOF", "DSTN", "PYCR1", "TEX261", "RPSA", "PARK7", "LSM7", "PTDSS1", "NSA2", "CNOT7", "ZNF706", "EIF3L", "ACO1", "AMZ2", "TMEM126B", "AIDA", "CCT7", "POLR2J"], "H3K4me3_astrocyte_hg19": ["TIMM8B", "POP5", "RPL30", "MRPS16", "XRCC5", "PNO1", "RPS5", "COMMD10", "PYCR1", "DBI", "MTIF2", "NME4", "PARK7", "GLTSCR2", "C1ORF106", "LSM7", "HAX1", "KRT18", "QARS", "ZNF706", "AMZ2", "CCT7", "HIST1H4C", "POLR2J"], "H3K9ac_HepG2_hg19": ["KCMF1", "TIMM8B", "RPL4", "EIF5A", "POP5", "MTCH1", "PNO1", "COMMD10", "MYOF", "MTIF2", "DNM1", "GLTSCR2", "IMPA1", "QARS", "NDUFS5", "RAB13", "AIDA", "POLR2J", "NIT2", "SKIV2L2", "RPS24", "RPS23"], "H3K4me3_cerebellum_mm9": ["RPL4", "EIF5A", "POP5", "NQO1", "ANXA2", "RPL34", "SERPINE1", "MYOF", "PYCR1", "MRPL33", "MRPL42", "XPO1", "UBC", "DDIT4", "ARL6IP5", "CNTN1", "ACO1", "TMEM126B", "SEC11A", "METTL9", "SKIV2L2"], "H3K4me2_fibroblast of dermis_hg19": ["TIMM8B", "DTYMK", "MRPS16", "PNO1", "RPS5", "ODC1", "PYCR1", "MTIF2", "PARK7", "EEF2", "SEPT2", "TUFM", "EEF1B2", "ALDH3A1", "LSM7", "QARS", "EIF3L", "NT5DC2", "ALDH1A1", "CCT7", "HIST1H4C"], "H3K27ac_mammary epithelial cell_hg19": ["POP5", "CD63", "TRAM1", "DTYMK", "MRPS16", "CLTC", "MTIF2", "PARK7", "PHB2", "RPL7A", "C1ORF106", "CCT7", "PNO1", "SNF8", "TUFM", "ALDH3A1", "HAX1", "QARS", "EIF3L", "PSAT1", "MRTO4", "TMEM126B", "RPL26", "IARS", "SLC25A6"], "H3K4me3_brain_mm9": ["EIF5A", "POP5", "NQO1", "SERPINE1", "MYOF", "ASNS", "MSN", "PYCR1", "MTIF2", "NME4", "EPRS", "DNM1", "XPO1", "SNRPD2", "YWHAQ", "VPS51", "DDIT4", "POLR1D", "ACO1", "TRIB3", "BUB3", "SEC11A"]}