{"GTCTACC,MIR-379": ["HBEGF"], "CTACTAG,MIR-325": ["ATP1B1"], "ACGCACA,MIR-210": ["GPD1L"], "GTGTCAA,MIR-514": ["PCCA"], "GTAGGCA,MIR-189": ["BTBD3"], "GGCACAT,MIR-455": ["NR4A2"], "GGTGAAG,MIR-412": ["EIF4E"], "GGCAGAC,MIR-346": ["PFN2"], "TCTAGAG,MIR-517": ["HOXB13"], "CTCTATG,MIR-368": ["SATB2"], "GTAAGAT,MIR-200A": ["KCNS3"], "GTAAACC,MIR-299-5P": ["HSPA2"], "TCGATGG,MIR-213": ["SATB2"], "TACGGGT,MIR-99A,MIR-100,MIR-99B": ["FGFR3"], "ACATATC,MIR-190": ["RPS6KA3"], "TAGGTCA,MIR-192,MIR-215": ["B4GALT2"], "CCATCCA,MIR-432": ["RPS6KA3"], "ACAACCT,MIR-453": ["IFIT1"], "CCCACAT,MIR-299-3P": ["IFIT1"], "GCAAGAC,MIR-431": ["NR3C2"]}