{"TEAD4-22529382-TROPHECTODERM-MOUSE": ["LYN", "PI4K2B", "CLIC4", "H3F3B", "SDC4", "DDX58", "UXS1", "EDEM1", "SLC41A2", "LMO2", "SLC1A3", "UBE2L6", "CXCL1", "PTTG1IP", "SQRDL", "RNF144B", "ZNFX1", "SLC25A28", "OAS2", "NBN", "SGK1", "KPNB1", "FKBP5"], "GABP-19822575-HepG2-human": ["UFD1L", "CD274", "RPL30", "SPPL2A", "RNF19B", "PTTG1IP", "ACTB", "RPS16", "RASSF4", "SEC61G", "NAMPT", "RPS3", "EMILIN2", "RBM34", "RPS12", "SSB", "WARS", "H3F3B", "RIPK2", "TDRD7", "TOR1B", "TAPBP", "PSMA6", "ZNFX1", "NAGK", "PPA1", "MTF1", "SPECC1L", "PPIF", "PSME1", "DLD", "B4GALT5"], "AR-19668381-PC3-HUMAN": ["TNFAIP6", "AQP9", "SPPL2A", "GMPR", "SLC1A3", "IFIT1", "RASGRP1", "TNFSF13B", "SEC61G", "BAG1", "EPSTI1", "SLC39A8", "APOL3", "RAB8B", "HS3ST3B1", "CCL20", "SP110", "EDEM1", "LMO2", "EMR1", "TAP1", "AKR1C2", "LILRB1", "LHFPL2", "PARP14", "ISG20", "EXT1", "TMEFF2", "MARCKS", "NAGK", "PSMA1", "GPD2", "B4GALT5"], "CREB1-23762244-HIPPOCAMPUS-RAT": ["UFD1L", "RPL34", "GTF2B", "ADAR", "CBWD1", "GPR84", "ACTB", "SLC25A28", "PSTPIP2", "FTH1", "RPS3", "RAB8B", "HS3ST3B1", "WSB1", "WARS", "H3F3B", "GCH1", "TAP1", "TOR1B", "MANF", "EXT1", "MYL6", "ZNFX1", "MTF1", "DDIT4", "VIM", "MXD1", "KPNB1"], "MYC-18358816-MESC-mouse": ["RPL30", "IFITM2", "RPL32", "UXS1", "AMD1", "IFI35", "GPR84", "FUT4", "ICAM1", "IFIT2", "EEF1B2", "PSMB4", "SLC25A28", "SEC61G", "NFKBIZ", "RPS3", "NBN", "BID", "RBM34", "RPL39", "RPS12", "HS3ST3B1", "PNPT1", "H3F3B", "RPS8", "ADPRHL2", "PARP14", "SOD2", "ATOX1", "PSMA6", "TNIP2", "PPA1", "RPS29", "GPD2", "PPIF", "RGL1", "PFN1", "BLVRA", "KPNB1", "PFKP"], "GATA1-22025678-K562-HUMAN": ["RSAD2", "SLC43A3", "PIK3AP1"], "JARID1A-20064375-MESC-MOUSE": ["NDUFA9", "UFD1L", "PNPT1", "WARS", "ADAR", "CBWD1", "UBE2Z", "COX6B1", "TAPBP", "EEF1B2", "PSMD8", "PSMA6", "PSMB4", "MYL6", "RPS16", "PSMA1", "MTF1", "ORMDL2", "SEC61G", "BAG1", "DNAJB11", "NBN", "RBM34", "DLD"], "ASH2L-23239880-MESC-MOUSE": ["IFITM3", "CLIC4", "IFITM2", "TNFAIP6", "SLC1A3", "ADAR", "CBWD1", "IFIT2", "EEF1B2", "PLAC8", "RPS16", "SEC61G", "UBC", "NAMPT", "TNFSF10", "RPL39", "CD55", "KCNJ2", "RPS12", "NDUFA9", "HS3ST3B1", "MREG", "DDX58", "ACSL1", "LMO2", "CFLAR", "PARP14", "NFKBIA", "HCK", "PSMA6", "MARCKS", "SLC7A7", "PSMA1", "IL1B", "MTF1", "TNIP3", "SCGB1A1", "PSME1", "CD47", "RGL1", "SGK1", "KPNB1", "IDO1"], "CREM-20920259-GC1-SPG-MOUSE": ["UFD1L", "PI4K2B", "CLIC4", "RPL30", "B4GALT1", "UXS1", "RPL34", "GTF2B", "AMD1", "TNFAIP2", "RNF19B", "ADAR", "CBWD1", "UBE2Z", "ACTB", "GLDN", "ACTG1", "EEF1B2", "PSMD8", "TUBB6", "RPS16", "SEC61G", "FTH1", "NAMPT", "EMILIN2", "SH3BGRL3", "SLC39A8", "DENND5A", "NBN", "TMSB10", "RAB8B", "MREG", "WSB1", "TPM4", "ADPRHL2", "ACSL1", "CKAP4", "CH25H", "MYL6", "PSMA1", "MTF1", "DNAJB11", "PPIF", "CD47", "LAP3", "PFN1", "DLD", "OPTN", "KPNB1", "B4GALT5", "FKBP5", "CD63", "SLC41A2", "PTTG1IP", "GPR84", "HIF1A", "UGCG", "PSMB4", "DRAM1", "SLC25A28", "ORMDL2", "BAG1", "UBC", "RPS3", "STOM", "ST3GAL5", "CD55", "LYN", "SSB", "H3F3B", "EDEM1", "SOD2", "PARP12", "MANF", "EXT1", "MARCKS", "ZNFX1", "P2RX4", "NAGK", "BCL6", "TNIP2", "RPS29", "ATP13A3", "MXD1"], "TCF4-23295773-U87-HUMAN": ["PIGR", "CPM", "RPL32", "SPPL2A", "TNFAIP2", "RNF19B", "ADAR", "ADM", "DDX60L", "BASP1", "PSTPIP2", "CCRL2", "NFKBIZ", "EPSTI1", "RPS12", "HAVCR2", "IL15RA", "MREG", "ANXA2", "ACSL1", "LMO2", "ANXA5", "VAV1", "TMEFF2", "PSMA1", "GPD2", "KIAA0247", "PPIF", "AIDA", "SGK1", "B4GALT5", "CES1", "CD274", "SAMD9", "SLC41A2", "FAM129A", "SRI", "HIF1A", "CCL8", "UBC", "SLAMF7", "KCNJ2", "GCH1", "CCL20", "SUSD1", "TDRD7", "PILRA", "ISG20", "NFKBIA", "RGL1", "XAF1", "IL7R"], "REST-21632747-MESC-MOUSE": ["PI4K2B", "SP110", "NR1H3", "ADM", "TOR1B", "PARP14", "SOD2", "NFKB1", "GLDN", "MANF", "FGD2", "CXCL11", "MARCKS", "RPS29", "BASP1", "KYNU", "RAC2", "CCL2", "PIK3AP1", "BID", "SGK1", "KPNB1"], "SMAD4-21799915-A2780-HUMAN": ["FAM129A", "SLC1A3", "SNX10", "SQRDL", "PTGS2", "HIF1A", "OASL", "NAMPT", "RAC2", "SLAMF7", "CD55", "IL10RA", "LMO2", "ANXA5", "PLA2G4A", "G0S2", "IFI44", "TDRD7", "LAMB1", "LHFPL2", "TOR1B", "NFKB1", "EXT1", "RNF144B", "AIM2", "RPS29", "GPD2", "IL1B", "KIAA0247", "VOPP1", "MNDA", "TGFBI", "ATP13A3", "RGL1", "SGK1"], "RCOR3-21632747-MESC-MOUSE": ["PI4K2B", "CPM", "NCF1", "RNF19B", "SNX10", "RASGRP1", "ACTB", "ACTG1", "FGD2", "RPS16", "BASP1", "KYNU", "CCL2", "SH3BGRL3", "SEMA4D", "SP110", "EDEM1", "LIMK2", "LMO2", "TNFRSF1B", "TOR1B", "PARP9", "NFKBIA", "PSMA6", "RNF144B", "SLC7A7", "OAS2", "RPS29", "GPD2", "MTF1", "DDIT4", "SPECC1L", "PPIF", "VIM", "PIK3AP1", "MXD1", "SGK1", "KPNB1", "TLR2", "FKBP5"], "KLF4-18555785-MESC-mouse": ["IFITM3", "SDC4", "UXS1", "SNX10", "ADM", "CBWD1", "UBE2Z", "RASGRP1", "EEF1B2", "TMSB4X", "BAG1", "RBM34", "TMSB10", "RAB8B", "ACOT9", "MREG", "SSB", "ANXA2", "RPS8", "STAT2", "ANXA5", "CKAP4", "TAPBP", "HCK", "NINJ1", "PPIF", "CD47", "OPTN", "B4GALT5"], "SIN3B-21632747-MESC-MOUSE": ["CPM", "CD40", "RPL30", "IFITM2", "UXS1", "GTF2B", "ADAR", "SNX10", "ADM", "ACTB", "ICAM1", "ACTG1", "EEF1B2", "TUBB6", "BASP1", "KYNU", "EPSTI1", "NBN", "RBM34", "CLIC1", "SRGN", "HS3ST3B1", "SP110", "PSMA6", "RNF144B", "TMEFF2", "PSMA4", "PSMA1", "MTF1", "DDIT4", "DNAJB11", "PPIF", "KPNB1", "FAM129A", "PTTG1IP", "GPR84", "FGD2", "CCL2", "CD55", "KCNJ2", "NR1H3", "LAMB1", "TOR1B", "PARP14", "SOD2", "MANF", "NFKBIA", "MAFB", "NAGK", "RPS29", "VIM", "PIK3AP1"], "KDM5B-21448134-MESC-MOUSE": ["PTGER4", "GTF2B", "RNF19B", "ADM", "CBWD1", "UBE2Z", "RASGRP1", "HIF1A", "RPS16", "DRAM1", "ORMDL2", "SEC61G", "NAMPT", "RBM34", "SSB", "PNPT1", "WSB1", "TPM4", "ACSL1", "STAT2", "LMO2", "NR1H3", "CFLAR", "TNFRSF1B", "SOD2", "NFKBIA", "PSMA6", "PSMC6", "MAFB", "PSMA4", "PSMA1", "BCL6", "DNAJB11", "LAP3", "ATP13A3", "AIDA", "DLD", "KPNB1", "PFKP"], "BP1-19119308-Hs578T-human": ["CCL4"], "TP53-23651856-MEF-MOUSE": ["PI4K2B", "B4GALT1", "SLC43A3", "SLC41A2", "CD80", "SLC1A3", "IFI35", "FUT4", "IFIT3", "ICAM1", "FGD2", "IFIT2", "TUBB6", "UBC", "SH3BGRL3", "CLIC1", "IER3", "HS3ST3B1", "MREG", "H3F3B", "ADPRHL2", "ANXA5", "PLAUR", "PLA2G4A", "NR1H3", "CFLAR", "EXT1", "CXCL10", "CXCL11", "DDIT4", "NINJ1", "VOPP1", "CD47", "PLEKHO2", "MXD1", "XAF1", "CD44", "KPNB1", "IDO1"], "TET1-21451524-MESC-MOUSE": ["LYN", "CPM", "IGSF6", "PNPT1", "TNFAIP6", "SDC4", "RPL32", "TAP1", "UBE2L6", "ADAR", "UBE2Z", "GLDN", "ATOX1", "TNFSF13B", "MYL6", "DRAM1", "NFKBIZ", "SCGB3A1", "NBN", "TGFBI", "PIK3AP1"], "TP63-17297297-HaCaT-human": ["S100A2", "DDIT4"]}