{"MYC::MAX (human)": ["TNF"], "RXRA::VDR (human)": ["TNF"], "PBX1 (human)": ["LYN", "TNF"], "PLAG1 (human)": ["TNF"], "NR1H2::RXRA (human)": ["TNF"], "NFYB (human)": ["FTH1", "ACTB"], "INSM1 (human)": ["TNF"], "REST (human)": ["TNF"], "MIZF (human)": ["TNF"], "RXR::RAR_DR5 (human)": ["TNF"], "CTCF (human)": ["TNF"], "TLX1::NFIC (human)": ["TNF"], "CPEB1 (human)": ["CFLAR"], "HNF1B (mouse)": ["RIPK2"], "CBX5 (human)": ["AKR1C2"], "RREB1 (human)": ["TNF"], "NHLH1 (human)": ["TNF"], "RORA_2 (human)": ["TNF"], "IRF1 (human)": ["TNF"], "EWSR1-FLI1 (human)": ["TNF"]}