{"H3K9me3 Brain Germinal Matrix": ["EMR1"], "H3K36me3 H1 Derived Mesenchymal Stem Cells": ["SEMA4D", "H3F3B", "S100A2", "ADPRHL2", "ADM", "C3", "CH25H", "BASP1", "FTH1", "PPIF", "CTSH", "VIM", "TMSB10"], "H3K36me3 Duodenum Mucosa": ["SLC41A2", "NR1H3", "LOC284454"], "H3K27me3 CD4+ CD25int CD127+ Tmem Primary Cells": ["CH25H", "IL6", "SLPI", "AQP9", "SCGB3A1", "PTX3", "LAMB1", "TGFBI", "FPR2", "SGK1", "TLR2"], "H3K36me3 CD3 Primary Cells": ["TIMMDC1", "LOC284454"], "H3K36me3 Muscle Satellite Cultured Cells": ["TMSB4X", "SH3BGRL3", "CXCL5"], "H4K20me1 H9": ["UFD1L", "B4GALT1", "ADPRHL2", "SPPL2A", "RNF19B", "ICAM1", "TNIP2", "PSTPIP2", "MTF1", "UBC", "CCL2", "CMPK2", "PSME2", "RPS12"], "H3K9me3 Penis Foreskin Fibroblast Primary Cells": ["GBP5", "LILRB1"], "H3K36me3 Penis Foreskin Fibroblast Primary Cells": ["IFITM3", "RPL30", "MT2A", "IGSF6", "S100A2", "RAB8B"], "H3K9me3 Adult Liver": ["SEMA4D", "IL10RA"], "H3K36me3 Stomach Smooth Muscle": ["LOC284454"], "H3K27me3 Breast vHMEC": ["G0S2", "LILRB2", "RASGRP1", "FUT4", "GLDN", "VAV1", "ICAM1", "HERC5", "CH25H", "CTSH", "CMPK2", "EMILIN2", "PTX3", "PIK3AP1", "PFKP", "TLR2"], "H3K9me3 Neurosphere Cultured Cells Cortex Derived": ["ACOT9", "TMSB4X"], "H3K36me3 CD4+ CD25- IL17+ PMA-Ionomcyin stimulated Th17 Primary Cells": ["CCL20", "MUSTN1"], "H3K36me3 Brain Germinal Matrix": ["IGSF6"], "H3K27me3 Colon Smooth Muscle": ["LYN", "HCK", "TMEFF2", "TMSB4X", "SMS", "SLC1A3", "EMILIN2", "CXCL5", "GLDN", "ICAM1"], "H3K36me3 Brain Cingulate Gyrus": ["ORMDL2"], "H3K9me3 Rectal Smooth Muscle": ["TMEFF2", "EMR1"], "H3K9me3 CD34 Cultured Cells": ["TMSB4X", "LILRB1"], "H3K36me3 CD4 Memory Primary Cells": ["UBC"]}