{"ATGTCAC,MIR-489": ["PARP12"], "ACAACTT,MIR-382": ["HS3ST3B1"], "TATCTGG,MIR-488": ["NFKBIZ"], "ATCTTGC,MIR-31": ["AMD1"], "CTCTAGA,MIR-526C,MIR-518F,MIR-526A": ["H3F3B"], "ATAACCT,MIR-154": ["AQP9"], "TCTATGA,MIR-376A,MIR-376B": ["NFKBIZ"], "GGCACAT,MIR-455": ["KCNJ2"], "AGTCAGC,MIR-345": ["SMS"], "AGTCTTA,MIR-499": ["MARCKS"], "TTGGGAG,MIR-150": ["BASP1"], "TTGGAGA,MIR-515-5P,MIR-519E": ["MARCKS"], "AGGCACT,MIR-515-3P": ["UBE2Z"], "CCCACAT,MIR-299-3P": ["IFIT1"], "TCCCCAC,MIR-491": ["B4GALT5"], "CAAGGAT,MIR-362": ["EDEM1"], "ACATATC,MIR-190": ["WSB1"], "CTAGGAA,MIR-384": ["GTF2B"], "GGGGCCC,MIR-296": ["GMPR"], "TCTAGAG,MIR-517": ["TP53INP2"]}