{"H3ac_myocyte_mm9": ["GTF2B", "CXCL1", "PTTG1IP", "UBE2Z", "UGCG", "TUBB6", "SLC25A28", "NAMPT", "STOM", "ST3GAL5", "RBM34", "ACOT9", "OST4", "TIMMDC1", "DESI1", "ZNFX1", "P2RX4", "NAGK", "TNIP2", "PPA1", "DNAJB11", "SRSF2", "CD47", "MXD1", "OPTN"], "H3K27me3_HepG2_hg19": ["UFD1L", "CNP", "SQRDL", "FPR2", "IFIT1", "GLDN", "IFIT3", "TNFSF10", "CD55", "GBP4", "RPS12", "HAVCR2", "NDUFA9", "SRGN", "SP110", "MX2", "MX1", "PLAUR", "PARP9", "TMEFF2", "OAS2", "OAS3", "DNAJB11", "SCGB1A1", "AIDA", "CD44"], "H3K9ac_H1-hESC_hg19": ["CD40", "UXS1", "GTF2B", "TNFAIP3", "UBE2Z", "NFKBIZ", "EPSTI1", "STOM", "RBM34", "HS3ST3B1", "TIMMDC1", "DYNLT1", "STAT2", "PARP14", "SOD2", "TUBB4B", "CKAP4", "ATOX1", "MARCKS", "SLC7A7", "BCL6", "MTF1", "OAS3", "AIDA", "PIK3AP1", "SGK1", "OPTN", "BLVRA"], "H3K27ac_CD14-positive monocyte_hg19": ["IFITM3", "TNFAIP6", "PTGS2", "IFI44L", "ICAM1", "IFIT2", "OASL", "HERC5", "DRAM1", "SEC61G", "FTH1", "CCL3", "SLAMF7", "ST3GAL5", "SLC39A8", "RBM34", "GBP4", "RPS12", "NDUFA9", "PNPT1", "RSAD2", "ISG15", "TNFRSF1B", "DDIT4", "SMS", "CMPK2"], "H3K4me3_keratinocyte_hg19": ["CNP", "IFI6", "RNF19B", "TNFAIP3", "CXCL1", "SNX10", "DDX60L", "TMEM140", "DDX60", "USP18", "CXCL5", "IFI44L", "ICAM1", "ACTG1", "OASL", "HERC5", "MT2A", "TP53INP2", "NFKBIZ", "CTSH", "BID", "KCNJ2", "NDUFA9", "RSAD2", "RIPK2", "MX1", "IFI44", "TNFRSF1B", "TOR1B", "NFKB1", "C15ORF48", "IL6", "NAGK", "MTF1", "OAS3", "RAB13", "CMPK2", "LAP3", "DLD", "FKBP5"], "H3K79me2_fibroblast of dermis_hg19": ["IFITM3", "CD274", "SAMD9L", "CXCL1", "DDX60L", "IFI35", "PTGS2", "MT2A", "PSTPIP2", "TMSB4X", "FTH1", "TP53INP2", "BAG1", "NFKBIZ", "CCL2", "MREG", "PNPT1", "NR1H3", "PARP9", "COX6B1", "NFKBIA", "PLSCR1", "DNAJB11", "MXD1", "XAF1"], "H3K4me3_mammary epithelial cell_hg19": ["RNF19B", "GMPR", "SNX10", "DDX60", "IFIT1", "USP18", "IFI44L", "ACTG1", "IFIT2", "OASL", "EEF1B2", "PLAC8", "HERC5", "C3", "UGCG", "TUBB6", "DRAM1", "RASSF4", "TP53INP2", "EPSTI1", "SLAMF7", "SLC39A8", "GBP2", "BID", "NDUFA9", "HS3ST3B1", "RSAD2", "IL10RA", "MX1", "G0S2", "IFI44", "ISG15", "TNFRSF1B", "NFKB1", "C15ORF48", "TMEFF2", "IL6", "MAFB", "RAB13", "PSME1", "CMPK2", "LAP3", "RGL1", "CD44"], "H3K4me3_erythroblast_mm9": ["SAMD9L", "SQRDL", "TMEM140", "DDX60", "FUT4", "EEF1B2", "TUBB6", "DRAM1", "SLC25A28", "NFKBIZ", "TNFSF10", "GBP2", "KCNJ2", "SRGN", "WARS", "TIMMDC1", "DESI1", "STAT2", "TAP1", "ISG15", "CKAP4", "PSMB9", "CXCL10", "PSMA6", "CH25H", "TMEFF2", "P2RX4", "NAGK", "SLC7A7", "BCL6", "PPA1", "RAB13", "DDIT4", "ATP13A3", "XAF1"], "H3K27ac_H1-hESC_hg19": ["IFITM3", "PI4K2B", "GTF2B", "RNF19B", "UBE2Z", "UGCG", "TMSB4X", "FTH1", "NFKBIZ", "RBM34", "IER3", "APOL2", "TIMMDC1", "GCH1", "RIPK2", "PLAUR", "ISG15", "SOD2", "MANF", "ISG20", "IL1A", "BCL6", "MTF1", "PPIF", "LAP3", "KPNB1"], "H3K4me3_small intestine_mm9": ["IFITM3", "CD274", "TNFAIP6", "SLC43A3", "SLC41A2", "SPPL2A", "TNFAIP2", "CXCL1", "PTGS2", "CASP4", "GBP2", "SEMA4D", "RIPK2", "STAT2", "IFI44", "ISG15", "TOR1B", "ISG20", "CXCL10", "CXCL11", "RAB13", "DDIT4", "PIK3AP1", "SGK1", "PFKP", "TLR2"], "H2AFZ_fibroblast of lung_hg19": ["IFITM2", "RNF19B", "DEFB1", "SQRDL", "SLC2A6", "EEF1B2", "PSMB4", "RASSF4", "RPS3", "CTSH", "HAVCR2", "PNPT1", "RSAD2", "DYNLT1", "SP110", "PLAUR", "ATOX1", "C15ORF48", "PSMA6", "PSMC6", "TNIP2", "OAS2", "PPA1", "TNIP3", "KIAA0247", "B4GALT5"], "H2AFZ_myotube_hg19": ["IFITM3", "RPL32", "CNP", "GTF2B", "CXCL1", "SQRDL", "USP18", "DRAM1", "RAB8B", "NDUFA9", "PNPT1", "S100A2", "DYNLT1", "IL10RA", "ISG15", "SOD2", "HCK", "TNIP2", "OAS2", "OAS3", "RAB13", "KIAA0247", "SMS", "PIK3AP1", "DLD", "KPNB1"], "H3K27ac_myotube_hg19": ["PTGER4", "CD274", "SP110", "RIPK2", "DDX58", "TNFAIP3", "ISG15", "LAMB1", "NMI", "TOR1B", "TMEM140", "PARP14", "SAT1", "NFKB1", "IFIT3", "ACTG1", "IL6", "RPS16", "SLC7A7", "TNIP2", "SEC61G", "CASP4", "EPSTI1", "RBM34"], "H3K4me3_astrocyte_hg19": ["UFD1L", "RPL30", "SAMD9", "CXCL1", "SNX10", "DDX60L", "DDX60", "IFIT1", "USP18", "IFI44L", "IFIT2", "HERC5", "TP53INP2", "CTSH", "RBM34", "NDUFA9", "RIPK2", "ISG15", "NMI", "TNFRSF1B", "C15ORF48", "IL1B", "MTF1", "PSME1", "CMPK2", "PIK3AP1"], "H3K27me3_SK-N-SH_hg19": ["PTGER4", "FAM129A", "TNFAIP3", "SLC1A3", "CXCL1", "SQRDL", "PTGS2", "RASGRP1", "CXCL5", "GLDN", "ICAM1", "HERC5", "BASP1", "CCL3", "EMILIN2", "CD55", "HS3ST3B1", "IL10RA", "TNFRSF1B", "HCK", "RNF144B", "CH25H", "TMEFF2", "IL6", "MAFB", "SCGB3A1", "TLR2"], "H3K4me3_placenta_mm9": ["CD274", "SDC4", "SLC43A3", "TNFAIP2", "GMPR", "USP18", "ICAM1", "UGCG", "CLIC1", "CD55", "PNPT1", "SEMA4D", "DESI1", "LHFPL2", "TOR1B", "ATOX1", "RNF144B", "TMEFF2", "P2RX4", "RAB13", "PSME1", "PLEKHO2", "TGFBI", "PIK3AP1", "RGL1", "OPTN", "TLR2"], "H3K79me2_liver_mm9": ["IFITM2", "RPL34", "SQRDL", "IFI35", "UBE2Z", "HIF1A", "EEF1B2", "UGCG", "RPS16", "ORMDL2", "BAG1", "SSB", "RIPK2", "DDX58", "RPS8", "ADPRHL2", "IFNGR2", "NFKBIA", "CXCL11", "PSMC6", "TNIP2", "DNAJB11", "CD47", "ATP13A3", "DLD", "B4GALT5"], "H2AFZ_mammary epithelial cell_hg19": ["IFITM2", "AKR1B1", "SQRDL", "UBE2Z", "USP18", "UGCG", "C3AR1", "RPS3", "SRGN", "S100A2", "DYNLT1", "ADPRHL2", "IL10RA", "ANXA5", "PLAUR", "ISG15", "ATOX1", "MAFB", "OAS2", "IL1B", "OAS3", "PPIF", "PSME1", "RGL1", "OPTN", "BLVRA"], "H4K20me1_HepG2_hg19": ["IGSF6", "UXS1", "TNFAIP2", "GMPR", "SRI", "EEF1B2", "PSMB4", "RPS16", "RASSF4", "PSTPIP2", "ORMDL2", "TP53INP2", "UBC", "SSB", "AKR1C1", "SOD2", "CH25H", "PSMC6", "MAFB", "SLPI", "TNIP2", "SPECC1L", "MXD1", "DLD", "KPNB1"], "H3K27me3_K562_hg19": ["PTGER4", "RPL34", "FAM129A", "AKR1B1", "DEFB1", "SQRDL", "SLC2A6", "RASGRP1", "USP18", "GLDN", "OASL", "BAG1", "CCL3", "EPSTI1", "EMILIN2", "NBN", "GBP4", "KCNJ2", "HAVCR2", "CCL23", "SSB", "WARS", "EDEM1", "MX2", "LILRB2", "EXT1", "HCK", "RNF144B", "CH25H", "TMEFF2", "BPIFB1", "OAS2", "IL1B", "OAS3", "PTX3", "RGL1", "XAF1", "CD44", "S100A8", "TLR2", "CES1"]}