{"MTF2-20144788-MESC-MOUSE": ["COLEC12", "EGR1", "EGR2", "STAC", "PTPRO", "KLF4", "DTX4", "NDRG1", "THBD", "LGALS3", "RAP2B", "SLC7A8", "CREG1", "RRAGD", "CLIP4", "SH3BP5", "TIMP2", "IRF8", "PPARG", "B2M", "HMGN3", "PPIC"], "TEAD4-22529382-TROPHECTODERM-MOUSE": ["RPS9", "ASAH1", "DDX5", "GCA", "RNF13", "GLRX", "SRP9", "FIG4", "NARS", "RASSF3", "SLC7A8", "DPYSL2", "CLIP4", "PPT1", "PECAM1", "MFSD1", "SF3B1", "HMGN3", "EIF4B", "PPIC"], "STAT3-18555785-MESC-MOUSE": ["HSPA8", "HNRNPA3", "YTHDF1", "RCC2", "RPL11", "MGST2", "PEBP1", "MITF", "KLF4", "SRP9", "RPS26", "LDHB", "LAPTM4A", "COX7A2L", "RASSF3", "BNIP2", "MALAT1", "SF3B1", "RPS13"], "SUZ12-20075857-MESC-MOUSE": ["COLEC12", "FAM89A", "PTPRO", "IRS2", "DTX4", "THBS1", "NDRG1", "THBD", "LGALS3", "MFSD6", "DPYSL2", "SH3BP5", "TIMP2", "MFSD1", "PHACTR1", "B2M", "HMGN3", "CTSC", "EGR1", "MANBA", "EGR2", "STAC", "PLXDC2", "EEF2", "RAP2B", "SLC7A8", "RRAGD", "CLIP4", "IRF8", "PPARG", "SERINC5", "HSPA1A"], "RCOR3-21632747-MESC-MOUSE": ["RPL5", "DDX6", "HEXB", "PEBP1", "DTX4", "PPP1CB", "PPP1CC", "LASP1", "LARP1", "RASSF3", "MICAL1", "CD300LF", "SLC38A2", "SVIL", "HNRNPA3", "PHYH", "MANBA", "NPM1", "H2AFZ", "RCC2", "NAP1L1", "PLXDC2", "SRP9", "MARCO", "RRAGD", "PECAM1", "FAM96A", "YPEL5", "ATF4"], "FOXP1-21924763-HESC-HUMAN": ["MRFAP1", "TRIAP1", "RPL8", "NARS", "PPP1CC", "ZFYVE26", "NPTN", "WDR6", "HMGN2", "RPS13", "CD52", "RPS9", "SLC11A1", "RPL13A", "RPS3A", "NBPF14", "SRP9", "NBPF15", "VAMP8", "EEF1G", "MORF4L1", "HNRNPH1", "FAM96A", "ATF4", "ASAH1", "RPS27L", "ATP5J", "DTX4", "ZBTB4", "NDRG1", "SNX3", "LTA4H", "SLC38A2", "EIF4B", "VAT1", "SVIL", "EGR1", "YTHDF1", "RPL41", "NPM1", "RCC2", "CNBP", "NAP1L1", "EEF2", "FIG4", "RPS26", "CALM2", "NOP10", "SERINC5", "HSPA1A"], "RAD21-21589869-MESC-MOUSE": ["CD164", "PHYH", "RPL41", "NPM1", "GRN", "MME", "GMFG", "PTPRO", "IFI30", "THBS1", "ZBTB4", "ALDH2", "RASSF3", "ARMCX6", "NPTN", "BNIP2", "PLIN2", "MALAT1", "NOP10", "RPL19"], "JARID1A-20064375-MESC-MOUSE": ["NDUFB9", "GRN", "DDX5", "ST13", "VPS4B", "RPS5", "UBE4A", "TRIAP1", "SRP14", "EEF2", "RPL9", "SRP9", "ZFYVE26", "COX7A2L", "CSDE1", "TRMT5", "PPT1", "MFSD1", "SERINC1", "TAX1BP3", "AP3S1", "ATP6V0D1", "PFDN5", "RPL19"], "RUNX2-22187159-PCA-HUMAN": ["COLEC12", "ASAH1", "SPARC", "IRS2", "TRIAP1", "IQGAP1", "NDRG1", "UQCRH", "SH3BGRL", "LAPTM4A", "ALDH2", "CLEC7A", "DPYSL2", "PHACTR1", "ENPP4", "AP3S1", "RAB6A", "SLC38A2", "CTSC", "CTSB", "RPL21", "FN1", "NAP1L1", "MITF", "KLF4", "NBPF14", "GALC", "MARCO", "RAP2B", "CLIP4", "PECAM1", "IRF8", "PPARG", "YPEL5", "ABCG1"], "SOX2-21211035-LN229_GBM-HUMAN": ["NDUFB9", "ASAH1", "PTPRO", "IRS2", "THBS1", "ZFYVE26", "SH3BGRL", "LARP1", "RASSF3", "LEPROTL1", "SH3BP5", "TIMP2", "MFSD1", "PHACTR1", "HMGN2", "RAB6A", "HMGN3", "HMGN1", "ARRDC4", "SVIL", "YTHDF1", "NPM1", "PLXDC2", "ALDH1A1", "BTK", "PNPLA3", "IRF8", "ZNF217", "YPEL5", "ABCG1", "PPIC"], "TCF4-23295773-U87-HUMAN": ["COLEC12", "RNF13", "FAM89A", "IRS2", "YBX1", "HSD17B11", "ZBTB4", "NARS", "PPP1CC", "COL4A3BP", "HLA-DMB", "ALDH2", "MICAL1", "TIMP2", "PHACTR1", "PGM1", "EIF4B", "CD164", "SVIL", "YTHDF1", "MANBA", "STAC", "MMD", "CNBP", "STX7", "FN1", "KLHL2", "MITF", "SRP9", "MARCO", "COX7A2L", "FABP4", "UBE2R2", "ALDH1A1", "PECAM1", "IRF8", "FAM96A", "ZNF217", "CPVL", "ATP6V0D1", "PFDN5", "CALM2", "SERINC5", "CPEB4"], "TP63-22573176-HFKS-HUMAN": ["RPL5", "GRN", "CSTA", "SPARC", "FAM89A", "VPS4B", "ITGB2", "IFI30", "RPL8", "DTX4", "ZBTB4", "CRIP1", "PRAM1", "PSMA7", "CORO1C", "TRMT112", "MFSD6", "GPNMB", "MICAL1", "SH3BP5", "YWHAG", "CD52", "EGR1", "CD74", "RPL41", "SLC11A1", "KLHL2", "UBE4A", "PLXDC2", "HADHB", "EEF1G", "COX7A2L", "FABP4", "SPCS1", "FCGR2A", "SLC7A8", "PRKAR1A", "TMBIM1", "PNPLA3", "ZNF217", "ATP6V0D1", "ABCG1", "R3HDM2"], "SMAD4-21799915-A2780-HUMAN": ["LUZP6", "ATP5J", "GLRX", "THBS1", "NDRG1", "TREM1", "PPP1CB", "LDHB", "DOCK11", "MFSD6", "MFSD1", "ACP5", "PHACTR1", "VSIG4", "LTA4H", "RAB6A", "SLC38A2", "CTSC", "MANBA", "RPL21", "STAC", "MMD", "MITF", "PLXDC2", "MARCO", "TMEM33", "CSDE1", "CALM2", "CPEB4"], "SRY-25088423-EMBRYONIC GONADS-MOUSE": ["DDX6", "ARPC1B", "GLRX", "DTX4", "CRIP1", "TREM1", "THBD", "MFSD6", "HSPH1", "CTSL", "CREG1", "TIMP2", "LTA4H", "RAB6A", "YWHAG", "CTSB", "ATP6V1F", "BNIP3L", "SVIL", "FN1", "RPL13A", "CYP27A1", "SLC7A8", "PRKAR1A", "TRMT5", "TMBIM1", "ATP6V0D1", "PFDN5"], "SIN3B-21632747-MESC-MOUSE": ["GMFG", "ITGB2", "PEBP1", "TRIAP1", "LGALS3", "TRMT112", "LASP1", "LAPTM4A", "COL4A3BP", "SCP2", "FCGRT", "TIMP2", "MFSD1", "AP3S1", "HMGN2", "HMGN1", "PHYH", "MANBA", "RPS9", "RPL21", "RPS5", "SRP9", "MORF4L1", "RAP2B", "TMEM33", "PRKAR1A", "RRAGD", "FAM96A", "ABCG1", "ATF4", "PPIC", "COLEC12", "DDX6", "GRN", "VPS4B", "IQGAP1", "CRIP1", "NDRG1", "SNX3", "SDCBP", "BLOC1S2", "CD300LF", "AOC3", "VAT1", "RPL41", "NPM1", "KLHL2", "NAP1L1", "PLXDC2", "KLF4", "FIG4", "PPT1", "YPEL5", "CALM2", "TPT1"], "TP53-23651856-MEF-MOUSE": ["COLEC12", "CSTA", "NCF2", "MGST2", "RPS27L", "TRIAP1", "OSBPL11", "THBS1", "CORO1C", "SDCBP", "PPP1CC", "TRMT112", "LASP1", "LAPTM4A", "COL4A3BP", "ALDH2", "BLOC1S2", "YWHAG", "ARRDC4", "VAT1", "EGR2", "RPL41", "ST13", "CNBP", "STX7", "PLXDC2", "EEF1G", "RAP2B", "UBE2R2", "PRKAR1A", "TRMT5", "PFDN5", "SERINC5", "HSPA1A"], "SOX9-25088423-EMBRYONIC GONADS-MOUSE": ["ARRDC4", "BNIP3L", "SPARC", "RCC2", "RPL13A", "HMGB1", "SRP14", "DTX4", "CRIP1", "NDRG1", "THBD", "MORF4L1", "LAPTM4A", "COL4A3BP", "FCGRT", "CTSL", "LTA4H", "HMGN2", "YWHAG", "TPT1", "ARHGEF6"], "SETDB1-19884257-MESC-mouse": ["CD52", "HSPA8", "SVIL", "CSTA", "ARL6IP1", "ARHGAP18", "MITF", "IFI30", "CORO1C", "SNX3", "SDCBP", "RASSF3", "SLC7A8", "SH3BP5", "MALAT1", "ATP6V0D1", "PGM1", "EIF4B", "ATP6V1F", "ATF4"], "TET1-21451524-MESC-MOUSE": ["COLEC12", "HSPA8", "SVIL", "YTHDF1", "RPL41", "RCC2", "GMFG", "PTGES3", "STX7", "MGST2", "TRIAP1", "RPL8", "RPS26", "SCP2", "LEPROTL1", "DPEP2", "PNPLA3", "HMGN2", "CD300LF", "ATP6V1F", "ATF4"], "RBPJ-22232070-NCS-MOUSE": ["SF3B1"]}