{"SP4 (human)": ["MMD"], "NFYB (human)": ["FCGR2A", "MME"], "REST (human)": ["NBPF14"], "SMAD3 (human)": ["MFSD6"], "PLAG1 (human)": ["NBPF14"], "NR1H2::RXRA (human)": ["NBPF14"], "MYC::MAX (human)": ["NBPF14"], "Spz1 (mouse)": ["NCF2"], "INSM1 (human)": ["NBPF14"], "MIZF (human)": ["NBPF14"], "TAL1::TCF3 (human)": ["NBPF14"], "RXR::RAR_DR5 (human)": ["NBPF14"], "CTCF (human)": ["NBPF14"], "RREB1 (human)": ["NBPF14"], "RXRA::VDR (human)": ["NBPF14"], "CBX5 (human)": ["RPS27L"], "NHLH1 (human)": ["NBPF14"], "EWSR1-FLI1 (human)": ["NBPF14"], "IRF1 (human)": ["NBPF14"], "TLX1::NFIC (human)": ["NBPF14"]}