{"CCNT2_K562_hg19": ["CFD", "TLE2", "SLC22A5", "HMGCS1", "ARL1", "BUB1B", "HMGCR", "NR3C2", "CKMT2", "LARS2", "NRAS", "TST", "KCNS3", "AGPS", "STK38", "F2RL1", "KIF2C", "PPIH", "DSG2", "CTNNA2", "HADH"], "CHD2_HeLa-S3_hg19": ["CA12", "SLC35A3", "SLC22A5", "PGAP2", "DGAT1", "LRBA", "CHRNA7", "GFPT1", "ARL1", "LSR", "HSPA2", "SYNE2", "GSTZ1", "GMDS", "UROD", "DPH2", "AGPS", "CCNG1", "AP1S1", "PSPH", "BCAT2"], "TBL1XR1_GM12878_hg19": ["DDX17", "LRPAP1", "DGAT1", "PABPC4", "GSR", "BUB1B", "GSTZ1", "DNAJB1", "LARS2", "PCCA", "TST", "CCNE1", "DPH2", "AGPS", "STK38", "GPD1L", "XIST", "MMACHC", "CD200", "EIF2A", "EXPH5"], "POLR2AphosphoS2_HepG2_hg19": ["SLC35A3", "PITPNB", "ARL1", "SELENBP1", "CKMT2", "AZGP1", "LGALS2", "BTBD3", "FOSB", "GPR126", "PPIH", "PRSS8", "ACO2", "HADH", "TRIB1", "TMED7", "MMACHC", "FGFR3", "PSPH", "CES1", "CCL15"], "RELA_GM19099_hg19": ["SLC35A3", "SEMA6A", "DGAT1", "HMGCS1", "IFI6", "BUB1B", "LSR", "HSPA2", "SLC5A6", "DNAJB1", "NASP", "UROD", "FPGT", "CCNG1", "PPIH", "TMED7", "MMACHC", "PIGF", "PSPH", "EIF2A", "C5ORF30"], "MAX_C2C12_mm9": ["DDX17", "SLC25A1", "SLC26A2", "DUSP1", "ABHD14A", "HK2", "HIRA", "NRAS", "NASP", "TST", "UROD", "GLB1", "DPH2", "CHN2", "ID1", "ACO2", "TRIB1", "EIF4E", "MMACHC", "PSPH", "EIF2A"], "MYC_HepG2_hg19": ["B4GALT2", "ABCC3", "HMGCS1", "GDF15", "GSR", "DDTL", "TEX261", "LARS2", "OAS1", "DPH2", "NFE2L3", "SUCLG2", "GPR126", "SOX9", "AVL9", "SLC27A2", "NINL", "MMACHC", "PSPH", "HBEGF", "C5ORF30"], "RCOR1_K562_hg19": ["PTGER4", "LRPAP1", "SLC26A2", "MAGEA12", "PGAP2", "TFRC", "AQP8", "CTSZ", "SELENBP1", "DPH2", "STBD1", "PRSS8", "TMED7", "EIF2A", "SPINK4", "DUSP4", "GDF15", "PABPC4", "FUCA1", "GSR", "GSTZ1", "NR4A2", "SLC5A6", "NASP", "PCCA", "TST", "TCN1", "NMU", "PADI2", "FOSB", "PPIH", "AVL9", "SLC27A2", "MMACHC", "PIGF", "BCAT2", "C5ORF30"], "POLR2A_GM12891_hg19": ["PTGER4", "IFI6", "YBX1", "RPS6KA3", "GMDS", "MAN2A1", "FPGT", "STK38", "SOX9", "HTATIP2", "DUSP4", "SLC35A3", "GDF15", "DUSP1", "LRBA", "ACOT13", "HSPA2", "ATP1B1", "EIF2S3", "PCCA", "AGPS", "ID1", "CCNG1", "CCDC6", "FOSB", "SIK1", "PPIH", "ACO2", "TRIB1", "MMACHC", "PIGF", "BCAT2"], "TBP_HepG2_hg19": ["SLC26A2", "SEMA6A", "GSR", "ACOT13", "IFIT1", "GSTZ1", "SLC5A6", "FABP1", "HIRA", "NASP", "OAS1", "MAN2A1", "AP1S1", "FOSB", "SIK1", "DSG2", "TMED7", "MMACHC", "FGFR3", "DSC2", "UGT2B7", "CES1"], "POLR2A_GM12878_hg19": ["SLC25A1", "PANK3", "PGAP2", "PITPNB", "YBX1", "SYNE2", "FPGT", "KIF13B", "PSPH", "DUSP4", "DDX17", "SEMA6A", "DGAT1", "HMGCS1", "PABPC4", "GLCE", "RNASE4", "ATP1B1", "SLC5A6", "LARS2", "PCCA", "CCNE1", "AGPS", "SUCLG2", "SIK1", "KIF2C", "PPIH", "PPARG", "ANG", "XIST", "KDELR3", "PIGF", "BCAT2", "PFN2", "LRPAP1", "SLC26A2", "IFI6", "TEX261", "HMGCR", "DNAJB1", "MAN2A1", "STK38", "EXPH5", "SLC35A3", "GDF15", "LRBA", "GFPT1", "DDTL", "HSPA2", "GSTZ1", "NR4A2", "NASP", "CCNG1", "CCDC6", "FOSB", "GPD1L", "AVL9", "MMACHC"], "POLR2A_Raji_hg19": ["DDX17", "SLC35A3", "CD151", "SLC22A5", "CXADR", "DGAT1", "LRBA", "IFI6", "TEX261", "FOS", "HIRA", "DNAJB1", "EIF2S3", "FPGT", "AGPS", "ID1", "CCNG1", "ENPP1", "KIF2C", "PPIH", "TMED7", "BCAT2"], "BHLHE40_CH12.LX_mm9": ["PIGR", "SLC26A2", "SLC35A3", "PANK3", "SLC22A5", "LRBA", "CTSZ", "BUB1B", "NEDD9", "BCL10", "HMGCR", "NRAS", "EBNA1BP2", "WEE1", "SRPX2", "UROD", "HSD17B2", "ENPP1", "SIK1", "GPD1L", "PIGF"], "E2F4_myocyte_mm9": ["SLC12A2", "SLC35A3", "BUB1B", "FOS", "KLF4", "AREG", "HK2", "DNAJB1", "NRAS", "WEE1", "DPH2", "AGPS", "ID1", "ENC1", "STK38", "AP1S1", "KIF2C", "PPIH", "KDELR3", "TRIB1", "PIGF", "EIF2A"], "TBP_HeLa-S3_hg19": ["CA12", "DGAT1", "HMGCS1", "BUB1B", "KLF4", "SELENBP1", "LARS2", "CPS1", "BTBD3", "DPH2", "AP1S1", "FOSB", "SIK1", "XIST", "SOX9", "HADH", "TRIB1", "SLC27A2", "MMACHC", "PSPH", "BCAT2"], "ZNF384_GM12878_hg19": ["HMGCS1", "LRBA", "PABPC4", "BUB1B", "NEDD9", "BCL10", "HSPA2", "FOS", "NEAT1", "LARS2", "NRAS", "AZGP1", "P2RX4", "PCCA", "UROD", "PCCB", "PPIH", "ANG", "ACO2", "CD200", "BCAT2", "EXPH5"], "TAL1_K562_hg19": ["DGAT1", "FUCA1", "AQP8", "GSR", "ABHD14A", "KLK10", "NR4A2", "DNAJB1", "NRAS", "TP53I3", "GLB1", "FPGT", "AGPS", "NMU", "CCNG1", "STK38", "PPIH", "XIST", "TRIB1", "SLC27A2", "PIGF", "BCAT2"], "POLR2A_cortical plate_mm9": ["PARM1", "PANK3", "PGAP2", "CHRNA7", "PTPRO", "NEAT1", "FMO5", "HK2", "AGT", "SELENBP1", "LARS2", "AKR1B10", "UROD", "HYAL1", "AGPS", "NNAT", "AP1S1", "FOSB", "HADH", "CRYM", "SLC27A2", "HSPA1B"], "BRCA1_HepG2_hg19": ["SLC35A3", "TFRC", "HMGCS1", "NFYC", "PABPC4", "BUB1B", "ACOT13", "RNASE4", "HSPA2", "FOS", "SELENBP1", "LARS2", "PCCA", "BTBD3", "ID1", "CCNG1", "SUCLG2", "ANG", "SOX9", "TRIB1", "PSPH", "CCL15"], "ARID3A_K562_hg19": ["SLC35A3", "MAGEA12", "TFRC", "NFYC", "PABPC4", "AQP8", "QPRT", "ARL1", "TEX261", "FOS", "DNAJB1", "ID1", "FOSB", "SOSTDC1", "HADH", "AVL9", "TRIB1", "MMACHC", "DSC2", "BCAT2", "HTATIP2"]}