{"H3K4me2 IMR90": ["ARL6IP1", "FAM89A", "PEBP1", "IFI30", "COL4A3BP", "RASSF3", "C10ORF128", "DPYSL2", "HMGN2", "HMGN3", "RPS13", "ARRDC4", "PHYH", "RPL21", "ECH1", "STX7", "UBE4A", "SLFN11", "RRAGD", "MT1F", "MALAT1", "NUPR1", "ATP6V0D1", "ABCG1", "ATF4", "PPIC", "DDX6", "DDX5", "ARHGAP18", "ATP5J", "DTX4", "ZBTB4", "UQCRH", "SNX3", "SDCBP", "LDHB", "HSPH1", "LARP1", "MICAL1", "LTA4H", "ATP6V1F", "HSPA8", "CD164", "EGR1", "ST13", "RPS26", "EIF2S3", "PPT1", "SERINC1", "GGTA1P", "NOP10", "SERINC5", "ARPC1B", "HEXB", "PTPRO", "ITGB2", "YBX1", "TRIAP1", "OSBPL11", "THBD", "MFSD6", "ALDH2", "CA2", "MFSD1", "ACP5", "WDR6", "AP3S1", "PGM1", "CTSC", "HNRNPA1P10", "BTN3A2", "HADHB", "EEF1G", "SLC7A8", "TMBIM1", "IRF8", "TAX1BP3", "ARHGEF6", "SLC25A6", "COLEC12", "NDUFB9", "ASAH1", "GRN", "VPS4B", "PSMA7", "GPNMB", "CREG1", "BNIP2", "SVIL", "CD74", "HNRNPA3", "GCA", "KLHL2", "PLXDC2", "KLF4", "FIG4", "VMP1", "MLPH", "SPCS1", "SCD", "TRMT5", "PNPLA3", "R3HDM2"], "H3K4me3 Penis Foreskin Fibroblast Primary Cells": ["FAM89A", "PTPRO", "MRFAP1", "PEBP1", "IFI30", "THBD", "DOCK11", "TRMT112", "MFSD6", "COL4A3BP", "ALDH2", "RASSF3", "CA2", "DPYSL2", "ENPP4", "AP3S1", "HMGN2", "PGM1", "ARRDC4", "BNIP3L", "PHYH", "MANBA", "MMD", "UBE4A", "MITF", "MIR21", "BTN3A2", "NBPF15", "CYP27A1", "HADHB", "NSA2", "RAP2B", "SLFN11", "UBE2R2", "SLC7A8", "RRAGD", "CLIP4", "MT1F", "IRF8", "TAX1BP3", "ATP6V0D1", "PFDN5", "ARHGEF6", "PPIC", "SLC25A6", "COLEC12", "ASAH1", "VPS4B", "ATP5J", "HSD17B11", "DTX4", "ZBTB4", "UQCRH", "SH3BGRL", "HSPH1", "GPNMB", "CREG1", "LEPROTL1", "LTA4H", "CD74", "YTHDF1", "GCA", "STAC", "KLHL2", "PLXDC2", "FABP4", "EIF2S3", "PPT1", "PNPLA3", "CPVL", "SERINC5"], "H3K4me1 Stomach Mucosa": ["NDUFB9", "NCF2", "HEXB", "ATP5J", "MT1X", "TRIAP1", "UQCRH", "LGALS3", "ZFYVE26", "FCGRT", "LEPROTL1", "ACP5", "HMGN2", "PGM1", "CTSC", "RPS13", "CD164", "PHYH", "MME", "MMD", "RPS5", "MITF", "BTN3A2", "HADHB", "MORF4L1", "SPCS1", "TRMT5", "RRAGD", "PNPLA3", "PLIN2", "GGTA1P", "SLC25A6"], "H3K4me3 Duodenum Mucosa": ["FAM89A", "MRFAP1", "PEBP1", "IRS2", "SRP14", "IFI30", "RPL9", "PPP1CB", "DOCK11", "HPGDS", "COL4A3BP", "RASSF3", "C10ORF128", "DPYSL2", "ENPP4", "HMGN2", "B2M", "HMGN3", "RPS13", "HMGN1", "BNIP3L", "PHYH", "RPS5", "ECH1", "UBE4A", "MITF", "COX7A2L", "TYROBP", "SLFN11", "PRKAR1A", "RRAGD", "CLIP4", "DPEP2", "ATP6V0D1", "ABCG1", "ATF4", "PPIC", "FTL", "DDX5", "ARHGAP18", "MGST2", "ATP5J", "UQCRH", "CORO1C", "SNX3", "LDHB", "HSPH1", "LARP1", "CLEC7A", "MICAL1", "BLOC1S2", "CD300LF", "RAB6A", "ATP6V1F", "EGR1", "HLA-DRB5", "STAC", "ST13", "RCC2", "FN1", "EEF2", "RPS26", "EIF2S3", "ECHDC1", "SERINC1", "GGTA1P", "NOP10", "SERINC5", "ARPC1B", "PTPRO", "TRIAP1", "THBD", "TRMT112", "MFSD6", "TIMP2", "MFSD1", "WDR6", "AP3S1", "PGM1", "MANBA", "MMD", "RPS3A", "BTN3A2", "EEF1G", "NSA2", "RAP2B", "UBE2R2", "TMEM33", "TAX1BP3", "SLC25A6", "COLEC12", "NDUFB9", "GRN", "VPS4B", "RPS27L", "CRIP1", "PSMA7", "SH3BGRL", "GPNMB", "RPL19", "SVIL", "HNRNPA3", "YTHDF1", "GCA", "KLHL2", "NAP1L1", "PLXDC2", "FIG4", "GALC", "VMP1", "FABP4", "SPCS1", "RNF149", "SCD", "TRMT5", "PNPLA3", "EVI2B"], "H3K4me3 Adipose Derived Mesenchymal Stem Cell Cultured Cells": ["ARL6IP1", "FAM89A", "MRFAP1", "PEBP1", "IRS2", "MT1X", "IFI30", "DOCK11", "COL4A3BP", "RASSF3", "FCGRT", "C10ORF128", "DPYSL2", "ENPP4", "HMGN2", "HMGN3", "RPS13", "HMGN1", "ARRDC4", "PHYH", "RPL21", "RPS5", "ECH1", "STX7", "UBE4A", "MITF", "CYP27A1", "COX7A2L", "SLFN11", "RRAGD", "CLIP4", "MT1F", "MALAT1", "ATP6V0D1", "ABCG1", "ATF4", "PPIC", "DDX6", "ARHGAP18", "ATP5J", "DTX4", "UQCRH", "SNX3", "LDHB", "HSPH1", "MICAL1", "LTA4H", "ATP6V1F", "EGR1", "HLA-DRB5", "STAC", "ST13", "RCC2", "EEF2", "RPS26", "EIF2S3", "PPT1", "ECHDC1", "ANP32B", "GGTA1P", "NOP10", "SERINC5", "ARPC1B", "PTPRO", "YBX1", "TRIAP1", "TREM1", "THBD", "TRMT112", "MFSD6", "ALDH2", "CA2", "WDR6", "AP3S1", "PGM1", "CTSC", "MANBA", "BTN3A2", "NBPF15", "HADHB", "EEF1G", "NSA2", "SLC7A8", "ALDH1A1", "IRF8", "FAM96A", "PLIN2", "TAX1BP3", "ARHGEF6", "SLC25A6", "NDUFB9", "ASAH1", "GRN", "CSTA", "VPS4B", "RPS27L", "PSMA7", "SH3BGRL", "CREG1", "LEPROTL1", "SVIL", "YTHDF1", "GCA", "KLHL2", "NAP1L1", "PLXDC2", "VMP1", "MLPH", "SPCS1", "TRMT5", "PNPLA3", "CPVL", "EIF3A"], "H3K9me3 Adult Kidney": ["LAMTOR1"], "H3K27me3 Mobilized CD34 Primary Cells": ["EGR2", "MME", "FAM89A", "FN1", "MITF", "KLF4", "THBS1", "CRIP1", "NBPF15", "CYP27A1", "THBD", "DOCK11", "LGALS3", "MLPH", "GPNMB", "SCD", "DPYSL2", "PNPLA3", "PLIN2", "PPARG", "VSIG4", "CPVL", "PPIC"], "H3K9me3 H1 Derived Mesenchymal Stem Cells": ["ITGB2"], "H3K4me3 Adipose Nuclei": ["MRFAP1", "PEBP1", "RPL9", "HPGDS", "RASSF3", "C10ORF128", "DPYSL2", "VSIG4", "HMGN2", "HMGN3", "RPS13", "HMGN1", "ARRDC4", "PHYH", "RPL21", "RPS5", "ECH1", "STX7", "UBE4A", "TYROBP", "SLFN11", "RRAGD", "CLIP4", "DPEP2", "MT1F", "MALAT1", "NUPR1", "ATP6V0D1", "PPIC", "DDX6", "UQCRH", "SNX3", "LDHB", "HSPH1", "MICAL1", "BLOC1S2", "LTA4H", "RAB6A", "ATP6V1F", "HLA-DRB5", "STAC", "ST13", "FN1", "EEF2", "RPS26", "MARCO", "EIF2S3", "ANP32B", "NOP10", "SERINC5", "ARPC1B", "PTPRO", "TRIAP1", "TRMT112", "MFSD6", "CA2", "MFSD1", "ACP5", "WDR6", "AP3S1", "AMICA1", "PGM1", "MANBA", "RPL13A", "RPS3A", "MIR21", "BTN3A2", "RABGGTB", "HADHB", "EEF1G", "NSA2", "UBE2R2", "SLC7A8", "TMEM33", "ALDH1A1", "TAX1BP3", "SLC25A6", "COLEC12", "NDUFB9", "GRN", "CSTA", "VPS4B", "RPS27L", "PSMA7", "LEPROTL1", "SVIL", "YTHDF1", "GCA", "KLHL2", "NAP1L1", "FIG4", "GALC", "VMP1", "MLPH", "SPCS1", "TRMT5", "PNPLA3", "EIF3E", "CPVL"], "H3K4me3 Duodenum Smooth Muscle": ["FAM89A", "ARPC1B", "HEXB", "PTPRO", "PEBP1", "TRIAP1", "SRP14", "RPL9", "TREM1", "TRMT112", "MFSD6", "RASSF3", "CA2", "C10ORF128", "DPYSL2", "ACP5", "WDR6", "ENPP4", "VSIG4", "AP3S1", "HMGN2", "PGM1", "RPS13", "HMGN1", "BNIP3L", "PHYH", "RPL21", "ECH1", "STX7", "UBE4A", "MITF", "BTN3A2", "VAMP8", "EEF1G", "NSA2", "TYROBP", "UBE2R2", "TMEM33", "RRAGD", "CLIP4", "DPEP2", "MT1F", "TAX1BP3", "NUPR1", "ATP6V0D1", "PPIC", "SLC25A6", "COLEC12", "NDUFB9", "GRN", "CSTA", "VPS4B", "ARHGAP18", "ATP5J", "UQCRH", "SNX3", "HSPH1", "LARP1", "CLEC7A", "LEPROTL1", "MICAL1", "BLOC1S2", "BNIP2", "LTA4H", "CD300LF", "ATP6V1F", "EGR1", "YTHDF1", "HLA-DRB5", "GCA", "RCC2", "KLHL2", "PLXDC2", "EEF2", "FIG4", "RPS26", "GALC", "MARCO", "FABP4", "SPCS1", "EIF2S3", "RNF149", "TRMT5", "PPT1", "SERINC1", "ANP32B", "GGTA1P", "CPVL", "NOP10", "EIF3A"], "H3K36me3 Skeletal Muscle": ["MIR21"], "H3K4me3 Mesenchymal Stem Cell Derived Adipocyte Cultured Cells": ["ARL6IP1", "PEBP1", "IFI30", "COL4A3BP", "RASSF3", "FCGRT", "DPYSL2", "ENPP4", "HMGN2", "HMGN3", "RPS13", "HMGN1", "PHYH", "RPS5", "ECH1", "STX7", "UBE4A", "MITF", "CYP27A1", "COX7A2L", "SLFN11", "RRAGD", "MT1F", "MALAT1", "ATP6V0D1", "ABCG1", "ATF4", "PPIC", "DDX6", "ARHGAP18", "ATP5J", "IQGAP1", "DTX4", "UQCRH", "SNX3", "MICAL1", "BLOC1S2", "LTA4H", "ATP6V1F", "CD164", "EGR1", "HLA-DRB5", "STAC", "RCC2", "RPS26", "EIF2S3", "PPT1", "ANP32B", "GGTA1P", "NOP10", "SERINC5", "ARPC1B", "HEXB", "PTPRO", "TRIAP1", "THBD", "TRMT112", "MFSD6", "ALDH2", "CA2", "WDR6", "AP3S1", "PGM1", "MANBA", "HNRNPA1P10", "BTN3A2", "EEF1G", "NSA2", "UBE2R2", "SLC7A8", "ALDH1A1", "IRF8", "TAX1BP3", "ARHGEF6", "SLC25A6", "COLEC12", "NDUFB9", "ASAH1", "GRN", "CSTA", "VPS4B", "PSMA7", "SH3BGRL", "CREG1", "LEPROTL1", "EIF4B", "AOC3", "SVIL", "CD74", "YTHDF1", "GCA", "KLHL2", "PLXDC2", "FIG4", "VMP1", "MLPH", "EVI2A", "SPCS1", "CPVL"], "H3K4me3 Rectal Smooth Muscle": ["ARL6IP1", "FAM89A", "MRFAP1", "PEBP1", "RPL9", "LGALS3", "COL4A3BP", "RASSF3", "C10ORF128", "DPYSL2", "ENPP4", "HMGN2", "HMGN3", "RPS13", "HMGN1", "BNIP3L", "PHYH", "RPS5", "ECH1", "STX7", "UBE4A", "CYP27A1", "COX7A2L", "TYROBP", "SLFN11", "PRKAR1A", "RRAGD", "CLIP4", "DPEP2", "MT1F", "MALAT1", "ATP6V0D1", "PPIC", "FTL", "ARHGAP18", "ATP5J", "UQCRH", "SNX3", "LDHB", "HSPH1", "LARP1", "MICAL1", "BLOC1S2", "LTA4H", "CD300LF", "ATP6V1F", "CD164", "HLA-DRB5", "STAC", "ST13", "EEF2", "RPS26", "EIF2S3", "ECHDC1", "SERINC1", "ANP32B", "GGTA1P", "NOP10", "ARPC1B", "HEXB", "PTPRO", "TRIAP1", "THBD", "MFSD6", "MFSD1", "WDR6", "AP3S1", "AMICA1", "PGM1", "MANBA", "MME", "MMD", "HNRNPA1P10", "NCOA4", "BTN3A2", "VAMP8", "NSA2", "RAP2B", "TMEM33", "FAM96A", "PLIN2", "TAX1BP3", "PFDN5", "SLC25A6", "COLEC12", "NDUFB9", "RAB1A", "ASAH1", "VPS4B", "RPL11", "RPS27L", "CRIP1", "PSMA7", "BNIP2", "HNRNPA3", "GCA", "KLHL2", "NAP1L1", "PLXDC2", "FIG4", "GALC", "VMP1", "SPCS1", "FCGR2A", "RNF149", "TRMT5", "PNPLA3", "EIF3E", "CPVL", "TPT1"], "H3K9me3 Mesenchymal Stem Cell Derived Adipocyte Cultured Cells": ["DOCK11"], "H3K4me3 Adult Kidney": ["ARL6IP1", "FAM89A", "MRFAP1", "IRS2", "SRP14", "IFI30", "RPL8", "RPL9", "DOCK11", "LAPTM4A", "COL4A3BP", "SCP2", "RASSF3", "C10ORF128", "DPYSL2", "ENPP4", "HMGN2", "RPS13", "BNIP3L", "PHYH", "RPL21", "RPS5", "ECH1", "UBE4A", "SLFN11", "PRKAR1A", "CLIP4", "DPEP2", "MALAT1", "NUPR1", "ATP6V0D1", "ATF4", "PPIC", "FTL", "ARHGAP18", "ATP5J", "IQGAP1", "UQCRH", "CORO1C", "SNX3", "HSPH1", "LARP1", "MICAL1", "BLOC1S2", "LTA4H", "ATP6V1F", "HLA-DRB5", "ST13", "RCC2", "FN1", "EEF2", "RPS26", "EIF2S3", "PPT1", "SERINC1", "GGTA1P", "NOP10", "SERINC5", "ARPC1B", "TRIAP1", "TRMT112", "MFSD6", "NPTN", "MFSD1", "ACP5", "WDR6", "AP3S1", "AMICA1", "PGM1", "MANBA", "MMD", "RPS3A", "MIR21", "BTN3A2", "SRP9", "VAMP8", "EEF1G", "NSA2", "UBE2R2", "TMEM33", "IRF8", "TAX1BP3", "SLC25A6", "COLEC12", "NDUFB9", "LUZP6", "GRN", "VPS4B", "RPL11", "RPS27L", "PSMA7", "BNIP2", "RPL19", "AOC3", "SVIL", "YTHDF1", "GCA", "NAP1L1", "PLXDC2", "FIG4", "GALC", "VMP1", "MLPH", "EVI2A", "SPCS1", "RNF149", "SCD", "TRMT5", "EIF3E", "CPVL", "EIF3A"], "H3K4me1 CD8 Memory Primary Cells": ["GRN", "ARL6IP1", "NCF2", "FAM89A", "HEXB", "ARHGAP18", "PEBP1", "RPS27L", "ATP5J", "MT1X", "TRIAP1", "IFI30", "DTX4", "THBS1", "RPL9", "ZBTB4", "PRAM1", "UQCRH", "LGALS3", "TRMT112", "ZFYVE26", "COL4A3BP", "DPYSL2", "ACP5", "WDR6", "ENPP4", "AMICA1", "PGM1", "VAT1", "SVIL", "MANBA", "HLA-DRB5", "GCA", "ST13", "HADHB", "FIG4", "RPS26", "UBE2R2", "TRMT5", "RRAGD", "ALDH1A1", "DPEP2", "PECAM1", "TAX1BP3", "MALAT1", "GGTA1P", "CPEB4", "SLC25A6"], "H3K4me3 Chondrocytes from Bone Marrow Derived Mesenchymal Stem Cell Cultured Cells": ["ARL6IP1", "FAM89A", "ARPC1B", "PTPRO", "PEBP1", "IRS2", "TRIAP1", "IFI30", "THBD", "DOCK11", "TRMT112", "MFSD6", "COL4A3BP", "ALDH2", "RASSF3", "FCGRT", "CA2", "DPYSL2", "WDR6", "ENPP4", "AP3S1", "HMGN2", "B2M", "HMGN3", "CTSC", "PHYH", "MANBA", "ECH1", "STX7", "MITF", "MIR21", "BTN3A2", "SRP9", "VAMP8", "HADHB", "EEF1G", "SLFN11", "RRAGD", "MT1F", "TAX1BP3", "ATP6V0D1", "PPIC", "SLC25A6", "COLEC12", "NDUFB9", "ASAH1", "GRN", "CSTA", "VPS4B", "ARHGAP18", "ATP5J", "HSD17B11", "DTX4", "PSMA7", "SNX3", "HSPH1", "GPNMB", "CREG1", "LEPROTL1", "MICAL1", "LTA4H", "RPL19", "ATP6V1F", "VAT1", "CD164", "SVIL", "CD74", "GCA", "STAC", "ST13", "KLHL2", "PLXDC2", "FIG4", "RPS26", "GALC", "VMP1", "MLPH", "SPCS1", "EIF2S3", "PPT1", "PNPLA3", "GGTA1P", "YPEL5", "NOP10"], "H3K27me3 Adult Liver": ["COLEC12", "LDHB"], "H3K4me1 Adult Liver": ["COLEC12", "PTPRO", "ITGB2", "ARHGAP18", "RPS27L", "HMGB1", "IFI30", "PRAM1", "UQCRH", "THBD", "LDHB", "SH3BGRL", "COL4A3BP", "HSPH1", "RASSF3", "C10ORF128", "DPYSL2", "WDR6", "ENPP4", "HMGN2", "RPS13", "ATP6V1F", "RPS9", "GCA", "STAC", "ST13", "HNRNPA1P10", "MITF", "PLXDC2", "KLF4", "EEF2", "FIG4", "RPS26", "MORF4L1", "SLFN11", "SLC7A8", "TRMT5", "RRAGD", "CLIP4", "TAX1BP3", "MALAT1", "CPVL", "ABCG1", "EIF3A", "SLC25A6"], "H3K4me1 CD8 Naive Primary Cells": ["ARL6IP1", "GMFG", "PEBP1", "MT1X", "TRIAP1", "SRP14", "IFI30", "RPL9", "NARS", "LGALS3", "TRMT112", "ZFYVE26", "ALDH2", "C10ORF128", "DPYSL2", "TIMP2", "ACP5", "AP3S1", "AMICA1", "ARRDC4", "PHYH", "MANBA", "SLC11A1", "NBPF15", "HADHB", "UBE2R2", "RRAGD", "DPEP2", "MT1F", "TAX1BP3", "MALAT1", "SLC25A6", "GRN", "ARHGAP18", "RPS27L", "ATP5J", "HSD17B11", "DTX4", "PRAM1", "UQCRH", "CORO1C", "CREG1", "CD300LF", "ATP6V1F", "VAT1", "HLA-DRB5", "GCA", "ST13", "RCC2", "FN1", "KLHL2", "EEF2", "FIG4", "SPCS1", "SCD", "PPT1", "GGTA1P"]}