{"AGTCAGC,MIR-345": ["PTGES3"], "CTCTAGA,MIR-526C,MIR-518F,MIR-526A": ["HMGN1"], "CACGTTT,MIR-302A": ["MORF4L1"], "CCAGGTT,MIR-490": ["NPM1"], "GTAGGCA,MIR-189": ["RNF149"], "GTGTGAG,MIR-342": ["MRFAP1"], "GCTGAGT,MIR-512-5P": ["DDX6"], "TCCCCAC,MIR-491": ["ZBTB4"], "GGGATGC,MIR-324-5P": ["TRMT5"], "GTCAACC,MIR-380-5P": ["HMGN2"], "GACAGGG,MIR-339": ["VAT1"], "CAAGGAT,MIR-362": ["CPEB4"], "ATGCACG,MIR-517B": ["MORF4L1"], "GAGACGG,MIR-340": ["PPP1CB"], "TCTGATC,MIR-383": ["UBE2R2"], "TAGGTCA,MIR-192,MIR-215": ["DDX6"], "TCTAGAG,MIR-517": ["HMGN3"], "AGCGCAG,MIR-191": ["HMGB1"], "TTCCGTT,MIR-191": ["EGR1"], "GCGCCTT,MIR-525,MIR-524": ["CSDE1"]}