{"MXI1_K562_hg19": ["GRN", "MRFAP1L1", "PEBP1", "IRS2", "UQCRH", "SNX3", "SDCBP", "COL4A3BP", "LEPROTL1", "MICAL1", "MFSD1", "RAB6A", "ATP6V1F", "BNIP3L", "ECH1", "HADHB", "FIG4", "RPS26", "SPCS1", "EIF2S3", "RNF149", "TMEM33", "TAX1BP3", "ATP6V0D1", "PFDN5", "NOP10"], "JUND_T47D_hg19": ["MIR21", "MALAT1", "ARHGEF6"], "CTCF_lung_hg19": ["RPL5", "DDX6", "RAB1A", "ASAH1", "GRN", "MT1X", "TRIAP1", "HSD17B11", "RPL9", "SNX3", "THBD", "HSPH1", "MICAL1", "TIMP2", "NPTN", "ENPP4", "HMGN3", "VAT1", "YTHDF1", "NCOA4", "EEF1G", "MORF4L1", "TMBIM1", "PPT1", "PFDN5", "FTL"], "POLR2AphosphoS2_K562_hg19": ["NDUFB9", "RAB1A", "MRFAP1L1", "MGST2", "PEBP1", "HBB", "IRS2", "GLRX", "MT1X", "SRP14", "HSD17B11", "RPL9", "ZBTB4", "UQCRH", "SNX3", "RASSF3", "C10ORF128", "CREG1", "BLOC1S2", "NPTN", "CTSB", "CD52", "BNIP3L", "EGR1", "YTHDF1", "MANBA", "RPL41", "ST13", "CNBP", "NONO", "MITF", "GPCPD1", "EEF2", "HADHB", "VMP1", "MARCO", "NSA2", "FCGR2A", "RNF149", "SCD", "FAM96A", "TAX1BP3", "ANP32B", "PFDN5", "PPIC"], "UBTF_K562_hg19": ["RPL5", "DDX6", "NDUFB9", "DDX5", "ARL6IP1", "GMFG", "ARHGAP18", "TRIAP1", "SRP14", "HSD17B11", "RPL9", "NDRG1", "LGALS3", "MFSD6", "LASP1", "LAPTM4A", "C10ORF128", "NPTN", "AP3S1", "SF3B1", "EIF4B", "CD52", "BNIP3L", "FN1", "KLHL2", "SRP9", "HADHB", "FIG4", "RPS26", "VMP1", "RAP2B", "EIF2S3", "HNRNPH1", "SCD", "CSDE1", "NOP10", "TPT1", "HIST1H4E", "PPIC"], "TEAD4_MCF-7_hg19": ["DDX5", "ITGB2", "MALAT1", "ARHGEF6"], "BCL11A_H1-hESC_hg19": ["RPL41", "MIR21"], "RXRA_SK-N-SH_hg19": ["COLEC12", "ECH1", "MIR21"], "FOXM1_MCF-7_hg19": ["ARL6IP1", "ITGB2", "CALM2"], "ELK1_HeLa-S3_hg19": ["DDX6", "RPL11", "TRIAP1", "THBS1", "TREM1", "PSMA7", "SNX3", "COL4A3BP", "MICAL1", "VAT1", "BNIP3L", "MANBA", "CNBP", "UBE4A", "RPS3A", "GPCPD1", "FIG4", "NSA2", "TRMT5", "TMBIM1", "PPT1", "EIF3E", "CPVL", "FTL", "SLC25A6"], "REST_HL-60_hg19": ["TRMT5", "FAM96A"], "POLR2A_HGPS cell_hg19": ["NDUFB9", "RAB1A", "TRIAP1", "SRP14", "HSD17B11", "OSBPL11", "NARS", "ZFYVE26", "LTA4H", "YWHAG", "RPS13", "RPL19", "ATP6V1F", "HNRNPA3", "MANBA", "PTGES3", "KLHL2", "UBE4A", "RABGGTB", "FIG4", "VMP1", "RNF149", "ARMCX6", "FAM96A", "TPT1"], "HCFC1_MEL cell line_mm9": ["ASAH1", "GRN", "DDX5", "RNF13", "HEXB", "TRIAP1", "SRP14", "RPL8", "RPL9", "SCP2", "MFSD1", "ENPP4", "RPS13", "ATP6V1F", "RPL41", "IDH1", "NONO", "UBE4A", "EEF2", "HADHB", "PRKAR1A", "TRMT5", "ECHDC1", "LAMTOR1", "ATF4"], "GABPA_HepG2_hg19": ["NDUFB9", "ASAH1", "RPL11", "RPS27L", "SRP14", "OSBPL11", "PSMA7", "CORO1C", "SNX3", "NARS", "TRMT112", "HSPH1", "LEPROTL1", "SF3B1", "RPS13", "EIF4B", "HMGN1", "HNRNPA3", "RPL41", "ECH1", "KLHL2", "UBE4A", "RPS3A", "GPCPD1", "RPS26", "VMP1", "FAM96A", "SERINC1", "ATP6V0D1", "PFDN5", "NOP10", "TPT1"], "POLR2A_IMR-90_hg19": ["DDX6", "DDX5", "MT1X", "TRIAP1", "HSD17B11", "OSBPL11", "ZBTB4", "LASP1", "HSPH1", "LEPROTL1", "MFSD1", "AP3S1", "CTSC", "HSPA8", "CNBP", "KLHL2", "FIG4", "RPS26", "MLPH", "RNF149", "HNRNPH1", "ARMCX6", "FAM96A", "NOP10", "TPT1"], "ESRRA_HepG2_hg19": ["HADHB", "GPCPD1", "TKT", "SLC25A6"], "CHD1_H1-hESC_hg19": ["NDUFB9", "MRFAP1L1", "RNF13", "VPS4B", "ARHGAP18", "IRS2", "TRIAP1", "HMGB1", "SRP14", "HSD17B11", "OSBPL11", "THBS1", "NDRG1", "SNX3", "THBD", "SDCBP", "LASP1", "RASSF3", "FCGRT", "LEPROTL1", "BLOC1S2", "ACP5", "WDR6", "PGM1", "RPS13", "CD52", "SVIL", "PHYH", "RPS5", "ECH1", "PLXDC2", "CYP27A1", "RAP2B", "EIF2S3", "PRKAR1A", "TRMT5", "ECHDC1", "SERINC1", "CPVL", "TKT", "NOP10", "FTL"], "GABPA_GM12878_hg19": ["NDUFB9", "LUZP6", "VPS4B", "RPL11", "SRP14", "RPL8", "OSBPL11", "UQCRH", "NARS", "TRMT112", "HSPH1", "LEPROTL1", "ENPP4", "SF3B1", "RPS13", "RPL41", "RPS5", "RPL13A", "UBE4A", "RPS3A", "RPS26", "VMP1", "NSA2", "TMEM33", "SERINC1", "PFDN5", "NOP10", "SERINC5", "TPT1", "CPEB4"], "IRF3_GM12878_hg19": ["GRN", "VPS4B", "YBX1", "HMGB1", "RPL9", "CORO1C", "NARS", "CREG1", "WDR6", "ENPP4", "B2M", "HMGN3", "ARRDC4", "CD164", "CD74", "H2AFZ", "CNBP", "RPL13A", "GPCPD1", "SRP9", "NSA2", "EIF2S3", "IRF8", "EIF3E", "LAMTOR1", "HIST1H4E", "FTL"], "CTCF_GM10248_hg19": ["RPL5", "DDX6", "RAB1A", "RPL11", "PEBP1", "CRIP1", "UQCRH", "PPP1CB", "HSPH1", "MICAL1", "TIMP2", "RAB6A", "HMGN3", "BNIP3L", "EGR2", "RCC2", "NCOA4", "RPS3A", "GPCPD1", "HADHB", "CSDE1", "TMBIM1", "PPT1", "ANP32B", "NOP10"]}