{"H3K27ac_A549_hg19": ["DDX6", "DDX5", "MRFAP1L1", "RNF13", "VPS4B", "MRFAP1", "ARHGAP18", "GLRX", "MT1X", "DTX4", "RPL9", "ZBTB4", "PPP1CC", "ZFYVE26", "RASSF3", "CREG1", "CTSC", "STAC", "KLHL2", "MITF", "FIG4", "NSA2", "SPCS1", "UBE2R2", "TMEM33", "PLIN2", "ATP6V0D1", "SERINC5"], "H3K4me3_mammary epithelial cell_hg19": ["NDUFB9", "RPS27L", "YBX1", "HSD17B11", "THBD", "MFSD6", "LAPTM4A", "COL4A3BP", "MICAL1", "DPYSL2", "TIMP2", "MFSD1", "SVIL", "RPS9", "ST13", "RPS5", "NONO", "STX7", "NAP1L1", "MITF", "MIR21", "BTN3A2", "FIG4", "MLPH", "SLC7A8", "TRMT5", "PPT1", "MT1F", "PLIN2", "EVI2B", "CALM2", "FTL", "SLC25A6"], "H3K79me2_myotube_hg19": ["HSPA8", "PEBP1", "ATP5J", "MT1X", "KLF4", "RPL8", "RPL9", "NBPF15", "FIG4", "EVI2A", "SCP2", "CREG1", "ARMCX6", "TAX1BP3", "LTA4H", "NOP10", "CTSC", "HIST1H4E", "FTL"], "H3K4me3_limb_mm9": ["VAT1", "COLEC12", "GCA", "FAM89A", "STAC", "IDH1", "ECH1", "MITF", "CYP27A1", "GALC", "DOCK11", "MFSD6", "GPNMB", "APMAP", "CTSL", "TRMT5", "PLIN2", "PGM1", "PPIC"], "H3K4me3_GM12875_hg19": ["SVIL", "RPS9", "DDX5", "ST13", "ITGB2", "MRFAP1", "NAP1L1", "MIR21", "YBX1", "TRIAP1", "DTX4", "SRP9", "SPCS1", "SLFN11", "ALDH2", "LEPROTL1", "RRAGD", "ACP5", "ATF4"], "H3K4me3_keratinocyte_hg19": ["NDUFB9", "IRS2", "HSD17B11", "UQCRH", "MFSD6", "LAPTM4A", "COL4A3BP", "LARP1", "RASSF3", "CA2", "CREG1", "MICAL1", "DPYSL2", "ENPP4", "STAC", "NONO", "NAP1L1", "MITF", "BTN3A2", "EEF2", "SRP9", "FIG4", "VMP1", "SPCS1", "EIF2S3", "ALDH1A1", "MT1F", "GGTA1P", "EVI2B", "ATF4", "FTL", "SLC25A6"], "H3K4me3_bone marrow macrophage_mm9": ["COLEC12", "GCA", "FAM89A", "STAC", "ECH1", "FN1", "RABGGTB", "PSMA7", "CYP27A1", "GALC", "LDHB", "DOCK11", "MFSD6", "MLPH", "SLC7A8", "PRKAR1A", "NUPR1", "NOP10", "PPIC"], "H3K4me2_keratinocyte_hg19": ["FN1", "MITF", "IRS2", "TRIAP1", "SRP14", "EEF2", "FIG4", "VMP1", "MLPH", "EVI2A", "RASSF3", "CLEC7A", "MICAL1", "DPYSL2", "MT1F", "ENPP4", "EVI2B", "NOP10", "ABCG1"], "H3K4me3_ES-E14_mm9": ["GRN", "RNF13", "MRFAP1", "PSMA7", "SH3BGRL", "COL4A3BP", "APMAP", "CTSL", "LEPROTL1", "WDR6", "AP3S1", "MANBA", "STAC", "ST13", "TMA7", "KLHL2", "MITF", "CYP27A1", "HADHB", "FIG4", "NSA2", "MLPH", "RAP2B", "UBE2R2", "TRMT5", "PECAM1", "PLIN2", "SERINC5"], "H3K4me3_thymus_mm9": ["VAT1", "MME", "FAM89A", "ECH1", "ARHGAP18", "ATP5J", "PSMA7", "SNX3", "GALC", "MFSD6", "SLC7A8", "CTSL", "TRMT5", "SH3BP5", "ECHDC1", "PLIN2", "PPARG", "RAB6A"], "H3K27me3_GM12878_hg19": ["COLEC12", "FAM89A", "THBS1", "CRIP1", "PRAM1", "THBD", "SDCBP", "SCP2", "GPNMB", "FCGRT", "CA2", "HMGN1", "ARRDC4", "SVIL", "EGR1", "EGR2", "MME", "STAC", "SLC11A1", "MITF", "PLXDC2", "KLF4", "CYP27A1", "MLPH", "SLFN11", "PPARG", "GGTA1P", "CPVL", "ARHGEF6"], "H3K27me3_erythroblast_mm9": ["COLEC12", "FAM89A", "THBS1", "THBD", "PPP1CC", "LDHB", "DOCK11", "MFSD6", "LASP1", "TIMP2", "CTSC", "MME", "GCA", "STAC", "NONO", "FN1", "PLXDC2", "KLF4", "CYP27A1", "TMBIM1", "DPEP2", "PECAM1", "PPARG", "ARHGEF6", "PPIC"], "H3K27me3_cardiac mesoderm_hg19": ["PTPRO", "ITGB2", "MT1X", "IFI30", "THBS1", "CRIP1", "THBD", "LGALS3", "MFSD6", "SCP2", "CLEC7A", "DPYSL2", "MFSD1", "ACP5", "ENPP4", "EGR1", "EGR2", "MME", "STAC", "KLHL2", "CYP27A1", "MLPH", "SLFN11", "CLIP4", "PPT1", "MT1F", "IRF8", "PPARG", "ANP32B", "GGTA1P", "CPVL", "PPIC"], "H3K4me3_astrocyte_hg19": ["NDUFB9", "RPS5", "MITF", "TRIAP1", "HSD17B11", "FIG4", "VMP1", "SPCS1", "RASSF3", "SLC7A8", "CREG1", "MT1F", "ZNF217", "PLIN2", "ENPP4", "AP3S1", "GGTA1P"], "H3K4me3_erythroblast_mm9": ["NDUFB9", "DDX5", "CRIP1", "UQCRH", "CORO1C", "COL4A3BP", "LEPROTL1", "DPYSL2", "ENPP4", "AP3S1", "HMGN2", "SF3B1", "CTSC", "RPS13", "HMGN1", "EGR1", "MME", "GCA", "ST13", "KLHL2", "MITF", "CYP27A1", "HADHB", "NSA2", "RAP2B", "PPT1", "PPIC"], "H3K4me3_cerebellum_mm9": ["VAT1", "COLEC12", "HSPA8", "RPS9", "GCA", "ST13", "IDH1", "ECH1", "TRIAP1", "IFI30", "DTX4", "NDRG1", "CYP27A1", "FIG4", "GALC", "ALDH2", "ARMCX6", "PLIN2", "B2M", "PPIC"], "H3K9ac_HepG2_hg19": ["DDX6", "NDUFB9", "SVIL", "MANBA", "VPS4B", "ECH1", "HP", "GLRX", "UQCRH", "HADHB", "VMP1", "ZFYVE26", "RASSF3", "MICAL1", "MT1F", "MFSD1", "TAX1BP3", "AP3S1", "CTSC", "PPIC"], "H2AFZ_mammary epithelial cell_hg19": ["RPL5", "CD74", "YTHDF1", "GCA", "PTGES3", "RPL11", "MITF", "MT1X", "TRIAP1", "NARS", "THBD", "LASP1", "TRMT5", "BLOC1S2", "MT1F", "ENPP4", "EIF4B", "EIF3A"], "H3K27ac_K562_hg19": ["NDUFB9", "DDX5", "ST13", "ECH1", "KLHL2", "TRIAP1", "IQGAP1", "SRP14", "EEF1G", "ZFYVE26", "SPCS1", "MICAL1", "TRMT5", "DPEP2", "ECHDC1", "WDR6", "LTA4H", "EVI2B", "ATF4"], "H3K4me1_HeLa-S3_hg19": ["CD52", "CD164", "NDUFB9", "STAC", "MMD", "NONO", "MGST2", "MT1X", "IFI30", "RPL9", "TREM1", "TMEM33", "ARMCX6", "MFSD1", "NUPR1", "LAMTOR1", "EVI2B", "TKT", "HMGN3", "ATP6V1F"]}