{"TP63-23658742-EP156T-HUMAN": ["RNH1", "DDX3X", "RNF19B", "AKR1B1", "ENO1", "RND3", "CTSS", "TSKU", "AKAP12", "LBH", "C1QBP", "MYC", "CYP1B1", "TMSB10", "TGM2", "SRGN", "TGIF1", "GABARAPL3", "TMED9", "IL15", "MTUS1", "KRT8", "HLA-E", "RCN1", "KIF2A", "DAD1", "OAS3", "IRF2", "PPIF", "RBMS1", "CD47", "TOP1", "MET", "C1S", "CEBPD", "RPL11", "ZC3HAV1", "SLC1A5", "DDX60", "HIF1A", "DRAM1", "SLC25A28", "CREG1", "STOM", "GCNT3", "SNX7", "STAT1", "PARP12", "VAPA", "FAS", "TGFBI", "NFE2L2"], "MTF2-20144788-MESC-MOUSE": ["CEBPB", "CEBPD", "ZC3HAV1", "RND3", "CXCL5", "SEP15", "CASP7", "CASP8", "LBH", "TUBB3", "CREG1", "CYP1B1", "PMAIP1", "SNX7", "B2M", "HMGN3", "RPS12", "CBR3", "TEAD4", "IL15RA", "BATF3", "IGFBP4", "MTUS1", "KRT8", "ARHGAP29", "TAP1", "ISG15", "ILF2", "PARP12", "PSMB8", "PSMB9", "FKBP1A", "IRF2", "PMP22", "IRF8", "VIM", "LTBR", "TGFBI", "UBE2M"], "TEAD4-22529382-TROPHECTODERM-MOUSE": ["NUP107", "UBE2L6", "SQRDL", "RND3", "HK1", "AKAP12", "HINT1", "CASP7", "CASP8", "SLC25A28", "EIF4H", "ANXA7", "FLNB", "NBN", "TSPAN3", "HMGN3", "TNS3", "RPL17", "S100A11", "TEAD4", "RPS9", "DDX58", "TBCA", "KIF18A", "MTHFD2", "IRF2", "S100A6", "RBMS1", "EIF3H", "MATR3", "GLA"], "STAT3-18555785-MESC-MOUSE": ["CSTF3", "POP4", "RPL11", "UBE2L6", "DDX60", "RND3", "RPS15A", "CSRP1", "KYNU", "MYC", "UBC", "NAMPT", "RPL38", "TNS3", "CBR3", "TEAD4", "STAT1", "RIPK2", "STAT3", "ARHGAP29", "RAB27A", "NMI", "TBCA", "EIF1", "CD2AP", "PLSCR1", "DAD1", "HNRNPA2B1", "EIF3H"], "AR-19668381-PC3-HUMAN": ["LGALS3BP", "NNMT", "POP4", "KIAA0020", "ZC3HAV1", "AKAP12", "UGP2", "RARS", "C1QBP", "TNS3", "APOL3", "TGM2", "MCL1", "STAT1", "SP110", "RARRES3", "EMR1", "MTUS1", "ARHGAP29", "TAP1", "HLA-G", "TNFRSF1A", "ITPKC", "MELK", "PSMA1", "KIF2A", "VAPA", "UQCRQ", "IRF1", "IRF2", "PMP22", "FAS", "PABPC3", "TOP1", "SNRPF", "TPT1", "UBE2M"], "STAT3-22323479-MACROPHAGE-MOUSE": ["STAT3", "MCM3"], "RBPJ-21746931-IB4-LCL-HUMAN": ["IFITM3", "ADPGK", "POMP", "TARS", "IFIT3", "ICAM1", "C3", "IFI16", "SPP1", "RPL35", "ANXA7", "FLNB", "SPTSSA", "TGM2", "IL32", "NOP56", "MTUS1", "DEK", "TNFRSF1A", "RPS25", "MORF4L1", "PSMA3", "MTHFD2", "UBE2S", "IRF1", "S100A6", "FAS", "MYD88"], "GATA1-21571218-MEGAKARYOCYTES-HUMAN": ["IFITM3", "LGALS3BP", "C1S", "RNF19B", "COX7A2", "SLC1A5", "HIF1A", "IFIT3", "HK1", "ZFP36", "HINT1", "DRAM1", "LBH", "UBC", "RPL35", "FLNB", "SLC12A7", "TNS3", "IL15RA", "GPX1", "STAT3", "EMR1", "TRAFD1", "ACTN4", "EEF1A1", "FAM111A", "PLSCR1", "MTHFD2", "DAD1", "IRF2", "DNAJA2", "RBMS1", "TOP1", "ALDOA", "PTMA", "MYD88"], "RUNX2-22187159-PCA-HUMAN": ["LGALS3BP", "CEBPB", "DDX3X", "CEBPD", "ADPGK", "SQRDL", "ENO1", "SLC1A5", "RND3", "CXCL2", "UQCRH", "RBM4", "DRAM1", "KYNU", "RARS", "PLS3", "CYP1B1", "PMAIP1", "RPL38", "FLNB", "SNX7", "SLC12A7", "TNS3", "S100A11", "TRIM22", "APOL3", "TEAD4", "C5ORF15", "SP110", "RIPK2", "IL15", "TXNL1", "MTUS1", "RAB27A", "PA2G4", "SOD2", "PARP12", "HLA-E", "RCN1", "PLSCR1", "MCM3", "RLIM", "RBMS1", "IRF8", "EIF3H", "SNRPF"], "EGR1-20690147-ERYTHROLEUKEMIA-HUMAN": ["OGFR", "RNH1", "DDX3X", "CALCOCO2", "KIAA0020", "UBP1", "SECTM1", "UBE2L6", "ADAR", "PARK7", "TNFAIP1", "UBE2Z", "RND3", "TSKU", "ICAM1", "HK1", "ACTG1", "AKAP12", "ZFP36", "LBH", "TRIM28", "TUBB3", "MYC", "ANXA7", "RPL38", "STRA13", "NBN", "SLC12A7", "TMSB10", "TNS3", "TGM2", "RPS12", "IL15RA", "HSP90AA1", "TMED9", "WARS", "DYNLT1", "GSTO1", "TUBB", "KRT8", "TALDO1", "TAP1", "ACTN4", "DYNLL1", "PDIA6", "TNFRSF1A", "EEF1A1", "ITPKC", "MORF4L1", "PPA1", "IRF2", "RBMS1", "IRF8", "MATR3", "RBCK1", "LAP3", "PTMA", "CEBPB", "RALB", "NDUFB6", "DDX23", "ZC3HAV1", "TYMS", "PSMB10", "GABARAP", "CST3", "C3", "UBC", "CD59", "POLR2I", "CDIPT", "CBR3", "IL32", "DYNC1H1", "STAT1", "STAT3", "MX1", "PARP12", "GNB2L1", "EIF1", "DNAJA1", "FAM111A", "VAPA", "UBE2S", "IMPDH2", "DNAJA2", "MAFF", "P4HB", "GCLM", "MYD88", "TPT1", "NFE2L2", "UBE2M"], "TCF4-23295773-U87-HUMAN": ["OGFR", "NUP107", "KIAA0020", "RNF19B", "UBP1", "ADAR", "RND3", "HIF1A", "PALM2-AKAP2", "HK1", "AKAP12", "HINT1", "CASP8", "LBH", "CSRP1", "TUBB3", "RARS", "UBC", "AP2S1", "FLNB", "SLC12A7", "TNS3", "RPS12", "TGIF1", "IL15RA", "TMED9", "C5ORF15", "CNBP", "MTUS1", "TDRD7", "TBCA", "PDIA6", "GGCT", "PSMA1", "VAPA", "UQCRQ", "IRF1", "IRF2", "PMP22", "PPIF", "RBMS1", "IRF8", "EIF3H", "TOP1", "FAU", "MET", "PFDN5"], "TP63-22573176-HFKS-HUMAN": ["LGALS3BP", "RNH1", "RNF19B", "AKR1B1", "PARK7", "IFI30", "UBE2Z", "CXCL2", "PALM2-AKAP2", "IFIT3", "HK1", "AKAP12", "RPS14", "MT2A", "LBH", "C1QBP", "RPL36", "TMSB10", "RPL39", "TGM2", "TEAD4", "TMED9", "TUBB", "MTUS1", "KRT8", "PDIA6", "GLTSCR2", "TNFRSF1A", "ITPKC", "PSMA6", "DAD1", "OAS3", "IRF1", "TOP1", "PPIB", "PTMA", "MET", "SLC1A5", "PSMB10", "SLC25A28", "IFI16", "AP2S1", "FLNB", "HNRNPA1", "S100A11", "STAT1", "STAT3", "ISG15", "PA2G4", "FAM111A", "P4HB", "FAU", "MIR1244-3"], "SMAD4-21799915-A2780-HUMAN": ["RALB", "DDX3X", "SQRDL", "ZC3HAV1", "RND3", "CXCL2", "HIF1A", "NAMPT", "FLNB", "CD59", "S100A11", "TEAD4", "BATF3", "IL15", "TRAFD1", "TDRD7", "TBCA", "PSMA5", "HNRNPA2B1", "IRF2", "EIF3H", "FAS", "TOP1", "TGFBI", "GCLM", "MET", "MYD88"], "RCOR3-21632747-MESC-MOUSE": ["RALB", "RNH1", "RNF19B", "SLC1A5", "RND3", "ACTG1", "RPS14", "APOL6", "CSRP1", "TUBB3", "KYNU", "EIF4H", "CCL2", "PMAIP1", "RPL38", "FLNB", "TNS3", "MCL1", "CBR3", "TGIF1", "HSP90AA1", "TMED9", "IGFBP4", "SP110", "TXNL1", "GNB2L1", "PSMA6", "MELK", "VAPA", "MAFF", "PMP22", "PPIF", "VIM", "TOP1", "TMEM126B", "SNRPF", "ALDOA"], "SIN3B-21632747-MESC-MOUSE": ["CARS", "IFITM2", "RNH1", "ADPGK", "EIF4A3", "ADAR", "PARK7", "ENO1", "COX6A1", "TSKU", "MRPL33", "ICAM1", "ACTG1", "ZFP36", "RNF114", "CSRP1", "RPS19", "TUBB3", "KYNU", "RPL36", "ANXA7", "RPL38", "NBN", "TNS3", "SRGN", "TGIF1", "RPS9", "HSP90AA1", "TMED9", "GPX1", "SP110", "GSTO1", "RPL22", "DYNLL1", "TNFRSF1A", "PSMA5", "EEF1A1", "ASPM", "MORF4L1", "PSMA6", "MELK", "PSMA4", "PSMA1", "PPIF", "TMEM126B", "SNRPF", "ALDOA", "GTF2A2", "TM2D3", "PSMB10", "GABARAP", "RPS15A", "AP2S1", "TMEM208", "CCL2", "PMAIP1", "FLNB", "MCL1", "SOD2", "EIF1", "RPS25", "HNRNPF", "DNAJA2", "MAFF", "VIM", "FAU", "TPT1", "UBE2M"], "SUZ12-20075857-MESC-MOUSE": ["CEBPB", "CEBPD", "SQRDL", "ZC3HAV1", "CXCL5", "CASP7", "CASP8", "DRAM1", "LBH", "TUBB3", "MYC", "UBD", "CYP1B1", "PMAIP1", "SNX7", "B2M", "HMGN3", "CBR3", "TEAD4", "IL15RA", "GSTK1", "BATF3", "IGFBP4", "RIPK2", "GSTO1", "KRT8", "ARHGAP29", "TRAFD1", "TAP1", "ISG15", "PARP12", "PSMB8", "PSMB9", "FKBP1A", "GGCT", "IRF2", "PMP22", "IRF8", "LTBR", "TMEM126B", "TGFBI", "MET"], "E2F7-22180533-HELA-HUMAN": ["MCM3", "SLC1A5"], "STAT3-23295773-U87-HUMAN": ["LGALS3BP", "ARL6IP1", "CALCOCO2", "UBP1", "ADAR", "TNFAIP1", "ZC3HAV1", "CXCL2", "CTSS", "AKAP12", "CASP8", "UGP2", "LBH", "NAMPT", "NBN", "TNS3", "TGM2", "TEAD4", "DYNC1H1", "IL15", "CNBP", "MTUS1", "KRT8", "HLA-B", "NMI", "EIF1", "RCN1", "KIF18A", "PSMA3", "KIF2A", "VAPA", "PMP22", "VIM", "IDO1"], "SETDB1-19884257-MESC-mouse": ["IFITM3", "LRRC59", "NDUFB6", "C1S", "ARL6IP1", "DDX21", "SLC1A5", "GHITM", "IFI30", "ACTG1", "CST3", "SEP15", "CASP8", "LBH", "TUBB3", "RPL38", "TNS3", "CBR3", "TGIF1", "TMED9", "DDX58", "TXNL1", "TDRD7", "GNB2L1", "EIF1", "MCM3", "PSME1", "CD47", "RPL26", "FKBP4", "PFN1"], "TP63-17297297-HaCaT-human": ["PMAIP1", "FAS"]}