{"MYC::MAX (human)": ["HLA-E"], "REST (human)": ["HLA-E"], "INSM1 (human)": ["HLA-E"], "PLAG1 (human)": ["HLA-E"], "NR1H2::RXRA (human)": ["HLA-E"], "RXRA::VDR (human)": ["HLA-E"], "PDX1 (human)": ["PSMB4", "CASP8"], "EWSR1-FLI1 (human)": ["HLA-E"], "MIZF (human)": ["HLA-E"], "RXR::RAR_DR5 (human)": ["HLA-E"], "CTCF (human)": ["HLA-E"], "RREB1 (human)": ["HLA-E"], "CPEB1 (human)": ["RAB27A"], "HNF1B (mouse)": ["RIPK2"], "MXI1 (human)": ["LGALS3BP", "CSRP1"], "NME2 (human)": ["MYC"], "TLX1::NFIC (human)": ["HLA-E"], "NHLH1 (human)": ["HLA-E"], "IRF1 (human)": ["HLA-E"], "RORA_2 (human)": ["HLA-E"]}