{"H3K27me3 H1 Derived Mesenchymal Stem Cells": ["FKBP1A", "C1R", "MTUS1", "APOL3", "ICAM1"], "H3K27me3 Colonic Mucosa": ["TEAD4", "C1S", "IGFBP4", "C1R", "KRT8", "TYMS", "RND3", "CXCL2", "ICAM1", "AKAP12", "TUBB3", "SPP1", "RBMS1", "PLS3", "CYP1B1", "PABPC3", "DENND5A", "VIM", "TGFBI", "SNX7", "MET"], "H3K27me3 CD34 Primary Cells": ["NNMT", "CYP1B1", "PABPC3", "TGFBI", "MET", "CXCL5", "CBR3"], "H3K4me3 Penis Foreskin Fibroblast Primary Cells": ["NUP107", "POP4", "UBP1", "UBE2L6", "GHITM", "IFI30", "SAT1", "PALM2-AKAP2", "IFIT3", "MT2A", "RPL36", "PLS3", "DENND5A", "TMSB10", "TRIM21", "TGM2", "GSTK1", "SP110", "MTUS1", "KRT8", "PDIA6", "EEF1A1", "PPA1", "MT1H", "RBCK1", "LAP3", "TMEM126B", "FKBP4", "IDO1", "LXN", "COX7A2", "DDX60", "UQCRH", "SEP15", "NME1-NME2", "SNX7", "RARRES3", "RAB27A", "EIF2AK2", "TDRD7", "C20ORF24", "NMI", "GGCT", "KIF18A", "UQCRQ", "CYCS", "MIR1244-3", "MYD88", "ZNF410", "ADPGK", "CALCOCO2", "AKR1B1", "ADAR", "TNFAIP1", "CTSS", "CXCL5", "IMPA1", "RARS", "ANXA7", "TEAD4", "TGIF1", "CCT2", "BATF3", "HSP90AA1", "GPX1", "WARS", "RIPK2", "DDX58", "IL15", "AHSA1", "PSMA5", "PSMA6", "RCN1", "PSMA1", "OAS3", "IRF2", "MCM3", "IRF8", "PABPC3", "ALDOA", "PFDN5", "SLC25A6", "GTF2A2", "NDUFB6", "C1S", "POMP", "DRAM1", "APOL6", "SLC25A28", "CREG1", "CCL2", "SPTSSA", "APOL1", "STAT3", "MX1", "NDUFA1", "SOD2", "HNRNPA2B1", "RLIM", "NUCB1", "FAU", "GLA"], "H3K9me3 H1 Derived Mesenchymal Stem Cells": ["HK1"], "H3K36me3 Brain Mid Frontal Lobe": ["IMPDH2", "IGFLR1"], "H3K36me3 Mobilized CD34 Primary Cells": ["RPL36AL"], "H3K27me3 Mobilized CD34 Primary Cells": ["CEBPD", "SECTM1", "RND3", "PALM2-AKAP2", "CXCL5", "TSKU", "LBH", "TUBB3", "PLS3", "ANXA7", "PMAIP1", "SNX7", "RPL39", "TGM2", "BATF3", "IGFBP4", "MTUS1", "NDUFA1", "ARHGAP29", "EEF1A1", "PSMA1", "MORF4L2", "RLIM", "PMP22", "RBMS1", "MT1H", "MET"], "H3K9me3 CD34 Cultured Cells": ["PABPC3"], "H3K27me3 Adipose Derived Mesenchymal Stem Cell Cultured Cells": ["PSMA1", "MTUS1", "TGFBI", "CXCL5"], "H3K27me3 CD8 Naive Primary Cells": ["TEAD4", "DYRK4", "MTUS1", "ARHGAP29", "TYMS", "CXCL5", "TSKU", "CXCL10", "SPP1", "RBMS1", "CYP1B1", "MT1H", "TGFBI", "MET", "TNS3", "TGM2"], "H3K36me3 Chondrocytes from Bone Marrow Derived Mesenchymal Stem Cell Cultured Cells": ["IGFLR1"], "H3K27me3 CD8 Memory Primary Cells": ["DYRK4", "MTUS1", "RBMS1", "ARHGAP29", "MT1H", "RND3", "PALM2-AKAP2", "IFIT3"], "H3K27me3 Breast vHMEC": ["LBH", "IRF8", "CYP1B1", "FKBP4", "ICAM1"], "H3K27me3 Brain Anterior Caudate": ["TUBB3", "MTUS1", "CYP1B1", "SECTM1", "MT1H", "VIM", "SQRDL", "TGFBI", "TNS3", "TGM2"], "H3K27me3 Peripheral Blood Mononuclear Primary Cells": ["AKAP12", "TGIF1", "LBH", "IGFBP4", "MTUS1", "RBMS1", "MT1H", "CXCL5"], "H3K27me3 Bone Marrow Derived Mesenchymal Stem Cell Cultured Cells": ["TNS3"], "H3K4me1 CD4+ CD25- IL17+ PMA-Ionomcyin stimulated Th17 Primary Cells": ["ARL6IP1", "EIF4A3", "ECI2", "IFIT5", "AKR1B1", "MT1X", "TNFAIP1", "COX6A1", "IFI30", "RPL9", "AKAP12", "CHCHD2", "ZFP36", "RPL36AL", "RARS", "IGFLR1", "CYP1B1", "TEAD4", "DYNLT1", "SP110", "IL15", "MTUS1", "AHSA1", "UGDH", "RCN1", "PLSCR1", "NPC2", "OAS3", "LAP3", "TMEM126B", "PPIB", "SLC25A6", "C1R", "TYMS", "RPS4Y1", "PSMB10", "DRAM1", "APOL6", "CREG1", "TMEM208", "TSPAN3", "SPTSSA", "RARRES3", "NDUFA1", "PA2G4", "CXCL10", "UQCRQ", "LTBR", "ZNF410"], "H3K4me3 Chondrocytes from Bone Marrow Derived Mesenchymal Stem Cell Cultured Cells": ["NUP107", "ARL6IP1", "POP4", "UBE2L6", "GHITM", "COX6A1", "IFI30", "PALM2-AKAP2", "IFIT3", "ICAM1", "CHCHD2", "MT2A", "TUBB3", "RPL36AL", "NAMPT", "SLC12A7", "B2M", "TRIM21", "HMGN3", "TNS3", "TGM2", "IL15RA", "GSTK1", "C5ORF15", "SP110", "MTUS1", "KRT8", "PDIA6", "CD2AP", "HLA-E", "PSME2", "TMEM126B", "SNRPF", "IDO1", "COX7A2", "DDX60", "SEP15", "NME1-NME2", "ATP5B", "TSPAN3", "SNX7", "RARRES3", "RAB27A", "EIF2AK2", "TDRD7", "ISG15", "C20ORF24", "PA2G4", "GGCT", "RPS25", "KIF18A", "CYCS", "MIR1244-3", "ZNF410", "FKBP11", "ADPGK", "AKR1B1", "SECTM1", "TNFAIP1", "CXCL2", "CTSS", "AKAP12", "CASP8", "IMPA1", "RARS", "TMED3", "ANXA7", "TEAD4", "SRGN", "TGIF1", "CCT2", "BATF3", "HSP90AA1", "TMED9", "GPX1", "WARS", "RIPK2", "DDX58", "IL15", "AHSA1", "DYNLL1", "GLTSCR2", "PSMA5", "PSMA6", "RCN1", "PLSCR1", "PSMA1", "NPC2", "OAS3", "IRF2", "MCM3", "ALDOA", "MET", "IRF9", "SLC25A6", "RALB", "C1S", "DDX23", "DDX21", "TYMS", "PSMB10", "HSPD1", "PSMB4", "DRAM1", "APOL6", "SLC25A28", "CREG1", "SPP1", "TMEM208", "SPTSSA", "POLR2I", "CDIPT", "APOL1", "POLR2L", "NOP56", "MX1", "NDUFA1", "SOD2", "GLA"], "H3K4me1 Adult Liver": ["FKBP11", "NUP107", "POP4", "AKR1B1", "COX6A1", "IFI30", "CXCL5", "MT2A", "KYNU", "TMED3", "RPL36", "PLS3", "CYP1B1", "TMSB10", "TRIM21", "RPS12", "BATF3", "RPS9", "HSP90AA1", "GPX1", "WARS", "SP110", "RIPK2", "HNRNPA1P10", "AHSA1", "GLTSCR2", "MORF4L1", "RCN1", "MELK", "OAS3", "MCM3", "PPIF", "MATR3", "TMEM126B", "ALDOA", "SLC25A6", "POMP", "TARS", "COX7A2", "TYMS", "DDX60", "UQCRH", "GCNT3", "PMAIP1", "SNX7", "POLR2I", "HNRNPA1", "MX1", "NDUFA1", "GGCT", "UBE2S", "DNAJA2", "CYCS", "UBE2M"]}