{"AGGGCCA,MIR-328": ["UBE2Z"], "AAGTCCA,MIR-422B,MIR-422A": ["MORF4L2"], "GTATGAT,MIR-154,MIR-487": ["TOP1"], "CACGTTT,MIR-302A": ["MORF4L1"], "ATAACCT,MIR-154": ["MTUS1"], "GTGTGAG,MIR-342": ["DDX3X"], "CTCCAAG,MIR-432": ["PMP22"], "GCAAGGA,MIR-502": ["PABPC3"], "TCCCCAC,MIR-491": ["CSRP1"], "GTACAGG,MIR-486": ["DYNLL1"], "CTCTATG,MIR-368": ["CSTF3"], "TCTGGAC,MIR-198": ["MET"], "GACAGGG,MIR-339": ["ARHGAP29"], "TAGAACC,MIR-182": ["DDX3X"], "AGTCTAG,MIR-151": ["DDX3X"], "ACACTCC,MIR-122A": ["ALDOA"], "CTAGGAA,MIR-384": ["DDX3X"], "TAGGTCA,MIR-192,MIR-215": ["DDX3X"], "CCCACAT,MIR-299-3P": ["TOP1"], "TTCCGTT,MIR-191": ["CEBPB"]}