{"POLR2A_MCF-7_hg19": ["NUP107", "ARL6IP1", "ADPGK", "KIAA0020", "PARK7", "SQRDL", "COX6A1", "IFI30", "MRPL33", "CDC20", "RPS14", "RBM4", "CHCHD2", "CASP7", "MT2A", "TRIM28", "MYC", "NAMPT", "DENND5A", "B2M", "TRIM21", "TNS3", "RPS12", "RPS9", "WARS", "SP110", "ACTN4", "PDIA6", "PSMA5", "EEF1A1", "UGDH", "ITPKC", "MELK", "KIF2A", "PPA1", "OAS3", "IRF1", "PSME1", "IRF8", "PPIB", "SLC25A6", "GTF2A2", "NDUFB6", "CEBPD", "CSTF3", "RPL12", "DDX23", "TARS", "COX7A2", "ATP5B", "RPS15A", "ATP5E", "EIF4H", "STOM", "TMEM208", "PMAIP1", "CD59", "POLR2L", "NOP56", "STAT3", "MX1", "TXNL1", "NDUFA1", "ARHGAP29", "C20ORF24", "SOD2", "DNAJA1", "RPS25", "FAM111A", "UQCRQ", "RLIM", "CYCS", "EIF3H", "FAU", "TPT1"], "MYC_H1-hESC_hg19": ["LGALS3BP", "RNH1", "KIAA0020", "ADAR", "PARK7", "GHITM", "CXCL2", "CXCL5", "MRPL33", "ACTG1", "RBM4", "MT2A", "IMPA1", "RARS", "C1QBP", "TMSB10", "HMGN3", "RPL39", "WARS", "TALDO1", "ILF2", "TNFRSF1A", "PSMA3", "MORF4L2", "IRF1", "ATP6V1B2", "SRSF2", "PABPC3", "MT1H", "LAP3", "SNRPF", "ALDOA", "PPIB", "IRF9", "SLC25A6", "SRSF9", "LRRC59", "NDUFB6", "C1R", "CSTF3", "TYMS", "RPS4Y1", "CREG1", "STOM", "GCNT3", "NOP56", "FKBP1A", "GGCT", "FAM111A", "UQCRQ", "RLIM", "FAU"], "POLR2AphosphoS2_HeLa-S3_hg19": ["LGALS3BP", "GTF2A2", "NUP107", "POP4", "DDX23", "TARS", "MT1X", "PARK7", "SQRDL", "IFI30", "MRPL33", "RBM4", "CHCHD2", "IMPA1", "ATP5E", "EIF4H", "DENND5A", "SLC12A7", "TGM2", "SP110", "RIPK2", "MX1", "TXNL1", "TALDO1", "AHSA1", "C20ORF24", "ACTN4", "ILF2", "GLTSCR2", "PSMA5", "GGCT", "PSMA6", "PSMA3", "IRF1", "LAP3", "SNRPF", "ALDOA", "PPIB", "MET", "GLA"], "POLR2A_MCF 10A_hg19": ["CARS", "LGALS3BP", "ADPGK", "AKR1B1", "FAM208B", "UBE2L6", "ADAR", "SQRDL", "COX6A1", "IFI30", "MRPL33", "CASP7", "LBH", "C1QBP", "DENND5A", "TRIM21", "TGM2", "HSP90AA1", "TALDO1", "ASPM", "PSMA6", "KIF2A", "DAD1", "OAS3", "IRF1", "RBMS1", "RBCK1", "PFDN5", "SLC25A6", "SRSF9", "LXN", "C1S", "TARS", "COX7A2", "GABARAP", "C3", "DRAM1", "SLC25A28", "TMEM208", "SNX7", "NOP56", "STAT1", "STAT3", "MX1", "NDUFA1", "RAB27A", "ISG15", "PA2G4", "FKBP1A", "DNAJA1", "GGCT", "EIF3H", "GCLM", "TPT1"], "POLR2A_HeLa-S3_hg19": ["LGALS3BP", "ADPGK", "KIAA0020", "UBP1", "AKR1B1", "PARK7", "SQRDL", "COX6A1", "IFI30", "RND3", "TSKU", "MRPL33", "ICAM1", "RBM4", "CHCHD2", "CASP7", "CASP8", "KYNU", "RARS", "C1QBP", "DENND5A", "SLC12A7", "TRIM21", "TEAD4", "DYNLT1", "SP110", "RIPK2", "TALDO1", "AHSA1", "ILF2", "GLTSCR2", "ASPM", "UGDH", "PSMA6", "MELK", "PSMA4", "KIF2A", "OAS3", "IRF1", "IRF2", "MCM3", "RBMS1", "LAP3", "TMEM126B", "PPIB", "MET", "SRSF9", "NDUFB6", "C1S", "CEBPD", "DDX23", "TM2D3", "GABARAP", "NME1-NME2", "TMEM208", "CD59", "APOL1", "STAT1", "STAT3", "MX1", "TXNL1", "NDUFA1", "ISG15", "DEK", "FKBP1A", "GGCT", "FAM111A", "UBE2S", "UQCRQ", "CYCS", "EIF3H", "P4HB"], "CTCF_GM13976_hg19": ["LRRC59", "CEBPB", "LXN", "IFITM2", "NDUFB6", "CALCOCO2", "RPL11", "EIF4A3", "TM2D3", "IFI35", "UBE2Z", "RND3", "UQCRH", "PSMB4", "HINT1", "CASP7", "DRAM1", "RARS", "C1QBP", "TMED3", "RPL36", "TMEM208", "DENND5A", "RPL38", "FLNB", "NBN", "HMGN3", "IL15RA", "TMED9", "TALDO1", "TDRD7", "DYNLL1", "IMPDH2", "MORF4L2", "PPIF", "PSME1", "IRF9", "SRSF9"], "HDAC2_K562_hg19": ["ARL6IP1", "RPL34", "POP4", "EIF4A3", "TNFAIP1", "COX6A1", "IFI30", "RND3", "CDC20", "RBM4", "RPS19", "TMSB10", "RPL39", "TGM2", "GSTO1", "KRT8", "ILF2", "GLTSCR2", "PSMA5", "DNAJC2", "UGDH", "ITPKC", "PSMA6", "PPIF", "SRSF2", "MATR3", "TOP1", "IRF9", "LRRC59", "C1R", "CSTF3", "TARS", "SLC1A5", "TM2D3", "DDX60", "C3", "CREG1", "EIF4H", "STOM", "NOP56", "STAT1", "RARRES3", "TDRD7", "DEK", "GNB2L1", "PSMB8", "DNAJA1", "VAPA", "TPT1", "NFE2L2"], "FOXP2_PFSK-1_hg19": ["HSP90AA1", "GPX1", "RLIM", "KRT8", "TNFAIP1", "LAP3", "TSKU"], "FOXM1_MCF-7_hg19": ["CDC20", "ASPM", "ARL6IP1", "UBE2S", "HNRNPA2B1", "NFE2L2"], "GABPA_MEL cell line_mm9": ["LRRC59", "UBC", "DNAJA2", "TALDO1", "ENO1", "GCLM", "ALDOA", "CXCL5"], "RAD21_SK-N-SH_hg19": ["ADPGK", "EIF4A3", "FAM208B", "UBE2L6", "IFI35", "RND3", "SAT1", "ICAM1", "HINT1", "CASP7", "MT2A", "CASP8", "LBH", "RARS", "C1QBP", "MYC", "RPL36", "CYP1B1", "RPL38", "NBN", "TGM2", "GPX1", "IGFBP4", "DDX58", "AHSA1", "DYNLL1", "TNFRSF1A", "UGDH", "MORF4L2", "MCM3", "PPIF", "PPIB", "MET", "IRF9", "IDO1", "SRSF9", "LRRC59", "CEBPB", "NDUFB6", "C1S", "CEBPD", "C1R", "RPL11", "DDX23", "TM2D3", "NME1-NME2", "PSMB4", "PMAIP1", "FLNB", "SNX7", "MCL1", "NAA50", "ARHGAP29", "RAB27A", "TDRD7", "C20ORF24", "NUCB1", "VIM"], "POLR2AphosphoS2_K562_hg19": ["CARS", "LGALS3BP", "IFITM2", "EIF4A3", "MT1X", "PARK7", "TNFAIP1", "IFI35", "COX6A1", "RPL9", "TSKU", "MRPL33", "RBM4", "MT2A", "CASP8", "RNF114", "LBH", "RARS", "C1QBP", "ANXA7", "TRIM21", "SRGN", "IL15RA", "BATF3", "RIPK2", "DDX58", "KRT8", "TRAFD1", "TALDO1", "ACTN4", "DYNLL1", "ILF2", "PPA1", "DAD1", "S100A6", "MT1H", "CD47", "TMEM126B", "MET", "PFDN5", "LRRC59", "CEBPD", "DDX21", "TARS", "TYMS", "UQCRH", "PSMB10", "CST3", "PSMB3", "CREG1", "EIF4H", "STOM", "CCL2", "S100A11", "IL32", "NOP56", "CNBP", "STAT3", "RAB27A", "EIF2AK2", "PA2G4", "FKBP1A", "FAM111A", "VAPA", "IMPDH2", "RLIM", "MYD88"], "MYOG_myocyte_mm9": ["DDX3X", "NUP107", "ADPGK", "EIF4A3", "RNF19B", "TNFAIP1", "GHITM", "IFI30", "ZFP36", "CSRP1", "RPS19", "C1QBP", "MYC", "TMED3", "RPL36", "RPL35", "PLS3", "DENND5A", "TGM2", "TMED9", "WARS", "RPL22", "TRAFD1", "TALDO1", "ACTN4", "TNFRSF1A", "EEF1A1", "MORF4L1", "PSMA1", "PPA1", "PPIF", "SRSF2", "RBMS1", "CD47", "TMEM126B", "ALDOA", "PPIB", "MET", "PFDN5", "LRRC59", "CEBPD", "DDX23", "DDX21", "TARS", "TM2D3", "HIF1A", "HSPD1", "UBC", "EIF4H", "TMEM208", "SNX7", "NOP56", "STAT1", "STAT3", "TXNL1", "FKBP1A", "GGCT", "VAPA", "DNAJA2", "PMP22", "EIF3H", "TGFBI", "FAU", "TPT1"], "POLR2A_NB4_hg19": ["OGFR", "CARS", "NUP107", "NDUFB6", "ARL6IP1", "ADPGK", "DDX23", "MT1X", "PARK7", "CXCL2", "MRPL33", "ICAM1", "ATP5B", "RBM4", "PSMB4", "C1QBP", "PMAIP1", "SPTSSA", "B2M", "TMSB10", "RPL39", "SRGN", "NAA50", "IGFBP4", "SP110", "RPL22", "TXNL1", "AHSA1", "EIF2AK2", "ISG15", "ACTN4", "SOD2", "PSMA5", "PSMA6", "UBE2S", "IRF1", "MCM3", "CD47", "RBCK1", "LAP3", "PFDN5"], "MXI1_HepG2_hg19": ["C1S", "CSTF3", "DDX23", "ECI2", "UBP1", "PARK7", "RPL9", "SAT1", "PSMB10", "ZFP36", "CSRP1", "EIF4H", "TMEM208", "CD59", "SPTSSA", "APOL1", "TMSB10", "TNS3", "GPX1", "STAT1", "RPL22", "AHSA1", "ISG15", "ACTN4", "DYNLL1", "PDIA6", "PSMA5", "GGCT", "ITPKC", "FAM111A", "UBE2S", "OAS3", "TMEM126B", "FAU", "ALDOA", "PFDN5", "TPT1", "SLC25A6"], "CHD2_K562_hg19": ["LRRC59", "GTF2A2", "RALB", "NUP107", "CSTF3", "DDX23", "UBP1", "FAM208B", "ADAR", "SLC1A5", "COX6A1", "IFI30", "UBE2Z", "ATP5B", "RPL36AL", "ATP5E", "C1QBP", "PMAIP1", "FLNB", "STAT1", "RPL22", "KRT8", "EIF2AK2", "ISG15", "PDIA6", "GLTSCR2", "CD2AP", "PSMA5", "GGCT", "PSMA6", "VAPA", "EIF3H", "CD47", "TMEM126B", "SNRPF", "RPL26", "FKBP4", "TPT1"], "POLR2AphosphoS5_GM12891_hg19": ["GTF2A2", "LXN", "NUP107", "NDUFB6", "CSTF3", "POMP", "DDX23", "IFIT5", "ZC3HAV1", "IFI30", "RPS4Y1", "MRPL33", "CST3", "TMED3", "DENND5A", "HNRNPA1", "APOL1", "POLR2L", "GSTK1", "SP110", "RIPK2", "HNRNPA1P10", "RPL22", "TXNL1", "TALDO1", "AHSA1", "GLTSCR2", "FKBP1A", "PSMA6", "FAM111A", "MELK", "PSMA4", "PPA1", "DNAJA2", "IRF8", "EIF3H", "SRSF9"], "SMARCB1_HeLa-S3_hg19": ["OGFR", "CEBPB", "GTF2A2", "ADPGK", "RPL12", "POMP", "EIF4A3", "PARK7", "SQRDL", "MRPL33", "ICAM1", "RNF114", "EIF4H", "STOM", "PMAIP1", "SPTSSA", "NOP56", "RIPK2", "STAT3", "SOD2", "EIF1", "PSMA5", "GGCT", "EEF1A1", "UGDH", "UQCRQ", "OAS3", "HNRNPA2B1", "S100A6", "PSME1", "SRSF2", "CYCS", "LTBR", "FAU", "PTMA", "MET", "TPT1", "SLC25A6"], "CHD1_GM12878_hg19": ["CARS", "LXN", "POMP", "EIF4A3", "DDX23", "DDX21", "SLC1A5", "IFI30", "UBE2Z", "PSMB10", "MRPL33", "ICAM1", "CSRP1", "IMPA1", "IFI16", "RPL36AL", "C1QBP", "IGFLR1", "CDIPT", "SLC12A7", "RPL39", "POLR2L", "NOP56", "WARS", "STAT3", "NDUFA1", "RAB27A", "ISG15", "NMI", "PA2G4", "SOD2", "ASPM", "DNAJC2", "RPS25", "RCN1", "S100A6", "SLC25A6"], "CTCF_GM10248_hg19": ["LRRC59", "LXN", "IFITM2", "CALCOCO2", "RPL11", "EIF4A3", "ECI2", "TM2D3", "IFI35", "UBE2Z", "UQCRH", "HINT1", "CASP7", "RNF114", "KYNU", "RARS", "TMED3", "RPL36", "DENND5A", "RPL38", "FLNB", "NBN", "SNX7", "TMSB10", "HMGN3", "TGM2", "IL15RA", "TALDO1", "TBCA", "DYNLL1", "IMPDH2", "MORF4L2", "IRF1", "PPIF", "PSME1", "MATR3", "IRF9", "SRSF9"]}