{"H3K36me3_G1E-ER4_mm9": ["B4GALT2", "PTGER4", "PGAP2", "QPRT", "BUB1B", "TEX261", "BCL10", "YBX1", "HK2", "HIRA", "HYAL1", "AP1S1", "ENPP1", "PSPH", "DUSP1", "ATP8B1", "PABPC4", "GLCE", "GSR", "ACOT13", "HSPA2", "SLC5A6", "LARS2", "CLDN3", "ID1", "F2RL1", "PPIH", "PPARG", "ACO2", "HSPA1B"], "H2AFZ_skeletal muscle myoblast_hg19": ["SLC35A3", "ATP8B1", "CHRNA7", "ARL1", "TBC1D9", "THBS4", "SLC5A6", "GMDS", "OAS2", "CCNE1", "FPGT", "DPH2", "AGPS", "ENPP1", "PPIH", "AVL9", "CRYM", "PRKACB", "TSPAN1", "MMACHC"], "H3K4me3_NT2-D1_hg19": ["SLC26A2", "SATB2", "LRBA", "TBC1D9", "ATP1B1", "FMO5", "AQP3", "THBS4", "MAPK13", "GSTZ1", "SLC5A6", "CKMT2", "CLDN3", "PCCA", "TST", "NMU", "NKX2-1", "SUCLG2", "KDELR3", "PLCB1"], "H3K4me2_T-cell acute lymphoblastic leukemia_hg19": ["SLC12A2", "TLE2", "SLC35A3", "CD151", "PABPC4", "FUCA1", "ABHD14A", "IFIT1", "FMO5", "NR3C2", "GSTZ1", "UROD", "FPGT", "ID1", "TRIM15", "ACO2", "MMACHC", "PFN2", "EXPH5", "HBEGF"], "H3K27ac_cortical plate_mm9": ["DUSP4", "SLC25A1", "SLC26A2", "SLC35A3", "SEMA6A", "PTPRO", "GSR", "ABHD14A", "NR4A2", "P2RX4", "AKR1B10", "HYAL1", "BTBD3", "NAAA", "PCCB", "STK38", "HADH", "AVL9", "TMED7", "PSPH", "BCAT2"], "H3K79me2_skeletal muscle myoblast_hg19": ["B4GALT2", "ABCC3", "SLC13A3", "SLC35A3", "SLC22A5", "GDF15", "ACOT13", "TEX261", "SLC5A6", "LARS2", "TST", "UROD", "FPGT", "DPH2", "STBD1", "ID1", "PPIH", "KDELR3", "NINL", "PIGF"], "H2AFZ_B cell_hg19": ["SLC35A3", "RSAD2", "DGAT1", "ARL1", "BUB1B", "KLF4", "EIF2S3", "GMDS", "CCNG1", "ALDH1A1", "ENPP1", "KIF2C", "GPD1L", "KDELR3", "PLCB1", "AVL9", "PRKACB", "PSPH", "PFN2", "EIF2A"], "H3K27ac_bone marrow_mm9": ["LRPAP1", "SLC22A5", "PGAP2", "HPGD", "IL1R2", "ATP1B1", "AGPAT2", "SYNE2", "LARS2", "EBNA1BP2", "GMDS", "OAS2", "GNA11", "NAAA", "PCCB", "PPARG", "TRIM15", "HADH", "BCAT2"], "H3K36me3_cardiac mesoderm_hg19": ["B4GALT2", "SLC25A1", "IRS1", "YBX1", "DNAJB1", "NRAS", "BZRAP1", "UROD", "CA2", "PSPH", "EPHB3", "SLC13A3", "DUSP1", "PABPC4", "ACOT13", "LSR", "HSPA2", "NEAT1", "PTP4A3", "EIF2S3", "TST", "ID1", "CCNG1", "PPIH", "ACO2"], "H3K27ac_osteoblast_hg19": ["SLC22A5", "LRBA", "GLCE", "TBC1D9", "SRI", "HMGCR", "KLF4", "IFIT3", "DNAJB1", "EIF2S3", "GMDS", "FPGT", "STBD1", "ANPEP", "CCDC6", "KIF2C", "ACO2", "SGK1", "PRKACB", "TSPAN1", "C5ORF30"], "H3K4me1_G1E_mm9": ["PIGR", "MAOA", "IFIT1", "UROD", "KIF13B", "CLCA1", "AP1S1", "LY6G6D", "EIF4E", "SPINK4", "DUSP4", "DDX17", "SLC35A3", "FMO5", "GSTZ1", "LARS2", "OAS2", "GLB1", "LCN2", "PADI2", "SIK1", "PPIH", "SGK1", "FGFR3", "ATF3"], "H4K20me1_keratinocyte_hg19": ["SLC25A1", "SLC13A3", "FGFBP1", "TFRC", "DUSP1", "BUB1B", "TEX261", "FOS", "HBA1", "THBS4", "EIF2S3", "NASP", "UROD", "BTBD3", "CCNG1", "STK38", "MYH11", "PRSS8", "EPHB3"], "H2AFZ_mammary epithelial cell_hg19": ["LRPAP1", "SLC35A3", "PANK3", "SEMA6A", "SERPINA1", "LRBA", "SLC5A6", "CKMT2", "GMDS", "OAS2", "GNA11", "TYRO3", "AGR2", "ENPP1", "PPIH", "KDELR3", "AVL9", "TMED7", "PRKACB", "HTATIP2"], "H3K27ac_endothelial cell of umbilical vein_hg19": ["SLC12A2", "HMGCS1", "LRBA", "ARL1", "TBC1D9", "ACOT13", "HSPA2", "HMGCR", "FMO5", "IFIT3", "SLC5A6", "UROD", "FPGT", "KIF13B", "KDELR3", "PRKACB", "PIGF", "BCAT2", "HTATIP2"], "H3ac_C2C12_mm9": ["DUSP4", "SLC12A2", "LRPAP1", "PGAP2", "DGAT1", "GFPT1", "ARL1", "ABHD14A", "SLC4A4", "SH3YL1", "P2RX4", "GMDS", "PCCA", "MAN2A1", "CHN2", "GPR126", "PPIH", "PRKACB", "PFN2"], "H2AFZ_fibroblast of dermis_hg19": ["LRPAP1", "SLC35A3", "SEMA6A", "PGAP2", "SATB2", "LRBA", "PTPRO", "HOXB13", "FMO5", "GMDS", "TYRO3", "NFE2L3", "KIF13B", "ENPP1", "SOSTDC1", "KDELR3", "MMACHC", "EIF2A", "EPHB3"], "H3K4me3_ES-E14_mm9": ["SLC25A1", "PGAP2", "PITPNB", "HPN", "ARL1", "GPR64", "HOXB13", "SLC4A4", "AREG", "THBS4", "GMDS", "GNA11", "FPGT", "STBD1", "CHN2", "CTNNA2", "EIF2A", "DUSP4", "SLC12A2", "LRBA", "GFPT1", "LSR", "FMO5", "PTPRD", "SH3YL1", "P2RX4", "PCCA", "CCNE1", "NMU", "GPR126", "PPIH", "MMACHC", "PIGF"], "H3K4me3_cerebellum_mm9": ["LRPAP1", "PARM1", "SLC22A5", "DGAT1", "PABPC4", "CTSZ", "NR1H4", "HK2", "IFI44L", "SELENBP1", "UROD", "GLB1", "NNAT", "STK38", "KIF13B", "GPR126", "F2RL1", "HADH", "TRIB1"], "H3K36me3_K562_hg19": ["B4GALT2", "SLC25A1", "MAGEA12", "PITPNB", "QPRT", "TEX261", "UROD", "NNAT", "MAGEA1", "PSPH", "SLC13A3", "GDF15", "DUSP1", "NFYC", "PABPC4", "LSR", "HBA1", "PTP4A3", "EBNA1BP2", "PCCA", "TST", "ID1", "SIK1", "KIF2C", "MMACHC"], "H3K4me3_CH12.LX_mm9": ["SLC25A1", "LRPAP1", "SLC22A5", "PGAP2", "ARL1", "NEDD9", "BCL10", "IFIT1", "AGPAT2", "AQP3", "SYNE2", "GMDS", "GNA11", "FPGT", "STBD1", "HADH", "TMED7", "PSPH", "SLC35A3", "DGAT1", "LRBA", "PABPC4", "GSR", "SPINK5", "FOS", "ATP1B1", "KLF4", "NEAT1", "FMO5", "SH3YL1", "P2RX4", "PCCA", "CLDN8", "MALL", "NAAA", "CCNG1", "CCDC6", "FOSB", "PPIH", "PIGF", "HSPA1B", "BCAT2", "HBEGF"]}