{"H3K4me3_mammary epithelial cell_hg19": ["OGFR", "DDX3X", "C1R", "POP4", "POMP", "RNF19B", "PARK7", "TYMS", "DDX60", "CXCL2", "ACTG1", "SEP15", "C3", "DRAM1", "LBH", "CSRP1", "TRIM28", "RPS19", "SPP1", "STRA13", "SPTSSA", "SLC12A7", "TGM2", "NAA50", "RPS9", "GPX1", "MX1", "MTUS1", "KRT8", "ISG15", "ILF2", "PSMA5", "RPS25", "MELK", "UBE2S", "IRF2", "PSME1", "NUCB1", "PABPC3", "MATR3", "LAP3", "TMEM126B", "FAU", "PTMA", "SLC25A6"], "H3K4me3_HeLa-S3_hg19": ["OGFR", "NNMT", "C1S", "ARL6IP1", "C1R", "POP4", "IFIT5", "RNF19B", "COX7A2", "CXCL2", "SAT1", "ICAM1", "ACTG1", "SEP15", "MT2A", "DRAM1", "APOL6", "IMPA1", "TRIM28", "RPS19", "PSMB3", "UBC", "PLS3", "CYP1B1", "STRA13", "SPTSSA", "NAA50", "SP110", "IL15", "RARRES3", "RAB27A", "AHSA1", "ILF2", "GLTSCR2", "CD2AP", "ITPKC", "RPS25", "FAM111A", "RCN1", "UBE2S", "NPC2", "S100A6", "RBMS1", "VIM", "LAP3", "PFN1"], "H3K4me3_GM12878_hg19": ["OGFR", "DDX3X", "C1R", "POP4", "RNF19B", "MT1X", "TNFAIP1", "ENO1", "TSKU", "ICAM1", "DRAM1", "LBH", "TRIM28", "RPS19", "KYNU", "RARS", "TMEM208", "PLS3", "DENND5A", "STRA13", "SPTSSA", "TGM2", "POLR2L", "TGIF1", "BATF3", "RPS9", "C5ORF15", "SP110", "MX1", "ARHGAP29", "GLTSCR2", "PSMB8", "FAM111A", "UBE2S", "IRF1", "S100A6", "RBMS1", "FAS", "MATR3", "TOP1", "LAP3", "TMEM126B", "FAU", "GCLM", "MYD88", "NFE2L2", "IDO1"], "H3K4me3_H1-hESC_hg19": ["C1R", "POP4", "POMP", "DDX23", "MT1X", "PARK7", "COX6A1", "PALM2-AKAP2", "ICAM1", "MT2A", "CREG1", "TMEM208", "CCL2", "TGM2", "NAA50", "BATF3", "RAB27A", "ILF2", "RPS25", "FAM111A", "NPC2", "DAD1", "OAS3", "IRF1", "PSME1", "TMEM126B", "SNRPF", "P4HB", "MET"], "H3K9me1_K562_hg19": ["GTF2A2", "NNMT", "FAM208B", "UBE2L6", "MT2A", "NBN", "TSPAN3", "TRIM21", "RPL17", "RPS12", "SRGN", "WARS", "RPL22", "TXNL1", "PARP12", "PSMB8", "EEF1A1", "PSMA3", "PSMA1", "HNRNPA2B1", "DNAJA2", "PPIB", "GLA", "IRF9", "SLC25A6"], "H3K4me3_ES-Bruce4_mm9": ["IFITM3", "LXN", "RNH1", "NDUFB6", "GHITM", "DDX60", "IFI30", "CXCL2", "MRPL33", "HINT1", "TRIM28", "SPP1", "POLR2I", "TGM2", "TAP1", "EIF2AK2", "ILF2", "PSMA5", "GGCT", "HNRNPF", "DNAJA2", "MCM3", "PMP22", "PSME1", "TMEM126B", "TGFBI"], "H3K4me2_CD14-positive monocyte_hg19": ["LGALS3BP", "C1R", "DDX23", "ECI2", "RND3", "RPL9", "PALM2-AKAP2", "CHCHD2", "SPP1", "RPL35", "TMEM208", "CCL2", "TRIM21", "RPL17", "TGIF1", "C5ORF15", "CNBP", "ILF2", "MELK", "UQCRQ", "DAD1", "MCM3", "MT1H", "SNRPF", "FAU"], "H3K4me3_brain_mm9": ["IFITM3", "NDUFB6", "DDX60", "ZFP36", "TRIM28", "PMAIP1", "POLR2I", "TNS3", "TGM2", "CBR3", "TGIF1", "RPL22", "ARHGAP29", "RAB27A", "PSMA5", "GGCT", "DNAJC2", "DNAJA2", "MAFF", "MCM3", "PPIF", "PSME1", "IRF8", "RBCK1", "TGFBI", "MET", "MSRB1"], "H3K4me3_heart_mm9": ["IFITM3", "RNH1", "NNMT", "TARS", "ADAR", "DDX60", "IFI30", "CTSS", "GABARAP", "MRPL33", "ZFP36", "TRIM28", "TUBB3", "CTSL", "UBC", "TMEM208", "PMAIP1", "NBN", "TRIM21", "CBR3", "TEAD4", "RPS9", "IL15", "NDUFA1", "RAB27A", "TAP1", "PA2G4", "ILF2", "GLTSCR2", "PSMB8", "PSMA5", "DNAJC2", "DNAJA2", "MAFF", "S100A6", "MCM3", "TGFBI", "MET", "MYD88", "MSRB1"], "H3K27me3_H1-hESC_hg19": ["C1R", "SQRDL", "ZC3HAV1", "CXCL2", "CXCL5", "ICAM1", "DRAM1", "LBH", "CSRP1", "TUBB3", "TGM2", "CBR3", "TGIF1", "BATF3", "IL15", "GSTO1", "MTUS1", "TDRD7", "OAS3", "MAFF", "S100A6", "FAS", "VIM", "LTBR", "TGFBI", "ALDOA"], "H3K4me3_erythroblast_mm9": ["LXN", "NDUFB6", "SQRDL", "DDX60", "UQCRH", "SEP15", "RBM4", "DRAM1", "SLC25A28", "TUBB3", "RPL36AL", "PMAIP1", "STRA13", "CBR3", "SRGN", "NAA50", "BATF3", "HSP90AA1", "WARS", "MTUS1", "TALDO1", "RAB27A", "AHSA1", "TAP1", "ISG15", "ILF2", "GNB2L1", "PSMB9", "GGCT", "UGDH", "CXCL10", "PSMA6", "PPA1", "NPC2", "DAD1", "IRF2", "DNAJA2", "CYCS"], "H3K27me3_NT2-D1_hg19": ["OGFR", "DYRK4", "IFIT5", "SQRDL", "ZC3HAV1", "DDX60", "ICAM1", "AKAP12", "SNX7", "CBR3", "IL15RA", "DYNC1H1", "BATF3", "IL15", "MX1", "RAB27A", "EIF2AK2", "TDRD7", "TBCA", "FAM111A", "OAS3", "MAFF", "FAS", "CD47", "LTBR", "TGFBI"], "H3K4me3_HepG2_hg19": ["OGFR", "DDX3X", "POP4", "RNF19B", "PARK7", "TNFAIP1", "ENO1", "CXCL2", "PALM2-AKAP2", "ACTG1", "ZFP36", "TRIM28", "RPS19", "KYNU", "TRIM21", "TGM2", "BATF3", "WARS", "IGFBP4", "SP110", "AHSA1", "ILF2", "GLTSCR2", "NPC2", "OAS3", "RBMS1", "PABPC3", "MATR3", "LAP3", "TMEM126B", "PTMA", "PFDN5", "SLC25A6", "C1R", "DDX60", "DRAM1", "APOL6", "CREG1", "SPP1", "STOM", "CDIPT", "NAA50", "ARHGAP29", "RAB27A", "FAM111A", "P4HB", "FAU", "GCLM", "MYD88"], "H3K4me3_megakaryocyte_mm9": ["DDX60", "CXCL2", "IFIT3", "HSPD1", "ICAM1", "DRAM1", "SLC25A28", "PMAIP1", "TSPAN3", "SNX7", "TMED9", "MTUS1", "NDUFA1", "TRAFD1", "AHSA1", "PA2G4", "TBCA", "ILF2", "GNB2L1", "PSMB8", "CXCL10", "RPS25", "PPA1", "CYCS", "VIM", "TMEM126B", "P4HB", "FAU", "PPIB", "PTMA"], "H3K4me3_bone marrow macrophage_mm9": ["NDUFB6", "UBE2L6", "MRPL33", "TRIM28", "TUBB3", "SPP1", "AP2S1", "CBR3", "TEAD4", "SRGN", "GSTK1", "NDUFA1", "ARHGAP29", "RAB27A", "TAP1", "ILF2", "GNB2L1", "PSMA5", "DNAJC2", "OAS3", "DNAJA2", "MCM3", "PSME1", "TGFBI", "MET"], "H3K9ac_H1-hESC_hg19": ["POP4", "POMP", "DDX23", "PARK7", "UBE2Z", "PALM2-AKAP2", "MRPL33", "RBM4", "CREG1", "STOM", "SPTSSA", "CDIPT", "B2M", "TRIM21", "GPX1", "DYNLT1", "RAB27A", "SOD2", "PSMA5", "UGDH", "RPS25", "DAD1", "OAS3", "IRF1", "MET", "GLA"], "H3K4me3_T-cell acute lymphoblastic leukemia_hg19": ["IFITM2", "C1R", "POP4", "KIAA0020", "TNFAIP1", "CXCL2", "CTSS", "TSKU", "ICAM1", "IMPA1", "SPP1", "TMEM208", "STRA13", "SRGN", "GPX1", "WARS", "C5ORF15", "MX1", "RAB27A", "RPS25", "UQCRQ", "NPC2", "TMEM126B", "P4HB", "PPIB"], "H3K9ac_A549_hg19": ["LGALS3BP", "NNMT", "NUP107", "C1S", "ARL6IP1", "POP4", "DDX23", "COX7A2", "DDX60", "PALM2-AKAP2", "MT2A", "IMPA1", "IFI16", "CREG1", "TMEM208", "STRA13", "BATF3", "GPX1", "SP110", "DDX58", "RARRES3", "MX1", "NDUFA1", "AHSA1", "ISG15", "PSMA5"], "H3K9ac_HeLa-S3_hg19": ["CARS", "NNMT", "C1S", "C1R", "POP4", "MT1X", "PARK7", "SAT1", "ACTG1", "SEP15", "SLC25A28", "IMPA1", "CREG1", "GCNT3", "STRA13", "RPS12", "WARS", "SP110", "SOD2", "ILF2", "GLTSCR2", "DAD1", "HNRNPA2B1", "TMEM126B", "FAU", "GLA"], "H3K4me3_endothelial cell of umbilical vein_hg19": ["NNMT", "C1R", "POP4", "POMP", "DDX23", "IFIT5", "RNF19B", "MT1X", "PARK7", "ENO1", "DDX60", "CXCL2", "UQCRH", "ICAM1", "ACTG1", "SEP15", "CDC20", "DRAM1", "LBH", "TRIM28", "RPS19", "CREG1", "TMEM208", "CCL2", "STRA13", "TGIF1", "BATF3", "SP110", "RIPK2", "IL15", "RARRES3", "NDUFA1", "ARHGAP29", "RAB27A", "AHSA1", "ILF2", "RPS25", "RCN1", "PLSCR1", "OAS3", "RBMS1", "LAP3", "FAU", "PTMA"]}