{"MTF2-20144788-MESC-MOUSE": ["PDXK", "PFKFB3", "CERK", "NXN", "EPAS1", "AMIGO2", "FHL2", "ADM", "PRSS23", "GALNT10", "EGFR", "DDA1", "NUAK1", "CAMK2N1", "ZMIZ1", "CAPN2", "ST3GAL5", "GSE1", "CSGALNACT1", "JUND", "SMAD3", "MORC4", "FZD2", "TIPARP", "CAV1", "TPBG", "TPM1", "FNDC3B", "INHBB", "HSPA2", "DKK1", "EREG", "RHOB", "ARL4C", "FA2H", "KRT18", "DDAH1", "ID2", "FSCN1", "ID3", "SERINC3"], "RAD21-21589869-MESC-MOUSE": ["POP5", "DDX47", "NXN", "MGST3", "ADM", "FBL", "GJA1", "NUAK2", "SCRN1", "EFHD2", "GSE1", "RPL19", "CCT4", "CSGALNACT1", "NQO1", "RPL41", "USP7", "WSB2", "EIF2AK1", "MLF2", "RHOB", "FA2H", "CNOT7", "AXL", "PALLD", "ID2", "NHP2", "NDUFS2", "HIST1H4C", "NOP10", "ISCU"], "SUZ12-20075857-MESC-MOUSE": ["POP5", "TES", "CERK", "FHL2", "ADM", "IRS2", "PRSS23", "GALNT10", "RGS2", "SCRN1", "ZMIZ1", "PLAU", "CAPN2", "EFHD2", "JAK1", "CSGALNACT1", "EDN1", "MORC4", "TNFRSF12A", "TPM1", "KRT7", "DKK1", "EREG", "RHOB", "ARL4C", "DDAH1", "PPP1R3C", "RPL28", "SLC26A2", "PFKFB3", "NXN", "EPAS1", "AMIGO2", "EGFR", "FAM171A1", "NUAK1", "NUAK2", "ST3GAL5", "GSE1", "FZD2", "CAV1", "TPBG", "LIF", "MICAL2", "INHBB", "HSPA2", "FA2H", "KRT18", "ID2", "ID3"], "GABP-19822575-HepG2-human": ["AGPAT5", "PDXK", "CCNI", "SHC1", "DDX1", "WRB", "CLTC", "SLC3A2", "PHB2", "ACTB", "RPS15", "MRPL3", "ATIC", "RPS16", "CAPNS1", "CFL1", "RPS3", "UQCRFS1", "KPNA2", "MYBL1", "BCAP31", "RPL41", "G6PD", "PDCD6IP", "TPM1", "GTPBP8", "DKK1", "TUFM", "RHOB", "TPX2", "GCLC", "NACA", "HNRNPH1", "ID2", "RPL27", "RPL28", "ITPA"], "STAT3-23295773-U87-HUMAN": ["YWHAE", "POP5", "DGKD", "CLTC", "AMIGO2", "ZFAND5", "ADM", "SPINT2", "GALNT10", "MRPL3", "C1ORF106", "GJA1", "LASP1", "CAPN2", "EFHD2", "ST3GAL5", "LMCD1", "JAK1", "KCMF1", "CSGALNACT1", "SLC38A1", "MAP2K1", "TSC22D1", "EIF2AK1", "CAV1", "RPS5", "TXNRD1", "ACTN1", "TPM1", "AHNAK2", "FNDC3B", "FN3KRP", "MICAL2", "TNFRSF10B", "RHOB", "EEF1G", "FA2H", "GCLC", "GPRC5A", "MLPH", "DDAH1", "ID2", "DDIT4", "ALDH1A1", "MAPRE1"], "SRY-25088423-EMBRYONIC GONADS-MOUSE": ["CSTB", "CTBP2", "CERK", "SLC20A1", "SERPINE1", "ODC1", "TMEM97", "PHB2", "ACTB", "EGFR", "RTN4", "RPL7A", "FBL", "LDHA", "NUAK1", "PLAU", "ORMDL2", "ABL1", "SFN", "RAC1", "BCAP31", "USP7", "JUND", "MORC4", "WSB2", "TNFRSF12A", "TPBG", "ACTN1", "TPM1", "LIF", "KRT7", "RPL13A", "ATP1B1", "SLC7A5", "ACLY", "ERP29", "FSCN1", "RPL27", "PLP2", "GAPDH", "RPL28", "PFKP"], "RUNX2-22187159-PCA-HUMAN": ["AGPAT5", "CCNI", "CTBP2", "SLC20A1", "NXN", "EPAS1", "DDX1", "FHL2", "ATP2A2", "NDUFB1", "IRS2", "ACTB", "EGFR", "TUBA1C", "UCHL1", "NUAK1", "NUAK2", "ATIC", "BAG3", "BASP1", "AGR2", "SEC61B", "SLC38A2", "KCMF1", "BCAP31", "SLC38A1", "RPL21", "ANXA2", "TIPARP", "CAV1", "ACTN1", "FNDC3B", "MICAL2", "TNFRSF10B", "INHBB", "MID1", "RHOB", "SOD1", "ARL4C", "FA2H", "ARL4A", "PALLD", "ID2", "ERP29", "PFKP"], "RBPJ-21746931-IB4-LCL-HUMAN": ["AGPAT5", "CSTB", "KRT81", "ATP5A1", "PRPF8", "ACTB", "FBL", "C1ORF106", "ZNF706", "PPME1", "PRDX1", "ABL1", "COTL1", "ST3GAL5", "S100A10", "FZD2", "PRMT1", "LIF", "NDUFC1", "RPL23A", "HSPA2", "TUBA4A", "RPS26", "TPX2", "SLC7A5", "GCLC", "EIF3L", "MYH9", "GAPDH", "CALM2"], "JARID1A-20064375-MESC-MOUSE": ["SHC1", "DDX47", "MGST3", "DDX1", "WRB", "PHB2", "PRPF8", "DDA1", "EEF1B2", "MRPL3", "RPS16", "ORMDL2", "UQCRFS1", "NDUFV1", "RPL19", "CCT4", "EIF5A", "JUND", "RPS5", "ACTN1", "DDX10", "SRP9", "TUFM", "EIF3K", "NDUFS2", "GARS", "RPL27", "ISCU", "BIRC2"], "FOXO3-22982991-MACROPHAGES-MOUSE": ["SLC26A2", "SHC1", "HJURP", "SLC7A11", "GALNT10", "EEF1B2", "CCND3", "APMAP", "BASP1", "PRDX1", "TIMM17B", "UQCRFS1", "RAC1", "CCT4", "ANXA2", "IDH1", "EIF2AK1", "NDUFC1", "MLF2", "TUFM", "TPX2", "STRAP", "RPL28", "CALM2", "ITPA", "EIF4G2", "RPS23"], "SETDB1-19884257-MESC-mouse": ["AGPAT5", "TES", "CTBP2", "CERK", "DDX47", "WRB", "GSTP1", "ODC1", "SLC3A2", "RPL10A", "GALNT10", "CCND3", "UCHL1", "NUAK2", "CAPNS1", "ZMIZ1", "KIF5B", "GSE1", "RPS27A", "IER2", "SLC38A1", "WSB2", "TPM1", "FNDC3B", "LIF", "MICAL2", "ARL4C", "NFKBIA", "PALLD", "ID2", "EZR", "EPHA2"], "TCF4-23295773-U87-HUMAN": ["YWHAE", "DDX47", "ZFAND5", "FHL2", "ADM", "IRS2", "SLC7A11", "GALNT10", "MRPL3", "GJA1", "SCRN1", "PPME1", "ZMIZ1", "BASP1", "COTL1", "KPNA2", "KCMF1", "CSGALNACT1", "USP7", "WSB2", "ANXA2", "ZBTB38", "ATP1B1", "DKK1", "SRP9", "EREG", "ARL4A", "DDAH1", "ALDH1A1", "GARS", "TRIM16", "EZR", "EPHA2", "CTBP2", "NXN", "AMIGO2", "EGFR", "CCNB2", "C1ORF106", "PACSIN2", "ABL1", "SFN", "MDH1", "EIF2AK1", "TXNRD1", "MICAL2", "NFKBIA", "FA2H", "GCLC", "EIF3L", "ANXA2P2", "CALM2", "AARS"], "REST-21632747-MESC-MOUSE": ["AGPAT5", "MAP2K1", "EDN1", "USP7", "SMAD3", "PDCD6IP", "CTBP2", "INHBB", "ADM", "GTPBP8", "GALNT10", "ARL4C", "CCNB2", "MRPL3", "TUBA1C", "GCLC", "GJA1", "ZMIZ1", "BASP1", "ID3", "GSE1", "SFN", "CALM2"], "CEBPB-20176806-THIOMACROPHAGE-MOUSE": ["AGPAT5", "CSGALNACT1", "SLC26A2", "SMAD3", "SLC20A1", "EPAS1", "SLC3A2", "RPL10A", "PRSS23", "GALNT10", "RTN4", "MLLT11", "TUBA1C", "NUAK1", "PPME1", "CFL1", "CAPN2", "RAC1", "TRIM16", "GAPDH", "SLC38A2", "CCT4", "PRR13"], "SPI1-23547873-NB4-HUMAN": ["CCNI", "CTBP2", "CLTC", "AMIGO2", "ZFAND5", "BUB1B", "HSPB1", "RTN4", "RPS15", "ABR", "TUBA1C", "MRPL42", "RGS2", "LASP1", "PLAU", "PACSIN2", "EFHD2", "RPS3", "EIF4EBP1", "COTL1", "RAC1", "RPS27A", "KPNA2", "NDUFV1", "IER2", "CCT4", "HNRNPA0", "EIF5A", "RPL41", "TPM1", "NFKBIA", "SLC7A7", "EIF3K", "NACA", "HNRNPH1", "NHP2", "ERP29", "ID3", "MYH9", "GARS", "RPL27", "EZR", "RPL28", "ITPA", "BIRC2", "FTL"], "SIN3B-21632747-MESC-MOUSE": ["YWHAE", "MTCH1", "SERPINE1", "ADM", "PHB2", "GALNT10", "ACTB", "EEF1B2", "TUBA1C", "UCHL1", "LASP1", "ZMIZ1", "BASP1", "KIF5B", "IER2", "EIF5A", "MAP2K1", "EDN1", "PDCD6IP", "WSB2", "RPL21", "RPS5", "SRP9", "TUFM", "ARL4C", "ALDH3A1", "ARL4A", "DDIT4", "NHP2", "FSCN1", "RPL24", "GARS", "RPL27", "EZR", "GAPDH", "ISCU", "EPHA2", "AGPAT5", "CTBP2", "WRB", "RTN4", "NUAK2", "CAMK2N1", "BAG3", "GSE1", "HMOX1", "NDUFV1", "CCT4", "RPL41", "JUND", "INHBB", "HNRNPAB", "PBX1", "SOD1", "MLLT11", "NFKBIA", "FA2H", "KRT18", "ID2", "HIST1H4C", "CALM2", "AARS"], "SMAD4-21799915-A2780-HUMAN": ["TES", "SLC20A1", "EPAS1", "MGST3", "AMIGO2", "FHL2", "EGFR", "C1ORF106", "CCND3", "RGS2", "NUAK2", "ZNF706", "KIF5B", "PACSIN2", "LMCD1", "SLC38A2", "ZBED5", "S100A10", "CSGALNACT1", "MAP2K1", "EDN1", "PDCD6IP", "MDH1", "RPL21", "TIPARP", "ZBTB38", "ACTN1", "MICAL2", "DDX10", "ATP1B1", "MID1", "PBX1", "RHOB", "ARL4C", "DDAH1", "PALLD", "EIF3L", "GARS", "CALM2"], "SOX9-25088423-EMBRYONIC GONADS-MOUSE": ["CSTB", "KRT81", "PDXK", "PFKFB3", "ODC1", "PLCXD1", "PRSS23", "GALNT10", "ACTB", "EGFR", "RPL7A", "ABR", "BAG3", "ZMIZ1", "EFHD2", "HMOX1", "IER3", "EIF5A", "TNFRSF12A", "TPBG", "ACTN1", "LIF", "RPL13A", "NDUFC1", "KRT18", "DDAH1", "NCL", "ID2", "ISCU"], "GATA2-20887958-HPC-7-MOUSE": ["NQO1", "DGKD", "OPN3", "FZD2", "IDH1", "TPM1", "FHL2", "HJURP", "ATP1B1", "PLCXD1", "TUBA4A", "FBL", "TUBA1C", "CCND3", "RGS2", "KRT18", "PALLD", "BASP1", "DDIT4", "COTL1", "NDUFS2", "IER2", "JAK1", "ABCG2"], "TP63-17297297-HaCaT-human": ["DDIT4", "SFN"]}