{"Esrrb (mouse)": ["CTBP2", "AMIGO2"], "TLX1::NFIC (human)": ["RPL7A"], "TBX5 (human)": ["IARS"], "CBX5 (human)": ["RPS15", "RPS27L", "AKR1C2"], "NFYB (human)": ["ACTB"], "PDX1 (human)": ["SLC7A7", "NXN"], "RUNX1 (mouse)": ["PACSIN2"], "EBF1 (mouse)": ["RPL28"], "HNRNPK (human)": ["TSC22D1", "ID2"], "SMAD3 (human)": ["SERPINE1"], "ESR2 (human)": ["EIF5A", "HJURP"], "CPEB1 (human)": ["FBL"], "MAFB (human)": ["FSCN1", "RTN4"], "MXI1 (human)": ["FAM171A1", "ODC1"], "SMAD3 (mouse)": ["RPS27L"], "NFATC2 (human)": ["SMAD3", "TNFRSF10B", "RPS23"], "MIR210 (human)": ["ALDH3A1", "AXL"], "NME2 (human)": ["CTBP2"], "HNF1B (mouse)": ["ALDH3A1"], "RORA_2 (human)": ["PFKFB3"]}