{"H3K27me3 H1 Derived Mesenchymal Stem Cells": ["MALL", "KRT7"], "H3K4me2 IMR90": ["HJURP", "TMEM97", "PHB2", "C14ORF166", "EEF1B2", "CCND3", "RGS2", "CAPNS1", "PPME1", "PLAU", "KPNA2", "KCMF1", "G6PD", "MORC4", "WSB2", "RPL21", "DDX10", "TUBA4A", "EREG", "TUFM", "NCL", "MALL", "NHP2", "ERP29", "ERH", "TRIM16", "RPL28", "ISCU", "ABCG2", "PRR13", "SLC26A2", "PFKFB3", "DDX1", "PLCXD1", "PRPF8", "FAM171A1", "CCNB2", "C1ORF106", "ZNF706", "PACSIN2", "ABL1", "EIF4EBP1", "NDUFV1", "ZBED5", "ZNF146", "EIF2AK1", "INHBB", "MLLT11", "RPS26", "FA2H", "TPX2", "AKR1B10", "ID2", "ID3", "UBA1", "HIST1H4C", "CD24", "NOP10", "AARS", "RPS23", "FHL2", "PRSS23", "RPL7A", "MRPL3", "TUBA1C", "ATIC", "EFHD2", "TIMM17B", "UQCRFS1", "SEC61B", "TK1", "MYBL1", "JAK1", "PRMT1", "FN3KRP", "ATP5F1", "EEF1G", "SLC25A5", "BIRC2", "AGPAT5", "CSTB", "WRB", "ODC1", "ATP5A1", "NDUFB1", "SLC3A2", "PSMA7", "CCT4", "BCAP31", "CA12", "NQO1", "RRM2", "MDH1", "TXNRD1", "AHNAK2", "MLPH", "KRT18", "EIF3K", "EIF3L"], "H3K4me3 Penis Foreskin Fibroblast Primary Cells": ["MTCH1", "DGKD", "FHL2", "BUB1B", "ADM", "SPINT2", "DDA1", "EEF1B2", "MRPL3", "MRPL42", "RGS2", "UCHL1", "PPME1", "BASP1", "TIMM17B", "UQCRFS1", "SEC61B", "TK1", "MYBL1", "JAK1", "MORC4", "WSB2", "FN3KRP", "DDX10", "NDUFC1", "ATP5F1", "MID1", "TUFM", "ALDH3A1", "PPP1R3C", "MALL", "ERP29", "NDUFS2", "ERH", "TRIM16", "SLC25A5", "ISCU", "ABCG2", "AGPAT5", "CSTB", "SLC26A2", "PFKFB3", "WRB", "ODC1", "AMIGO2", "ATP5A1", "FAM171A1", "CCNB2", "C1ORF106", "ZNF706", "PACSIN2", "ST3GAL5", "ZBED5", "BCAP31", "NQO1", "MDH1", "TXNRD1", "MICAL2", "TNFRSF10B", "INHBB", "RPL23A", "HSPA2", "FA2H", "GCLC", "AKR1B10", "KRT18", "EIF3K", "ID2", "HIST1H4C", "CD24"], "H3K36me3 H1": ["INHBB", "CD24"], "H3K36me3 Brain Mid Frontal Lobe": ["ZNF146"], "H3K9me3 Mesenchymal Stem Cell Derived Adipocyte Cultured Cells": ["MORC4"], "H3K36me3 Stomach Smooth Muscle": ["RPL13A"], "H3K4me3 Duodenum Smooth Muscle": ["MTCH1", "HILPDA", "HJURP", "BUB1B", "SLC7A11", "TMEM97", "RPL10A", "PHB2", "C14ORF166", "EEF1B2", "RPS15", "RPL7A", "MRPL3", "MRPL42", "CCND3", "UCHL1", "ATIC", "CAPNS1", "PPME1", "CFL1", "TIMM17B", "SEC61B", "KPNA2", "MYBL1", "C11ORF68", "USP7", "G6PD", "MORC4", "RPL21", "FN3KRP", "NDUFC1", "GTPBP8", "ATP1B1", "ATP5F1", "DKK1", "EREG", "TUFM", "EEF1G", "NGFRAP1", "SLC7A7", "DDAH1", "NCL", "NHP2", "ERP29", "NDUFS2", "RPL24", "GARS", "RPL27", "ERH", "SLC25A5", "GAPDH", "RPL28", "BIRC2", "ABCG2", "AGPAT5", "CSTB", "SLC26A2", "SLC20A1", "DDX1", "WRB", "GSTP1", "ODC1", "ATP5A1", "PLCXD1", "PRPF8", "CCNB2", "ZNF706", "PACSIN2", "ABL1", "EIF4EBP1", "ST3GAL5", "NDUFV1", "ZBED5", "ZNF146", "CCT4", "BCAP31", "CA12", "FZD2", "MDH1", "EIF2AK1", "TXNRD1", "INHBB", "HN1", "SOD1", "MLLT11", "RPS26", "FA2H", "TPX2", "GCLC", "EIF3K", "ID2", "UBA1", "IARS", "HIST1H4C", "NOP10", "RPS23"], "H3K27me3 IMR90": ["CCND3", "MALL", "CD24", "EREG"], "H3K27me3 Breast vHMEC": ["MLPH", "SMAD3", "FZD2", "HSPA2", "PFKP"], "H3K4me3 Rectal Smooth Muscle": ["POP5", "MTCH1", "CCNI", "SERPINE1", "HJURP", "BUB1B", "TMEM97", "PHB2", "C14ORF166", "GALNT10", "EEF1B2", "CCND3", "RGS2", "PPME1", "PLAU", "BASP1", "KPNA2", "KCMF1", "MAP2K1", "G6PD", "MORC4", "RPS5", "ZBTB38", "FNDC3B", "DDX10", "GTPBP8", "DKK1", "EREG", "TUFM", "NGFRAP1", "NCL", "ERP29", "RPL24", "RPL27", "ERH", "RPL28", "ABCG2", "PRR13", "FTL", "SLC26A2", "DDX1", "PLCXD1", "PRPF8", "CCNB2", "ZNF706", "PACSIN2", "ABL1", "EIF4EBP1", "NDUFV1", "ZBED5", "ZNF146", "SMAD3", "FZD2", "EIF2AK1", "INHBB", "RPS26", "FA2H", "TPX2", "GCLC", "CNOT7", "IARS", "HIST1H4C", "CD24", "NOP10", "RPS23", "YWHAE", "CLTC", "HILPDA", "FHL2", "SLC7A11", "RPL7A", "MRPL3", "TUBA1C", "MRPL42", "UCHL1", "ATIC", "TIMM17B", "UQCRFS1", "SEC61B", "TK1", "MYBL1", "JAK1", "PDCD6IP", "FN3KRP", "ATP5F1", "NDUFS2", "STRAP", "GARS", "SLC25A5", "BIRC2", "AGPAT5", "CSTB", "SLC20A1", "WRB", "GSTP1", "ODC1", "ATP5A1", "RPS27L", "NDUFB1", "SLC3A2", "PSMA7", "ORMDL2", "RPS3", "CCT4", "BCAP31", "NQO1", "RRM2", "MDH1", "TXNRD1", "HN1", "SOD1", "EIF3K", "AXL", "EIF3L", "PFKP"], "H3K27me3 H1 BMP4 Derived Mesendoderm Cultured Cells": ["CA12", "MTCH1", "PDXK", "EDN1", "TIPARP", "TXNRD1", "INHBB", "ADM", "TUBA4A", "EGFR", "EREG", "GPRC5A", "DDAH1", "PPP1R3C", "MALL", "EFHD2", "ST3GAL5", "JAK1"], "H3K4me1 Neurosphere Cultured Cells Ganglionic Eminence Derived": ["DGKD", "TES", "FHL2", "SLC7A11", "RPL8", "EEF1B2", "MRPL3", "RGS2", "ATIC", "CAPNS1", "PLAU", "TIMM17B", "SEC61B", "TK1", "IER2", "CSGALNACT1", "EDN1", "G6PD", "PDCD6IP", "MORC4", "FN3KRP", "KRT7", "DKK1", "EREG", "MLF2", "TUFM", "RHOB", "GPRC5A", "SLC7A7", "PPP1R3C", "RPL27", "ERH", "TRIM16", "BIRC2", "ABCG2", "CSTB", "SLC26A2", "SLC20A1", "NXN", "EPAS1", "PLCXD1", "PRPF8", "PSMA7", "FAM171A1", "CCNB2", "NUAK1", "ZNF706", "EIF4EBP1", "ST3GAL5", "SFN", "NDUFV1", "ZBED5", "CCT4", "BCAP31", "NQO1", "TXNRD1", "AHNAK2", "HNRNPAB", "RPS26", "NFKBIA", "FA2H", "GCLC", "MLPH", "KRT18", "EIF3K", "ID2", "IARS", "ANXA2P2", "HIST1H4C"], "H3K4me3 Bone Marrow Derived Mesenchymal Stem Cell Cultured Cells": ["POP5", "MTCH1", "CERK", "HILPDA", "FHL2", "HJURP", "BUB1B", "IRS2", "TMEM97", "PHB2", "C14ORF166", "EEF1B2", "FBL", "MRPL3", "MRPL42", "RGS2", "ATIC", "PPME1", "PLAU", "CFL1", "CAPN2", "TIMM17B", "UQCRFS1", "SEC61B", "TK1", "KPNA2", "JAK1", "KCMF1", "MAP2K1", "PDCD6IP", "MORC4", "WSB2", "RPL21", "FN3KRP", "DDX10", "ATP5F1", "TUBA4A", "EREG", "TUFM", "EEF1G", "NGFRAP1", "NCL", "NHP2", "ERP29", "STRAP", "RPL24", "ERH", "SLC25A5", "RPL28", "ISCU", "ABCG2", "PRR13", "AGPAT5", "CSTB", "SLC26A2", "GSTP1", "ODC1", "AMIGO2", "ATP5A1", "NDUFB1", "PLCXD1", "PSMA7", "FAM171A1", "CCNB2", "ABR", "C1ORF106", "ZNF706", "ORMDL2", "PACSIN2", "ABL1", "EIF4EBP1", "NDUFV1", "ZNF146", "CCT4", "BCAP31", "NQO1", "RRM2", "EIF2AK1", "TXNRD1", "INHBB", "RPL23A", "HN1", "MLLT11", "RPS26", "GCLC", "CNOT7", "EIF3K", "ID2", "ID3", "UBA1", "HIST1H4C", "CD24", "NOP10", "RPS23"], "H3K27me3 Bone Marrow Derived Mesenchymal Stem Cell Cultured Cells": ["C1ORF106", "CD24"], "H3K9me3 IMR90": ["PLP2"], "H3K4me3 Chondrocytes from Bone Marrow Derived Mesenchymal Stem Cell Cultured Cells": ["MTCH1", "CERK", "HJURP", "IRS2", "TMEM97", "PHB2", "CCND3", "CAPNS1", "PPME1", "CFL1", "CAPN2", "COTL1", "KPNA2", "KCMF1", "G6PD", "MORC4", "WSB2", "KRT7", "DDX10", "GTPBP8", "MID1", "EREG", "TUFM", "MALL", "NHP2", "ERP29", "ERH", "RPL28", "ISCU", "ABCG2", "PRR13", "SLC26A2", "EPAS1", "PLCXD1", "FAM171A1", "CCNB2", "C1ORF106", "NUAK2", "ZNF706", "PACSIN2", "ABL1", "EIF4EBP1", "ST3GAL5", "NDUFV1", "PDZD8", "ZNF146", "OPN3", "FZD2", "INHBB", "PBX1", "MLLT11", "RPS26", "TPX2", "CNOT7", "ID2", "ID3", "HIST1H4C", "CD24", "NOP10", "RPS23", "MRPL3", "UCHL1", "ATIC", "TIMM17B", "UQCRFS1", "SEC61B", "TK1", "JAK1", "EDN1", "FN3KRP", "NDUFC1", "ATP5F1", "SRP9", "EEF1G", "DDAH1", "NDUFS2", "SLC25A5", "BIRC2", "AGPAT5", "CSTB", "NXN", "WRB", "GSTP1", "ODC1", "ATP5A1", "NDUFB1", "PSMA7", "RPL19", "HNRNPA0", "BCAP31", "CA12", "NQO1", "RRM2", "TXNRD1", "HN1", "MLPH", "KRT18", "EIF3K", "AXL"], "H3K4me1 Penis Foreskin Fibroblast Primary Cells": ["EPAS1", "DDX1", "GSTP1", "ATP5A1", "EEF1B2", "MRPL3", "TUBA1C", "RGS2", "ZNF706", "CAMK2N1", "ST3GAL5", "SEC61B", "MYBL1", "BCAP31", "TNFRSF10B", "INHBB", "HN1", "HSPA2", "TUFM", "RPS26", "FA2H", "AKR1B10", "NGFRAP1", "SLC7A7", "EIF3K", "PALLD", "ID2", "TRIM16", "IARS", "BIRC2"], "H3K4me2 Muscle Satellite Cultured Cells": ["TES", "HILPDA", "TMEM97", "PHB2", "C14ORF166", "EEF1B2", "MRPL3", "TUBA1C", "RGS2", "UCHL1", "ATIC", "PPME1", "PLAU", "CFL1", "TIMM17B", "UQCRFS1", "SEC61B", "TK1", "KPNA2", "JAK1", "G6PD", "MORC4", "WSB2", "RPL21", "RPS5", "GTPBP8", "ATP5F1", "TUFM", "EEF1G", "ALDH3A1", "PALLD", "NCL", "NHP2", "ERP29", "ERH", "SLC25A5", "BIRC2", "ABCG2", "AGPAT5", "CSTB", "SLC26A2", "NXN", "ATP5A1", "SLC3A2", "PLCXD1", "PRPF8", "PSMA7", "FAM171A1", "CCNB2", "C1ORF106", "ZNF706", "ORMDL2", "PACSIN2", "EIF4EBP1", "NDUFV1", "ZBED5", "ZNF146", "CCT4", "BCAP31", "CA12", "NQO1", "SMAD3", "TXNRD1", "AKR1C3", "INHBB", "HN1", "HSPA2", "MLLT11", "FA2H", "GCLC", "MLPH", "AKR1B10", "KRT18", "EIF3K", "ID2", "HIST1H4C", "CD24", "NOP10", "RPS23"], "H3K36me3 Peripheral Blood Mononuclear Primary Cells": ["ARL4C"]}