{"GCTGAGT,MIR-512-5P": ["ERP29"], "GTCAGGA,MIR-378": ["ABR"], "CTCTAGA,MIR-526C,MIR-518F,MIR-526A": ["SLC25A3"], "CCAGGTT,MIR-490": ["PPME1"], "AGGAGTG,MIR-483": ["CNOT7"], "TACAATC,MIR-508": ["ARL4C"], "TCTGATA,MIR-361": ["RAC1"], "AGTTCTC,MIR-146A,MIR-146B": ["EIF4G2"], "GTTATAT,MIR-410": ["ADM"], "GAGACTG,MIR-452": ["CNOT7"], "GGGATGC,MIR-324-5P": ["PBX1"], "AGGCACT,MIR-515-3P": ["ARL4C"], "TCTGGAC,MIR-198": ["PBX1"], "GACAGGG,MIR-339": ["MAPRE1"], "TCTGATC,MIR-383": ["EPAS1"], "CTAGGAA,MIR-384": ["FNDC3B"], "CCTGAGT,MIR-510": ["CAV1"], "GGCACAT,MIR-455": ["EDN1"], "CCCACAT,MIR-299-3P": ["PPME1"], "CCATCCA,MIR-432": ["ERP29"]}