{"MAZ_HeLa-S3_hg19": ["POP5", "SLC26A2", "DDX47", "ODC1", "CLTC", "BUB1B", "RPS15", "FBL", "ABR", "TUBA1C", "CAMK2N1", "EFHD2", "NDUFV1", "ZBED5", "CCT4", "KCMF1", "NQO1", "RPL41", "TUFM", "RPS26", "EEF1G", "NGFRAP1", "HNRNPH1", "EIF3L", "NHP2", "RPL24", "UBA1", "SERINC3", "RPS23"], "TCF12_MCF-7_hg19": ["GPRC5A", "KRT18", "GSTP1"], "JUND_T47D_hg19": ["EDN1", "KRT18", "TNFRSF12A", "AGR2", "LMCD1", "IER3"], "CTBP2_H1-hESC_hg19": ["SLC20A1", "GSTP1", "SERPINE1", "CLTC", "AMIGO2", "SPINT2", "PRSS23", "RTN4", "TUBA1C", "PPME1", "BAG3", "COTL1", "ST3GAL5", "IER3", "NQO1", "EDN1", "ACTN1", "TPM1", "TNFRSF10B", "HN1", "DKK1", "EREG", "MLF2", "ACLY", "MLPH", "CNOT7", "SLC7A7", "AXL", "HNRNPH1", "EIF4G2"], "CHD7_K562_hg19": ["SLC26A2", "WRB", "CLTC", "ZFAND5", "HSPB1", "DDA1", "RPS15", "MRPL3", "MRPL42", "RGS2", "LDHA", "RPS16", "CAPNS1", "PPME1", "TK1", "ZBED5", "CCT4", "HNRNPA0", "PDCD6IP", "FZD2", "SRP9", "EREG", "MLF2", "RPS26", "EIF3K", "PPP1R3C", "GARS", "NOP10", "ISCU", "AARS"], "CTCF_GM13976_hg19": ["DGKD", "DDX47", "GSTP1", "RPL10A", "EEF1B2", "RPS15", "ABR", "HMOX1", "TK1", "NDUFV1", "SLC38A2", "IER2", "C11ORF68", "EDN1", "TXNRD1", "TNFRSF10B", "HSPA2", "HNRNPAB", "RHOB", "MLLT11", "NFKBIA", "ARL4A", "CNOT7", "MALL", "ERP29", "FSCN1", "IARS", "ANXA2P2", "NOP10", "BIRC2"], "RAD21_IMR-90_hg19": ["DDX47", "NXN", "SERPINE1", "ODC1", "ZFAND5", "IRS2", "SLC7A11", "RPL10A", "PRPF8", "RPS15", "ABR", "GJA1", "ATIC", "BAG3", "EFHD2", "TIMM17B", "NDUFV1", "LMCD1", "CA12", "FZD2", "TXNRD1", "HSPA2", "SRP9", "TUFM", "MLLT11", "RPS26", "NFKBIA", "MALL", "FSCN1", "IARS", "NOP10"], "POLR2AphosphoS2_HepG2_hg19": ["MTCH1", "SHC1", "SERPINE1", "ODC1", "ATP2A2", "PRPF8", "RTN4", "DDA1", "RPS15", "RPL7A", "FBL", "RGS2", "RPS16", "PPME1", "BAG3", "ZMIZ1", "RPS3", "TK1", "HNRNPA0", "NQO1", "ACTN1", "DDX10", "HN1", "HNRNPAB", "GCLC", "NHP2", "MYH9", "IARS", "EZR", "EPHA2", "FTL"], "FOXP2_PFSK-1_hg19": ["JUND", "FSCN1", "RPL27", "HNRNPAB", "SLC38A2"], "CTCF_GM10266_hg19": ["PFKFB3", "DDX47", "GSTP1", "GALNT10", "RPS15", "ABR", "EFHD2", "ST3GAL5", "HMOX1", "TK1", "NDUFV1", "IER2", "JUND", "TNFRSF12A", "CAV1", "TXNRD1", "HSPA2", "MLLT11", "NFKBIA", "ARL4A", "GPRC5A", "CNOT7", "MALL", "FSCN1", "ANXA2P2", "SLC25A5", "EZR", "CD24", "NOP10", "BIRC2"], "RXRA_H1-hESC_hg19": ["BCAP31", "ADM", "IER3"], "BCL11A_H1-hESC_hg19": ["RPL41", "AXL", "PRDX1", "GSTP1", "CLTC"], "POLR2A_H1-hESC_hg19": ["POP5", "PDXK", "CCNI", "SLC20A1", "DDX47", "MGST3", "WRB", "HJURP", "RPS27L", "TMEM97", "PSMA7", "DDA1", "FBL", "GJA1", "ZNF706", "PLAU", "BASP1", "ORMDL2", "PACSIN2", "EFHD2", "COTL1", "MYBL1", "PDZD8", "ZBED5", "C11ORF68", "CA12", "MORC4", "PRMT1", "DKK1", "SOD1", "TPX2", "SLC7A5", "EIF3K", "HNRNPH1", "EIF3L", "NCL", "ERH", "NOP10", "ITPA", "PRR13"], "CTCF_medulloblastoma_hg19": ["DGKD", "DDX47", "GSTP1", "ZFAND5", "RPL10A", "RPS15", "ABR", "PPME1", "ST3GAL5", "TK1", "NDUFV1", "IER2", "MAP2K1", "EDN1", "TIPARP", "TXNRD1", "SRP9", "TUFM", "MLLT11", "NFKBIA", "FA2H", "ARL4A", "GPRC5A", "CNOT7", "MALL", "ERP29", "RPL24", "IARS", "ANXA2P2", "NOP10", "BIRC2"], "ETS1_GM12878_hg19": ["RPS15", "RPL7A", "PRDX1", "RPL23A", "KPNA2", "HIST1H4C", "HNRNPA0"], "CTCF_Caco-2_hg19": ["DDX47", "GSTP1", "RPL10A", "PHB2", "RPS15", "ABR", "C1ORF106", "PPME1", "HMOX1", "TK1", "NDUFV1", "IER2", "IER3", "EDN1", "CAV1", "HSPA2", "DKK1", "TUBA4A", "SRP9", "TUFM", "MLLT11", "NFKBIA", "FA2H", "ARL4A", "GPRC5A", "MALL", "ERP29", "ANXA2P2", "EZR", "CD24", "NOP10", "BIRC2"], "NR2F2_HepG2_hg19": ["SLC20A1", "GSTP1", "SERPINE1", "HIST1H4C"], "GABPA_GM12878_hg19": ["POP5", "TES", "DDX47", "CLTC", "HJURP", "RPL8", "PHB2", "PRPF8", "EEF1B2", "RPS15", "MRPL3", "RPS16", "PPME1", "ORMDL2", "CFL1", "RPS3", "EIF4EBP1", "RAC1", "IER2", "RPL41", "G6PD", "PDCD6IP", "MDH1", "RPS5", "RPL13A", "TUFM", "MLLT11", "RPS26", "TPX2", "EIF3K", "EIF3L", "STRAP", "MYH9", "RPL24", "RPL27", "RPL28", "NOP10", "ITPA"], "CTCF_LNCaP clone FGC_hg19": ["DGKD", "DDX47", "NXN", "RPL10A", "PRSS23", "GALNT10", "RPS15", "ABR", "MRPL42", "ST3GAL5", "TK1", "NDUFV1", "IER2", "MAP2K1", "EDN1", "SMAD3", "MORC4", "HSPA2", "SRP9", "TUFM", "ARL4C", "MLLT11", "NFKBIA", "FA2H", "ARL4A", "GPRC5A", "CNOT7", "MALL", "ERP29", "FSCN1", "RPL24", "IARS", "ANXA2P2", "CD24", "NOP10", "BIRC2", "RPS23"], "POLR2A_GM12892_hg19": ["POP5", "CSTB", "PFKFB3", "SLC20A1", "WRB", "SERPINE1", "CLTC", "HILPDA", "ADM", "DDA1", "RPS15", "FBL", "TUBA1C", "RGS2", "RPS16", "BAG3", "ORMDL2", "EFHD2", "HMOX1", "TK1", "NDUFV1", "PDZD8", "ZBED5", "NQO1", "MAP2K1", "SMAD3", "RPL21", "FNDC3B", "DDX10", "SRP9", "TUFM", "FA2H", "CNOT7", "HNRNPH1", "STRAP", "GARS", "ERH", "ITPA", "PRR13"]}