{"H2AFZ_astrocyte_hg19": ["EIF5A", "NQO1", "RPS27L", "PHB2", "PRPF8", "SRP9", "RPS15", "ACLY", "C1ORF106", "ARL4A", "SLC7A7", "PPP1R3C", "ZNF706", "EIF3L", "STRAP", "HMOX1", "ANXA2P2", "MYBL1", "LMCD1", "ZBED5", "ABCG2"], "H3K4me3_thymus_mm9": ["POP5", "SLC25A3", "OPN3", "PFKFB3", "FZD2", "GSTP1", "ZFAND5", "KRT7", "SLC7A11", "PSMA7", "TUFM", "CCNB2", "MRPL42", "GPRC5A", "KRT18", "CAPNS1", "PPME1", "GSE1", "TIMM17B", "ITPA", "AARS", "PRR13"], "H3K27me3_H1-hESC_hg19": ["EDN1", "DGKD", "TIPARP", "AMIGO2", "HILPDA", "KRT7", "HSPB1", "RPL10A", "PRSS23", "GALNT10", "TUBA4A", "EGFR", "EREG", "FA2H", "RPL7A", "LDHA", "GPRC5A", "DDAH1", "FSCN1", "PLP2"], "H3K9ac_H1-hESC_hg19": ["SLC26A2", "SLC20A1", "ODC1", "KRT7", "SLC3A2", "PRSS23", "PRPF8", "GALNT10", "EGFR", "TUBA1C", "CNOT7", "SLC7A7", "EIF3K", "ZNF706", "EFHD2", "ERP29", "HIST1H4C", "GAPDH", "NOP10"], "H2AFZ_CD14-positive monocyte_hg19": ["G6PD", "PFKFB3", "GSTP1", "LIF", "TNFRSF10B", "SLC3A2", "HNRNPAB", "SRP9", "RPS15", "EEF1G", "SLC7A5", "ACLY", "DDAH1", "BASP1", "EIF3L", "KIF5B", "AGR2", "MYBL1", "ZBED5", "JAK1", "AARS", "PRR13"], "H2AFZ_H1-hESC_hg19": ["EIF5A", "NQO1", "SLC38A1", "RPL41", "TES", "PDCD6IP", "MDH1", "AHNAK2", "FHL2", "EREG", "SOD1", "RPS15", "MRPL3", "GPRC5A", "CAPNS1", "PPP1R3C", "PALLD", "ERP29", "ID3", "BIRC2", "ABCG2", "RPS23"], "H3K4me2_T-cell acute lymphoblastic leukemia_hg19": ["POP5", "NQO1", "G6PD", "FZD2", "SHC1", "RPS5", "SERPINE1", "MICAL2", "GALNT10", "RGS2", "PPME1", "ID2", "FSCN1", "SEC61B", "TK1", "ANXA2P2", "RPS27A", "HIST1H4C", "RPL28", "C11ORF68", "RPS23", "FTL"], "H3K9me1_K562_hg19": ["RPL41", "EDN1", "TES", "TNFRSF12A", "DDX47", "RPS5", "FHL2", "BUB1B", "DDX10", "AKR1C2", "RGS2", "KRT18", "EIF3K", "PALLD", "PRDX1", "SFN", "RPL27", "EZR", "ISCU", "ZNF146", "JAK1"], "H3K4me3_H1-hESC_hg19": ["KCMF1", "NQO1", "SLC26A2", "SMAD3", "MDH1", "FN3KRP", "ATP1B1", "PLCXD1", "PSMA7", "TUBA1C", "CNOT7", "SLC7A7", "ZNF706", "EIF3L", "ERP29", "ERH", "MYBL1", "ZBED5", "ABCG2"], "H2AFZ_K562_hg19": ["KCMF1", "PDXK", "RPL41", "PFKFB3", "DDX47", "IDH1", "EIF2AK1", "DDX1", "AHNAK2", "SLC7A11", "PRPF8", "RTN4", "MLF2", "FA2H", "FAM171A1", "MRPL42", "LDHA", "GPRC5A", "PPME1", "ERP29", "STRAP", "JAK1"], "H3K27ac_testis_mm9": ["AGPAT5", "EIF5A", "SLC25A3", "EDN1", "USP7", "OPN3", "GSTP1", "RPS27L", "NDUFC1", "HNRNPAB", "EEF1B2", "TUBA1C", "CCND3", "EIF3K", "CAPNS1", "APMAP", "PPME1", "PACSIN2", "RAC1", "NOP10", "RPS23"], "H3K4me3_placenta_mm9": ["EIF5A", "OPN3", "PFKFB3", "MGST3", "GSTP1", "HILPDA", "DDA1", "TUBA1C", "NUAK1", "GPRC5A", "CAPNS1", "APMAP", "CAMK2N1", "PLAU", "MALL", "CAPN2", "NDUFS2", "TIMM17B", "PRR13"], "H2AFZ_fibroblast of lung_hg19": ["AGPAT5", "YWHAE", "SLC26A2", "DGKD", "PDCD6IP", "ATP5F1", "PHB2", "PRPF8", "TUBA4A", "MLF2", "EEF1B2", "ACLY", "ARL4A", "NGFRAP1", "PALLD", "NACA", "ERP29", "RPS3", "NOP10", "EPHA2"], "H2AFZ_myotube_hg19": ["NQO1", "CSTB", "SLC25A3", "PDCD6IP", "MDH1", "CERK", "TIPARP", "HJURP", "SPINT2", "PHB2", "PRSS23", "PRPF8", "SRP9", "RHOB", "RPS26", "NACA", "NHP2", "STRAP", "HMOX1", "ZBED5", "NOP10"], "H3K27ac_endothelial cell of umbilical vein_hg19": ["NQO1", "PFKFB3", "WSB2", "IDH1", "CLTC", "HSPA2", "PHB2", "TUFM", "CCND3", "CNOT7", "CAMK2N1", "EIF3L", "COTL1", "HMOX1", "ERH", "IARS", "MYBL1", "ZBED5", "ABCG2", "PRR13"], "H3K27me3_spleen_mm9": ["EDN1", "FZD2", "TPBG", "AMIGO2", "FHL2", "FNDC3B", "MICAL2", "INHBB", "PRSS23", "DKK1", "PBX1", "EREG", "FA2H", "FAM171A1", "GJA1", "GPRC5A", "MLPH", "SCRN1", "BASP1", "MALL"], "H3K4me2_B cell_hg19": ["CA12", "NQO1", "MDH1", "ANXA2", "HILPDA", "HJURP", "SLC7A11", "TMEM97", "PLCXD1", "PRSS23", "PBX1", "RTN4", "EREG", "TUFM", "FAM171A1", "CCNB2", "ABR", "TUBA1C", "SLC7A7", "PPP1R3C", "GAPDH", "RPL28", "ABCG2"], "H3K9ac_HepG2_hg19": ["KCMF1", "EIF5A", "CA12", "POP5", "MTCH1", "EDN1", "SLC26A2", "CERK", "NXN", "PLCXD1", "SLC7A7", "PPME1", "PLAU", "ID2", "ABL1", "EFHD2", "CD24", "MYBL1", "GAPDH", "ITPA", "ABCG2", "RPS23"], "H3K4me3_brown adipose tissue_mm9": ["EIF5A", "POP5", "NQO1", "EDN1", "FZD2", "GSTP1", "SLC7A11", "MID1", "CCNB2", "MRPL42", "MLPH", "SCRN1", "PPP1R3C", "PPME1", "EIF3L", "DDIT4", "EFHD2", "GSE1", "TK1", "PFKP", "AARS", "PRR13"], "H3K27ac_K562_hg19": ["KCMF1", "AGPAT5", "POP5", "PFKFB3", "ANXA2", "EPAS1", "TXNRD1", "ODC1", "HILPDA", "ATP5F1", "C14ORF166", "MLLT11", "NFKBIA", "EEF1G", "CNOT7", "ST3GAL5", "ERH", "SEC61B", "TK1", "GAPDH", "ZBED5"]}