{"MTF2-20144788-MESC-MOUSE": ["CEBPB", "RND3", "TOB1", "CXCL5", "CASP7", "CASP8", "LBH", "CREG1", "ST8SIA4", "PGK1", "PMAIP1", "B2M", "RPS12", "IL15RA", "DUSP5", "BATF3", "JAG1", "IGFBP4", "IGFBP3", "UBE2E1", "MTUS1", "KRT8", "TAP1", "ISG15", "PARP12", "PSMB8", "PSMB9", "H1F0", "CYP24A1", "VIM"], "STAT3-23295773-U87-HUMAN": ["LGALS3BP", "IFITM1", "CALCOCO2", "ADAR", "PLOD2", "MAT2B", "SAMHD1", "CXCL2", "TOB1", "CTSS", "OASL", "LAPTM4A", "CASP8", "LBH", "NAMPT", "NBN", "GBP2", "TGM2", "NDUFA9", "ABCC1", "CNBP", "RPS5", "RARRES1", "UBE2E1", "FN1", "MTUS1", "HUWE1", "KRT8", "HLA-B", "MSN", "NMI", "VRK2", "EEF1G", "PSMA3", "VAPA", "OAS2", "CAPRIN1", "DDIT4", "SPATS2L", "VDAC2", "VIM", "XAF1", "IDO1"], "STAT3-18555785-MESC-MOUSE": ["CAST", "HSPA9", "DUSP5", "STAT1", "RIPK2", "IGFBP3", "SERPINE1", "STAT3", "UBE2L6", "NMI", "DDX60", "RND3", "CD2AP", "FBL", "PLSCR1", "LAPTM4A", "RPS16", "CSRP1", "KYNU", "MYC", "UBC", "NAMPT", "IER2", "RPS24"], "AR-19668381-PC3-HUMAN": ["LGALS3BP", "NNMT", "RPLP1", "PLOD2", "SAMHD1", "FBL", "LDHA", "PSMB2", "C1QBP", "PGK1", "PSMF1", "SLC38A2", "CTSC", "APOL3", "TGM2", "MCL1", "PDIA3", "HSPA9", "DUSP5", "ABCC1", "RPL21", "STAT1", "SP110", "RARRES3", "EMR1", "MTUS1", "HUWE1", "MSN", "TAP1", "SLC30A1", "HLA-F", "HLA-G", "ISG20", "PTP4A1", "NPC1", "FABP5", "PSMA1", "VAPA", "NCL", "IRF1", "VDAC2", "TOP1", "TPT1"], "RCOR3-21632747-MESC-MOUSE": ["SLC1A5", "RND3", "TOB1", "DNPEP", "RPS16", "APOL6", "CSRP1", "PSMB2", "UBB", "KYNU", "ST8SIA4", "CCL2", "PMAIP1", "FLNB", "PSMF1", "SLC38A2", "MCL1", "TGIF1", "NPM1", "IGFBP4", "SP110", "SLC30A1", "PTP4A1", "NFKBIA", "PSMA6", "H1F0", "VAPA", "OAS2", "CAPRIN1", "ID1", "DDIT4", "VDAC2", "SIK1", "VIM", "TOP1", "ALDOA", "RPS24"], "GATA2-20887958-HPC-7-MOUSE": ["CARS", "DUSP5", "RPS9", "ABCC1", "IGFBP4", "STAT3", "EMR1", "SLC30A1", "CTSS", "CXCL5", "BST2", "FBL", "HNRNPK", "APOL6", "PSMA1", "CREG1", "OAS3", "DDIT4", "SERPING1", "IER2", "IRF9"], "RUNX2-22187159-PCA-HUMAN": ["LGALS3BP", "CEBPB", "DDX1", "PLOD2", "MAT2B", "SQRDL", "ENO1", "SLC1A5", "RND3", "CXCL2", "LAPTM4A", "DRAM1", "ALDH2", "KYNU", "PLS3", "PMAIP1", "FLNB", "PSMF1", "SLC12A7", "SLC38A2", "S100A11", "CTSC", "TRIM22", "APOL3", "CTSB", "DUSP5", "ABCC1", "JAG1", "RPL21", "C5ORF15", "SP110", "RIPK2", "UBE2E1", "FN1", "MTUS1", "MSN", "ACSL3", "VRK2", "PARP12", "HLA-E", "ISG20", "EIF3M", "PLSCR1", "SPATS2L", "RBMS1", "TLR3", "RPS24"], "REST-21632747-MESC-MOUSE": ["HSPA9", "NPM1", "SP110", "RPLP1", "UBE2E1", "MTUS1", "MAT2B", "EIF3M", "RNF114", "CSRP1", "PSMB2", "KYNU", "CCL2", "PMAIP1", "SIK1", "PSMF1", "TOP1", "SLC12A7", "CALM2", "MYD88", "RPS24"], "TP63-22573176-HFKS-HUMAN": ["LGALS3BP", "RPLP1", "IFI30", "UBE2Z", "RPL8", "CXCL2", "IFIT3", "HK1", "MT2A", "LBH", "C1QBP", "TMSB10", "TGM2", "CBR1", "MTUS1", "KRT8", "EEF1G", "PSMA6", "NPC1", "OAS1", "OAS2", "OAS3", "IRF1", "VDAC2", "TOP1", "PPIB", "SLC25A5", "PTMA", "MET", "DDX1", "USO1", "MAT2B", "SLC1A5", "PSMB10", "PDLIM1", "IFI16", "PGK1", "FLNB", "RPS2", "S100A11", "STAT1", "STAT3", "ISG15", "FAM111A", "EIF3M", "CYP24A1", "FABP5", "CAPRIN1", "ID1", "SPATS2L", "MIR1244-3"], "BP1-19119308-Hs578T-human": ["CBR1"], "TCF4-23295773-U87-HUMAN": ["SET", "ADAR", "SAMHD1", "RND3", "HIF1A", "HK1", "CASP8", "LBH", "CSRP1", "ALDH2", "UBC", "ST8SIA4", "FLNB", "SLC12A7", "RPS12", "TGIF1", "IL15RA", "DUSP5", "ABCC1", "C5ORF15", "CNBP", "RARRES1", "FN1", "MTUS1", "MSN", "ACSL3", "HLA-F", "ISG20", "BST2", "NFKBIA", "EIF3M", "FABP5", "PSMA1", "VAPA", "EIF3L", "IRF1", "RBMS1", "SIK1", "TOP1", "XAF1", "MET", "CALM2"], "AR-20517297-VCAP-HUMAN": ["FKBP11", "NNMT", "UBE2L6", "GLRX", "SQRDL", "RND3", "CXCL2", "CXCL5", "FBL", "ALDH2", "KYNU", "TSPO", "RPL37", "S100A11", "PDIA3", "IL15RA", "ABCC1", "STAT1", "EDF1", "RPL23A", "PSMA5", "CYP24A1", "PSMA4", "OAS1", "RBMS1", "RPL13AP6", "XAF1"], "SMAD4-21799915-A2780-HUMAN": ["GLRX", "MAT2B", "SQRDL", "RND3", "CXCL2", "HIF1A", "OASL", "NAMPT", "ST8SIA4", "FLNB", "SLC38A2", "S100A11", "CTSC", "BATF3", "ABCC1", "JAG1", "RPL21", "HUWE1", "PRDX6", "PTP4A1", "PSMA5", "CYP24A1", "EIF3L", "SPATS2L", "TOP1", "GCLM", "MET", "CALM2", "MYD88", "SNRPB"], "SRY-25088423-EMBRYONIC GONADS-MOUSE": ["MVP", "SERPINE1", "UBE2D3", "POMP", "GLRX", "SLC1A5", "IFI35", "UBE2Z", "PSMB10", "FBL", "LDHA", "DNPEP", "CTSL", "CREG1", "ST8SIA4", "TSPO", "STRA13", "RPS11", "CTSB", "NDUFA9", "SRGN", "IL15RA", "BATF3", "IGFBP4", "RIPK2", "GSTO1", "FN1", "HUWE1", "MSN", "TAP1", "SLC30A1", "TAPBP", "ISG20", "DNAJA1", "OAS2", "OAS3", "IRF1", "PSME1", "SPATS2L", "RBMS1", "NUCB1", "VDAC2", "RPL27", "CD47", "GAPDH", "RPL28", "TLR3", "MYD88"], "SIN3B-21632747-MESC-MOUSE": ["CARS", "IFITM2", "SERPINE1", "EIF4A3", "ADAR", "ENO1", "TSKU", "LAPTM4A", "RNF114", "CSRP1", "RPS19", "KYNU", "NBN", "RPL37", "JUNB", "FBXO7", "IER2", "PDIA3", "SRGN", "TGIF1", "CBR1", "DUSP5", "RPS9", "RPL21", "SP110", "GSTO1", "RPS5", "UBE2E1", "PSMA5", "ASPM", "PSMA6", "PSMA4", "PSMA1", "DDIT4", "SIK1", "RPL27", "ALDOA", "GAPDH", "SET", "USO1", "TOB1", "PSMB10", "PSMB2", "UBB", "CCL2", "PMAIP1", "FLNB", "PSMF1", "MCL1", "CCT4", "HSPA9", "NPM1", "BST2", "NFKBIA", "EIF3M", "H1F0", "CYP24A1", "CAPRIN1", "HNRNPF", "ID1", "VIM", "CALM2", "RPS24", "TPT1"], "SUZ12-20075857-MESC-MOUSE": ["CEBPB", "SQRDL", "CXCL5", "CASP7", "CASP8", "DRAM1", "LBH", "MYC", "UBD", "ST8SIA4", "PMAIP1", "B2M", "CTSC", "IL15RA", "GSTK1", "DUSP5", "BATF3", "JAG1", "IGFBP4", "SMOX", "RIPK2", "GSTO1", "IGFBP3", "RARRES1", "UBE2E1", "KRT8", "TAP1", "ISG15", "EEF2", "PARP12", "PSMB8", "PSMB9", "H1F0", "CYP24A1", "SPATS2L", "STEAP1", "MET", "RPL28"], "TP63-23658742-EP156T-HUMAN": ["RPLP1", "SERPINE1", "PLOD2", "ENO1", "RND3", "CTSS", "TSKU", "LBH", "C1QBP", "MYC", "TMSB10", "CTSC", "TGM2", "SRGN", "TGIF1", "CBR1", "MTUS1", "KRT8", "ACSL3", "HLA-E", "PTP4A1", "EEF1G", "OAS2", "OAS3", "RBMS1", "SERPING1", "SIK1", "CD47", "TOP1", "MET", "TLR3", "C1S", "DDX1", "MAT2B", "SLC1A5", "DDX60", "HIF1A", "PDLIM1", "DRAM1", "CREG1", "SLC38A2", "CCT4", "JAG1", "STAT1", "FN1", "ERLIN1", "PARP12", "H1F0", "FABP5", "VAPA", "SPATS2L", "ITM2B"], "EGR1-20690147-ERYTHROLEUKEMIA-HUMAN": ["CALCOCO2", "SERPINE1", "SECTM1", "UBE2L6", "ADAR", "UBE2Z", "RPL8", "RND3", "TSKU", "HK1", "LBH", "ALDH2", "GUK1", "MYC", "STRA13", "NBN", "JUNB", "SLC12A7", "TMSB10", "FBXO7", "IER2", "CTSB", "TGM2", "RPS12", "IL15RA", "ABCC1", "WARS", "DYNLT1", "RPS8", "GSTO1", "RPS5", "UBE2E1", "KRT8", "TAP1", "SLC30A1", "PGD", "HLA-F", "TAPBP", "PTP4A1", "NPC1", "PPA1", "NCL", "RBMS1", "RBCK1", "LAP3", "SLC25A5", "PTMA", "GAPDH", "RPL28", "CEBPB", "SET", "MAT2B", "PSMB10", "C3", "PDLIM1", "DNPEP", "UBC", "RPS2", "CCT4", "IL32", "STAT1", "STAT3", "MX1", "RPL23A", "PRDX6", "PARP12", "DNAJA1", "FAM111A", "FABP5", "VAPA", "ID1", "GCLM", "CALM2", "MYD88", "RPS24", "TPT1"], "TET1-21451524-MESC-MOUSE": ["PDIA3", "FKBP11", "NNMT", "STAT1", "CALCOCO2", "PTGES3", "SERPINE1", "POMP", "TAP1", "UBE2L6", "ADAR", "RPL23A", "UBE2Z", "RPL8", "FBL", "H1F0", "DNPEP", "DRAM1", "NBN", "MET", "CCT4"], "RBPJ-22232070-NCS-MOUSE": ["DNPEP", "HSPD1"]}