{"SP4 (human)": ["RPL4", "SLC30A1"], "MYC::MAX (human)": ["HLA-E"], "REST (human)": ["HLA-E"], "SMAD3 (human)": ["SERPINE1"], "PLAG1 (human)": ["HLA-E"], "NR1H2::RXRA (human)": ["HLA-E"], "NFYB (human)": ["ID1", "EDF1"], "MIZF (human)": ["HLA-E"], "EBF1 (mouse)": ["RPL28"], "RXR::RAR_DR5 (human)": ["HLA-E"], "CTCF (human)": ["HLA-E"], "INSM1 (human)": ["HLA-E"], "RXRA::VDR (human)": ["HLA-E"], "CBX5 (human)": ["RPS27L"], "RREB1 (human)": ["HLA-E"], "MXI1 (human)": ["LGALS3BP", "CSRP1"], "NHLH1 (human)": ["HLA-E"], "TLX1::NFIC (human)": ["HLA-E"], "IRF1 (human)": ["HLA-E"], "EWSR1-FLI1 (human)": ["HLA-E"]}