{"H3K27me3 Colonic Mucosa": ["C1S", "IGFBP4", "C1R", "IGFBP3", "SERPINE1", "HUWE1", "KRT8", "MSN", "RND3", "CXCL2", "PDLIM1", "H1F0", "ST8SIA4", "RBMS1", "PLS3", "MT1G", "DENND5A", "VIM", "MET"], "H3K27me3 CD34 Primary Cells": ["CYP24A1", "NNMT", "RARRES1", "FN1", "MET", "CXCL5"], "H3K36me3 CD4 Naive Primary Cells": ["FAM111A", "MVP"], "H3K36me3 CD4+ CD25- Th Primary Cells": ["MVP"], "H3K9me3 CD8 Naive Primary Cells": ["CBR1"], "H3K27me3 Adipose Nuclei": ["C1R", "ST8SIA4", "MT1H"], "H3K27me3 Mobilized CD34 Primary Cells": ["SECTM1", "SAMHD1", "RND3", "CXCL5", "TSKU", "PDLIM1", "LBH", "PGK1", "PLS3", "PMAIP1", "TGM2", "DUSP5", "BATF3", "JAG1", "IGFBP4", "IGFBP3", "RARRES1", "FN1", "MTUS1", "CYP24A1", "PSMA1", "MORF4L2", "ID1", "RBMS1", "MT1G", "MT1H", "SLC25A5", "MET"], "H3K9me3 Mobilized CD34 Primary Cells": ["PGK1"], "H3K27me3 Skeletal Muscle": ["SERPINE1", "MT1G", "CXCL2", "MET"], "H3K9me3 Peripheral Blood Mononuclear Primary Cells": ["CBR1"], "H3K27me3 CD8 Naive Primary Cells": ["IGFBP3", "SERPINE1", "FN1", "MTUS1", "PLOD2", "CXCL5", "TSKU", "ALDH2", "ID1", "SPATS2L", "RBMS1", "SERPING1", "MT1G", "SIK1", "MT1H", "MET", "TGM2"], "H3K36me3 Mesenchymal Stem Cell Derived Adipocyte Cultured Cells": ["IGFLR1"], "H3K27me3 Brain Anterior Caudate": ["PDLIM1", "SERPINE1", "ST8SIA4", "MTUS1", "SECTM1", "MT1G", "PLOD2", "MT1H", "VIM", "SQRDL", "TGM2"], "H3K36me3 Breast Myoepithelial Cells": ["IGFLR1"], "H3K27me3 Bone Marrow Derived Mesenchymal Stem Cell Cultured Cells": ["ST8SIA4", "MT1G"], "H3K27me3 Colon Smooth Muscle": ["ST8SIA4", "CXCL5"], "H3K27me3 Adipose Derived Mesenchymal Stem Cell Cultured Cells": ["PDLIM1", "ALDH2", "PSMA1", "IGFBP3", "ST8SIA4", "MTUS1", "CXCL5"], "H3K36me3 CD8 Memory Primary Cells": ["UBC"], "H3K27me3 Duodenum Smooth Muscle": ["IGFBP3", "ST8SIA4", "FN1", "SERPING1", "MET"], "H3K27me3 IMR90": ["TGIF1", "BATF3", "NPC1", "PSMA1", "OAS1", "RARRES3", "ST8SIA4", "MTUS1", "CXCL5", "APOL3"]}