{"AGTCAGC,MIR-345": ["PTGES3"], "AGGGCCA,MIR-328": ["UBE2Z"], "TATCTGG,MIR-488": ["NPM1"], "CCAGGTT,MIR-490": ["NPM1"], "TCTGGAC,MIR-198": ["MET"], "TACAATC,MIR-508": ["VAPA"], "CTCCAAG,MIR-432": ["FN1"], "AAGTCCA,MIR-422B,MIR-422A": ["MORF4L2"], "CAGGGTC,MIR-504": ["IER2"], "GCTGAGT,MIR-512-5P": ["PTMA"], "GTGGTGA,MIR-197": ["IGFBP3"], "GTACAGG,MIR-486": ["TOB1"], "CTCTATG,MIR-368": ["SET"], "CCCACAT,MIR-299-3P": ["TOP1"], "TCCCCAC,MIR-491": ["CSRP1"], "TTCCGTT,MIR-191": ["CEBPB"], "GCAAGGA,MIR-502": ["TOB1"], "TCTAGAG,MIR-517": ["RND3"], "GGTGAAG,MIR-412": ["HIF1A"], "CCATCCA,MIR-432": ["C20ORF24"]}