{"MYC_H1-hESC_hg19": ["RPL4", "LGALS3BP", "SET", "C1R", "ADAR", "MAT2B", "CXCL2", "CXCL5", "LAPTM4A", "MT2A", "RPS16", "ALDH2", "CREG1", "C1QBP", "PGK1", "RPL37", "TMSB10", "CTSC", "NDUFA9", "CAST", "HSPA9", "NPM1", "WARS", "MSN", "RPL23A", "VRK2", "PGD", "FAM111A", "PSMA3", "MORF4L2", "IRF1", "ID1", "DDIT4", "SRSF2", "VDAC2", "CALM3", "MT1H", "LAP3", "ALDOA", "PPIB", "IRF9"], "EGR1_ECC-1_hg19": ["USO1", "ADAR", "UBE2Z", "HSPD1", "CASP7", "RNF114", "LBH", "GUK1", "UBC", "RPS2", "SPTSSA", "RPS11", "JUNB", "IER2", "CTSB", "CCT4", "DUSP5", "STAT1", "CNBP", "ERLIN1", "PGD", "PTP4A1", "DNAJA1", "HNRNPK", "VAPA", "NCL", "HNRNPF", "DDIT4", "ERH", "LAP3", "GCLM", "GAPDH", "RPS24", "TPT1"], "POLR2A_GM19193_hg19": ["SERPINE1", "EIF4A3", "SQRDL", "RND3", "OASL", "FBL", "RPS16", "DRAM1", "C1QBP", "NAMPT", "SLC12A7", "CCT4", "CBR1", "C5ORF15", "SP110", "RIPK2", "DDX58", "SLC30A1", "PGD", "PRDX6", "PSMA6", "NPC1", "EIF3L", "OAS3", "CD47", "ALDOA", "PPIB", "IRF9"], "HDAC2_H1-hESC_hg19": ["IFITM1", "CALCOCO2", "CXCL2", "SAT1", "CXCL5", "TSKU", "CASP7", "MT2A", "DNPEP", "CSRP1", "ALDH2", "RPS19", "PSMB3", "PMAIP1", "DENND5A", "SPTSSA", "TMSB10", "CTSC", "TGM2", "RPL21", "DYNLT1", "CNBP", "IGFBP3", "RARRES1", "FN1", "KRT8", "ERLIN1", "FAM111A", "OAS3", "MORF4L2", "ID1", "RBMS1", "SERPING1", "MT1G", "MT1H", "VIM", "CALM2", "TPT1"], "POLR2A_bone marrow_mm9": ["IFITM3", "GLRX", "IFI30", "UBE2Z", "RND3", "SAT1", "FBL", "LDHA", "CASP8", "DNPEP", "CTSL", "PMAIP1", "PSMF1", "NBN", "TGM2", "NDUFA9", "GSTK1", "SLC30A1", "PRDX6", "TAPBP", "ISG20", "PSMA6", "EIF3M", "PSMA3", "PPA1", "PSME1", "VDAC2", "ERH", "PTMA", "SNRPB"], "POLR2A_HeLa-S3_hg19": ["LGALS3BP", "SQRDL", "IFI30", "RND3", "TSKU", "FBL", "CASP7", "CASP8", "KYNU", "C1QBP", "DENND5A", "SLC12A7", "TRIM21", "CTSC", "DYNLT1", "SP110", "RIPK2", "SLC30A1", "EDF1", "PGD", "EEF1G", "ASPM", "PSMA6", "PSMA4", "NPC1", "OAS1", "OAS3", "IRF1", "DDIT4", "RBMS1", "SIK1", "ERH", "LAP3", "PPIB", "MET", "C1S", "RPS27L", "MAT2B", "SAMHD1", "APOL1", "STAT1", "SMOX", "PTGES3", "STAT3", "MX1", "ERLIN1", "ISG15", "PRDX6", "ISG20", "FAM111A", "EIF3L"], "RXRA_SK-N-SH_hg19": ["SERPINE1", "ACSL3", "VIM", "IRF9"], "SIN3A_CH12.LX_mm9": ["CEBPB", "RPLP1", "UBE2L6", "ADAR", "CSRP1", "ALDH2", "CREG1", "RPS27A", "JUNB", "CTSC", "IER2", "PSENEN", "CBR1", "SMOX", "UBE2E1", "SLC30A1", "PRDX6", "DNAJA1", "PSMA6", "EIF3M", "PSMA4", "EIF3L", "IRF1", "DDIT4", "PSME1", "ERH", "VIM", "PPIB", "XAF1"], "POLR2A_GM12891_hg19": ["CARS", "LXN", "POMP", "IFIT5", "FAM208B", "MT1X", "SQRDL", "SAMHD1", "IFI30", "OASL", "FBL", "LAPTM4A", "RPS16", "IFI16", "C1QBP", "IGFLR1", "DENND5A", "APOL1", "JUNB", "TMSB10", "IER2", "CCT4", "NDUFA9", "CAST", "CBR1", "C5ORF15", "SP110", "RIPK2", "ERLIN1", "ACSL3", "PGD", "PRDX6", "CD2AP", "DNAJA1", "FAM111A", "EIF3M", "PSMA3", "NPC1", "ID1", "PSME2", "SIK1", "ERH"], "TBP_K562_hg19": ["IFITM1", "POMP", "MT1X", "CXCL2", "SAT1", "RPS16", "ST8SIA4", "PGK1", "SPTSSA", "SLC12A7", "RPL19", "TGM2", "DUSP5", "SP110", "SMOX", "RPS8", "FN1", "KRT8", "ERLIN1", "HLA-E", "EIF3M", "FABP5", "ERH", "CD47", "ALDOA", "PPIB", "PTMA", "GLA", "IRF9"], "GABPA_MEL cell line_mm9": ["UBC", "ENO1", "GCLM", "ALDOA", "CXCL5"], "RXRA_H1-hESC_hg19": ["RPS8", "STAT3", "ACSL3"], "E2F6_K562_hg19": ["USO1", "POMP", "EIF4A3", "FAM208B", "SAMHD1", "CXCL2", "FBL", "MT2A", "CREG1", "C1QBP", "NAMPT", "PMAIP1", "STRA13", "RPS2", "SLC12A7", "TMSB10", "RPS12", "CCT4", "HSPA9", "RPS9", "RPS8", "PTGES3", "STAT3", "ERLIN1", "SLC30A1", "RPL23A", "PSMA5", "EIF3M", "NPC1", "PPA1", "OAS3", "NUCB1", "CALM3", "CD47", "RBCK1", "ALDOA", "TPT1"], "SIRT6_H1-hESC_hg19": ["C1R", "USO1", "DDX21", "UBE2L6", "MAT2B", "UBE2Z", "CXCL5", "PSMB4", "PSMB2", "ALDH2", "ST8SIA4", "PGK1", "CCL2", "FLNB", "RPS11", "B2M", "CTSC", "IER2", "CCT4", "C5ORF15", "RIPK2", "DDX58", "VRK2", "DNAJA1", "NFKBIA", "EEF1G", "VDAC2", "RPL27", "ERH"], "MXI1_H1-hESC_hg19": ["CARS", "LGALS3BP", "LXN", "USO1", "SLC1A5", "FBL", "CSRP1", "JUNB", "SLC12A7", "FBXO7", "RPL19", "DYNLT1", "STAT1", "MX1", "MTUS1", "ERLIN1", "PTP4A1", "PSMA5", "FAM111A", "NPC1", "OAS3", "PSME2", "MT1H", "ALDOA", "PPIB", "GAPDH", "GLA", "IRF9", "SNRPB"], "MYOG_myocyte_mm9": ["UBE2D3", "USO1", "EIF4A3", "DDX21", "PLOD2", "IFI30", "HIF1A", "HSPD1", "LDHA", "CSRP1", "RPS19", "UBB", "C1QBP", "MYC", "UBC", "PLS3", "TSPO", "DENND5A", "JUNB", "CTSB", "TGM2", "CCT4", "PDIA3", "CAST", "HSPA9", "DUSP5", "ABCC1", "WARS", "STAT1", "STAT3", "EDF1", "EEF2", "NPC1", "PSMA1", "VAPA", "PPA1", "EIF3L", "SRSF2", "RBMS1", "RPL27", "CD47", "ALDOA", "PPIB", "MET", "CALM2", "TPT1"], "CTCF_kidney_mm9": ["RPL4", "LGALS3BP", "CEBPB", "C1S", "RND3", "SAT1", "HIF1A", "CASP8", "KYNU", "C1QBP", "FLNB", "NBN", "FBXO7", "TGM2", "PDIA3", "DUSP5", "BATF3", "RPS5", "MTUS1", "KRT8", "VRK2", "TAPBP", "PTP4A1", "FABP5", "RPL27", "LAP3", "GCLM", "STEAP1", "MYD88", "IRF9"], "CTCF_H1-hESC_hg19": ["IFITM2", "EIF4A3", "UBE2L6", "IFI35", "UBE2Z", "RND3", "CXCL2", "SAT1", "CASP7", "RPS19", "GUK1", "C1QBP", "MYC", "NBN", "FBXO7", "CTSC", "IER2", "TGM2", "C5ORF15", "IGFBP4", "DDX58", "VRK2", "PTP4A1", "NPC1", "MORF4L2", "PSME2", "SIK1", "RPL27", "STEAP1", "PPIB", "MET", "IRF9", "CEBPB", "LXN", "C1S", "C1R", "MAT2B", "PDLIM1", "PSMB4", "FLNB", "APOL1", "APOL2", "ISG15", "RPL23A", "C20ORF24", "ISG20", "NFKBIA", "HNRNPK", "FABP5", "NUCB1", "VIM", "GCLM", "ITM2B"], "JUND_T47D_hg19": ["STAT3", "UBC", "KRT8"], "MXI1_MEL cell line_mm9": ["IFITM2", "EIF4A3", "HSPD1", "PSMB4", "DNPEP", "CSRP1", "PSMB2", "ALDH2", "TSPO", "STRA13", "RPS11", "CTSC", "HSPA9", "IL15RA", "CBR1", "DUSP5", "WARS", "SMOX", "EEF2", "PRDX6", "PSMA4", "OAS3", "PSME1", "ERH", "LAP3", "XAF1", "PTMA", "GAPDH", "TPT1"]}