{"H3K27ac_A549_hg19": ["LGALS3BP", "IFITM2", "CFH", "C1S", "C1R", "UBE2L6", "GLRX", "MT1X", "SAMHD1", "OASL", "C3", "CASP8", "DNPEP", "CREG1", "STRA13", "CTSC", "IL32", "NDUFA9", "TGIF1", "DUSP5", "SP110", "DDX58", "MX1", "ERLIN1", "ISG15", "ISG20", "NPC2", "EIF3L", "OAS3", "IRF1", "PSME1", "GLA", "TLR3", "IRF9"], "H3K79me2_HepG2_hg19": ["PSENEN", "IFITM3", "RPL4", "GSTK1", "CBR1", "DDX58", "RPS5", "IFIT5", "RPS27L", "MT1X", "BTN3A2", "IFI35", "PRDX6", "SAT1", "TSKU", "BST2", "H1F0", "MT2A", "APOL6", "KARS", "OAS3", "ID1", "RPS27A", "GAPDH"], "H3K9me1_K562_hg19": ["PSENEN", "SRGN", "NNMT", "WARS", "RPS5", "FAM208B", "UBE2L6", "GLRX", "MAT2B", "PGD", "PARP12", "PSMB8", "PTP4A1", "PSMA3", "MT2A", "NPC1", "PSMA1", "RPL27", "NBN", "PPIB", "TRIM21", "GLA", "IRF9", "RPS12"], "H3K27ac_B cell_hg19": ["NDUFA9", "CAST", "TGIF1", "IGFBP4", "STAT3", "ERLIN1", "ISG15", "BTN3A2", "PGD", "OASL", "DNPEP", "APOL6", "NPC1", "CSRP1", "ALDH2", "UBB", "PPA1", "ID1", "RPS2", "SPTSSA", "GCLM", "APOL1", "GBP1", "TLR3"], "H3K4me3_CH12.LX_mm9": ["RPL4", "RPLP1", "DDX1", "POMP", "RPS27L", "DDX21", "DDX60", "RND3", "TOB1", "TSKU", "RNF114", "DRAM1", "CSRP1", "CTSL", "CREG1", "TSPO", "PMAIP1", "STRA13", "GBP2", "RPS27A", "RPS12", "NDUFA9", "PSENEN", "CAST", "WARS", "SMOX", "RPS5", "TAP1", "EDF1", "ISG15", "ISG20", "EIF3M", "KARS", "PPA1", "EIF3L", "NCL", "NUCB1", "PSME2", "VIM", "PPIB", "XAF1", "MET", "GAPDH", "GLA", "TLR3", "MSRB1"], "H4K20me1_mammary epithelial cell_hg19": ["CEBPB", "RPLP1", "IGFBP3", "STAT3", "EIF4A3", "FN1", "KRT8", "DDX21", "HLA-E", "EIF3M", "MT2A", "PSMA1", "KARS", "UBC", "DDIT4", "NAMPT", "SPATS2L", "STRA13", "RPL37", "PPIB", "SLC25A5", "PFN1", "JUNB", "GAPDH"], "H3K4me3_heart_mm9": ["IFITM3", "NNMT", "MVP", "ADAR", "DDX60", "IFI30", "CTSS", "ALDH2", "CTSL", "UBC", "PMAIP1", "NBN", "GBP2", "TRIM21", "CAST", "DUSP5", "RPS9", "RARRES1", "UBE2E1", "FN1", "TAP1", "PSMB8", "ISG20", "PSMA5", "BST2", "EIF3M", "DDIT4", "XAF1", "MET", "GAPDH", "TLR3", "MYD88", "MSRB1"], "H3K4me3_erythroblast_mm9": ["RPL4", "LXN", "SQRDL", "DDX60", "DRAM1", "PMAIP1", "STRA13", "GBP2", "RPS27A", "CTSC", "SRGN", "CAST", "DUSP5", "BATF3", "WARS", "MTUS1", "HUWE1", "TAP1", "ISG15", "PGD", "PSMB9", "BST2", "PSMA6", "PPA1", "NPC2", "DDIT4", "SPATS2L", "STEAP1", "XAF1", "GAPDH", "RPL28", "TLR3"], "H3K4me3_G1E_mm9": ["SERPINE1", "USO1", "SQRDL", "CXCL2", "CXCL5", "RNF114", "PSMB3", "CTSL", "STRA13", "GBP2", "CTSC", "PDIA3", "PSENEN", "DUSP5", "WARS", "RIPK2", "FN1", "MTUS1", "TAP1", "EDF1", "NMI", "CD2AP", "HNRNPK", "NPC1", "PPA1", "NPC2", "IRF1", "SIK1", "VIM", "XAF1"], "H3K27ac_K562_hg19": ["CFH", "RPLP1", "SAMHD1", "NDUFA9", "PSENEN", "GSTK1", "C5ORF15", "STAT1", "SP110", "DDX58", "RARRES3", "KRT8", "SLC30A1", "ISG20", "NFKBIA", "EEF1G", "HNRNPK", "MTHFD2", "IRF1", "PSME1", "ERH", "CD47", "PPIB", "GAPDH", "GLA"], "H3K9ac_ES-E14_mm9": ["BATF3", "LXN", "CALCOCO2", "MTUS1", "RPS27L", "EDF1", "UBE2L6", "DNAJA1", "CASP7", "DRAM1", "PSME1", "SRSF2", "SPATS2L", "ERH", "CD47", "STEAP1", "ALDOA", "JUNB", "MET", "CALM2", "TLR3", "TPT1", "TGM2"], "H3K27ac_keratinocyte_hg19": ["NDUFA9", "IFITM3", "LGALS3BP", "SP110", "STAT3", "EIF4A3", "MX1", "ISG15", "GLRX", "MT1X", "BTN3A2", "NMI", "PRDX6", "CXCL2", "DNAJA1", "ASPM", "DRAM1", "NPC2", "EIF3L", "IRF1", "RPL28", "TLR3", "RPS12"], "H3K27me3_cardiac mesoderm_hg19": ["IFIT5", "SECTM1", "MT1X", "SQRDL", "DDX60", "IFI30", "CXCL2", "CXCL5", "PDLIM1", "LDHA", "MT2A", "DRAM1", "CSRP1", "ST8SIA4", "TSPO", "PMAIP1", "CAST", "IL15RA", "BATF3", "IGFBP3", "RARRES1", "MX1", "MTUS1", "PARP12", "PSMB8", "PTP4A1", "FAM111A", "H1F0", "CYP24A1", "FABP5", "PSMA1", "OAS3", "MT1G", "MT1H", "CD47", "VIM", "MET"], "H3K9ac_keratinocyte_hg19": ["NDUFA9", "LGALS3BP", "TGIF1", "C1R", "GLRX", "BTN3A2", "NMI", "DDX60", "CXCL5", "OASL", "PSMA5", "DNAJA1", "C3", "EEF1G", "NPC2", "CREG1", "OAS3", "ST8SIA4", "VDAC2", "GBP2", "APOL1", "JUNB", "GAPDH", "TLR3"], "H3K27me3_HepG2_hg19": ["DDX1", "IFIT5", "SQRDL", "RPL8", "TOB1", "IFIT3", "LAPTM4A", "TRIM21", "IER2", "CTSB", "RPS12", "NDUFA9", "SRGN", "CAST", "SP110", "GSTO1", "MX1", "BTN3A2", "VRK2", "PTP4A1", "DNAJA1", "FAM111A", "OAS2", "OAS3", "TPT1"], "H3K4me3_fibroblast of upper leg skin_hg19": ["PDIA3", "HSPA9", "SP110", "RARRES3", "DDX1", "RARRES1", "RPS27L", "EDF1", "CXCL2", "CD2AP", "PLSCR1", "LAPTM4A", "NPC1", "PSMB2", "RPS19", "EIF3L", "C1QBP", "MYC", "VIM", "LAP3", "SPTSSA", "CALM2", "TLR3"], "H3K27me3_erythroblast_mm9": ["CEBPB", "SET", "PLOD2", "CXCL5", "HK1", "DRAM1", "APOL6", "LBH", "PLS3", "PMAIP1", "JUNB", "CTSC", "SRGN", "CAST", "IL15RA", "ABCC1", "DDX58", "GSTO1", "IGFBP3", "RARRES1", "UBE2E1", "FN1", "HUWE1", "KRT8", "CYP24A1", "SPATS2L", "RBMS1", "SERPING1", "VIM", "STEAP1"], "H3K4me2_fibroblast of lung_hg19": ["PSENEN", "RPL4", "TGIF1", "BATF3", "RPS5", "SECTM1", "NMI", "DDX60", "ISG20", "CASP7", "CASP8", "IFI16", "OAS2", "CREG1", "SERPING1", "NUCB1", "PSME2", "MT1G", "STRA13", "JUNB", "CTSC", "TLR3"], "H3K9ac_HeLa-S3_hg19": ["NDUFA9", "CARS", "NNMT", "WARS", "C1S", "SP110", "C1R", "UBE2D3", "ERLIN1", "EDF1", "MT1X", "BTN3A2", "SAT1", "OASL", "BST2", "OAS2", "EIF3L", "CREG1", "STRA13", "GLA", "TLR3", "RPS12"], "H3K27ac_liver_mm9": ["RPL4", "MVP", "DDX1", "UBE2D3", "RPS27L", "DDX21", "DDX60", "UBE2Z", "ALDH2", "PSMB3", "PSMF1", "SPTSSA", "GBP2", "RPS27A", "B2M", "FBXO7", "TGM2", "TGIF1", "RPS9", "RPL21", "RIPK2", "RPS8", "TAP1", "VRK2", "PSMB8", "PSMA5", "PSMA4", "HNRNPK", "PSMA1", "CAPRIN1", "DDIT4", "PSME1", "RBCK1", "GLA", "ITM2B", "SNRPB"]}