{"MTF2-20144788-MESC-MOUSE": ["PDXK", "AHNAK", "SERPINE2", "DCTN3", "AMIGO2", "FHL2", "PRSS23", "LGALS3", "ALCAM", "CAMK2N1", "TUBB3", "PERP", "CAPN2", "ST3GAL5", "NAE1", "IGFBP6", "PTRF", "CSGALNACT1", "MORC4", "FZD2", "CAV1", "TPM1", "HPCAL1", "INHBB", "NETO2", "HSPA2", "GNG12", "DKK1", "DNM1", "KRT18", "SDC1", "TGFBI", "HSPA1B"], "TEAD4-22529382-TROPHECTODERM-MOUSE": ["DYNC1I2", "MTCH2", "SLC25A3", "AHNAK", "MAGED1", "PTTG1IP", "ATP5G3", "TUBA1C", "CCND3", "DPYSL2", "EIF4H", "EIF4EBP1", "COTL1", "POLR2G", "CTNNAL1", "EIF4B", "JAK1", "KCMF1", "CSGALNACT1", "TXNRD1", "DSTN", "NME4", "GCLC", "KRT18", "PRC1", "PALLD", "S100A6", "STRAP", "HDGF", "IARS"], "STAT3-18555785-MESC-MOUSE": ["CUTA", "POP5", "ODC1", "RPL11", "PEBP1", "HSPB1", "PRSS23", "ATP5G1", "RTN4", "TUBA1C", "UCHL1", "TUBA1A", "ARL6IP5", "AMZ2", "RPS13", "NQO1", "HSPA8", "GOT2", "MYOF", "HPCAL1", "DSTN", "MYL6", "GPRC5A", "MYO5C", "CD9", "PABPC1", "RAN", "PFKP", "HSPA1B"], "TP63-17297297-HaCaT-human": ["GPX2", "PERP", "SFN"], "AR-19668381-PC3-HUMAN": ["ABCD3", "HSPB1", "ITGAE", "SPATA20", "PTPLB", "LASP1", "C14ORF2", "DPYSL2", "RAC1", "RPS13", "KCMF1", "H2AFZ", "CAV1", "ANXA4", "TXNRD1", "HPCAL1", "NDUFC2", "INHBB", "ATP1B3", "HSPA2", "PALLD", "UQCRQ", "EEF1A2", "ALDH1A1", "CNTN1", "CD9", "SDC1", "SNRPF", "PABPC1", "CD24", "RAN"], "STAT3-23295773-U87-HUMAN": ["POP5", "AHCYL1", "SERPINE2", "AMIGO2", "OLA1", "TIMM10", "SPINT2", "ETFB", "PDHB", "C1ORF106", "LASP1", "ALCAM", "YWHAQ", "NT5DC2", "CAPN2", "ST3GAL5", "CTNNAL1", "JAK1", "KCMF1", "CSGALNACT1", "JUP", "STARD7", "CAV1", "ANXA4", "TXNRD1", "TPM1", "MYOF", "AHNAK2", "NETO2", "GNG12", "TUBG1", "GCLC", "GPRC5A", "ALDH1A1", "NDUFS3", "CNTN1", "UBE2V1"], "RUNX2-22187159-PCA-HUMAN": ["DYNC1I2", "TRAM1", "ABCD3", "HSP90AB1", "SERPINE2", "MAGED1", "NDUFB4", "FHL2", "NDUFB1", "ATP5G3", "TRIAP1", "PDHB", "ACTB", "TUBA1C", "UCHL1", "ALCAM", "DPYSL2", "KCMF1", "GPX2", "ANXA2", "CAV1", "ANXA5", "INHBB", "NME4", "TUBG1", "PALLD", "NDUFS5", "RPA3", "CD9", "VOPP1", "SDC1", "SNRPF", "TRIP13", "RSL24D1", "RAN", "PFKP"], "RBPJ-21746931-IB4-LCL-HUMAN": ["PYGB", "CSTB", "PTPLB", "RPL6", "ACTB", "C1ORF106", "SYNGR2", "ZNF706", "PRDX1", "COTL1", "ST3GAL5", "CTNNAL1", "S100A10", "TIMM8B", "FZD2", "RPS7", "HSPA2", "TUBG1", "TUBA4A", "SLC7A5", "MORF4L1", "GCLC", "UBE2S", "S100A6", "CD9", "SNRPE"], "GATA1-21571218-MEGAKARYOCYTES-HUMAN": ["CD63", "HSP90AB1", "FHL2", "OLA1", "TIMM10", "TRIAP1", "ACTB", "RTN4", "RPS15", "SEPT9", "CCND3", "PTTG1", "DPYSL2", "FTH1", "CAPN2", "EIF4EBP1", "ST3GAL5", "POLR2G", "HMGN2", "LBR", "JAK1", "CSGALNACT1", "ANXA4", "TPM1", "HPCAL1", "NDUFC2", "ACTN4", "NETO2", "SNF8", "GNG12", "DKK1", "EEF1A1", "SLC7A5", "KRT19", "NGFRAP1", "PALLD", "POLR1D", "VOPP1", "IARS", "TRIP13", "PABPC1"], "SOX2-21211035-LN229_GBM-HUMAN": ["POP5", "MTCH2", "PDXK", "AHCYL1", "AHNAK", "MAGED1", "RPL34", "NDUFB4", "WRB", "ARPC1A", "FHL2", "ATP5C1", "NDUFB1", "SLC3A2", "PARK7", "SLC7A11", "SEPT9", "CCNB2", "ALCAM", "YWHAQ", "CAMK2N1", "CFL1", "ST3GAL5", "UQCRFS1", "RAC1", "HMGN2", "LBR", "RPL39", "S100A10", "JAK1", "MORC4", "FZD2", "NDUFA4", "TXNRD1", "GOT2", "HPCAL1", "GNG12", "SLC7A5", "AXL", "PALLD", "NDUFS5", "MYO5C", "ALDH1A1", "PFKP"], "AR-22383394-PROSTATE_CANCER-HUMAN": ["KCMF1", "CSGALNACT1", "CA12", "DYNC1I2", "PYGB", "ABCD3", "AHNAK", "TXNRD1", "EPHX1", "ANXA5", "MYOF", "OLA1", "AKR1B1", "SLC7A11", "RTN4", "LGALS3", "UCHL1", "GCLC", "MPRIP", "PALLD", "RPA3", "ALDH1A1", "ST3GAL5", "MXRA7"], "TCF4-23295773-U87-HUMAN": ["RPL32", "NDUFB4", "ARPC1A", "AMIGO2", "FHL2", "SLC7A11", "YBX1", "ITGAE", "SPATA20", "RPL6", "CRYZ", "CCNB2", "C1ORF106", "MAEA", "TUBB3", "COTL1", "SFN", "POLR2G", "EIF4B", "KCMF1", "CSGALNACT1", "MDH1", "ANXA2", "NDUFA4", "ANXA4", "TXNRD1", "ANXA5", "GOT2", "MYOF", "HPCAL1", "NETO2", "GNG12", "DKK1", "GCLC", "UQCRQ", "MYO5C", "ALDH1A1", "CD9", "SNRPE", "GARS", "SUCLG1", "UBE2V1", "TRIM16", "ANXA2P2", "RPS21", "RAN"], "MECOM-23826213-KASUMI-MOUSE": ["MGST3", "SLC7A11", "RTN4", "TUBA1C", "TUBA1A", "PRDX1", "FTH1", "UCP2", "ARL6IP5", "EIF4EBP1", "NAE1", "RPL39", "CLIC1", "S100A10", "VTI1B", "CCT3", "TIMM8B", "VAT1", "RRM2", "ANXA2", "GOT2", "MLLT11", "MYL6", "VOPP1", "UBE2V1", "TRIM16", "TKT", "RAN", "PFKP"], "SMAD4-21799915-A2780-HUMAN": ["PYGB", "MGST3", "DCTN3", "AMIGO2", "FHL2", "ITGAE", "PTPLB", "C1ORF106", "CCND3", "ALCAM", "ZNF706", "LBR", "TMEM14A", "S100A10", "CSGALNACT1", "MDH1", "ANXA4", "ANXA5", "ATP1B3", "TPD52L1", "PALLD", "RPA3", "CNTN1", "VOPP1", "SDC1", "SNRPE", "GARS", "TGFBI", "PFN2"], "RAD21-21589869-MESC-MOUSE": ["POP5", "AHNAK", "GLO1", "MGST3", "PARK7", "MRPL15", "TIMM10", "COX6A1", "TUBA1B", "AMZ2", "TMEM14A", "MEST", "PTRF", "CSGALNACT1", "NQO1", "EPHX1", "UBE2S", "AXL", "PALLD", "S100A6", "NHP2", "UQCRC1", "UBE2V1", "MXRA7", "NOP10", "PFN2"], "SRY-25088423-EMBRYONIC GONADS-MOUSE": ["RPL34", "TMEM97", "ACTB", "MRPL33", "RPL7A", "IMPA1", "RAC1", "TMEM14A", "PTRF", "CCT3", "TPI1", "MORC4", "ANXA4", "ANXA5", "TPM1", "KRT7", "NME4", "EMP3", "TUBG1", "EEF1A1", "SLC7A5", "ACLY", "MYL6", "S100A6", "POLR1D", "TAGLN2", "UBE2V1", "CUTA", "CSTB", "CD63", "LRRC59", "NDUFB6", "MAGED1", "ODC1", "RTN4", "SYNGR2", "ORMDL2", "EIF4H", "SFN", "PCBD1", "NAE1", "SEC11A", "ATP6V1F", "VTI1B", "UBE2I", "PYCR1", "KRT19", "UBE2S", "RPA3", "TRMT5", "SDC1", "PLP2", "PFKP"], "SUZ12-20075857-MESC-MOUSE": ["POP5", "CD63", "AHNAK", "SERPINE2", "DCTN3", "AMIGO2", "FHL2", "PRSS23", "SEPT9", "LGALS3", "ALCAM", "TUBB3", "PERP", "NT5DC2", "DPYSL2", "CAPN2", "ST3GAL5", "IGFBP6", "MEST", "PTRF", "JAK1", "CSGALNACT1", "MORC4", "FZD2", "CAV1", "TPM1", "HPCAL1", "KRT7", "INHBB", "HSPA2", "GNG12", "DKK1", "DNM1", "FIBP", "KRT19", "KRT18", "PPP1R3C", "EEF1A2", "CNTN1", "VOPP1", "SDC1", "TGFBI", "HSPA1B", "PFN2", "HSPA1A"], "TP63-23658742-EP156T-HUMAN": ["ABCD3", "FHL2", "OLA1", "AKR1B1", "SLC7A11", "SPATA20", "LGALS3", "MAEA", "ALCAM", "MPRIP", "PTTG1", "FTH1", "CAPN2", "RAC1", "LBR", "ANXA2", "ANXA4", "TPM1", "HPCAL1", "ATP1B3", "DKK1", "NGFRAP1", "PALLD", "NDUFS5", "MALL", "ALDH1A1", "POLR1D", "VOPP1", "ABCG2", "FTL", "DYNC1I2", "AHNAK", "RPL11", "AMIGO2", "PTPLB", "RTN4", "CORO1C", "C1ORF106", "SYNGR2", "ZNF706", "PERP", "ST3GAL5", "SFN", "VTI1B", "CA12", "FIS1", "JUP", "GOT2", "NETO2", "GNG12", "RPA3", "MYO5C", "CNTN1", "SDC1", "TGFBI", "ANXA2P2", "RSL24D1", "PFKP", "HSPA1B", "RPS23"], "FOXP1-22492998-STRATIUM-MOUSE": ["RPL36AL"], "SOX9-25088423-EMBRYONIC GONADS-MOUSE": ["CUTA", "CSTB", "LRRC59", "PDXK", "SERPINE2", "ODC1", "PTTG1IP", "HMGB1", "PRSS23", "ACTB", "SEPT9", "RPL7A", "ATP5E", "PERP", "EIF4H", "HMGN2", "FIS1", "EPHX1", "PYCR1", "NME4", "EMP3", "MORF4L1", "MYL6", "KRT18", "TMEM106C", "TAGLN2", "TGFBI"]}