{"Esrrb (mouse)": ["AMIGO2"], "NFE2L1 (human)": ["TUBB"], "SMAD3 (human)": ["MPRIP"], "NFE2L2 (human)": ["NME1-NME2", "RPLP0"], "NFYB (human)": ["FTH1", "EPHX1", "ACTB"], "PDX1 (human)": ["ARPC1A"], "RUNX1 (mouse)": ["OLA1"], "FOXA2 (human)": ["UQCRC1", "RTN4"], "ESR2 (mouse)": ["MPRIP", "RHOA"], "MYCN (human)": ["EEF1A2"], "TLX1::NFIC (human)": ["RPL7A"], "CPEB1 (human)": ["UQCR10"], "MAFB (human)": ["POLR2G", "RTN4"], "MXI1 (human)": ["ODC1", "RAN"], "SMAD3 (mouse)": ["NAE1", "CYC1"], "CBX5 (human)": ["RPS15"], "MIR210 (human)": ["ALDH3A1", "AXL"], "TBX5 (human)": ["EEF1A2", "IARS"], "HNF1B (mouse)": ["ALDH3A1"], "NCOA1 (human)": ["C1ORF106"]}