{"H3K27me3 H1 Derived Mesenchymal Stem Cells": ["MALL", "CNTN1", "KRT7", "IGFBP6", "MEST"], "H3K4me1 Neurosphere Cultured Cells Cortex Derived": ["POP5", "MTCH2", "HJURP", "EEF1B2", "SNRPD2", "PTTG1", "TUBB3", "RPL36AL", "DPYSL2", "FTH1", "HMGN2", "TMEM14B", "RPS13", "MORC4", "KRT7", "DKK1", "EEF1A1", "ALDH3A1", "MYL6", "NGFRAP1", "PPP1R3C", "EEF1A2", "UQCRC1", "RPL24", "SNRPE", "S100A4", "SNRPF", "TRIM16", "ABCG2", "MAGED1", "GLO1", "MRPL15", "ATP5H", "CCNB2", "IRAK1", "ZNF706", "EIF4EBP1", "ST3GAL5", "SFN", "CYC1", "IGFBP6", "UBE2I", "CAV1", "HSPA2", "GNG12", "MLLT11", "FIBP", "GCLC", "TP53I3", "UQCRQ", "CNTN1", "IARS", "ANXA2P2", "RSL24D1", "ARPC1A", "FHL2", "AKR1B1", "ATP5G3", "SLC7A11", "ETFB", "ATP5G1", "RPL7A", "TUBA1B", "IMPA1", "C14ORF2", "ANXA4", "GLRX5", "MYOF", "EMP3", "DNM1", "GPRC5A", "NDUFS3", "POLR1D", "TMEM106C", "GARS", "NDUFB4", "AMIGO2", "NDUFB2", "RPL36A", "TIMM10", "PDHB", "PERP", "NT5DC2", "PCBD1", "POLR2I", "CTNNAL1", "TIMM8B", "NQO1", "TXNRD1", "AHNAK2", "NDUFA1", "TPD52L1", "TUBB4B", "KRT19", "SPCS1", "KRT18", "GLOD4", "TRMT5", "TRIP13"], "H3K4me3 Penis Foreskin Fibroblast Primary Cells": ["MTCH1", "MTCH2", "ABCD3", "FHL2", "PEBP1", "AKR1B1", "DBI", "SPINT2", "ETFB", "EEF1B2", "NGRN", "UCHL1", "IMPA1", "SNRPD2", "MPRIP", "PTTG1", "DPYSL2", "UQCRFS1", "EIF3CL", "HMGN2", "JAK1", "MORC4", "HPCAL1", "NDUFC2", "ATP5F1", "EEF1A1", "ALDH3A1", "PPP1R3C", "NDUFS5", "MALL", "POLR1D", "TMEM106C", "VOPP1", "SNRPE", "SUCLG1", "TAX1BP3", "TRIM16", "ABCG2", "CUTA", "CSTB", "NDUFB6", "MAGED1", "GLO1", "WRB", "ODC1", "AMIGO2", "UQCR10", "PDHB", "PTPLB", "NME1-NME2", "CCNB2", "C1ORF106", "PTDSS1", "SYNGR2", "ZNF706", "PERP", "UCP2", "ST3GAL5", "AMZ2", "NAE1", "IGFBP6", "POLR2J", "MEST", "TIMM8B", "NQO1", "MDH1", "NDUFA4", "TXNRD1", "GOT2", "NDUFA1", "INHBB", "NETO2", "SNF8", "HSPA2", "GNG12", "TPD52L1", "GCLC", "KRT19", "AKR1B10", "KRT18", "PRC1", "UQCRQ", "GLOD4", "MYO5C", "CNTN1", "SDC1", "TRIP13", "CD24", "RSL24D1"], "H3K36me3 Fetal Brain": ["NDUFS3"], "H3K36me3 Mobilized CD34 Primary Cells": ["RPL36AL", "ITGAE"], "H3K27me3 Mobilized CD34 Primary Cells": ["PDXK", "ABCD3", "MAGED1", "RPL36A", "PPAP2C", "PRSS23", "SEPT9", "LGALS3", "C1ORF106", "UCHL1", "TUBB3", "PERP", "DPYSL2", "CTNNAL1", "RPL39", "S100A10", "CA12", "MORC4", "FZD2", "CAV1", "ANXA5", "TPM1", "MYOF", "AHNAK2", "NDUFA1", "NETO2", "HSPA2", "GNG12", "DKK1", "TUBA4A", "EEF1A1", "GPRC5A", "KRT18", "PPP1R3C", "AXL", "MALL", "CNTN1", "CD9", "SDC1", "MXRA7", "CD24", "PFN2", "ABCG2"], "H3K9me3 Mesenchymal Stem Cell Derived Adipocyte Cultured Cells": ["MORC4"], "H3K4me1 Duodenum Mucosa": ["POP5", "MTCH2", "SERPINE2", "FHL2", "HJURP", "OLA1", "DBI", "COX6A1", "ACTB", "FAM127A", "EEF1B2", "RPS15", "NGRN", "TUBA1C", "UCHL1", "TUBA1B", "LGALS1", "SNRPD2", "PTTG1", "TUBB3", "RPL36AL", "DPYSL2", "HMGN2", "RPS13", "CCT3", "MYOF", "DKK1", "NDUFS3", "RPL24", "SNRPE", "GARS", "TAX1BP3", "SNRPF", "MXRA7", "PFN2", "NDUFB6", "WRB", "ODC1", "DCTN3", "PPAP2C", "SLC3A2", "PTTG1IP", "TIMM10", "UQCR10", "ATP5H", "PDHB", "TYMS", "PTPLB", "CRYZ", "CCNB2", "CCNB1", "ST3GAL5", "SFN", "PCBD1", "NAE1", "IGFBP6", "POLR2I", "CTNNAL1", "TIMM8B", "INHBB", "SNF8", "TPD52L1", "AKR1B10", "SPCS1", "KRT18", "PRC1", "GLOD4", "TRMT5", "IARS", "TRIP13", "RAN", "RPS23"], "H3K4me1 Penis Foreskin Fibroblast Primary Cells": ["TRAM1", "MTCH2", "PPAP2C", "PARK7", "ATP5H", "EEF1B2", "TUBA1C", "TUBA1B", "IMPA1", "IRAK1", "PTTG1", "ZNF706", "CAMK2N1", "DPYSL2", "ST3GAL5", "PCBD1", "IGFBP6", "RABAC1", "VTI1B", "NDUFA4", "HPCAL1", "INHBB", "EMP3", "HSPA2", "MORF4L1", "AKR1B10", "NGFRAP1", "PALLD", "EEF1A2", "CNTN1", "TRIM16", "IARS"], "H3K27me3 IMR90": ["CCND3", "MALL", "CNTN1", "CD24", "MEST"], "H3K27me3 Breast vHMEC": ["FZD2", "DPYSL2", "UCP2", "PPAP2C", "HSPA2", "MEST", "PFKP", "CD99"], "H3K36me3 Adult Liver": ["GPX2"], "H3K27me3 Brain Hippocampus Middle": ["C1ORF106", "GPRC5A", "RRM2", "AXL", "TUBB3", "CAV1", "MALL", "TPM1", "TGFBI"], "H3K27me3 H1 BMP4 Derived Mesendoderm Cultured Cells": ["CA12", "PYGB", "MTCH1", "PDXK", "RPL31", "ANXA4", "TXNRD1", "INHBB", "NETO2", "TUBA4A", "LGALS3", "GPRC5A", "PPP1R3C", "IMPDH2", "EEF1A2", "MALL", "CNTN1", "ST3GAL5", "SDC1", "PTRF", "JAK1"], "H3K27me3 Breast Myoepithelial Cells": ["UCHL1", "KRT19", "NDUFA1", "CD99", "ABCG2"], "H3K4me1 Neurosphere Cultured Cells Ganglionic Eminence Derived": ["MTCH2", "SERPINE2", "ARPC1A", "FHL2", "PEBP1", "AKR1B1", "SLC7A11", "ETFB", "SPATA20", "ATP5G1", "EEF1B2", "IMPA1", "SNRPD2", "PTTG1", "TUBB3", "C14ORF2", "FTH1", "HMGN2", "TMEM14B", "RPS13", "CCT3", "CSGALNACT1", "MORC4", "GLRX5", "MYOF", "KRT7", "EMP3", "DKK1", "MYL6", "GPRC5A", "PPP1R3C", "EEF1A2", "UQCRC1", "S100A4", "SNRPF", "TRIM16", "TKT", "ABCG2", "CSTB", "NDUFB2", "UQCR10", "ATP5H", "PDHB", "NME1-NME2", "CCNB2", "SYNGR2", "ZNF706", "ATP5E", "PERP", "NT5DC2", "UCP2", "EIF4EBP1", "ST3GAL5", "SFN", "PCBD1", "IGFBP6", "RABAC1", "POLR2I", "TIMM8B", "NQO1", "UBE2I", "TXNRD1", "AHNAK2", "NDUFA1", "TPD52L1", "TUBB4B", "FIBP", "GCLC", "KRT19", "SPCS1", "KRT18", "UQCRQ", "RPA3", "TRMT5", "CNTN1", "IARS", "TRIP13", "ANXA2P2"], "H3K36me3 Duodenum Mucosa": ["TIMM8B"], "H3K9me3 IMR90": ["PLP2"], "H3K36me3 Brain Germinal Matrix": ["NDUFS3"], "H3K4me1 Adipose Derived Mesenchymal Stem Cell Cultured Cells": ["MTCH1", "RPL31", "HILPDA", "FHL2", "HJURP", "PEBP1", "HSPB1", "DBI", "SLC7A11", "TRIAP1", "SPINT2", "ITGAE", "TMEM97", "COX6A1", "PRSS23", "ATP5G1", "RPS15", "NGRN", "SEPT9", "TUBA1C", "CCND3", "TUBA1B", "TUBA1A", "IMPA1", "DPYSL2", "CFL1", "LBR", "TMEM14B", "JAK1", "CSGALNACT1", "TPI1", "SSR2", "RPL22", "NME4", "DNM1", "ACLY", "NGFRAP1", "NDUFS5", "ALDH1A1", "S100A6", "POLR1D", "TMEM106C", "JTB", "SNRPE", "SUCLG1", "SNRPF", "TRIM16", "MXRA7", "CUTA", "NDUFB6", "ODC1", "DCTN3", "NDUFB2", "PPAP2C", "ATP5H", "TYMS", "PTPLB", "NME1-NME2", "CCNB2", "C1ORF106", "PRDX1", "NT5DC2", "UCP2", "EIF4EBP1", "ST3GAL5", "SFN", "NAE1", "RABAC1", "POLR2I", "CTNNAL1", "ATP6V1F", "TIMM8B", "NQO1", "RRM2", "NDUFA4", "TXNRD1", "GOT2", "AKR1C3", "INHBB", "SNF8", "GCLC", "KRT19", "SPCS1", "TP53I3", "UBE2S", "PRC1", "UQCRQ", "GLOD4", "CNTN1", "CD9", "SDC1", "IARS", "RSL24D1", "RAN", "RPS23"]}