{"TAGCTTT,MIR-9": ["TPM1"], "CCCAGAG,MIR-326": ["C1ORF106"], "ATACCTC,MIR-202": ["EIF4EBP1"], "AGGGCAG,MIR-18A": ["GOT2"], "GCAAAAA,MIR-129": ["HMGB1"], "GTGCAAA,MIR-507": ["EIF4G2"], "GTTTGTT,MIR-495": ["MORF4L1"], "ACTACCT,MIR-196A,MIR-196B": ["NME4"], "CTACCTC,LET-7A,LET-7B,LET-7C,LET-7D,LET-7E,LET-7F,MIR-98,LET-7G,LET-7I": ["NME4", "EIF4G2"], "GTGCAAT,MIR-25,MIR-32,MIR-92,MIR-363,MIR-367": ["FHL2"], "CAGCCTC,MIR-485-5P": ["RAC1"], "TGCAAAC,MIR-452": ["HDGF"], "CTGTTAC,MIR-194": ["PDHB"], "TCTGATC,MIR-383": ["CTNNAL1"], "ACTGAAA,MIR-30A-3P,MIR-30E-3P": ["CAV1"], "ACAGGGT,MIR-10A,MIR-10B": ["SDC1"], "TTGGAGA,MIR-515-5P,MIR-519E": ["SLC7A11"], "GGCACAT,MIR-455": ["GABARAP"], "AGCATTA,MIR-155": ["LRRC59"], "TGTGTGA,MIR-377": ["CD24"]}