{"TP63-23658742-EP156T-HUMAN": ["ZWILCH", "DDX1", "RAP1GDS1", "OLA1", "ICAM2", "NOTCH2NL", "AKR1B1", "ENO1", "RBPJ", "FOXO3", "CCDC28A", "MYL12B", "RAP1B", "PCNP", "FNTA", "PPP2R5E", "FAM162A", "KIF5B", "TSPAN5", "RAC1", "ZBED5", "PGM1", "CCT4", "RRM1", "ANXA2", "UTP3", "ALG5", "GOT2", "FAM46A", "CMTM6", "RFTN1", "ATP1B3", "ARPC5", "ASS1", "LSM3", "APRT", "SOD1", "HADHB", "COX7A2L", "NDUFS5", "POLR1D", "MCM5", "ETF1", "YPEL5", "EIF3D", "CDKN3"], "RAD21-21589869-MESC-MOUSE": ["GLO1", "GMFG", "COPB1", "COX17", "NCAPG", "HSD17B12", "RBPJ", "COX6A1", "COX5A", "MYL12B", "FBL", "FNTA", "PPP1R8", "PMPCB", "GOLGA7", "ACP1", "CCT5", "SEC31B", "RPL19", "CCT4", "NPM1", "H3F3B", "IGFBP2", "CIRBP", "ARPC5", "REXO2", "TTC19", "ASS1", "CNOT7", "ALDH1A2", "BOLA2", "MCM5", "VIM", "EIF3F", "SAE1", "HIST1H4C"], "STAT3-18555785-MESC-MOUSE": ["RPN2", "MRPS33", "KIF14", "HSPB1", "COX5B", "ARHGAP15", "RBPJ", "FOXO3", "ATP5G1", "COX7C", "MTDH", "FBL", "LAPTM4A", "ATIC", "TUBA1A", "KIF5B", "UBC", "ARL6IP5", "RPL14", "JARID2", "GOLGA7", "IGBP1", "CSNK2A2", "GOT2", "DSTN", "NMI", "TBCA", "COX6C", "ASS1", "EIF1", "COX7A2L", "NDUFS4", "EIF3H", "RAN"], "RUNX2-22187159-PCA-HUMAN": ["CCNI", "YWHAB", "SATB1", "GBE1", "DDX1", "NDUFB4", "RAP1GDS1", "KIF14", "CLTA", "ENO1", "PDHB", "UQCRH", "PAPSS1", "CCDC28A", "MTDH", "PCNP", "LAPTM4A", "ATIC", "JARID2", "CTNNBL1", "KCMF1", "ANKRD49", "ANXA2", "PRKCB", "SHFM1", "BNIP3", "TXNL1", "UBE2E1", "C4ORF27", "COX6C", "RAD23B", "LSM3", "SOD1", "TMEM59", "SFPQ", "TFDP2", "NDUFS5", "ASXL2", "NDUFS4", "GNAS", "ERP29", "EIF3H", "KIF2C", "YPEL5", "DTL", "RAN"], "AR-19668381-PC3-HUMAN": ["NARF", "PSMD14", "COPB1", "CLTA", "HSPB1", "ITGAE", "ATP5G2", "ADD3", "MTDH", "RAP1B", "FBL", "ATIC", "UGP2", "PPP2R5E", "OXCT1", "C14ORF2", "KIF5B", "PGK1", "RAC1", "JARID2", "GUSB", "ZBED5", "SNX5", "PGM1", "ZNF266", "KCMF1", "IGBP1", "DARS", "HOMER1", "BNIP3", "IGFBP2", "RFTN1", "GPX7", "ATP1B3", "MRPL23", "PTPRC", "PSMA1", "ALDH1A2", "RPL37A", "BOLA2", "GNAS", "VDAC2", "PABPC3", "RAN"], "STAT3-23295773-U87-HUMAN": ["SETD5", "GPI", "ARL6IP1", "GBE1", "OLA1", "ETFB", "RBPJ", "LAPTM4A", "FNTA", "PPP2R5E", "GUSB", "CTNNBL1", "PGM1", "KCMF1", "BNIP3L", "PRKCB", "STARD7", "IGFBP2", "ALG5", "CSNK2A2", "UBE2E1", "RPL37A", "NDUFS4", "VDAC2", "MCM2", "PSMD14", "NDUFB5", "SATB1", "COPB1", "NCAPG", "HSD17B12", "PDHB", "ARHGAP15", "SNX3", "UGP2", "OXCT1", "TRA2B", "PSMB1", "CCT5", "BPTF", "BARD1", "NDUFA9", "IGBP1", "RRM1", "NMI", "ASS1", "EIF1", "PTPRC", "ASXL2", "PPT1", "TOMM7", "VIM", "ANP32B"], "STAT3-22323479-MACROPHAGE-MOUSE": ["CCNI", "EAPP"], "TP53-23651856-MEF-MOUSE": ["SETD5", "RPL31", "COX6A1", "ATP5G2", "CDC20", "PPP1CC", "FBL", "LAPTM4A", "SNRPD2", "RPS19", "FAM162A", "CLIC1", "CTNNBL1", "KCMF1", "BRD2", "RPS7", "PRKCB", "CIRBP", "CKAP2", "COMMD3", "TALDO1", "ACTN4", "GLTSCR2", "ATP5J2", "ERP29", "TXNIP", "HPRT1", "ZMYND11", "PTMA", "PFDN5", "LRRC59", "HDAC1", "CDCA4", "MRPS31", "HMMR", "ARHGAP15", "FOXO3", "ADD3", "AURKA", "PAPSS1", "PSMB7", "SDCBP", "PPP1R8", "UBC", "PGK1", "MLEC", "SAC3D1", "BPTF", "RRM1", "RRM2", "H3F3B", "CMTM6", "RFTN1", "TXNL1", "DSTN", "TBCA", "TTC19", "GNB2L1", "EIF3L", "CCNG1"], "GATA1-21571218-MEGAKARYOCYTES-HUMAN": ["UNC119B", "CDCA4", "DDX1", "ITGB2", "OLA1", "MRPS31", "PHB", "HSD17B12", "FOXO3", "COX5A", "COX7C", "RPS15", "TRA2B", "UBC", "TSPAN5", "JARID2", "CTNNBL1", "CCT5", "BPTF", "PRKCB", "VBP1", "RNASET2", "NCOA4", "ACTN4", "THOC2", "ASS1", "FAM111A", "TFDP2", "CCNG1", "ASXL2", "POLR1D", "ANP32B", "IARS", "PTMA", "DTL", "ITM2A", "ARHGEF6"], "MITF-21258399-MELANOMA-HUMAN": ["RPL5", "DCLRE1C", "NARF", "RPL3", "ENO1", "RBPJ", "PPP1CC", "LAPTM4A", "PSMD6", "SNRPD2", "FAM162A", "VPS35", "KCMF1", "GABARAPL2", "BNIP3L", "RPS9", "PRKCB", "STARD7", "RPS8", "ALG5", "GTF3A", "ATP1B3", "ACTN4", "CCNB1IP1", "OXA1L", "COX7A2L", "ERP29", "TXNIP", "VDAC2", "RPL24", "SNRPE", "SNRNP25", "SNRPA", "GLYR1", "CDCA4", "PTTG1IP", "PHB", "ARHGAP15", "FOXO3", "MTDH", "SNX3", "SDCBP", "PTDSS1", "CCNB1", "ZNHIT3", "PRDX1", "UBC", "TSPAN5", "SNX5", "BPTF", "KLHDC2", "PLK1", "DSTN", "TBCA", "MRPL23", "EIF1", "GNAS", "PPT1", "ANP32B", "IARS", "SAE1", "MRPS15", "CDKN1B", "GBE1", "ITGB2", "CLTA", "HSPB1", "UBL5", "ATIC", "JARID2", "CTNNBL1", "PGM1", "LRRC47", "BRD2", "USP48", "ADSL", "ANXA2", "CAMLG", "COMMD3", "C6ORF62", "RAD23B", "APRT", "MSL1", "PSMA1", "TFDP2", "ZNF638", "PCCB", "CHI3L2", "LUC7L3", "EAPP", "TKT", "PTMA", "ALDH9A1", "MCM2", "ECHS1", "RAP1GDS1", "USO1", "NOTCH2NL", "ADD3", "COX5A", "PSMA7", "PCNP", "OXCT1", "TRA2B", "USP1", "RPL19", "TIMM8B", "NPM1", "NDUFA4", "BNIP3", "FAM46A", "EIF3K", "CCNG1", "ASXL2", "TOMM7", "EIF3G", "RAN"], "TP63-22573176-HFKS-HUMAN": ["RPL5", "ZWILCH", "ITGB2", "HJURP", "HSPB1", "AKR1B1", "ITGAE", "ATP5G2", "RPL10A", "ATP5G1", "CCDC28A", "RPS15", "RPL7A", "KIF5B", "RAC1", "SNRPD3", "USP48", "ANXA2", "RPS7", "IGFBP2", "ALG5", "RPS6", "CIRBP", "CKAP2", "ATP1B3", "GLTSCR2", "ATP5J2", "APRT", "HADHB", "PSMA6", "COX7A2L", "TFDP2", "ALDH1A2", "PCCB", "POLR1D", "TXNIP", "VDAC2", "MCM5", "ETF1", "PPIB", "SLC25A5", "PTMA", "DDX1", "USO1", "PTTG1IP", "HSD17B12", "FOXO3", "PSMA7", "AURKA", "MYL12B", "EXOSC8", "PGK1", "TSPAN5", "CCT7", "FANCI", "SHFM1", "CMTM6", "CBX1", "RFTN1", "DSTN", "ISG15", "ASS1", "FAM111A", "ASXL2", "EIF3G", "EIF3D"], "RUNX1-22412390-EML-MOUSE": ["CCNI", "FAM45A", "ITGB2", "TTK", "ENO1", "ATP5G1", "RPS15", "RAP1B", "RPL7A", "FBL", "LAPTM4A", "ZNHIT3", "BPTF", "NPM1", "SHFM1", "CBX1", "NCOA4", "REXO2", "TMEM59", "GNPAT", "FAM111A", "NSA2", "PSMA4", "PSMC1", "GNAS", "TOMM7", "NDUFAF3", "SNRNP25", "SLC25A5", "TKT", "FKBP3"], "SMAD4-21799915-A2780-HUMAN": ["PCNA", "RPN2", "FAM45A", "KIF14", "CLTA", "HSD17B12", "ITGAE", "ARHGAP15", "RBPJ", "PAPSS1", "CCDC28A", "MTDH", "OXCT1", "KIF5B", "LTA4H", "JARID2", "ZBED5", "CTNNBL1", "MDH1", "PRKCB", "SHFM1", "ATP1B3", "TBCA", "COPS3", "OXA1L", "PTPRC", "TMX2", "EIF3L", "ZNF638", "TOMM7", "CHI3L2", "EIF3H", "TAF7", "SNRPE", "DTL"], "RCOR3-21632747-MESC-MOUSE": ["UNC119B", "RPL5", "CDC123", "NARF", "NDUFB5", "GLO1", "MRPS33", "NDUFB4", "KIF14", "MRPS31", "CDCA8", "HSPB1", "ATP5H", "RBPJ", "FOXO3", "ATP5G1", "MTDH", "RAP1B", "PSMB7", "PPP1CC", "TUBA1A", "TRA2B", "KIF5B", "TSPAN5", "JARID2", "GOLGA7", "CTNNBL1", "KCMF1", "DARS", "NPM1", "PRKCB", "GLRX5", "GOT2", "TXNL1", "CIRBP", "GTF3A", "DSTN", "GPX7", "RAD23B", "GNB2L1", "PSMA6", "OXA1L", "VDAC2", "SNRPE", "VIM", "YPEL5"], "SRY-25088423-EMBRYONIC GONADS-MOUSE": ["SETD5", "NARF", "COX7C", "RPL7A", "FBL", "UBL5", "CHCHD2", "RAC1", "SNRPD3", "CCT3", "BNIP3L", "BRD2", "PRKCB", "GSTO1", "CSNK2A2", "RPL13A", "TALDO1", "SFPQ", "PCCB", "ERP29", "POLR1D", "VDAC2", "SNRNP25", "ERGIC2", "PFDN5", "GLYR1", "UNC119B", "LRRC59", "SATB1", "RPL12", "COPB1", "RAP1GDS1", "COX5B", "FOXO3", "MTDH", "MYL12B", "PLAC8", "LTA4H", "CCT7", "SEC11A", "NDUFA9", "DARS", "FDPS", "RRM1", "UBE2C", "BNIP3", "PLK1", "TXNL1", "ASXL2", "TOMM7", "EIF3G", "ITM2A"], "HNF4A-19822575-HepG2-human": ["DCLRE1C", "CCNI", "RPL32", "RBPJ", "RPL10A", "CCDC28A", "RPS15", "PPP1CC", "LAPTM4A", "RPS19", "KIF5B", "SNRPD3", "KCMF1", "RPS7", "STARD7", "IGFBP2", "RPS6", "ACTN4", "CCNB1IP1", "ATP5J2", "OXA1L", "SNRPG", "VDAC2", "SUCLG1", "PPIG", "GLO1", "COX17", "MRPL16", "NCAPG", "PTTG1IP", "PHB", "FOXO3", "PRDX1", "UBC", "TSPAN5", "SNX5", "KLHDC2", "H3F3B", "HOMER1", "SHFM1", "PLK1", "GOT2", "DSTN", "ARPC5", "MRPL23", "GNB2L1", "DHFR", "RPS25", "SAE1", "HIST1H4C", "TOP2A", "UFD1L", "SETD5", "MRPS15", "CDKN1B", "FAM45A", "GBE1", "ITGB2", "OLA1", "CLTA", "ETFB", "ITGAE", "PRPF19", "ATP5G1", "COX7C", "PPP2R5E", "C14ORF2", "JARID2", "GUSB", "ACP1", "CTNNBL1", "PGM1", "CCT3", "LRRC47", "USP48", "ANXA2", "GSTO1", "GLRX5", "RNASET2", "NCOA4", "PRPF40A", "C6ORF62", "GLTSCR2", "HADHB", "PSMA6", "SFPQ", "PSMA1", "NDUFS5", "ZNF638", "PCCB", "POLR1D", "MCM5", "SLC25A5", "EAPP", "DTL", "ERGIC2", "PFDN5", "SLC25A6", "CDC123", "ECHS1", "HDAC1", "RAP1GDS1", "MRPS31", "NOTCH2NL", "ADD3", "AURKA", "PAPSS1", "PSMB7", "PPP2CB", "UGP2", "PSMB5", "RPS3", "CCT7", "TIMM8B", "RWDD1", "UTP3", "BNIP3", "FAM46A", "RFTN1", "COX6C", "ASS1", "TMEM59", "C6ORF48", "PSMC1", "ASXL2", "EIF3F", "EIF3D", "RAN"], "PPARD-21283829-MYOFIBROBLAST-HUMAN": ["RPL5", "GBE1", "ITGB2", "ENO1", "CCDC28A", "UXT", "CHCHD2", "C14ORF2", "RAC1", "SNRPD3", "JARID2", "GUSB", "GOLGA7", "CTNNBL1", "GABARAPL2", "ANXA2", "DYNLT1", "PRKCB", "TALDO1", "C6ORF62", "ACTN4", "RAD23B", "MSL1", "HADHB", "HAX1", "TXNIP", "PPIG", "SNRNP25", "PTMA", "CDC123", "PCNA", "ECHS1", "PSMD14", "GLO1", "DDX1", "RAP1GDS1", "NCAPG", "PHB", "HSD17B12", "ARHGAP15", "FOXO3", "MTDH", "PCNP", "OXCT1", "PRDX1", "TRA2B", "UBC", "LTA4H", "RPL15", "SEC11A", "ZBED5", "SNX5", "BPTF", "NDUFA4", "GOT2", "FAM46A", "ASS1", "C6ORF48", "EIF3K", "TOMM7", "VIM", "EIF3F", "HIST1H4C", "EIF3D"], "EGR1-20690147-ERYTHROLEUKEMIA-HUMAN": ["UFD1L", "RPL3", "CCNI", "YWHAB", "GMFG", "ITGB2", "HSPB1", "THYN1", "ETFB", "ATP5G1", "FNTA", "GUK1", "C14ORF2", "RUVBL2", "VPS35", "JARID2", "GOLGA7", "CLIC1", "PGM1", "LRRC47", "KCMF1", "GABARAPL2", "BNIP3L", "BRD2", "DYNLT1", "STARD7", "RPS8", "GSTO1", "RNASET2", "IGFBP2", "CSNK2A2", "NCOA4", "UBE2E1", "CIRBP", "COMMD3", "GPX7", "TALDO1", "C6ORF62", "ACTN4", "RAD23B", "APRT", "HADHB", "SFPQ", "BOLA2", "SNURF", "KIF2C", "PPIG", "HPRT1", "SLC25A5", "PTMA", "SNRPA", "CDCA4", "MRPS33", "PTTG1IP", "PDHB", "COX5B", "ARHGAP15", "ADD3", "COX5A", "MTDH", "PSMB7", "SDCBP", "PPP2CB", "PTDSS1", "PRDX1", "UBC", "USP1", "TSPAN5", "RBBP7", "RPL15", "SEC11A", "CCT4", "IGBP1", "SUZ12", "KLHDC2", "DARS", "NDUFA4", "FAM46A", "CMTM6", "RFTN1", "DSTN", "RPL23A", "MRPL23", "ASS1", "GNB2L1", "EIF1", "SOD1", "FAM111A", "ARPC2", "ASXL2", "GNAS", "ANP32B", "YPEL5", "RAN"], "SOX9-25088423-EMBRYONIC GONADS-MOUSE": ["SETD5", "LRRC59", "MRPS15", "ECHS1", "NARF", "PSMD14", "THYN1", "PTTG1IP", "CD3D", "RPL7A", "UBL5", "LAPTM4A", "OXCT1", "LTA4H", "BARD1", "BNIP3L", "BRD2", "BNIP3", "CIRBP", "RPL13A", "TALDO1", "ARPC5", "REXO2", "PSMA6", "PCCB", "NDUFS4", "ERGIC2", "ITM2A", "FKBP3", "MCM2", "ARHGEF6"], "RBPJ-22232070-NCS-MOUSE": ["IGFBP2", "RPL37A"]}