{"HNF4A_HepG2_hg19": ["MTCH1", "ABCD3", "HSP90AB1", "AHNAK", "GLO1", "RPL34", "ODC1", "ATP5G3", "ETFB", "TYMS", "PTPLB", "CORO1C", "EEF1B2", "RPS15", "NME1-NME2", "NGRN", "SEPT9", "C1ORF106", "LASP1", "SYNGR2", "YWHAQ", "CAMK2N1", "RPL36AL", "PERP", "TMEM14A", "TMEM14B", "RRM2", "UBE2I", "JUP", "STARD7", "HPCAL1", "AKR1C3", "ACTN4", "HSPA2", "TUBB4B", "DKK1", "ATP5J2", "SLC7A5", "MORF4L1", "GCLC", "SPCS1", "TP53I3", "NDUFS5", "NHP2", "VOPP1", "SDC1", "TRIP13", "FTL"], "EGR1_ECC-1_hg19": ["CSTB", "CD63", "PDXK", "AHCYL1", "ABCD3", "HSP90AB1", "MGST3", "RPL34", "ATP5H", "PDHB", "PTPLB", "ATP5G1", "CORO1C", "ACTG1", "PSMD8", "NME1-NME2", "RPL7A", "TUBA1C", "CCND3", "LASP1", "TUBA1B", "YWHAQ", "ZNF706", "ST3GAL5", "AMZ2", "HNRNPA0", "HSPA8", "UBE2I", "NDUFA4", "ANXA5", "PYCR1", "TUBB4B", "ATP5J2", "EEF1A1", "SPCS1", "H3F3AP4", "UQCRC1", "RPL26", "MXRA7", "PABPC1", "RAN", "EIF4G2"], "POLR2A_MCF 10A_hg19": ["POP5", "SERPINE2", "HILPDA", "OLA1", "AKR1B1", "DBI", "ATP5G3", "TRIAP1", "HMGB1", "TMEM97", "SPATA20", "COX6A1", "PRSS23", "ATP5G1", "MRPL33", "RPL7A", "LASP1", "COTL1", "RAC1", "HMGN2", "TMEM14A", "PTRF", "TMEM14B", "SSR2", "ANXA4", "ATP1B3", "DKK1", "ALDH3A1", "TMEM106C", "VOPP1", "STRAP", "SUCLG1", "MXRA7", "CUTA", "MGST3", "WRB", "UQCR10", "PDHB", "GABARAP", "CRYZ", "SYNGR2", "IRAK1", "ORMDL2", "PSAP", "AMZ2", "RABAC1", "POLR2J", "ATP6V1F", "HNRNPA0", "HSPA8", "NDUFA4", "EPHX1", "AHNAK2", "NDUFA1", "NETO2", "HSPA2", "FIBP", "TRIP13", "NOP10"], "CTCFL_K562_hg19": ["RPL5", "LRRC59", "TRAM1", "MTCH2", "PDXK", "RPL32", "RPL11", "RPLP0", "RPL36A", "PARK7", "CORO1C", "RPS15", "SEPT9", "RPS14", "CCND3", "PSMD6", "ZNF706", "C14ORF2", "CFL1", "EIF4EBP1", "ST3GAL5", "RAC1", "NAE1", "POLR2J", "JUP", "TXNRD1", "GLRX5", "EPHX1", "GOT2", "HPCAL1", "ATP1B3", "NME4", "NETO2", "TPD52L1", "TUBB4B", "DNM1", "MLLT11", "FIBP", "GCLC", "MYL6", "TP53I3", "UQCRC1", "RPL26", "IARS", "NOP10"], "SUPT20H_HeLa-S3_hg19": ["EEF1A1", "SYNGR2", "UBE2I", "GLOD4", "NDUFS3", "TRIAP1", "HNRNPA0"], "HDAC2_K562_hg19": ["POP5", "TRAM1", "RPL34", "ARPC1A", "OLA1", "PEBP1", "HSPB1", "TMEM97", "COX6A1", "FAM127A", "RPL7A", "PSMD6", "RPL39", "TMEM14B", "RPS13", "SEC13", "GLRX5", "NME4", "ATP5F1", "DNM1", "ACLY", "GPRC5A", "PPP1R3C", "NDUFS5", "EEF1A2", "S100A4", "CUTA", "CD63", "LRRC59", "PDXK", "NDUFB4", "WRB", "NDUFB2", "RPL36A", "NDUFB1", "MRPL15", "TIMM10", "C1ORF106", "RRAS", "ORMDL2", "EIF4H", "EIF4EBP1", "S100A10", "FZD2", "DSTN", "SNF8", "KRT19", "RPS27", "UBA1", "RSL24D1"], "RXRA_SK-N-SH_hg19": ["GPRC5A", "ANXA2", "CAPN2", "TAGLN2", "RPL26", "IGFBP6", "RTN4"], "GABPA_MEL cell line_mm9": ["NQO1", "LRRC59", "UBE2I", "PRDX1", "FTH1", "POLR2J"], "POLR2A_CH12.LX_mm9": ["MTCH1", "SLC25A3", "DCTN3", "ARPC1A", "PTTG1IP", "MRPL15", "GABARAP", "CORO1C", "CCNB2", "CCND3", "MPRIP", "TUBB3", "RPL36AL", "DPYSL2", "EIF4H", "COTL1", "UQCRFS1", "AMZ2", "POLR2G", "RAC1", "CYC1", "POLR2J", "VAT1", "FIS1", "COA3", "SEC13", "XRCC5", "ANXA4", "EPHX1", "HPCAL1", "TUBG1", "TUBB4B", "ATP5J2", "FIBP", "PRC1", "NDUFS5", "GLOD4", "CD9", "SDC1", "SUCLG1"], "RELA_GM19193_hg19": ["CUTA", "RPL5", "TRAM1", "HSP90AB1", "RPLP0", "HILPDA", "DBI", "SLC3A2", "PARK7", "PTPLB", "ATP5G1", "ACTB", "CORO1C", "TUBA1C", "TUBA1B", "SYNGR2", "RRAS", "ZNF706", "RPL36AL", "ORMDL2", "FTH1", "CFL1", "ARL6IP5", "AMZ2", "CYC1", "EIF4B", "JAK1", "CCT3", "RRM2", "MDH1", "RPS7", "H2AFZ", "ANXA4", "RPL23", "HNRNPA1P10", "EMP3", "TUBB4B", "EEF1A1", "RPS27", "SPCS1"], "SIRT6_H1-hESC_hg19": ["RPL5", "MAGED1", "NDUFB4", "NDUFB1", "DBI", "TRIAP1", "HMGB1", "ETFB", "TMEM97", "COX6A1", "PTPLB", "RPS4Y1", "RPL6", "EEF1B2", "PSMD8", "NME1-NME2", "NGRN", "RPL7A", "PSMD6", "TUBA1A", "RPL36AL", "EIF4H", "AMZ2", "TMEM14B", "RPS13", "VTI1B", "RPL23", "GOT2", "RPS27", "NGFRAP1", "TP53I3", "CDK4", "TRMT5", "NDUFS3", "RPL24", "SNRPE", "EIF3E", "IARS", "NOP10", "EIF4G2", "FTL"], "CHD2_K562_hg19": ["CUTA", "DYNC1I2", "CD63", "LRRC59", "MTCH1", "MTCH2", "ARPC1A", "HILPDA", "NDUFB1", "MRPL15", "YBX1", "TRIAP1", "ETFB", "TMEM97", "ATP5H", "COX6A1", "RPS15", "NGRN", "RPL36AL", "C14ORF2", "ATP5E", "RABAC1", "TMEM14A", "PTRF", "TMEM14B", "FDFT1", "KCMF1", "VAT1", "RPL22", "GOT2", "DSTN", "KRT19", "RPS27", "GLOD4", "TRMT5", "TMEM106C", "SUCLG1", "SNRPF", "RPL26"], "POLR2AphosphoS2_K562_hg19": ["PYGB", "MTCH2", "ARPC1A", "PEBP1", "HSPB1", "PARK7", "ETFB", "COX6A1", "FAM127A", "MRPL33", "PSMD8", "RPS15", "CCND3", "MAEA", "TUBA1A", "SNRPD2", "PTTG1", "YWHAQ", "CFL1", "UQCRFS1", "RAC1", "TMEM14A", "TMEM14B", "JAK1", "STARD7", "ANXA4", "ANXA5", "ATP1B3", "ACTN4", "TUBG1", "TUBA4A", "RHOA", "SLC7A5", "ACLY", "EEF1A2", "S100A6", "NHP2", "POLR1D", "UQCRC1", "JTB", "SNRPE", "GARS", "TAX1BP3", "PABPC1", "CSTB", "LRRC59", "AHNAK", "WRB", "ODC1", "NDUFB1", "UQCR10", "TYMS", "CRYZ", "CCNB1", "ORMDL2", "EIF4H", "POLR2G", "RABAC1", "RRM2", "TPD52L1", "KRT19", "IMPDH2", "CD9", "HDGF", "PFKP"], "CTCF_GM19238_hg19": ["LRRC59", "TRAM1", "MTCH2", "RPL32", "RPL11", "RPL36A", "ACTB", "RPS15", "TUBA1A", "ALCAM", "PTTG1", "C14ORF2", "COTL1", "NAE1", "POLR2J", "MEST", "STARD7", "TXNRD1", "GOT2", "ATP1B3", "NETO2", "HSPA2", "TPD52L1", "TUBB4B", "TUBA4A", "DNM1", "MLLT11", "FIBP", "MYL6", "GLOD4", "EEF1A2", "MALL", "H3F3AP4", "NDUFS3", "TMEM106C", "SDC1", "TAGLN2", "ANXA2P2", "NOP10", "FTL"], "POLR2A_GM18526_hg19": ["POP5", "CSTB", "NDUFB6", "DCTN3", "ARPC1A", "HILPDA", "PARK7", "TRIAP1", "SPINT2", "FAM127A", "TUBA1C", "ZNF706", "ATP5E", "PSAP", "HMGN2", "POLR2I", "TMEM14A", "CTNNAL1", "RPL39", "TMEM14B", "ATP6V1F", "VTI1B", "CCT3", "ANXA2", "SSR2", "RPL22", "ACTN4", "HSPA2", "RHOA", "ATP5J2", "UQCRQ", "GLOD4", "H3F3AP4", "STRAP", "GARS", "NOP10", "RPS23", "ATF4"], "CTCF_foreskin fibroblast_hg19": ["RPL5", "TRAM1", "MTCH2", "AHCYL1", "RPLP0", "ARPC1A", "SLC7A11", "SPATA20", "PSMD8", "RPS15", "PSMD6", "ALCAM", "C14ORF2", "MYOF", "TUBG1", "TUBA4A", "DNM1", "EEF1A1", "MALL", "H3F3AP4", "UQCRC1", "TMEM106C", "RPL24", "SNRPE", "SNRPF", "RPL26", "LRRC59", "RPL11", "RPL36A", "CORO1C", "NME1-NME2", "ST3GAL5", "NAE1", "POLR2J", "MEST", "TIMM8B", "CAV1", "TXNRD1", "GOT2", "HSPA2", "TPD52L1", "MLLT11", "FIBP", "IMPDH2", "SDC1", "IARS", "TGFBI", "ANXA2P2", "CD24", "RSL24D1", "NOP10"], "MXI1_MEL cell line_mm9": ["PYGB", "MTCH2", "PDXK", "ABCD3", "NDUFB6", "OLA1", "ATP5C1", "MRPL15", "ATP5G3", "SLC7A11", "PDHB", "CORO1C", "CCNB2", "CCNB1", "APMAP", "PRDX1", "ARL6IP5", "AMZ2", "SEC11A", "SEC13", "MDH1", "XRCC5", "SSR2", "EPHX1", "ANXA5", "HPCAL1", "PYCR1", "SNF8", "TUBB4B", "RPS27", "CDK4", "NDUFS5", "RPA3", "IMPDH2", "GLOD4", "CD9", "SUCLG1", "IARS", "TRIP13", "RSL24D1"], "POLR2A_cortical plate_mm9": ["LRRC59", "AHCYL1", "RPL32", "DCTN3", "RPL11", "PEBP1", "HMGB1", "ATP5H", "PDHB", "PTPLB", "CRYZ", "CORO1C", "PSMD6", "UCP2", "ARL6IP5", "POLR2G", "PTRF", "VAT1", "NQO1", "COA3", "SEC13", "JUP", "EPHX1", "RPL22", "GOT2", "TPM1", "NME4", "ACTN4", "AKR1B10", "CDK4", "GLOD4", "NDUFS3", "CD9", "VOPP1", "SNRPE", "EIF3E", "RSL24D1", "HSPA1B", "RPS23", "HSPA1A"], "ZZZ3_HeLa-S3_hg19": ["NME1-NME2", "RPL7A", "FZD2", "ALCAM", "ANXA2", "RPS7", "RPL23", "RPL6"], "CTCF_GM10248_hg19": ["RPL5", "LRRC59", "TRAM1", "MTCH2", "RPL11", "RPL36A", "PEBP1", "PSMD8", "RPS15", "ALCAM", "IRAK1", "C14ORF2", "COTL1", "NAE1", "POLR2J", "MEST", "TIMM8B", "STARD7", "TXNRD1", "GOT2", "NETO2", "HSPA2", "TPD52L1", "DNM1", "MLLT11", "FIBP", "GPRC5A", "IMPDH2", "EEF1A2", "H3F3AP4", "UQCRC1", "TMEM106C", "SDC1", "TRIP13", "ANXA2P2", "CD24", "NOP10"]}