{"H3K4me3_placenta_mm9": ["CUTA", "PYGB", "LRRC59", "NDUFB6", "MGST3", "HILPDA", "PPAP2C", "TUBA1C", "ALCAM", "YWHAQ", "APMAP", "CAMK2N1", "CAPN2", "AMZ2", "TMEM14A", "CLIC1", "FDFT1", "COA3", "SEC13", "SSR2", "NME4", "DNM1", "GPRC5A", "SPCS1", "NDUFS5", "MALL", "TAGLN2", "TGFBI"], "H2AFZ_skeletal muscle myoblast_hg19": ["PYGB", "SLC25A3", "NDUFB6", "MAGED1", "RPL11", "ARPC1A", "RPL36A", "DBI", "MRPL15", "SPINT2", "RPS4Y1", "ATP5G1", "MRPL33", "ZNF706", "ATP5E", "UQCRFS1", "AMZ2", "NAE1", "HMGN2", "CCT3", "RPS7", "RPL23", "GLRX5", "SNF8", "GNG12", "FIBP", "NOP10", "ABCG2"], "H3K4me3_NT2-D1_hg19": ["ATP5C1", "PARK7", "TIMM10", "HMGB1", "ETFB", "LASP1", "AMZ2", "IGFBP6", "POLR2I", "EIF4B", "TIMM8B", "ANXA4", "KRT7", "PYCR1", "NME4", "ATP5F1", "TUBG1", "SPCS1", "PRC1", "GLOD4", "UQCRC1", "TAX1BP3", "UBE2V1", "TRIP13", "RPS21", "ATF4"], "H3K4me3_GM12875_hg19": ["YBX1", "TRIAP1", "TMEM97", "CRYZ", "NGRN", "PTDSS1", "TRIM28", "YWHAQ", "UQCRFS1", "RAC1", "TMEM14A", "RPL39", "FZD2", "CAV1", "MYOF", "NDUFC2", "PYCR1", "DNM1", "GPRC5A", "SPCS1", "MYO5C", "JTB", "GARS", "TRIM16", "PFKP", "ATF4"], "H3K4me3_mammary epithelial cell_hg19": ["POP5", "PARK7", "YBX1", "PRSS23", "ATP5G1", "ACTG1", "EEF1B2", "PSMD6", "TUBA1B", "MAEA", "TRIM28", "SNRPD2", "YWHAQ", "DPYSL2", "RAC1", "ANXA4", "NME4", "TUBG1", "DKK1", "DNM1", "PPP1R3C", "JTB", "RPL24", "GARS", "ABCG2", "FTL", "ODC1", "TIMM10", "UQCR10", "TYMS", "PTPLB", "CRYZ", "C1ORF106", "PCBD1", "POLR2J", "TIMM8B", "CA12", "FIS1", "FZD2", "RRM2", "MDH1", "DSTN", "PYCR1", "KRT18", "UBE2S", "GLOD4", "TRMT5", "SDC1", "CD24", "RPS21"], "H3K4me3_H1-hESC_hg19": ["PARK7", "TIMM10", "TRIAP1", "UQCR10", "COX6A1", "CRYZ", "TUBA1C", "PTDSS1", "ZNF706", "AMZ2", "IGFBP6", "HMGN2", "POLR2J", "KCMF1", "NQO1", "MDH1", "ANXA4", "MYOF", "DSTN", "PYCR1", "TUBB4B", "GLOD4", "NDUFS3", "TAX1BP3", "SNRPF", "ABCG2"], "H3K4me3_GM12878_hg19": ["AMIGO2", "SPINT2", "CRYZ", "LGALS3", "PSMD6", "TRIM28", "SNRPD2", "YWHAQ", "RAC1", "RABAC1", "POLR2J", "MEST", "SEC11A", "JAK1", "KCMF1", "VAT1", "CA12", "FIS1", "FZD2", "UBE2I", "ANXA4", "EPHX1", "MYOF", "DSTN", "PYCR1", "INHBB", "NME4", "ATP5F1", "TUBB4B", "DNM1", "GPRC5A", "NGFRAP1", "SPCS1", "KRT18", "PPP1R3C", "UBE2S", "TRMT5", "MYO5C", "S100A6", "JTB", "CD9", "GARS", "TRIP13", "PFN2", "ABCG2", "ATF4", "FTL"], "H3K4me3_G1E_mm9": ["CUTA", "MGST3", "NDUFB2", "MRPL15", "ATP5G3", "ETFB", "UQCR10", "PDHB", "ACTG1", "NGRN", "SNRPD2", "PTTG1", "APMAP", "ATP5E", "ORMDL2", "NAE1", "SPDL1", "HMGN2", "POLR2I", "POLR2J", "VTI1B", "CCT3", "NQO1", "MDH1", "XRCC5", "DSTN", "HSPA2", "SPCS1", "UQCRQ", "RPA3", "NDUFS3", "POLR1D", "TMEM106C", "TRIP13"], "H3K4me3_cardiac fibroblast_hg19": ["CSTB", "YBX1", "SPINT2", "PRSS23", "CRYZ", "MAEA", "TRIM28", "SNRPD2", "PTTG1", "YWHAQ", "DPYSL2", "UCP2", "PCBD1", "POLR2G", "RAC1", "CTNNAL1", "POLR2J", "SEC11A", "S100A10", "KCMF1", "CA12", "FIS1", "FZD2", "ANXA4", "MYOF", "DSTN", "EMP3", "TUBB4B", "DKK1", "SPCS1", "KRT18", "UBE2S", "JTB", "SDC1", "GARS", "TGFBI", "CD24", "ABCG2"], "H3K4me3_A549_hg19": ["AHCYL1", "DBI", "PARK7", "TRIAP1", "ATP5G1", "FAM127A", "MRPL33", "NGRN", "LGALS3", "RPS14", "MAEA", "SNRPD2", "TUBB3", "FTH1", "CFL1", "CAPN2", "ATP5F1", "TUBG1", "DNM1", "GPRC5A", "EEF1A2", "ALDH1A1", "NDUFS3", "JTB", "GARS", "ATF4", "FTL", "TIMM10", "UQCR10", "PDHB", "PTPLB", "RPS4Y1", "CRYZ", "NME1-NME2", "PTDSS1", "AMZ2", "POLR2J", "VTI1B", "TIMM8B", "FZD2", "AKR1C3", "PYCR1", "INHBB", "MLLT11", "AKR1B10", "AXL", "GLOD4", "MYO5C", "CNTN1", "SDC1", "ANXA2P2", "RPS21", "RPS23"], "H3K4me3_megakaryocyte_mm9": ["POP5", "MGST3", "WRB", "DCTN3", "FHL2", "OLA1", "ATP5G3", "UQCR10", "PDHB", "PRSS23", "CORO1C", "NGRN", "APMAP", "PERP", "NAE1", "SPDL1", "XRCC5", "STARD7", "NDUFA4", "ANXA5", "NDUFA1", "TUBB4B", "GPRC5A", "SPCS1", "KRT18", "RPA3", "GLOD4", "MALL", "MYO5C", "NDUFS3", "TMEM106C", "PLP2", "TRIP13", "ABCG2"], "H3ac_C2C12_mm9": ["SERPINE2", "DCTN3", "ATP5C1", "TIMM10", "TRIAP1", "UQCR10", "ATP5H", "PRSS23", "GABARAP", "EEF1B2", "CCND3", "APMAP", "IGFBP6", "SPDL1", "POLR2J", "CLIC1", "RPS13", "TIMM8B", "RRM2", "INHBB", "ATP1B3", "FIBP", "MYL6", "NDUFS5", "GLOD4", "TMEM106C", "IARS", "TRIP13", "PFN2", "RPS23"], "H3K4me3_T-cell acute lymphoblastic leukemia_hg19": ["CD63", "ATP5C1", "PEBP1", "DBI", "TRIAP1", "UQCR10", "SPATA20", "ATP5G1", "CRYZ", "SEPT9", "RPL7A", "IMPA1", "SNRPD2", "AMZ2", "POLR2J", "EPHX1", "MYOF", "ATP5F1", "TUBG1", "TUBB4B", "UQCRQ", "TRMT5", "NDUFS3", "UQCRC1", "TAX1BP3", "TRIP13", "PFN2"], "H3K4me2_B cell_hg19": ["PYGB", "CD63", "HILPDA", "HJURP", "DBI", "TIMM10", "SLC7A11", "UQCR10", "TMEM97", "SPATA20", "PRSS23", "RTN4", "CCNB2", "TUBA1C", "PERP", "HMGN2", "CA12", "NQO1", "MDH1", "ANXA2", "TUBB4B", "PPP1R3C", "UQCRQ", "GLOD4", "TAX1BP3", "RPS21", "PFN2", "ABCG2"], "H3K4me2_fibroblast of dermis_hg19": ["ODC1", "PARK7", "TRIAP1", "SPINT2", "PTPLB", "ATP5G1", "EEF1B2", "TUBA1B", "ALCAM", "TUBB3", "NT5DC2", "FTH1", "POLR2I", "TIMM8B", "AKR1C3", "KRT7", "PYCR1", "TUBG1", "ALDH3A1", "SPCS1", "PALLD", "GLOD4", "ALDH1A1", "NDUFS3", "RPS21", "ABCG2"], "H3K4me3_endothelial cell of umbilical vein_hg19": ["POP5", "AMIGO2", "HILPDA", "PARK7", "TIMM10", "YBX1", "TRIAP1", "UQCR10", "SPATA20", "CRYZ", "ACTG1", "PSMD6", "SYNGR2", "TRIM28", "YWHAQ", "NT5DC2", "UQCRFS1", "AMZ2", "POLR2J", "TMEM14B", "KCMF1", "TIMM8B", "CA12", "FIS1", "MORC4", "FZD2", "MDH1", "ANXA4", "NDUFA1", "PYCR1", "NME4", "ATP5F1", "DKK1", "PPP1R3C", "GLOD4", "EEF1A2", "NDUFS3", "JTB", "SDC1", "GARS", "CD24", "ABCG2"], "H3K4me3_astrocyte of the spinal cord_hg19": ["CSTB", "AKR1B1", "YBX1", "CRYZ", "C1ORF106", "SYNGR2", "MAEA", "TRIM28", "YWHAQ", "DPYSL2", "PCBD1", "CTNNAL1", "POLR2J", "SEC11A", "VTI1B", "CA12", "FZD2", "UBE2I", "DKK1", "SPCS1", "KRT18", "UBE2S", "MYO5C", "JTB", "GARS", "TGFBI", "ABCG2"], "H3K4me1_erythroblast_mm9": ["PYGB", "MTCH2", "ABCD3", "DCTN3", "AMIGO2", "NDUFB2", "PTDSS1", "ALCAM", "APMAP", "CAMK2N1", "PERP", "CFL1", "CAPN2", "POLR2I", "RPS13", "CCT3", "CSGALNACT1", "ANXA5", "NDUFA1", "TPD52L1", "TUBB4B", "GPRC5A", "AKR1B10", "KRT18", "AXL", "TRMT5", "MALL", "TMEM106C", "TRIM16", "MXRA7", "TRIP13", "HSPA1B"], "H3K9ac_HeLa-S3_hg19": ["CUTA", "PYGB", "AMIGO2", "HILPDA", "PARK7", "TIMM10", "TRIAP1", "UQCR10", "CRYZ", "ACTG1", "TUBA1B", "IMPA1", "DPYSL2", "CFL1", "AMZ2", "HMGN2", "POLR2J", "KCMF1", "TIMM8B", "NDUFA4", "EPHX1", "PYCR1", "NME4", "ALDH3A1", "PPP1R3C", "GLOD4", "S100A4", "ABCG2"], "H3K4me3_small intestine_mm9": ["CUTA", "PYGB", "POP5", "SLC7A11", "ETFB", "CRYZ", "CCNB2", "PSMD6", "TRIM28", "YWHAQ", "APMAP", "CAMK2N1", "POLR2I", "TMEM14A", "VAT1", "NQO1", "SEC13", "FZD2", "SSR2", "RPL22", "MYOF", "KRT7", "PYCR1", "NME4", "DNM1", "MALL", "PFKP"]}