{"MTF2-20144788-MESC-MOUSE": ["DENND2D", "CD83", "AGPAT9", "TFRC", "APLP2", "TM6SF1", "DTX4", "DHRS3", "IGF2R", "GCHFR", "LGALS3", "EIF5", "ID2", "NRIP1", "CLIP4", "MXI1", "CAPN2", "BLVRB", "CYP1B1", "PPARG", "FBP1", "HSPA1B"], "STAT3-23295773-U87-HUMAN": ["SF3B5", "ASAH1", "PSMD14", "RNF13", "ARL6IP1", "TFRC", "GBE1", "CLTC", "MGST1", "VPS26A", "CTSS", "FAM134B", "YWHAQ", "CAPN2", "SLC38A6", "CD36", "CCT5", "ANXA1", "FUCA1", "CNBP", "RPS5", "TXNRD1", "YWHAZ", "EIF1", "EEF1G", "HADHA", "ELF1", "PPAP2B", "ID2", "SGK1", "SLC29A3", "DFNA5"], "SUZ12-20075857-MESC-MOUSE": ["CD83", "AGPAT9", "HPGD", "DTX4", "LGALS3", "NRIP1", "CAPN2", "CYP1B1", "PHACTR1", "MAPK6", "DENND2D", "GSTO1", "TM6SF1", "EEF2", "MMP9", "DHRS3", "IGF2R", "GCHFR", "EIF5", "SOAT1", "ADORA2B", "ID2", "CLIP4", "BLVRB", "PPARG", "SGK1", "FBP1", "HSPA1B", "DFNA5", "HSPA1A"], "AR-19668381-PC3-HUMAN": ["SF3B5", "RAB1A", "PSMD14", "TFRC", "SDC2", "AQP9", "IQGAP1", "ITGAE", "LDHA", "GPNMB", "TRIM25", "PHACTR1", "CD36", "VSIG4", "ATP6V1E1", "MAPK6", "ACTR2", "H2AFZ", "TXNRD1", "GSR", "CRTAM", "AKR1C2", "TM6SF1", "DHRS3", "GPR137B", "IGF2R", "NAGK", "FABP5", "PSMA1", "ADORA2B", "PPAP2B", "ID2", "CD9", "PABPC3", "PPARG", "FBP1", "RAN", "ARL8B", "FAIM"], "RUNX2-22187159-PCA-HUMAN": ["ASAH1", "CD83", "HSP90AB1", "AGPAT9", "BCL2A1", "GBE1", "AQP9", "CAPG", "VPS26A", "ENO1", "IQGAP1", "MS4A4A", "BAG3", "BASP1", "NRIP1", "CYP1B1", "PHACTR1", "BCAP31", "ACTR2", "IFNGR1", "PABPC4", "SHFM1", "ANXA5", "GSR", "ATP6AP2", "YWHAZ", "IGF2R", "ELF1", "SOAT1", "PPAP2B", "ID2", "ALOX5AP", "FDX1", "CLIP4", "CD9", "EIF3H", "PPARG", "SGK1", "RAN"], "TP53-23651856-MEF-MOUSE": ["ATP6V1A", "RNASEK", "HSP90AB1", "CLTC", "TCIRG1", "CORO1C", "PSMB7", "SDCBP", "TRMT112", "BAG3", "CAPN2", "SLC38A6", "ATP6V1E1", "RPL18", "MAPK6", "SEPHS2", "CLIC1", "BCAP31", "ANXA1", "SSR2", "CNBP", "TXNRD1", "ANXA5", "GSR", "TALDO1", "EMP3", "NEAT1", "DHRS3", "RHOA", "EEF1G", "KLF6", "ELF1", "EIF5", "FABP5", "ADORA2B", "TXNIP", "S100A4", "PFDN5", "HSPA1B", "HSPA1A", "AVPI1"], "RCOR3-21632747-MESC-MOUSE": ["MTCH1", "CD83", "HEXB", "TREM2", "DTX4", "BZW1", "PSMB7", "FAM134B", "RPS17", "RPS16", "YWHAQ", "BASP1", "TRIM25", "CCL2", "RPL18", "POLR2J", "ACTR2", "HSP90AA1", "H2AFZ", "EMP3", "YWHAZ", "FGR", "HADHA", "FABP3", "PPAP2B", "ID2", "ALOX5AP", "MAFF", "CD9", "BLVRB", "ALDOA", "SGK1", "ATF4"], "TP63-22573176-HFKS-HUMAN": ["EIF4A1", "MTCH1", "RPLP0", "ITGAE", "TMEM140", "RPL8", "RPL10A", "TRMT112", "YWHAQ", "OSTF1", "ATP6V1E1", "CCR5", "SEPHS2", "TMSB10", "CD52", "ANXA1", "ACSL1", "RPS6", "EEF1G", "DAD1", "PPAP2B", "TMBIM1", "TXNIP", "ATP6V0D1", "SGK1", "FBP1", "ATP6V0C", "SLC29A3", "FAIM", "AVPI1", "RNASEK", "DTX4", "PSMA7", "CORO1C", "GPNMB", "BAG3", "MXI1", "RPS2", "POLR2J", "BCAP31", "OST4", "SHFM1", "TXNRD1", "IGF2R", "FABP3", "KLF6", "FABP4", "NAGK", "DHRS9", "FABP5", "EIF3G", "CD9", "PLP2", "MIR1244-3"], "SOX2-21211035-LN229_GBM-HUMAN": ["ASAH1", "CD83", "RPL3", "TFRC", "GBE1", "RPL34", "SLC3A2", "GHITM", "HEBP1", "YWHAQ", "BASP1", "RPL13", "SLC26A11", "PHACTR1", "MSR1", "GABARAPL2", "ANXA1", "APLP2", "TXNRD1", "DENND4C", "TM6SF1", "GPR137B", "FABP5", "DAD1", "ID2", "FBP1", "SLC29A3", "DFNA5"], "EGR1-20690147-ERYTHROLEUKEMIA-HUMAN": ["MTCH1", "CD83", "RPL3", "HSP90AB1", "ARPC1B", "CLTC", "YBX1", "RPL8", "BZW1", "DOCK11", "YWHAQ", "BASP1", "BSG", "PHACTR1", "AMICA1", "TMSB10", "CLIC1", "CD52", "GABARAPL2", "ACTR2", "ATP6V0B", "HSP90AA1", "RPS8", "ACSL1", "IFNGR1", "GSTO1", "PABPC4", "RPS5", "APLP2", "ANXA5", "TALDO1", "EMP3", "MMP9", "YWHAZ", "EEF1A1", "SOAT1", "FDX1", "CSNK2B", "S100A4", "PPARG", "ATP6V0D1", "RPL29", "ATP6V0C", "FAIM", "AVPI1", "CSTB", "RAB1A", "DDX5", "SDC2", "CAPG", "VPS26A", "SLC3A2", "CORO1C", "PSMB7", "SDCBP", "HSPH1", "GNG5", "PRDX1", "MXI1", "POLR2G", "RPS2", "RPL18", "MAPK6", "SEC11A", "HSPA8", "GSR", "DHRS3", "GPR137B", "PNRC2", "EIF1", "FABP3", "KLF6", "EIF5", "FABP5", "ID2", "MAFF", "CD9", "RAN", "DFNA5", "HSPA1A"], "TCF4-23295773-U87-HUMAN": ["CD86", "PSMD14", "RNF13", "TFRC", "GBE1", "YBX1", "ITGAE", "PLA2G7", "RPL6", "BASP1", "NRIP1", "PHACTR1", "POLR2G", "CD36", "MAPK6", "HAVCR2", "CD164", "ATP6V0B", "ACSL1", "SHFM1", "CNBP", "TXNRD1", "ANXA5", "ACOT13", "IGF2R", "ELF1", "FABP4", "FABP5", "PSMA1", "PSMC1", "APOC1", "CD9", "EIF3H", "ATP6V0D1", "SGK1", "PFDN5", "RAN", "DFNA5", "ARL8B"], "AR-20517297-VCAP-HUMAN": ["BCAP31", "CD164", "ACTR2", "GBE1", "TXNRD1", "CRTAM", "RPL13A", "ACOT13", "CAPG", "TMEM140", "RPL10A", "EIF1", "STIP1", "LGALS3", "KLF6", "RPS3", "TXNIP", "EIF3H", "MALAT1", "IARS", "ATP6V0D1", "FBP1"], "SMAD4-21799915-A2780-HUMAN": ["MSR1", "DNASE2B", "SHFM1", "ANXA5", "ITGAE", "BZW1", "DCAF6", "DOCK11", "FAM134B", "KLF6", "EIF5", "SOAT1", "ADORA2B", "NRIP1", "ACP5", "EIF3H", "SLC26A11", "PHACTR1", "VSIG4", "SGK1", "FBP1", "DFNA5"], "SCL-21571218-MEGAKARYOCYTES-HUMAN": ["MTCH1", "ASAH1", "DDX5", "GPX1", "ACSL1", "RNASE6", "RPS3A", "NEAT1", "MMP9", "IGF2R", "EIF1", "ALOX5AP", "BSG", "CD9", "PLIN2", "MALAT1", "RPL29", "SF3B1"], "GATA1-22025678-K562-HUMAN": ["CD36"], "SIN3B-21632747-MESC-MOUSE": ["MTCH1", "CD83", "ENO1", "IQGAP1", "RPL6", "SDCBP", "LGALS3", "FAM134B", "TRMT112", "BAG3", "BASP1", "NRIP1", "MXI1", "HMOX1", "CCL2", "POLR2G", "RPL18", "POLR2J", "SEC11A", "CLIC1", "GABARAPL2", "HSP90AA1", "GPX1", "GSTO1", "SSR2", "RPS5", "YWHAZ", "EIF1", "GCHFR", "EEF1A1", "FIG4", "HADHA", "FABP3", "NAGK", "SOAT1", "PSMA1", "ID2", "ALOX5AP", "MAFF", "JTB", "ALDOA", "ATP6V0C", "RAN", "SLC29A3", "ARL8B", "ATF4"], "CIITA-18437201-Raji B cells and iDC-human": ["ENO1", "TMEM14C"], "TP63-23658742-EP156T-HUMAN": ["CD86", "TFRC", "AQP9", "ENO1", "CTSS", "LGALS3", "CAPN2", "CYP1B1", "OSTF1", "CCR5", "TMSB10", "CD52", "ANXA1", "ACSL1", "IFNGR1", "APLP2", "YWHAZ", "EEF1G", "ELF1", "DAD1", "PPAP2B", "TMBIM1", "MALAT1", "SGK1", "ABCG2", "ARL8B", "FAIM", "AVPI1", "ASAH1", "HPGD", "RPL11", "IQGAP1", "CORO1C", "HSPH1", "GPNMB", "BAG3", "MXI1", "FNIP2", "MSR1", "CRTAM", "IGF2R", "KLF6", "NAGK", "EIF5", "DHRS9", "FABP5", "ID2", "HSPA1B", "DFNA5"], "SETDB1-19884257-MESC-mouse": ["ARL6IP1", "RPLP0", "SLC3A2", "GHITM", "RPL10A", "BZW1", "CORO1C", "SDCBP", "FAM134B", "SLC26A11", "POLR2J", "ATP6V1F", "CD52", "HSPA8", "CDV3", "ACTR2", "RPS8", "SSR2", "FUCA1", "IGF2R", "EIF1", "HADHA", "ID2", "ALOX5AP", "MALAT1", "ATP6V0D1", "DFNA5", "ATF4"], "RBPJ-22232070-NCS-MOUSE": ["SF3B1"]}