{"NR2C2 (human)": ["APOE"], "SOX2 (human)": ["ACSL1"], "NFE2L1 (human)": ["MXI1"], "HNRNPK (human)": ["ID2"], "STAT1 (mouse)": ["CCL2"], "NFE2L2 (human)": ["RPLP0", "SLC29A3"], "ESR2 (mouse)": ["RHOA"], "PDX1 (human)": ["PSMB4"], "CEBPE (human)": ["TDP2", "RPL13"], "RUNX1 (mouse)": ["HSP90AA1"], "CBX5 (human)": ["IFNGR1", "AKR1C2"], "SND1 (mouse)": ["EMP3"], "VDR (human)": ["PRR13"], "IRF7 (human)": ["POLR2G"], "GABPA (human)": ["MXI1", "SLC38A6"], "MXI1 (human)": ["DHRS3", "RAN"], "SMAD3 (mouse)": ["FNIP2"], "MAFB (human)": ["POLR2G"], "TBX5 (human)": ["IARS"], "SP4 (human)": ["RPL4"]}