{"H3K4me1 Neurosphere Cultured Cells Cortex Derived": ["RPL4", "CD83", "ARL6IP1", "GBE1", "ARPC1B", "GHITM", "RPL8", "RPL9", "DCAF6", "HEBP1", "KIAA0930", "FAM134B", "CA2", "PSMD2", "ACP5", "TRIM25", "CYP1B1", "CIR1", "SLC26A11", "PHACTR1", "OSTF1", "SEPHS2", "TMEM14C", "CDV3", "GPX1", "ACSL1", "RPS6", "ATP6AP2", "RNASE6", "EMP3", "YWHAZ", "CYP27A1", "EEF1A1", "EEF1G", "NSA2", "PSMA1", "CLIP4", "BLVRB", "PABPC3", "S100A4", "PLIN2", "PPARG", "ALDOA", "SGK1", "FBP1", "ABCG2", "AVPI1", "PSMD14", "AGPAT9", "HPGD", "RPL12", "MOSPD1", "CAPG", "PLA2G7", "STIP1", "SDCBP", "PSMB4", "HSPH1", "GPNMB", "SPP1", "RPL13", "SLC38A6", "RPL18", "CCT5", "BCAP31", "FUCA1", "TXNRD1", "M6PR", "C20ORF24", "EEF2", "TUBB4B", "DHRS3", "FIG4", "PSMC6", "EIF6", "ID2", "PSMC1", "EIF3G", "IARS", "DFNA5"], "H3K4me3 Penis Foreskin Fibroblast Primary Cells": ["MTCH1", "CD83", "GHITM", "TMEM140", "CTSS", "DCAF6", "KIAA0930", "DOCK11", "FAM134B", "TRMT112", "BASP1", "CA2", "TRIM25", "CIR1", "SLC26A11", "OSTF1", "SEPHS2", "TMSB10", "TMEM14C", "HSP90AA1", "GPX1", "ACSL1", "APLP2", "ATP6AP2", "ACOT13", "FGR", "CYP27A1", "EEF1A1", "HADHA", "NSA2", "C12ORF5", "SOAT1", "PSMA1", "CLIP4", "BLVRB", "PABPC3", "ALDOA", "ATP6V0D1", "SGK1", "FBP1", "PFDN5", "ABCG2", "FAIM", "SF3B5", "CSTB", "ASAH1", "PSMD14", "AGPAT9", "HPGD", "SDC2", "MOSPD1", "VPS26A", "DTX4", "PLA2G7", "STIP1", "HSPH1", "GPNMB", "NRIP1", "CCL2", "MAPK6", "FNIP2", "POLR2J", "BCAP31", "FUCA1", "SHFM1", "TXNRD1", "AKR1C1", "M6PR", "C20ORF24", "TM6SF1", "TPD52L2", "DHRS3", "GPR137B", "FABP4", "FABP5", "TDP2", "ID2", "PSMC1", "GLA", "MIR1244-3", "DFNA5"], "H3K4me3 Duodenum Mucosa": ["RPL4", "MTCH1", "RPL34", "GHITM", "RPL10A", "BZW1", "RPL9", "LIPA", "DCAF6", "DOCK11", "FAM134B", "BASP1", "PSMD2", "CYP1B1", "CIR1", "SLC26A11", "OSTF1", "SEPHS2", "TMSB10", "ACSL1", "RPS5", "APLP2", "RPL23", "RPS6", "RNASE6", "CLIP4", "S100A4", "ATP6V0D1", "RPL29", "ABCG2", "FAIM", "ATF4", "DDX5", "PSMD14", "VPS26A", "RPS4Y1", "PLA2G7", "CORO1C", "STIP1", "HSPH1", "HMOX1", "SLC38A6", "APOE", "ATP6V1F", "NAA50", "OPN3", "FUCA1", "SHFM1", "SNHG8", "M6PR", "EEF2", "GPR137B", "IGF2R", "EIF5", "EIF6", "TDP2", "IARS", "NOP10", "GBE1", "ARPC1B", "TRMT112", "TMSB4X", "HAVCR2", "ACTR2", "HSP90AA1", "GPX1", "GSTO1", "SSR2", "ANXA5", "ATP6AP2", "RPS3A", "FGR", "EEF1G", "NSA2", "C12ORF5", "ADORA2B", "BLVRB", "SGK1", "SLC29A3", "SF3B5", "CSTB", "AGPAT9", "RPL12", "MOSPD1", "CAPG", "SLC3A2", "PSMA7", "PSMB7", "PSMB4", "GPNMB", "CCL2", "FNIP2", "SEC11A", "CCT5", "BCAP31", "TXNRD1", "TM6SF1", "TUBB4B", "TPD52L2", "PNRC2", "FIG4", "FABP3", "FABP4", "PSMC1", "EIF3G", "EVI2B", "GLA", "RAN", "DFNA5"], "H3K4me3 Adipose Derived Mesenchymal Stem Cell Cultured Cells": ["RPL4", "MTCH1", "CD83", "ARL6IP1", "TFRC", "AQP9", "GHITM", "BZW1", "LIPA", "DCAF6", "KIAA0930", "DOCK11", "FAM134B", "PSMD2", "CAPN2", "TRIM25", "CIR1", "SLC26A11", "OSTF1", "SEPHS2", "TMEM14C", "RPS8", "ACSL1", "RPS5", "APLP2", "RPL23", "RPS6", "TALDO1", "ACOT13", "RPSA", "CYP27A1", "EEF1A1", "CLIP4", "TXNIP", "S100A4", "MALAT1", "ATP6V0D1", "RPL29", "ABCG2", "FAIM", "ATF4", "PRR13", "ATP6V1A", "PSMD14", "VPS26A", "DTX4", "RPS4Y1", "PLA2G7", "STIP1", "HSPH1", "SLC38A6", "APOE", "ATP6V1F", "NAA50", "FUCA1", "SHFM1", "SNHG8", "M6PR", "C20ORF24", "EEF2", "GPR137B", "EIF5", "EIF6", "TDP2", "ID2", "IARS", "MIR1244-3", "NOP10", "ARPC1B", "YBX1", "CTSS", "HEBP1", "TRMT112", "CA2", "ACTR2", "HSP90AA1", "GPX1", "SSR2", "ATP6AP2", "FGR", "EEF1G", "HADHA", "NSA2", "ELF1", "BLVRB", "PABPC3", "PLIN2", "ALDOA", "SGK1", "FBP1", "AVPI1", "SF3B5", "CSTB", "ASAH1", "RNASEK", "AGPAT9", "HPGD", "RPL12", "HIST1H2BK", "MOSPD1", "SLC3A2", "PSMA7", "PSMB4", "GNG5", "RPL13", "CCL2", "POLR2J", "SEC11A", "CCT5", "BCAP31", "TXNRD1", "GSR", "AKR1C3", "AKR1C2", "TM6SF1", "TUBB4B", "TPD52L2", "DHRS3", "PNRC2", "FABP3", "PSMC6", "NAGK", "FABP5", "PSMC1", "EIF3G", "GLA", "RAN", "DFNA5"], "H3K27me3 Mobilized CD34 Primary Cells": ["SDC2", "AQP9", "PLA2G7", "DOCK11", "LGALS3", "FAM134B", "GPNMB", "TMSB4X", "MXI1", "HMOX1", "SLC26A11", "APOE", "VSIG4", "BCAP31", "ANXA5", "ATP6AP2", "TM6SF1", "DHRS3", "CYP27A1", "EEF1A1", "FABP3", "PSMA1", "ADORA2B", "APOC1", "CD9", "PLIN2", "PPARG", "SGK1", "FBP1", "DFNA5", "ABCG2"], "H3K9me3 H1 Derived Mesenchymal Stem Cells": ["FCN1"], "H3K9me3 CD4+ CD25+ CD127- Treg Primary Cells": ["MGST1"], "H3K4me1 Breast Myoepithelial Cells": ["PSMD14", "AGPAT9", "ARL6IP1", "ARPC1B", "AQP9", "CAPG", "SLC3A2", "GPNMB", "BASP1", "CA2", "TMSB4X", "HMOX1", "ACP5", "TRIM25", "SLC38A6", "SEPHS2", "CCT5", "GPX1", "ACSL1", "SSR2", "RPS5", "TM6SF1", "FIG4", "C12ORF5", "NAGK", "FABP5", "PSMA1", "PSMC1", "FDX1", "TXNIP", "BLVRB", "PLIN2", "PLP2", "IARS", "ALDOA", "PFDN5"], "H3K9me3 CD4 Memory Primary Cells": ["CD36"], "H3K9me3 Fetal Lung": ["SEPHS2"], "H3K4me3 Mesenchymal Stem Cell Derived Adipocyte Cultured Cells": ["RPL4", "FCN1", "MTCH1", "CD83", "ARL6IP1", "TFRC", "AQP9", "GHITM", "TMEM140", "BZW1", "LIPA", "DCAF6", "KIAA0930", "CAPN2", "TRIM25", "CIR1", "SLC26A11", "OSTF1", "SEPHS2", "TMEM14C", "RPS5", "APLP2", "RPL23", "ACOT13", "CYP27A1", "EEF1A1", "S100A4", "MALAT1", "ATP6V0D1", "RPL29", "ABCG2", "ARL8B", "FAIM", "ATF4", "PSMD14", "VPS26A", "IQGAP1", "DTX4", "PLA2G7", "STIP1", "SLC38A6", "APOE", "ATP6V1F", "NAA50", "CD164", "OPN3", "FUCA1", "SHFM1", "SNHG8", "M6PR", "C20ORF24", "GPR137B", "EIF5", "EIF6", "TDP2", "ID2", "MIR1244-3", "NOP10", "ARPC1B", "HEXB", "CTSS", "HEBP1", "TRMT112", "CA2", "ACTR2", "HSP90AA1", "GPX1", "GPR34", "SSR2", "ATP6AP2", "FGR", "EEF1G", "NSA2", "ELF1", "C12ORF5", "BLVRB", "PABPC3", "ALDOA", "SGK1", "FBP1", "SLC29A3", "AVPI1", "SF3B5", "CSTB", "ASAH1", "AGPAT9", "HPGD", "RPL12", "HIST1H2BK", "MOSPD1", "CAPG", "SLC3A2", "PSMA7", "PSMB4", "GNG5", "SEC11A", "CCT5", "BCAP31", "TXNRD1", "AKR1C2", "TM6SF1", "TUBB4B", "TPD52L2", "DHRS3", "FIG4", "FABP3", "PSMC6", "NAGK", "PSMC1", "EIF3G", "CD9", "GLA", "RAN", "DFNA5"], "H3K27me3 Penis Foreskin Keratinocyte Primary Cells": ["CYP1B1"], "H3K9me3 Mesenchymal Stem Cell Derived Adipocyte Cultured Cells": ["DOCK11", "ATP6AP2"], "H3K4me2 Muscle Satellite Cultured Cells": ["RPL4", "CD83", "TFRC", "ARPC1B", "HEXB", "GHITM", "TMEM140", "LIPA", "CTSS", "DCAF6", "HEBP1", "KIAA0930", "DOCK11", "FAM134B", "TRMT112", "CA2", "TRIM25", "CYP1B1", "CIR1", "SLC26A11", "OSTF1", "SEPHS2", "TMEM14C", "HSP90AA1", "GPX1", "ACSL1", "SSR2", "RPS5", "APLP2", "TALDO1", "FGR", "CYP27A1", "EEF1A1", "EEF1G", "HADHA", "ELF1", "C12ORF5", "SOAT1", "PSMA1", "BLVRB", "S100A4", "MALAT1", "ALDOA", "ATP6V0D1", "SGK1", "ABCG2", "FAIM", "AVPI1", "SF3B5", "CSTB", "ASAH1", "DDX5", "PSMD14", "AGPAT9", "HPGD", "BCL2A1", "HIST1H2BK", "MOSPD1", "VPS26A", "SLC3A2", "PLA2G7", "PSMA7", "PSMB4", "HSPH1", "CCL2", "SLC38A6", "APOE", "POLR2J", "ATP6V1F", "BCAP31", "FUCA1", "SHFM1", "TXNRD1", "M6PR", "AKR1C3", "C20ORF24", "TM6SF1", "DHRS3", "FABP3", "EIF6", "FABP5", "ID2", "EIF3G", "EVI2B", "GLA", "MIR1244-3", "NOP10"], "H3K9me3 Adipose Nuclei": ["FCN1"], "H3K36me3 Stomach Smooth Muscle": ["RPL13A"], "H3K4me3 Chondrocytes from Bone Marrow Derived Mesenchymal Stem Cell Cultured Cells": ["MTCH1", "CD83", "ARL6IP1", "TFRC", "ARPC1B", "GHITM", "TMEM140", "LIPA", "CTSS", "DCAF6", "HEBP1", "KIAA0930", "DOCK11", "FAM134B", "TRMT112", "CA2", "PSMD2", "CAPN2", "TRIM25", "CIR1", "SLC26A11", "OSTF1", "SEPHS2", "TMEM14C", "HSP90AA1", "GPX1", "ACSL1", "SSR2", "APLP2", "ATP6AP2", "ACOT13", "FGR", "EEF1G", "HADHA", "SOAT1", "PSMA1", "BLVRB", "ALDOA", "ATP6V0D1", "SGK1", "FBP1", "ATP6V0C", "SLC29A3", "ABCG2", "FAIM", "PRR13", "CSTB", "ASAH1", "PSMD14", "AGPAT9", "HPGD", "MOSPD1", "VPS26A", "DTX4", "PLA2G7", "PSMA7", "STIP1", "PSMB4", "HSPH1", "GPNMB", "SPP1", "POLR2J", "SEC11A", "ATP6V1F", "BCAP31", "CD164", "OPN3", "FUCA1", "TXNRD1", "M6PR", "C20ORF24", "TM6SF1", "TPD52L2", "DHRS3", "GPR137B", "IGF2R", "PNRC2", "FIG4", "FABP3", "PSMC6", "EIF6", "TDP2", "ID2", "PSMC1", "APOC1", "EIF3G", "GLA", "MIR1244-3", "NOP10"], "H3K9me3 Adipose Derived Mesenchymal Stem Cell Cultured Cells": ["FCN1"], "H3K4me1 Adult Liver": ["AGPAT9", "SLC3A2", "ITGAE", "PLA2G7", "HEBP1", "FAM134B", "HSPH1", "BASP1", "PSMD2", "MXI1", "RPL13", "SLC38A6", "CYP1B1", "SLC26A11", "SEPHS2", "TMSB10", "ATP6V1F", "TMEM14C", "BCAP31", "HSP90AA1", "GPX1", "TXNRD1", "RPS6", "ATP6AP2", "M6PR", "TM6SF1", "EEF2", "TUBB4B", "MMP9", "GPR137B", "FIG4", "C12ORF5", "NAGK", "FABP5", "ADORA2B", "CLIP4", "S100A4", "MALAT1", "IARS", "ALDOA", "SGK1", "DFNA5", "FAIM"], "H3K36me3 Peripheral Blood Mononuclear Primary Cells": ["TMSB4X", "DENND4C"]}