{"CTTTGCA,MIR-527": ["CORO1C"], "GGCACTT,MIR-519E": ["VPS26A"], "ACACTAC,MIR-142-3P": ["CRTAM"], "TCATCTC,MIR-143": ["ATP6V1A"], "CACTTTG,MIR-520G,MIR-520H": ["VPS26A"], "CATGTAA,MIR-496": ["YWHAZ"], "CAGCACT,MIR-512-3P": ["CORO1C"], "ATGTTTC,MIR-494": ["EIF5"], "TTGGAGA,MIR-515-5P,MIR-519E": ["IQGAP1"], "CAGCCTC,MIR-485-5P": ["VPS26A"], "AACTGGA,MIR-145": ["GABARAPL2"], "AACATTC,MIR-409-3P": ["BASP1"], "ACCAAAG,MIR-9": ["ELF1", "EIF5", "M6PR"], "GGGACCA,MIR-133A,MIR-133B": ["CLTC"], "GGCAGCT,MIR-22": ["AQP9"], "ATGCTGC,MIR-103,MIR-107": ["EIF5"], "TAGCTTT,MIR-9": ["YWHAZ"], "CACCAGC,MIR-138": ["VPS26A"], "AGGAAGC,MIR-516-3P": ["YWHAZ"], "ATACCTC,MIR-202": ["RNF13"]}