{"MXI1_K562_hg19": ["SF3B5", "RPL34", "TCIRG1", "PSMB7", "SDCBP", "PSMB4", "RPS16", "BAG3", "MXI1", "APOE", "RPL17", "ATP6V1F", "TMEM14C", "SSR2", "GSR", "ATP6AP2", "YWHAZ", "GCHFR", "FIG4", "HADHA", "PSMC1", "FDX1", "ATP6V1B2", "EIF3H", "ALDOA", "ATP6V0D1", "GLA", "PFDN5", "NOP10", "PRR13"], "BCL11A_H1-hESC_hg19": ["KLF6", "PRDX1", "CLTC", "DHRS3"], "POLR2A_erythroblast_hg19": ["TMEM140", "PSMB4", "HSPH1", "RPS16", "BAG3", "ATP6V1E1", "SEPHS2", "TMEM14C", "GABARAPL2", "ACTR2", "ATP6V0B", "OPN3", "GPX1", "RPS8", "ACSL1", "SSR2", "CNBP", "ATP6AP2", "TM6SF1", "RHOA", "GCHFR", "FIG4", "HADHA", "PSMC6", "TDP2", "EIF3H", "ALDOA", "GLA", "NOP10", "PRR13"], "CTCF_MCF-7_hg19": ["RPL3", "ARL6IP1", "TFRC", "HEXB", "RPLP0", "CLTC", "GHITM", "RPL10A", "BZW1", "RPS17", "BASP1", "CA2", "TMSB4X", "CYP1B1", "CIR1", "OSTF1", "CCR5", "ATP6V0B", "H2AFZ", "ACSL1", "PABPC4", "TALDO1", "ACOT13", "RPS3A", "RPSA", "GCHFR", "HADHA", "SOAT1", "ADORA2B", "DAD1", "PPAP2B", "TMBIM1", "FDX1", "BLVRB", "PPARG", "MALAT1", "ATP6V0D1", "SLC29A3", "ARL8B", "RAB1A", "DDX5", "SDC2", "RPL11", "SLC3A2", "DTX4", "CORO1C", "STIP1", "PSMB7", "PSMB4", "HSPH1", "SPP1", "RPS3", "HMOX1", "FNIP2", "POLR2J", "NAA50", "CD164", "OPN3", "FUCA1", "M6PR", "AKR1C2", "C20ORF24", "EEF2", "TPD52L2", "PNRC2", "FABP5", "EIF3G", "EIF3H", "IARS", "NOP10", "RAN"], "UBTF_K562_hg19": ["DDX5", "PSMD14", "ARL6IP1", "HPGD", "RPL34", "TCIRG1", "TMEM140", "RPL9", "PSMB7", "LGALS3", "RPS16", "MXI1", "RPS3", "TRIM25", "CIR1", "OSTF1", "ATP6V1E1", "RPS11", "SF3B1", "TMSB10", "CD52", "OST4", "ACSL1", "IFNGR1", "SSR2", "TXNRD1", "RPL23", "ACOT13", "C20ORF24", "RHOA", "FIG4", "HADHA", "C12ORF5", "SOAT1", "EIF6", "TDP2", "PSMC1", "EIF3G", "EIF3H", "ALDOA", "RPL29", "NOP10", "ABCG2", "ARL8B", "PRR13", "AVPI1"], "RXRA_SK-N-SH_hg19": ["GNG5", "CAPN2", "TRIM25", "NEAT1", "DHRS3"], "CTCF_CH12.LX_mm9": ["CD86", "RPL34", "RPLP0", "RPL10A", "FAM134B", "RPS17", "CAPN2", "TRIM25", "CYP1B1", "DENND2D", "H2AFZ", "GSTO1", "PABPC4", "RPS5", "ANXA5", "RPL13A", "RPS3A", "EMP3", "TMEM251", "GCHFR", "SOAT1", "PSMA1", "TMBIM1", "BLVRB", "ATP6V0D1", "PFDN5", "SLC29A3", "ARL8B", "PRR13", "RPL11", "VPS26A", "DTX4", "PSMA7", "CORO1C", "STIP1", "PSMB4", "MAPK6", "POLR2J", "FUCA1", "DENND4C", "SNHG8", "M6PR", "EEF2", "TPD52L2", "DHRS3", "FIG4", "PSMC6", "EIF3G", "NOP10"], "MYC_HepG2_hg19": ["SF3B5", "PSMD14", "ARPC1B", "SLC3A2", "RPS17", "RPS16", "MXI1", "HMOX1", "CIR1", "SLC26A11", "APOE", "TMEM14C", "BCAP31", "ATP6V0B", "SHFM1", "RPS6", "GSR", "C20ORF24", "PNRC2", "EEF1A1", "SOAT1", "PSMC1", "TMBIM1", "APOC1", "BLVRB", "PLIN2", "ALDOA", "PFDN5", "NOP10", "ARL8B"], "FOXP2_PFSK-1_hg19": ["HSP90AA1", "GPX1", "CORO1C", "TMEM14C"], "POLR2A_cortical plate_mm9": ["RPL11", "CORO1C", "PSMB7", "DOCK11", "PSMB4", "EMC3", "HMOX1", "SLC26A11", "POLR2G", "ATP6V1E1", "MAPK6", "OPN3", "SHFM1", "M6PR", "TMA7", "NEAT1", "GPR137B", "FIG4", "FDX1", "EIF3G", "CD9", "ATP6V0D1", "EVI2B", "SLC29A3", "HSPA1B", "DFNA5", "HSPA1A", "AVPI1"], "RXRA_H1-hESC_hg19": ["BCAP31", "RPS8", "NEAT1"], "TAL1_K562_hg19": ["SF3B5", "MTCH1", "RNASEK", "PLEKHB2", "GBE1", "HEXB", "PSMB4", "RPS16", "YWHAQ", "MXI1", "RPL13", "SF3B1", "TMSB10", "TMEM14C", "SSR2", "FUCA1", "GSR", "TUBB4B", "PNRC2", "GCHFR", "FIG4", "NSA2", "PSMC6", "EIF5", "TDP2", "EIF3H", "RPL29", "NOP10", "ARL8B"], "RFX5_H1-hESC_hg19": ["SF3B5", "EIF4A1", "HSP90AB1", "ARL6IP1", "TFRC", "RPLP0", "CLTC", "RPL9", "SDCBP", "PSMB4", "MXI1", "RPL13", "POLR2G", "OSTF1", "GPX1", "RPL13A", "C20ORF24", "EEF2", "PNRC2", "EIF1", "EEF1A1", "EEF1G", "NSA2", "NACA", "ATP6V0D1", "RPL29", "GLA", "ATF4", "AVPI1"], "REST_HL-60_hg19": ["ANXA5", "ATP6V1B2", "SLC38A6"], "POLR2A_A549_hg19": ["SF3B5", "EIF4A1", "DDX5", "RPL3", "RPL34", "SLC3A2", "RPL10A", "HEBP1", "LGALS3", "RPS16", "BAG3", "MXI1", "CAPN2", "RPL13", "TRIM25", "CCL2", "SLC38A6", "CIR1", "APOE", "OSTF1", "RPL18", "TMSB10", "CDV3", "OST4", "HSP90AA1", "GPX1", "ANXA1", "H2AFZ", "RPS8", "ACSL1", "PABPC4", "SNHG8", "RPS3A", "RPSA", "GPR137B", "IGF2R", "GCHFR", "EEF1A1", "PSMC6", "EIF5", "PSMC1", "EIF3G", "EIF3H", "PLIN2", "PPARG", "IARS"], "CTCF_H1-hESC_hg19": ["RPL3", "ARL6IP1", "HEXB", "RPLP0", "GHITM", "RPL10A", "RPS17", "CYP1B1", "SEPHS2", "ATP6V0B", "ACSL1", "PABPC4", "ANXA5", "RPS6", "TALDO1", "ACOT13", "RPS3A", "RPSA", "GCHFR", "EEF1A1", "HADHA", "SOAT1", "ADORA2B", "PPAP2B", "TMBIM1", "FDX1", "PPARG", "ATP6V0D1", "PFDN5", "SLC29A3", "ARL8B", "ASAH1", "RPL11", "DTX4", "CORO1C", "STIP1", "PSMB7", "PSMB4", "HSPH1", "SPP1", "HMOX1", "POLR2J", "FUCA1", "TXNRD1", "GSR", "C20ORF24", "TUBB4B", "EIF5", "FABP5", "TDP2", "EIF3G", "NOP10"], "CHD1_H1-hESC_hg19": ["RPL4", "ATP6V1A", "MTCH1", "RNASEK", "CD83", "RNF13", "AGPAT9", "HPGD", "GBE1", "CLTC", "GHITM", "DCAF6", "SDCBP", "FAM134B", "RPS17", "PSMB4", "YWHAQ", "BASP1", "BSG", "MXI1", "SPP1", "ACP5", "SLC38A6", "MAPK6", "TMSB10", "CD52", "HSP90AA1", "GPX1", "RPS5", "TXNRD1", "GSR", "TALDO1", "RPSA", "C20ORF24", "NEAT1", "YWHAZ", "CYP27A1", "FABP3", "ADORA2B", "TDP2", "FDX1", "EIF3H", "ATP6V0C", "NOP10", "DFNA5", "FAIM", "PRR13"], "CTCF_kidney_hg19": ["SF3B5", "ASAH1", "RPL3", "HSP90AB1", "RPL12", "RPLP0", "HSPH1", "RPS16", "SPP1", "RPS3", "SLC38A6", "RPS11", "POLR2J", "RPL17", "TMEM14C", "OST4", "ATP6V0B", "ACSL1", "TXNRD1", "RPS6", "C20ORF24", "TUBB4B", "GCHFR", "PSMC1", "TMBIM1", "BLVRB", "EIF3H", "IARS", "ATF4"], "EP300_MCF-7_hg19": ["ELF1", "MALAT1", "TCIRG1", "NEAT1", "FBP1"], "CTCF_GM10248_hg19": ["RAB1A", "RPL3", "RPL11", "VPS26A", "HEBP1", "STIP1", "RPS17", "HSPH1", "HMOX1", "POLR2J", "TMSB10", "OST4", "ATP6V0B", "PABPC4", "FUCA1", "TXNRD1", "TALDO1", "ACOT13", "RPS3A", "GCHFR", "HADHA", "SOAT1", "FABP5", "ADORA2B", "TMBIM1", "EIF3G", "RPL29", "NOP10", "SLC29A3", "ARL8B"]}