{"H3K9ac_T-cell acute lymphoblastic leukemia_hg19": ["SF3B5", "ARL6IP1", "ACSL1", "FUCA1", "RPS5", "ATP6AP2", "CYBB", "EEF2", "DTX4", "TUBB4B", "PNRC2", "FGR", "FIG4", "STIP1", "FAM134B", "C12ORF5", "ID2", "SLC38A6", "IARS", "ATP6V1E1", "POLR2J"], "H3K27ac_A549_hg19": ["SF3B5", "MTCH1", "DDX5", "RNF13", "CAPG", "TMEM140", "DTX4", "RPL9", "STIP1", "SLC26A11", "ATP6V1E1", "POLR2J", "GPX1", "FUCA1", "APLP2", "ATP6AP2", "M6PR", "TUBB4B", "GPR137B", "PNRC2", "GCHFR", "FIG4", "NSA2", "C12ORF5", "EIF6", "DAD1", "PLIN2", "ATP6V0D1", "SGK1", "GLA"], "H3K4me3_HepG2_hg19": ["RPL4", "DDX5", "PLEKHB2", "AGPAT9", "HIST1H2BK", "MOSPD1", "ENO1", "IQGAP1", "DCAF6", "KIAA0930", "GNG5", "YWHAQ", "CA2", "MXI1", "SPP1", "SLC26A11", "MAPK6", "SEPHS2", "POLR2J", "SEC11A", "NAA50", "GABARAPL2", "CD164", "FUCA1", "AKR1C1", "SNHG8", "EMP3", "GPR137B", "GCHFR", "NACA", "ADORA2B", "APOC1", "JTB", "BLVRB", "PABPC3", "PFDN5", "ABCG2"], "H3K27ac_CD14-positive monocyte_hg19": ["RPL4", "CD52", "DDX5", "GPR34", "C1ORF162", "PNRC2", "FAM134B", "C12ORF5", "EIF5", "BAG3", "ID2", "ALOX5AP", "HMOX1", "EIF3H", "PLIN2", "RPS2", "ATP6V1E1", "RPL18", "POLR2J", "GLA", "SLC29A3"], "H3K4me3_HeLa-S3_hg19": ["DDX5", "CD83", "PLEKHB2", "AGPAT9", "ARL6IP1", "TMEM140", "DTX4", "PSMA7", "DCAF6", "DOCK11", "GNG5", "YWHAQ", "BASP1", "MXI1", "SLC38A6", "CYP1B1", "RPS2", "MAPK6", "POLR2J", "SEC11A", "NAA50", "GABARAPL2", "CD164", "ACSL1", "RPS5", "RPSA", "EMP3", "FIG4", "NAGK", "PPAP2B", "FDX1", "JTB", "ATP6V0D1", "ABCG2", "ATF4"], "H3K4me3_astrocyte of the cerebellum_hg19": ["CDV3", "AGPAT9", "HIST1H2BK", "RPS3A", "TM6SF1", "DCAF6", "PNRC2", "FABP5", "GNG5", "ADORA2B", "MXI1", "PABPC3", "CIR1", "MAPK6", "ABCG2", "ATF4"], "H3K27me3_brain_mm9": ["DENND2D", "AGPAT9", "IFNGR1", "ARPC1B", "ANXA5", "MGST1", "TM6SF1", "CYP27A1", "HEBP1", "LGALS3", "FAM134B", "FABP3", "GPNMB", "BAG3", "TMBIM1", "FDX1", "TRIM25", "APOE", "FBP1"], "H3K4me3_ES-E14_mm9": ["PLEKHB2", "RNF13", "AGPAT9", "CLTC", "MGST1", "PLA2G7", "PSMA7", "FAM134B", "CTSL", "PSMD2", "EMC3", "CIR1", "POLR2J", "NAA50", "ACTR2", "APLP2", "TMA7", "TUBB4B", "TPD52L2", "CYP27A1", "GCHFR", "FIG4", "FABP3", "NSA2", "PSMC6", "NAGK", "CSNK2B", "PLIN2", "GLA", "SLC29A3", "DFNA5", "ABCG2"], "H3K4me1_A549_hg19": ["SDC2", "MGST1", "MOSPD1", "TMEM140", "PLA2G7", "LGALS3", "LDHA", "GPNMB", "PRDX1", "SPP1", "RPS3", "SEPHS2", "BCAP31", "IFNGR1", "SSR2", "GSR", "AKR1C3", "MMP9", "PSMC1", "ALOX5AP", "ATP6V1B2", "TXNIP", "PLP2", "SGK1", "ATP6V0D2", "PFDN5", "NOP10", "SLC29A3", "ARL8B", "FAIM"], "H3K79me2_HepG2_hg19": ["RPL4", "BCAP31", "HSPA8", "RNASEK", "RPS5", "SNHG8", "MOSPD1", "IQGAP1", "FIG4", "TRMT112", "NSA2", "ID2", "APOC1", "EIF3G", "SLC38A6", "SLC26A11", "APOE", "ABCG2", "ATP6V1F", "FAIM"], "H3K4me3_CD14-positive monocyte_hg19": ["RNF13", "AGPAT9", "GBE1", "HIST1H2BK", "CAPG", "TCIRG1", "STIP1", "YWHAQ", "CA2", "TMSB4X", "PSMD2", "MXI1", "ACP5", "CCL2", "CYP1B1", "RPS2", "ATP6V1E1", "POLR2J", "DENND2D", "CD52", "GPX1", "RPL23", "RPS3A", "C1ORF162", "EEF2", "GCHFR", "EEF1G", "HADHA", "FABP3", "NSA2", "FABP5", "DAD1", "FDX1", "CLIP4", "PABPC3", "IARS", "ABCG2", "ATF4"], "H3K79me2_fibroblast of dermis_hg19": ["RPL4", "DDX5", "ANXA1", "AGPAT9", "TXNRD1", "RPL9", "LIPA", "EIF1", "HEBP1", "TRMT112", "EIF6", "TMSB4X", "EIF3G", "BLVRB", "CCL2", "SLC38A6", "S100A4", "SLC26A11", "ALDOA", "PRR13"], "H3K4me2_CH12.LX_mm9": ["GABARAPL2", "RNF13", "AGPAT9", "GPR34", "IFNGR1", "GSTO1", "HIST1H2BK", "RNASE6", "VPS26A", "GCHFR", "FIG4", "TRMT112", "NAGK", "GPNMB", "BAG3", "CTSL", "CLEC5A", "CD36", "MAPK6", "AVPI1"], "H3K4me3_G1E_mm9": ["ASAH1", "RNF13", "TMEM140", "CTSL", "EMC3", "HMOX1", "ACP5", "CIR1", "FNIP2", "POLR2J", "NAA50", "GABARAPL2", "OPN3", "IFNGR1", "TMA7", "YWHAZ", "GCHFR", "FIG4", "NSA2", "ELF1", "NAGK", "ADORA2B", "DAD1", "ATP6V0D1", "SGK1", "SLC29A3"], "H3K4me3_cortical plate_mm9": ["RPL4", "ATP6V1A", "HPGD", "RPL34", "SDC2", "DENND4C", "TPD52L2", "LIPA", "PNRC2", "FIG4", "SDCBP", "ELF1", "NACA", "MAFF", "SLC26A11", "ATP6V1E1", "SEC11A", "CLIC1", "SLC29A3", "PRR13"], "H3K9ac_CD14-positive monocyte_hg19": ["RPL4", "SF3B5", "OST4", "M6PR", "TUBB4B", "DCAF6", "EEF1G", "STIP1", "FAM134B", "NSA2", "C12ORF5", "RPS16", "CA2", "TDP2", "CLIP4", "CD9", "BLVRB", "POLR2J", "GLA", "RAN", "ABCG2"], "H3K4me3_testis_mm9": ["ATP6V1A", "ATP6V0B", "ANXA1", "SSR2", "TMA7", "TPD52L2", "YWHAZ", "FGR", "CYP27A1", "ELF1", "NAGK", "YWHAQ", "MAFF", "MXI1", "SLC38A6", "PLIN2", "SLC26A11", "CLIC1", "SLC29A3", "PRR13"], "H3K79me2_A549_hg19": ["RNASEK", "RPL12", "MOSPD1", "CAPG", "RPL8", "LIPA", "PSMA7", "TRMT112", "CCL2", "SLC26A11", "POLR2G", "OSTF1", "ATP6V1E1", "ATP6V1F", "TMEM14C", "ACSL1", "SSR2", "EMP3", "TUBB4B", "FIG4", "NAGK", "ID2", "APOC1", "EIF3G", "BLVRB", "S100A4", "PLIN2", "ALDOA", "FAIM"], "H2AFZ_A549_hg19": ["CSTB", "CD83", "PSMD14", "TFRC", "CAPG", "VPS26A", "IQGAP1", "TCIRG1", "TMEM140", "LGALS3", "HMOX1", "CIR1", "SLC26A11", "ATP6V1F", "TMEM14C", "GABARAPL2", "ACSL1", "IFNGR1", "SSR2", "FUCA1", "RPL23", "TALDO1", "YWHAZ", "IGF2R", "NACA", "APOC1", "EIF3G", "TXNIP", "ATP6V0D2", "GLA", "PFDN5", "ABCG2", "ARL8B"], "H3K4me3_endothelial cell of umbilical vein_hg19": ["PSMD14", "CAPG", "YBX1", "ENO1", "DTX4", "DCAF6", "STIP1", "FAM134B", "RPS17", "GNG5", "YWHAQ", "CA2", "BSG", "MXI1", "CCL2", "CIR1", "SLC26A11", "POLR2J", "BCAP31", "FUCA1", "RPS5", "M6PR", "GPR137B", "CYP27A1", "NSA2", "NAGK", "FABP5", "ADORA2B", "TDP2", "FDX1", "JTB", "PLIN2", "ATP6V0D1", "EVI2B", "ABCG2", "AVPI1"]}