{"SP4 (human)": ["RPL4"], "MYC::MAX (human)": ["BRD2"], "REST (human)": ["BRD2"], "INSM1 (human)": ["BRD2"], "PLAG1 (human)": ["BRD2"], "NR1H2::RXRA (human)": ["BRD2"], "MYCN (human)": ["COMMD3", "FOXO3"], "MIZF (human)": ["BRD2"], "NFYB (human)": ["TOP2A", "CDKN1B", "EDF1"], "RXR::RAR_DR5 (human)": ["BRD2"], "CTCF (human)": ["BRD2"], "RREB1 (human)": ["BRD2"], "RXRA::VDR (human)": ["BRD2"], "CBX5 (human)": ["RPS15"], "NME2 (human)": ["RRM1"], "RORA_2 (human)": ["BRD2", "SNX5"], "HNRNPK (human)": ["PRPF40A", "FOXO3"], "NHLH1 (human)": ["BRD2"], "IRF1 (human)": ["BRD2"], "EWSR1-FLI1 (human)": ["BRD2"]}