{"H3K9me3 CD4 Memory Primary Cells": ["MAN2A1"], "H3K27me3 Adipose Nuclei": ["RELN", "SLC7A8", "TESC", "TRIM58", "TNNI3", "NXT2", "HBBP1"], "H3K9me3 Mesenchymal Stem Cell Derived Adipocyte Cultured Cells": ["TAL1"], "H3K36me3 CD4 Memory Primary Cells": ["CDKN1B", "FLOT2"], "H3K27me3 Mobilized CD34 Primary Cells": ["CLIC3", "AK1", "LMOD1", "NPL", "SLC30A10", "GALNT10", "MRC2", "LGALS3", "KIAA0513", "TUBB6", "RELN", "LBH", "GPNMB", "CDC27", "NRIP3", "TNNI3", "SLC25A21", "TMOD1", "IQSEC1", "CROCCP2", "TESC", "ANK1", "EPOR", "KLF1", "MYL4", "XK", "DUSP21", "SAGE1", "FEZ1", "FKBP1B", "SERHL2", "ZFPM2"], "H3K27me3 CD4+ CD25- CD45RO+ Memory Primary Cells": ["COL18A1", "TAL1", "CYBRD1", "ABCA8"], "H3K27me3 CD4 Memory Primary Cells": ["SLC22A4", "GFI1B", "TUBB6", "TAL1", "FEZ1", "LMO2", "FKBP1B", "LMOD1", "ANK1"], "H3K27me3 Brain Anterior Caudate": ["TUBB6", "HIST1H2AI", "TESC", "LMOD1", "HIST1H2AG", "HBBP1", "AQP1"], "H3K36me3 CD4+ CD25int CD127+ Tmem Primary Cells": ["S100A4"], "H3K27me3 Penis Foreskin Fibroblast Primary Cells": ["SELENBP1", "RELN", "BTG1", "TRIM58", "AHSP", "NPL", "IQGAP2", "ZFPM2", "RHD"], "H3K27me3 Skeletal Muscle": ["CLIC3", "SLC7A8", "IQSEC1", "CDC27", "LMOD1", "TRIM58", "IQGAP2"], "H3K36me3 Duodenum Mucosa": ["SLC30A1", "ZNF117"], "H3K27me3 Bone Marrow Derived Mesenchymal Stem Cell Cultured Cells": ["RELN", "GPNMB", "AQP1"], "H3K36me3 Duodenum Smooth Muscle": ["ZNF117"], "H3K27me3 Brain Substantia Nigra": ["TUBB6", "CHST11", "HIST1H2AI", "LMOD1", "KCNN4", "AQP1"], "H3K27me3 Chondrocytes from Bone Marrow Derived Mesenchymal Stem Cell Cultured Cells": ["AHSP"], "H3K9me3 IMR90": ["CPEB1", "MAN2A1", "NRIP3", "TNNI3"], "H3K36me3 Adult Liver": ["CROCCP2", "ZNF117"], "H3K27me3 IMR90": ["HBZ", "CCND3", "RELN", "XK", "AMHR2", "SERHL", "SLC39A8", "IQGAP2", "SLC30A10", "RHCE", "RHD"], "H3K27me3 Mesenchymal Stem Cell Derived Adipocyte Cultured Cells": ["GALNT6", "KEL", "SLC7A8", "AMHR2", "SAGE1", "NINJ2"]}