{"CREB1-20920259-GC1-SPG-MOUSE": ["YWHAE", "CEBPB", "OAT", "ADAR", "CXCL5", "ACTB", "PPP1CB", "RAP1B", "CYB5R3", "RPS18", "NPTN", "RPS13", "POLR2K", "MDH1", "SLC31A2", "CMTM6", "MINK1", "MYOF", "FN1", "TAP1", "HPS5", "HSPE1", "SOD2", "PSMB8", "ZNFX1", "EIF3K", "IRF1", "RFX5", "SELK", "ZYX", "SNRPG", "SIGLEC1", "UBE2V1", "LAP3", "ISCU"], "FOXP3-21729870-TREG-HUMAN": ["VASP", "IAH1", "MDH1", "NDUFA4", "AKR1B1", "ADAR", "COX6C", "HLA-F", "TMEM123", "AIM2", "NME7", "ARL6IP5", "TAGLN2", "ACP2", "IL7R", "RHOQ"], "SUZ12-20075857-MESC-MOUSE": ["TNFAIP8", "MCTP1", "TNFAIP2", "CXCL1", "SQRDL", "CXCL5", "TNFSF13B", "CXCL16", "PSTPIP2", "DPYSL2", "PIP4K2A", "CTSH", "ITGAV", "SLC39A8", "HMGN3", "CTSC", "IFNGR2", "TAP1", "TGFBR2", "RNF144B", "AIM1", "RAB31", "ETHE1", "CMPK2", "CD44", "RHOQ", "PTGER4", "CEBPB", "SLC47A1", "RTN1", "PCOLCE2", "GYPC", "FAM129A", "GNG10", "DRAM1", "PRKAR2B", "CD14", "LYN", "GCH1", "IL10RA", "LYSMD2", "CRIM1", "ISG15", "LHFPL2", "INHBA", "PARP12", "PSMB8", "PSMB9", "MARCKS", "ZYX", "TGFBI"], "CREB1-23762244-HIPPOCAMPUS-RAT": ["CEBPB", "GRN", "OAT", "ADAR", "ACTB", "PLD3", "GABARAP", "PSTPIP2", "CFL1", "ACP2", "HMGN3", "RPS13", "CAP1", "CD74", "WARS", "MDH1", "GCH1", "MINK1", "TAP1", "HPS5", "HSPE1", "PNRC1", "DNAJA1", "ZNFX1", "MTHFD1", "RFX5", "VIM", "ISCU", "MYD88", "RHOQ"], "AR-19668381-PC3-HUMAN": ["LGALS3BP", "CSF1R", "MCTP1", "SERPINA1", "TNFAIP6", "SPPL2A", "IFIT1", "TNFSF13B", "RAP1B", "UGP2", "DPYSL2", "EPSTI1", "LAIR2", "SLC39A8", "TNS3", "CTSC", "RPS13", "MCL1", "DAPK1", "STAT1", "CCL20", "EMR1", "LYSMD2", "CRIM1", "UBE2E2", "TAP1", "USMG5", "LILRB1", "LHFPL2", "HLA-F", "HLA-G", "MARCKS", "AIM1", "RAB31", "MTHFD1", "ARPC3", "IRF1", "ACO1", "CLEC4E"], "STAT3-23295773-U87-HUMAN": ["YWHAE", "LGALS3BP", "B4GALT1", "MCTP1", "SERPINA1", "LY75", "CREBL2", "ADAR", "HSD11B1", "UGP2", "RASSF3", "PRKAR2B", "PSTPIP2", "EPB41L3", "GBP2", "TNS3", "CAP1", "GCH1", "DAPK1", "MINK1", "MYOF", "FN1", "HLA-B", "UBE2E2", "NMI", "PNRC1", "MARCKS", "AIM1", "ZNFX1", "RAB31", "ARPC3", "IL1B", "PPT1", "TOMM7", "ACO1", "VIM", "UBE2V1", "PSMG2"], "RCOR3-21632747-MESC-MOUSE": ["C1QA", "SLC47A1", "SLC31A2", "NCF1", "EPHX1", "PEBP1", "SNX10", "ACTB", "RTN4", "PPP1CB", "RAP1B", "NFKBIA", "PSMA6", "RNF144B", "SLC7A7", "RASSF3", "KYNU", "SLCO2B1", "SH3BGRL3", "VIM", "TNS3", "TLR2", "MCL1", "CDC42SE2"], "FOXP1-21924763-HESC-HUMAN": ["IFITM3", "CFD", "YWHAE", "CEBPB", "OAT", "IFITM2", "CREBL2", "SAT1", "ACTB", "GABARAP", "MYL12B", "CYB5R3", "CFL1", "ARL6IP5", "C3AR1", "NPTN", "FBXO6", "FCGR1B", "RPS13", "VAT1", "NMB", "STAT1", "RHOG", "UBE2E2", "INHBA", "HSPE1", "DYNLL1", "ATOX1", "MARCKS", "ZNFX1", "SLC7A7", "ARPC3", "PPA1", "ETHE1", "IRF1", "RAB13", "NDUFAB1", "NHP2", "SNRPG", "ACO1", "ERH", "LAP3", "SEC22B", "MYD88", "CDC42SE2"], "TET1-21490601-MESC-MOUSE": ["VASP", "VAT1", "TNFAIP8", "OAT", "STAT1", "MINK1", "G0S2", "TAP1", "PTTG1IP", "SOD2", "RTN4", "PSMB8", "ICAM1", "PSMB9", "HCK", "MTHFD1", "ETHE1", "IRF1", "ACO1", "CD47", "PSMG2", "ISCU", "RHOQ"], "JARID1A-20064375-MESC-MOUSE": ["GRN", "CD81", "ADAR", "TXNDC12", "COX7A2", "SRP14", "PLD3", "SNRPD2", "RPS18", "ACP2", "POLR2K", "NMB", "WARS", "NDUFA1", "USMG5", "HPS5", "COX6C", "PSMA6", "EIF3K", "ARPC3", "PPT1", "TOMM7", "SNRPG", "SEC22B", "ISCU"], "BP1-19119308-Hs578T-human": ["CCL4", "CSF2RB"], "GABP-19822575-HepG2-human": ["CEBPB", "ALAS1", "NDUFA12", "SPPL2A", "PTTG1IP", "SRP14", "ACTB", "PPP1CB", "DPYSL2", "CFL1", "ACP2", "RPS13", "CAP1", "WARS", "STAT1", "MINK1", "USMG5", "HPS5", "PNRC1", "DNAJA1", "PSMA6", "ZNFX1", "MTHFD1", "ARPC3", "PPA1", "NDUFAB1", "PPT1", "TOMM7", "UBE2V1", "SEC22B"], "ETS1-20019798-JURKAT-HUMAN": ["WTAP", "NDUFA4", "COX7A2", "C6ORF62", "HSPE1", "COX7C", "PLD3", "EIF3K", "NDUFAB1", "CFL1", "TOMM7", "ACP2", "ERH", "UBE2V1", "SEC22B", "RPS13", "POLR2K"], "SRY-25088423-EMBRYONIC GONADS-MOUSE": ["CFD", "NCF1", "COX7A2", "IL2RG", "IFIT1", "SLC2A6", "COX7C", "ACTB", "RTN4", "ICAM1", "MYL12B", "CYB5R3", "PRKAR2B", "PSTPIP2", "CREG1", "RNPEP", "EPSTI1", "OLR1", "TSPO", "SH3BGRL3", "FBXO6", "CTSB", "IL10RA", "IFNGR2", "FN1", "RHOG", "TAP1", "DNAJA1", "RNF144B", "MARCKS", "RAB31", "MTHFD1", "IRF1", "TOMM7", "CMPK2", "TAGLN2", "CD47", "UBE2V1", "SPG21", "MYD88", "RHOQ"], "SIN3B-21632747-MESC-MOUSE": ["YWHAE", "C1QA", "CXCL9", "GRN", "OAT", "IFITM2", "GTF3C6", "FAM129A", "PEBP1", "ADAR", "SNX10", "PTTG1IP", "ACTB", "RTN4", "GABARAP", "ICAM1", "RAP1B", "CYB5R3", "SNRPD2", "PRKAR2B", "RPS18", "KYNU", "SLCO2B1", "EPSTI1", "TNS3", "MCL1", "CD53", "VAT1", "NMB", "SLC31A2", "MINK1", "HSPE1", "DYNLL1", "COX6C", "SOD2", "NFKBIA", "PSMA6", "RNF144B", "AIM1", "MTHFD1", "SELK", "ZYX", "NHP2", "PPT1", "SNRPG", "VIM", "ISCU"], "PPARD-21283829-MYOFIBROBLAST-HUMAN": ["OAT", "RTN1", "PTAFR", "TNFAIP2", "CREBL2", "HIF1A", "PDLIM1", "TMEM123", "GNG10", "DRAM1", "GLIPR2", "KYNU", "DPYSL2", "UCP2", "EPB41L3", "PIP4K2A", "TSPO", "ITGAV", "TNS3", "RPS13", "CTSB", "WTAP", "DYNLT1", "DAPK1", "NDUFA4", "C6ORF62", "LHFPL2", "INHBA", "HLA-G", "PNRC1", "PARP12", "TGFBR2", "MARCKS", "EIF3K", "SELK", "TOMM7", "ACO1", "VIM", "UBE2V1", "TGFBI", "SEC22B", "CD44", "GRINA"], "CREM-20920259-GC1-SPG-MOUSE": ["YWHAE", "B4GALT1", "ALAS1", "TNFAIP2", "PEBP1", "ADAR", "SRP14", "ACTB", "CXCL16", "PPP1CB", "SNRPD2", "RASSF3", "RPS18", "CFL1", "COTL1", "NPTN", "SH3BGRL3", "SLC39A8", "FBXO6", "RPS13", "CAP1", "MINK1", "MYOF", "UBE2E2", "DYNLL1", "RFX5", "NHP2", "SNRPG", "ERH", "CD47", "UBE2V1", "LAP3", "ISCU", "CEBPB", "OAT", "RTN1", "COX7A2", "PTTG1IP", "HIF1A", "AIF1", "PLD3", "RTN4", "GABARAP", "RAP1B", "PDLIM1", "TMEM123", "DRAM1", "UGP2", "PRKAR2B", "POLR2K", "MCL1", "LYN", "MDH1", "WTAP", "CMTM6", "FN1", "HPS5", "HSPE1", "COX6C", "SOD2", "PNRC1", "PARP12", "DNAJA1", "MARCKS", "ZNFX1", "EIF3K", "ARPC3", "SELK", "CDC42SE2"], "SUZ12-18974828-MESC-MOUSE": ["LYN", "PTGER4", "PCOLCE2", "STAT1", "IL10RA", "LYSMD2", "TNFAIP2", "NMI", "LHFPL2", "PARP12", "TGFBR2", "CXCL16", "RAB31", "SLC39A8", "CD14", "VIM", "HMGN3", "CD44", "MCL1"], "TET1-21451524-MESC-MOUSE": ["LYN", "C1QB", "CFD", "MCTP1", "TNFAIP6", "STAT1", "TAP1", "UBE2L6", "ADAR", "AIF1", "RTN4", "ATOX1", "TNFSF13B", "CXCL16", "TMEM123", "DRAM1", "CYB5R3", "RAB31", "CFL1", "COTL1", "CD14", "TGFBI", "ISCU"], "KDM5B-21448134-MESC-MOUSE": ["YWHAE", "PTGER4", "MCTP1", "CD81", "COX7A2", "SRP14", "HIF1A", "RTN4", "PPP1CB", "RAP1B", "DRAM1", "DPYSL2", "UCP2", "MRC1", "NPTN", "TNS3", "CTSB", "CAP1", "MDH1", "WTAP", "CMTM6", "MINK1", "NCOA4", "FN1", "USMG5", "COX6C", "SOD2", "PNRC1", "DNAJA1", "CS", "NFKBIA", "PSMA6", "MTHFD1", "IRF1", "NDUFAB1", "SNRPG", "ERH", "LAP3", "SPG21"]}