{"MYC::MAX (human)": ["FCGR1B", "HLA-E"], "REST (human)": ["FCGR1B", "HLA-E"], "INSM1 (human)": ["FCGR1B", "HLA-E"], "PLAG1 (human)": ["FCGR1B", "HLA-E"], "NR1H2::RXRA (human)": ["FCGR1B", "HLA-E"], "IRF9 (human)": ["ISG15", "IFIT1"], "NFYB (human)": ["EPHX1", "ACTB"], "PDX1 (human)": ["SLC7A7", "LILRB1"], "MIZF (human)": ["FCGR1B", "HLA-E"], "TAL1::TCF3 (human)": ["FCGR1B", "HLA-E"], "RXR::RAR_DR5 (human)": ["FCGR1B", "HLA-E"], "CTCF (human)": ["FCGR1B", "HLA-E"], "RREB1 (human)": ["FCGR1B", "HLA-E"], "RXRA::VDR (human)": ["FCGR1B", "HLA-E"], "ESR2 (mouse)": ["LY75", "ITGAV"], "MXI1 (human)": ["LGALS3BP", "HPS5"], "NHLH1 (human)": ["FCGR1B", "HLA-E"], "TLX1::NFIC (human)": ["FCGR1B", "HLA-E"], "IRF1 (human)": ["FCGR1B", "HLA-E"], "EWSR1-FLI1 (human)": ["FCGR1B", "HLA-E"]}