{"H3K27me3 Colonic Mucosa": ["CFD", "SLC47A1", "RTN1", "MCTP1", "C1S", "PCOLCE2", "TNFAIP2", "G0S2", "UBE2E2", "CXCL1", "ICAM1", "PDLIM1", "HCK", "AIM1", "PSTPIP2", "DPYSL2", "KAL1", "VIM", "TGFBI", "LCP1", "HLA-DQA1", "TLR2", "MT1E"], "H3K36me3 H1 Derived Mesenchymal Stem Cells": ["CLEC4A", "IAH1", "ARPC3", "C17ORF49", "CTSH", "VIM"], "H3K36me3 Duodenum Mucosa": ["ACP2", "MT1E"], "H3K9me3 H1 Derived Mesenchymal Stem Cells": ["IAH1", "LAIR2"], "H3K27me3 Adipose Nuclei": ["PRPS2", "GLIPR2", "MT1H"], "H3K27me3 Mobilized CD34 Primary Cells": ["PRPS2", "CFD", "SLC47A1", "RTN1", "MCTP1", "PCOLCE2", "MT1M", "TNFAIP2", "CXCL1", "CXCL5", "PDLIM1", "GLIPR2", "DPYSL2", "EPB41L3", "KAL1", "CTSH", "S100A10", "IER3", "CCL20", "MYOF", "FN1", "NDUFA1", "G0S2", "LHFPL2", "MMP10", "C15ORF48", "HCK", "MARCKS", "RAB31", "MT1H", "SIGLEC1", "CLEC4E", "TLR2", "C1QC", "CES1"], "H3K36me3 Mobilized CD34 Primary Cells": ["HLA-DRB6", "PLEK", "TNFAIP2"], "H3K36me3 Brain Hippocampus Middle": ["CS", "HSPE1"], "H3K36me3 CD4+ CD25int CD127+ Tmem Primary Cells": ["GABARAP"], "H3K9me3 H1": ["LGALS3BP", "GBP5", "C1QA", "EMR1", "MT1X", "PPBP", "ICAM1", "CST3", "HCK", "EIF3K", "ARPC3", "RAB13", "C1QC", "MT1E"], "H3K9me3 Peripheral Blood Mononuclear Primary Cells": ["GBP5"], "H3K36me3 Breast Myoepithelial Cells": ["PTAFR", "SOD2"], "H3K27me3 Stomach Smooth Muscle": ["C15ORF48", "SLC47A1", "PCOLCE2", "GCH1", "CXCL5", "MMP10", "ICAM1"], "H3K27me3 Adipose Derived Mesenchymal Stem Cell Cultured Cells": ["HLA-DRB6", "ADAMDEC1", "RTN1", "MCTP1", "CSF2RB", "MPEG1", "CXCL5", "PDLIM1", "ALDH2", "SLCO2B1", "DPYSL2", "KAL1", "TGFBI", "TLR2"], "H3K36me3 Brain Cingulate Gyrus": ["CD81"], "H3K9me3 IMR90": ["HCK", "LY75", "TLR2"], "H3K27me3 Duodenum Smooth Muscle": ["SLC47A1", "MCTP1", "FN1", "SERPING1", "ICAM1", "CXCL16"], "H3K27me3 Adult Liver": ["RTN1", "RAB31", "PLAUR", "AKR1B1", "CD44", "HLA-DQA1"], "H3K27me3 Rectal Mucosa": ["IL10RA", "EPB41L3", "TNFAIP2", "CXCL1", "SLC2A6", "S100A8", "HLA-DQA1"], "H3K27me3 Mesenchymal Stem Cell Derived Adipocyte Cultured Cells": ["LYN", "RTN1", "GPX3", "LY75", "LYSMD2", "MPEG1", "CXCL5", "TLR2", "ICAM1"]}