{"CTCTAGA,MIR-526C,MIR-518F,MIR-526A": ["CS"], "ACAACTT,MIR-382": ["PRPS2"], "TAGCTTT,MIR-9": ["STAT1"], "GTAAACC,MIR-299-5P": ["CS"], "GCAAGGA,MIR-502": ["DAPK1"], "GTGTCAA,MIR-514": ["VAT1"], "TCTATGA,MIR-376A,MIR-376B": ["CEBPB"], "AAGCACT,MIR-520F": ["MINK1"], "GTACTGT,MIR-101": ["RAP1B"], "GTACAGG,MIR-486": ["DYNLL1"], "CTTTGCA,MIR-527": ["MARCKS"], "CACTTTG,MIR-520G,MIR-520H": ["HIF1A"], "AAGTCCA,MIR-422B,MIR-422A": ["RAP1B"], "TACAATC,MIR-508": ["RHOQ"], "AGCGCTT,MIR-518F,MIR-518E,MIR-518A": ["RAP1B"], "ACCAATC,MIR-509": ["OLR1"], "GCGCTTT,MIR-518B,MIR-518C,MIR-518D": ["RAP1B"], "GGGGCCC,MIR-296": ["GPX3"], "GTGTGAG,MIR-342": ["MINK1"], "TAGAACC,MIR-182": ["CRIM1"]}