{"POLR2A_olfactory bulb_mm9": ["GTF3C6", "COX7C", "MYL12B", "CST3", "RAP1B", "RASSF3", "RPS18", "CREG1", "RPS13", "IER3", "VASP", "VAT1", "EPHX1", "CMTM6", "MINK1", "LYSMD2", "CRIM1", "ATOX1", "CS", "MARCKS", "PPA1", "IRF1", "NDUFAB1", "PPT1", "GRINA"], "CTCF_HCT116_hg19": ["CEBPB", "OAT", "AKR1B1", "UBE2L6", "SNX10", "C1ORF54", "CXCL3", "SAT1", "ICAM1", "PPP1CB", "SH3BGRL3", "ACP2", "SLC39A8", "FBXO6", "IER3", "NMB", "WARS", "SLC31A2", "GCH1", "C17ORF49", "EPHX1", "NCOA4", "USMG5", "DYNLL1", "COX6C", "MMP10", "CS", "NFKBIA", "C15ORF48", "SLC7A7", "ARPC3", "RAB13", "NDUFAB1", "H3F3AP4", "PSMG2", "ISCU", "MYD88", "C1QC"], "MYC_A549_hg19": ["GTF3C6", "PEBP1", "UBE2L6", "CXCL5", "MYL12B", "DRAM1", "SNRPD2", "TSPO", "CTSC", "RPS13", "NMB", "WTAP", "USMG5", "HPS5", "HSPE1", "DYNLL1", "TGFBR2", "CS", "EIF3K", "NME7", "RFX5", "NDUFAB1", "NHP2", "LAP3", "CD44"], "TAL1_K562_hg19": ["GRN", "GYPC", "CD81", "GTF3C6", "SPPL2A", "ADAR", "SRP14", "IFI30", "SAT1", "COX7C", "PLD3", "PPP1CB", "CTSH", "TIMP1", "CTSB", "IER3", "GCH1", "MINK1", "PLAUR", "HSPE1", "DYNLL1", "SOD2", "PLSCR1", "ARPC3", "IRF1", "H3F3AP4", "SEC22B"], "GABPA_HL-60_hg19": ["IFITM2", "NDUFA12", "SPPL2A", "COX7A2", "SRP14", "COX7C", "PLD3", "MYL12B", "SNRPD2", "CFL1", "ACP2", "RPS13", "POLR2K", "MCL1", "CAP1", "WARS", "MDH1", "STAT1", "C17ORF49", "NDUFA1", "USMG5", "HPS5", "HSPE1", "DNAJA1", "PSMA6", "PLSCR1", "EIF3K", "NME7", "ARPC3", "SELK", "ERH", "UBE2V1", "SEC22B"], "MYOG_myocyte_mm9": ["YWHAE", "ALAS1", "IFI30", "SLC2A6", "HIF1A", "ACTB", "RTN4", "MYL12B", "PPP1CB", "RAP1B", "TMEM123", "CYB5R3", "RASSF3", "GLIPR2", "UCP2", "ARL6IP5", "NPTN", "PIP4K2A", "TSPO", "SH3BGRL3", "ACP2", "CTSB", "IER3", "WARS", "MDH1", "SLC31A2", "STAT1", "NDUFA4", "MINK1", "G0S2", "HPS5", "NFKB1", "TGFBR2", "CPED1", "VWA8", "RAB31", "PKM", "PPA1", "CD47", "UBE2V1", "NUPR1", "TGFBI", "PSMG2", "SEC22B", "ISCU", "SPG21", "RHOQ"], "EP300_MCF-7_hg19": ["SERPINA1", "STAT1", "S100A10"], "FOXP2_PFSK-1_hg19": ["CREBL2", "LAP3", "IRF2BPL"], "KDM5B_H1-hESC_hg19": ["GYPC", "LY75", "PEBP1", "TXNDC12", "MT1X", "CXCL16", "GNG10", "MT2A", "UGP2", "CREG1", "EPB41L3", "ITGAV", "ACP2", "CTSC", "RPS13", "LYN", "NMB", "C17ORF49", "G0S2", "C6ORF62", "SOD2", "DNAJA1", "MARCKS", "MT1F", "ACO1", "ERH"], "MYC_HeLa-S3_hg19": ["YWHAE", "B4GALT1", "GTF3C6", "NDUFA12", "PEBP1", "ADAR", "COX7A2", "PLD3", "IFIT3", "IRF2BPL", "MT2A", "DRAM1", "SNRPD2", "KYNU", "ACP2", "SLC39A8", "CTSC", "RPS13", "POLR2K", "IER3", "MDH1", "WTAP", "NDUFA1", "USMG5", "HPS5", "HSPE1", "ATOX1", "DNAJA1", "CS", "EIF3K", "NME7", "RFX5", "NHP2", "SNRPG", "TAGLN2", "ERH", "UBE2V1"], "YY1_SK-N-SH_hg19": ["LGALS3BP", "GRN", "GTF3C6", "CREBL2", "MT1X", "SRP14", "COX7C", "PLD3", "MYL12B", "MT2A", "RNPEP", "ACP2", "TNS3", "CTSC", "POLR2K", "IAH1", "SLC31A2", "ATP6AP1", "GCH1", "STAT1", "C17ORF49", "NDUFA1", "DNAJA1", "NFKBIA", "EIF3K", "NME7", "ARPC3", "RAB13", "NDUFAB1", "SELK", "TOMM7", "UBE2V1", "SEC22B", "CDC42SE2"], "CTCF_H1-hESC_hg19": ["IFITM2", "LY75", "AKR1B1", "UBE2L6", "SNX10", "SAT1", "PPP1CB", "DPYSL2", "CTSH", "SH3BGRL3", "ITGAV", "SLC39A8", "FBXO6", "HMGN3", "TNS3", "CTSC", "IER3", "DAPK1", "C17ORF49", "NCOA4", "MYOF", "DYNLL1", "MMP10", "C15ORF48", "PSME2", "TLR2", "CEBPB", "OAT", "RTN1", "C1S", "C1ORF54", "MYL12B", "PDLIM1", "NMB", "CCL23", "SLC31A2", "GCH1", "IL10RA", "ISG15", "HPS5", "PNRC1", "ATOX1", "NFKBIA", "ARPC3", "NDUFAB1", "TOMM7", "VIM", "TGFBI", "ITM2B"], "HCFC1_MEL cell line_mm9": ["GRN", "ALAS1", "NDUFA12", "SPPL2A", "CREBL2", "COX7A2", "SRP14", "MYL12B", "IRF2BPL", "FBXO6", "RPS13", "POLR2K", "IER3", "WARS", "ATP6AP1", "NDUFA1", "ATOX1", "VWA8", "PSMA6", "NDUFAB1", "SELK", "NHP2", "TOMM7", "SNRPG", "UBE2V1"], "FLI1_megakaryocyte_mm9": ["SPPL2A", "COX7A2", "SRP14", "PLD3", "CYB5R3", "SNRPD2", "RPS18", "CFL1", "ACP2", "RPS13", "POLR2K", "MCL1", "CAP1", "CMTM6", "USMG5", "HPS5", "ATOX1", "DNAJA1", "PSMA6", "ZNFX1", "EIF3K", "ARPC3", "SELK", "ZYX", "SNRPG", "ACO1", "ERH", "ISCU"], "POLR2A_IMR-90_hg19": ["MDH1", "TNFAIP6", "C1S", "ATP6AP1", "GCH1", "EPHX1", "NDUFA1", "UBE2E2", "MT1X", "PTTG1IP", "CXCL3", "GNG10", "RAB31", "NME7", "GLIPR2", "PSTPIP2", "NDUFAB1", "EPB41L3", "H3F3AP4", "PIP4K2A", "ERH", "CTSC", "SPG21", "CDC42SE2"], "MAX_HeLa-S3_hg19": ["YWHAE", "LGALS3BP", "GRN", "B4GALT1", "GTF3C6", "PEBP1", "ADAR", "CXCL3", "HIF1A", "PLD3", "IFIT3", "MT2A", "SNRPD2", "KYNU", "SLC39A8", "TIMP1", "TNS3", "CTSC", "RPS13", "POLR2K", "GBP3", "VASP", "MDH1", "SLC31A2", "STAT1", "NDUFA4", "MYOF", "NDUFA1", "USMG5", "HSPE1", "PSMA6", "RAB31", "EIF3K", "MTHFD1", "NME7", "IL1B", "RFX5", "SELK", "H3F3AP4", "NHP2", "PPT1", "TOMM7", "SNRPG", "UBE2V1", "S100A8", "SPG21"], "ELK4_HEK293_hg19": ["CAP1", "B4GALT1", "WARS", "STAT1", "NDUFA4", "USMG5", "COX7A2", "C6ORF62", "PTTG1IP", "HPS5", "HSPE1", "DYNLL1", "DDX60", "SAT1", "COX7C", "ACTB", "MYL12B", "DNAJA1", "NME7", "ARPC3", "CFL1", "ERH", "MYD88", "MCL1"], "GABPA_GM12878_hg19": ["NDUFA12", "SPPL2A", "COX7A2", "SRP14", "COX7C", "PLD3", "MYL12B", "CFL1", "ACP2", "RPS13", "POLR2K", "CAP1", "WARS", "MDH1", "STAT1", "C17ORF49", "CMTM6", "NDUFA1", "USMG5", "HSPE1", "DYNLL1", "DNAJA1", "PSMA6", "EIF3K", "NME7", "ARPC3", "NDUFAB1", "SELK", "SNRPG", "HCLS1", "UBE2V1", "LAP3", "SEC22B"], "POLR2A_cortical plate_mm9": ["VAT1", "IL10RA", "IFNGR2", "EPHX1", "CMTM6", "FN1", "LYSMD2", "CRIM1", "PEBP1", "ISG15", "COX7C", "TGFBR2", "MYL12B", "CS", "EIF3K", "RASSF3", "PRKAR2B", "UCP2", "ARL6IP5", "VIM", "NUPR1", "SEC22B", "ISCU", "IER3"], "E2F4_K562_hg19": ["YWHAE", "TNFAIP8", "B4GALT1", "OAT", "SPPL2A", "PLD3", "RTN4", "PPP1CB", "SNRPD2", "PRKAR2B", "CREG1", "NPTN", "CTSH", "ITGAV", "IER3", "MDH1", "STAT1", "C17ORF49", "MINK1", "PPA1", "SNRPG", "LAP3", "ISCU", "MYD88", "CDC42SE2"]}