{"H3K27ac_A549_hg19": ["LGALS3BP", "IFITM2", "RTN1", "C1S", "CREBL2", "UBE2L6", "CXCL1", "SNX10", "COX7A2", "MT1X", "IFIT1", "RASSF3", "GLIPR2", "PRKAR2B", "CREG1", "ACP2", "CD14", "TIMP1", "CTSC", "POLR2K", "CAP1", "CCL20", "NDUFA4", "MX1", "RHOG", "ISG15", "IRF1", "RFX5", "RAB13", "ZYX", "CMPK2", "SPG21", "RHOQ"], "H3K4me3_HeLa-S3_hg19": ["PTGER4", "ALAS1", "MCTP1", "C1S", "GTF3C6", "SPPL2A", "COX7A2", "CXCL3", "IL2RG", "SAT1", "PLD3", "ICAM1", "TMEM123", "MT2A", "DRAM1", "GLIPR2", "PRKAR2B", "PSTPIP2", "DPYSL2", "OLR1", "ITGAV", "ACP2", "FBXO6", "S100A10", "IAH1", "WTAP", "DAPK1", "EPHX1", "CMTM6", "UBE2E2", "USMG5", "NFKB1", "TGFBR2", "ZNFX1", "RAB13", "SNRPG", "MT1F", "TAGLN2", "VIM", "LAP3", "MT1E"], "H3K79me2_skeletal muscle myoblast_hg19": ["IFITM3", "GRN", "IFITM2", "ALAS1", "GTF3C6", "NDUFA1", "MT1X", "SRP14", "CXCL3", "SAT1", "MYL12B", "CST3", "MT2A", "DRAM1", "RAB31", "SNRPD2", "EIF3K", "NME7", "PSTPIP2", "PPT1", "ACP2", "GBP1", "SPG21", "MT1E"], "H3K9ac_mammary epithelial cell_hg19": ["LGALS3BP", "TNFAIP8", "UBE2L6", "CXCL1", "IFIT1", "RASSF3", "EPSTI1", "ACP2", "NMB", "DYNLT1", "STAT1", "MX1", "NDUFA1", "G0S2", "ISG15", "BTN3A2", "NMI", "HPS5", "DNAJA1", "CS", "MT1F", "CMPK2", "PSMG2", "IL7R", "SPG21"], "H3K4me3_CH12.LX_mm9": ["B4GALT1", "TNFAIP6", "GTF3C6", "PTTG1IP", "DDX60", "IFIT1", "PLD3", "TNFSF13B", "MYL12B", "DRAM1", "UGP2", "CYB5R3", "PRKAR2B", "PSTPIP2", "CREG1", "TSPO", "ACP2", "GBP2", "POLR2K", "VAT1", "GBP5", "WARS", "MDH1", "NDUFA4", "NCOA4", "MYOF", "NDUFA1", "TAP1", "USMG5", "ISG15", "CPED1", "VWA8", "CXCL10", "AIM2", "SLC7A7", "EIF3K", "PPA1", "SELK", "ZYX", "PPT1", "TOMM7", "SNRPG", "PSME2", "ACO1", "VIM", "LCP1"], "H3ac_myocyte_mm9": ["IAH1", "SLC31A2", "NDUFA4", "GTF3C6", "NDUFA12", "USMG5", "CXCL1", "COX7A2", "PTTG1IP", "HSPE1", "DYNLL1", "VWA8", "ZNFX1", "PPA1", "SELK", "NHP2", "TSPO", "ACO1", "ERH", "CD47", "SEC22B", "RPS13", "MYD88", "CDC42SE2"], "H3K4me1_spleen_mm9": ["NMB", "B4GALT1", "NDUFA4", "NDUFA12", "PTAFR", "LY96", "UBE2E2", "NMI", "SQRDL", "HPS5", "IFIT1", "PLD3", "RNF144B", "PPA1", "PRKAR2B", "CCL4", "TOMM7", "CTSH", "ACO1", "SIGLEC1", "ITM2B", "POLR2K"], "H3K27me3_spleen_mm9": ["VAT1", "SLC47A1", "RTN1", "TNFAIP6", "PCOLCE2", "DAPK1", "GPX3", "MYOF", "FN1", "LYSMD2", "CRIM1", "UBE2E2", "CXCL1", "SNX10", "SQRDL", "CXCL5", "CXCL16", "CPED1", "RNF144B", "AIM1", "RAB31", "PSTPIP2", "RAB13", "TGFBI"], "H3K27me3_A549_hg19": ["C1QA", "CSTA", "OAT", "TNFAIP6", "LY75", "IL2RG", "ICAM1", "CXCL16", "HSD11B1", "FCGR3A", "UGP2", "GLIPR2", "PRKAR2B", "SLCO2B1", "OLR1", "FCGR1C", "LYN", "HLA-DRB6", "HLA-DRB5", "GCH1", "IL10RA", "EMR1", "FN1", "LYSMD2", "MPEG1", "MMP10", "HCK", "RNF144B", "AIM1", "IRF1", "MT1F", "SERPING1", "C1QC"], "H3K4me3_erythroblast_mm9": ["SLC47A1", "PCOLCE2", "SQRDL", "DDX60", "DRAM1", "DPYSL2", "ACP2", "GBP2", "CTSC", "RPS13", "NMB", "WARS", "GPX3", "LYSMD2", "UBE2E2", "TAP1", "ISG15", "HPS5", "PSMB9", "VWA8", "CXCL10", "PSMA6", "SLC7A7", "RAB31", "PPA1", "ETHE1", "RAB13", "PPT1", "HCLS1", "ACO1", "LCP1"], "H3K27me3_GM12878_hg19": ["CFD", "SLC47A1", "OAT", "RTN1", "MCTP1", "TNFAIP6", "PCOLCE2", "CXCL1", "CXCL3", "CXCL5", "CXCL16", "GLIPR2", "PRKAR2B", "SLCO2B1", "RNPEP", "OLR1", "CD14", "S100A10", "CCL23", "CCL20", "EMR1", "MYOF", "PLAUR", "LYSMD2", "G0S2", "COX6C", "SOD2", "MMP10", "HCK", "RNF144B", "RAB31", "VIM", "PSMG2", "TLR2"], "H3K27ac_mammary epithelial cell_hg19": ["LGALS3BP", "NMB", "TNFAIP8", "NDUFA4", "PTAFR", "NDUFA1", "AKR1B1", "ISG15", "MT1X", "NMI", "IFIT1", "SLC2A6", "RASSF3", "RFX5", "PPT1", "NPTN", "EPSTI1", "MT1F", "ACP2", "TIMP1", "CTSC", "SPG21", "POLR2K", "CDC42SE2"], "H3K27me3_fibroblast of lung_hg19": ["CXCL9", "SLC47A1", "RTN1", "MCTP1", "PCOLCE2", "MT1M", "LY75", "CXCL1", "SNX10", "ICAM1", "CXCL16", "DPYSL2", "KAL1", "CTSH", "SLC39A8", "CCL18", "TNS3", "FCGR1C", "LYN", "DAPK1", "GPX3", "IL10RA", "LYSMD2", "G0S2", "COX6C", "MPEG1", "HCK", "AIM2", "CMPK2", "MT1H", "TGFBI", "ITM2B", "TLR2", "CES1"], "H3K4me3_skeletal muscle myoblast_hg19": ["TNFAIP8", "EPHX1", "MX1", "MT1M", "USMG5", "CXCL1", "SNX10", "C1ORF54", "BTN3A2", "SQRDL", "PLD3", "ICAM1", "C15ORF48", "AIM1", "NME7", "CFL1", "EPB41L3", "EPSTI1", "MT1F", "CMPK2", "RPS13", "POLR2K"], "H3K27me3_endothelial cell of umbilical vein_hg19": ["PRPS2", "CFD", "CXCL9", "RTN1", "C1S", "PCOLCE2", "FAM129A", "SNX10", "IL2RG", "CXCL16", "FCGR3A", "GLIPR2", "PSTPIP2", "SLCO2B1", "DPYSL2", "KAL1", "SLAMF7", "CTSH", "FBXO6", "TNS3", "FCGR1C", "CD74", "HLA-DRB6", "IL10RA", "LYSMD2", "G0S2", "COX6C", "C15ORF48", "HCK", "CXCL10", "AIM1", "AIM2", "SERPING1", "CMPK2", "MT1H", "TGFBI", "CLEC4E", "CD44", "TLR2"], "H3K4me2_keratinocyte_hg19": ["RTN1", "C1S", "IL10RA", "EPHX1", "MX1", "MT1M", "FN1", "USMG5", "CXCL1", "C6ORF62", "SRP14", "DDX60", "C15ORF48", "RAB31", "RASSF3", "GLIPR2", "DPYSL2", "C3AR1", "MT1F", "CTSH", "FBXO6", "GBP2", "TLR2"], "H3K4me3_T-cell acute lymphoblastic leukemia_hg19": ["VASP", "IFITM2", "WARS", "EPHX1", "MX1", "MYOF", "FN1", "PEBP1", "UBE2E2", "USMG5", "TXNDC12", "CXCL1", "SRP14", "IFIT1", "SLC2A6", "PLD3", "ICAM1", "SNRPD2", "GLIPR2", "PRKAR2B", "C3AR1", "CTSH", "GBP2"], "H4K20me1_fibroblast of lung_hg19": ["OAT", "GYPC", "TNFAIP2", "ADAR", "PTTG1IP", "ACTB", "UGP2", "CFL1", "IER3", "VASP", "LYSMD2", "LHFPL2", "NFKB1", "HLA-E", "DNAJA1", "NFKBIA", "HCK", "ZNFX1", "PPA1", "IRF1", "H3F3AP4", "ACO1", "VIM", "RHOQ", "CES1"], "H3K9ac_A549_hg19": ["LGALS3BP", "NMB", "MCTP1", "MDH1", "C1S", "MX1", "NDUFA1", "ISG15", "SNX10", "COX7A2", "BTN3A2", "DDX60", "IFIT1", "C15ORF48", "MT2A", "GLIPR2", "CREG1", "NDUFAB1", "CFL1", "EPSTI1", "MT1F", "GBP2", "CTSC", "RHOQ"], "H3K9ac_HeLa-S3_hg19": ["ALAS1", "WARS", "C1S", "NDUFA4", "EPHX1", "RHOG", "MT1X", "BTN3A2", "SRP14", "SOD2", "SLC2A6", "SAT1", "PLD3", "RASSF3", "IFI27", "NME7", "PSTPIP2", "CREG1", "DPYSL2", "RAB13", "CFL1", "OLR1", "SPG21"]}