{"SPI1-22790984-ERYTHROLEUKEMIA-MOUSE": ["CEBPB", "ANKRD37", "BTG1", "RNMT", "TNFAIP3", "UAP1", "SLC2A3", "SLC3A2", "FOXO3", "ZFYVE1", "HK1", "RAB20", "SERTAD2", "STC2", "DNAJB9", "CCRN4L", "KDM6B", "BNIP3L", "GADD45B", "NR1D2", "FOS", "GPR160", "SNRNP48", "ALDOA", "CD68", "OPTN", "BIRC3"], "TEAD4-22529382-TROPHECTODERM-MOUSE": ["RORA", "RND3", "ZFYVE1", "CTGF", "LETM2", "HK1", "SNAPC1", "ZIC2", "SERTAD2", "MYB", "MXI1", "CDK20", "HMOX1", "SUSD5", "RNF24", "ESCO1", "SIAH2", "MMP3", "ARRDC3", "PCDH8", "GAB2", "KLHL24", "SLC16A14", "ZNFX1", "CCNG2", "FAT1", "SNRNP48", "ATF3"], "ASH2L-23239880-MESC-MOUSE": ["ERRFI1", "KDM3A", "BTG1", "ARL6", "RND3", "LETM2", "HK1", "CSRP2", "SERTAD2", "FAM162A", "STC2", "MYB", "NAMPT", "CDK20", "PDK3", "DNAJB9", "SUSD5", "FBXO8", "SLC12A6", "GADD45B", "GADD45A", "GAD1", "GFPT2", "ISL1", "HINFP", "KLF6", "GPRC5A", "KLF5", "CCNG2", "MAFF", "TERF2IP", "ALDOA", "CD68", "RNF165"], "GABP-19822575-HepG2-human": ["ERRFI1", "GPI", "CEBPB", "ANKRD37", "PFKFB4", "INSIG2", "ZFAND2A", "SLC2A1", "RNF19B", "SLC3A2", "ZC3H6", "ZNF23", "MAPK7", "NAMPT", "MGEA5", "RNF24", "BNIP3", "ARRDC3", "PCDH8", "ZNF34", "PATL1", "ZNFX1", "TRIM39", "TTC30A", "FOSB", "RBCK1", "ALDOA", "ZNF256", "ZNF596"], "ZFX-18555785-MESC-mouse": ["ERRFI1", "CEBPB", "SRXN1", "ZFAND2A", "UAP1", "SLC3A2", "ERO1L", "CTSL", "STC2", "DNAJB9", "PMAIP1", "FEM1C", "FBXO8", "PDK1", "LMLN", "BNIP3L", "SLMO1", "ESCO1", "GADD45A", "PNPLA8", "SIAH2", "GFPT2", "NEK7", "RAB39B", "PARP16", "SLC30A1", "KLHL24", "ARC", "TRIM39", "JMY", "WDFY1", "CRY1", "RPL22L1", "RBCK1", "NUPL1", "BIRC3"], "DCP1A-22483619-CHIP-SEQ-HELA": ["ANG"], "STAT3-22323479-MACROPHAGE-MOUSE": ["CSRP2", "CRY1"], "FLI1-21571218-MEGAKARYOCYTES-HUMAN": ["GPI", "BTG1", "ZNF570", "SRXN1", "SLC2A1", "TNFAIP3", "SLC2A3", "IRS2", "PPCDC", "IGF1R", "LBH", "MYB", "FBXO8", "KDM6B", "KLF10", "BNIP3L", "DUSP5", "WSB1", "ESCO1", "TRAPPC2P1", "FOS", "DDIT3", "DDIT4", "TERF2IP", "LCOR", "TRIB3", "GARS", "RHCG", "ALDOA", "ATF3", "OPTN", "LIPT1", "KDM3A", "PFKFB3", "INSIG2", "ARL6", "RNMT", "CXCR4", "ALOX12B", "ZNF23", "PTGS2", "NDRG1", "MAPK7", "CHSY1", "SERTAD2", "MXI1", "ZNF548", "HMOX1", "DNAJB9", "APBB3", "EGLN1", "NGFR", "MGEA5", "ZNF383", "GADD45B", "RNF24", "GFPT2", "PCDH8", "GPR137B", "FOSL2", "HINFP", "PER1", "KLF6", "NR4A3", "KLF5", "TTC30A", "FAT1", "FOSB", "RPL22L1", "DEGS2", "MXD1", "CD68", "YPEL5", "ULBP2", "NUPL1", "ULBP1", "ZNF256"], "FOXO3-22982991-MACROPHAGES-MOUSE": ["RNMT", "RNF19B", "ZC3H6", "PTGS2", "RASGRP1", "MAPK7", "SLC16A6", "PMAIP1", "CHAC1", "DUSP5", "MGEA5", "PNPLA8", "TAP1", "NR1D2", "PATL1", "HINFP", "FAM210A", "ARC", "GPR160", "RRAGD", "JMY", "MAFF", "CRY1", "TRIB3", "YPEL5"], "TP63-22573176-HFKS-HUMAN": ["ERRFI1", "DLX2", "KDM3A", "PFKFB4", "CSTA", "PFKFB3", "FAM89A", "MT1M", "RNF19B", "AK4", "PTGS2", "FOXO3", "ETS1", "HK2", "PPCDC", "HK1", "MT2A", "CSRP2", "LBH", "CHSY1", "MYB", "MXI1", "KDM6B", "NGFR", "KLF11", "MGEA5", "WSB1", "MMP1", "KIAA1244", "GAB2", "INHBA", "ZNF34", "KLF6", "CRISPLD2", "CRY1", "LCOR", "DEGS2", "MXD1", "CD68", "ULBP2", "ULBP1", "DNAL4", "OPTN", "DSC2", "GPR146", "BIRC3", "RNF165", "MT1E"], "BP1-19119308-Hs578T-human": ["VEGFA"], "TCF4-23295773-U87-HUMAN": ["LIPT1", "ERRFI1", "GPI", "PFKFB4", "KHDRBS3", "FAM89A", "RNMT", "SLC2A1", "CXCR4", "RNF19B", "ADM", "IRS2", "RND3", "ZFYVE1", "CDH7", "IGF1R", "HK1", "FSD1L", "LBH", "SNAPC1", "NFIL3", "STC2", "MYB", "NRIP3", "ZNF624", "FEM1C", "SUSD5", "EGLN1", "DUSP5", "SLC2A14", "RNF24", "GADD45A", "GAD1", "NEK7", "PARP16", "KIAA1244", "PATL1", "NR4A3", "KLF5", "CRISPLD2", "CTH", "LCOR", "GARS", "ANG", "DEGS2", "ANKRA2", "DSC2", "AARS"], "MECOM-23826213-KASUMI-MOUSE": ["PPP1R15A", "SRXN1", "TNFAIP3", "SNX10", "NDRG1", "HK2", "HK1", "ERO1L", "LBH", "CTSL", "UAP1L1", "MXI1", "SLC12A6", "BNIP3L", "JUN", "ESCO1", "SIAH2", "NAP1L3", "PARP16", "RNASE4", "FOSL2", "VEGFA", "DDIT4", "JMY", "BIRC3"], "REST-21632747-MESC-MOUSE": ["KHDRBS3", "ZFAND2A", "ADM", "RORA", "NR2E1", "ETS1", "ZFYVE1", "HK2", "LETM2", "NPPB", "STC2", "SESN2", "PMAIP1", "HES1", "NPTX2", "CCRN4L", "ARRDC4", "EGR4", "GAD1", "PCDH8", "KLF6", "ARC", "KLF5", "RRAGC", "RRAGD", "CRY1", "FOSB", "TERF2IP", "RHCG", "YPEL5", "ATF3", "RNF165"], "BCL11B-21912641-STHDH STRIATAL CELLS-MOUSE": ["LCOR", "RLF"], "SFPI1-20887958-HPC-7-MOUSE": ["CEBPB", "BTG1", "RNMT", "SLC2A1", "VLDLR", "DDX41", "PTGS2", "LETM2", "LBH", "CHSY1", "MXI1", "PDK1", "CCRN4L", "KLF11", "PNPLA8", "SLC30A1", "FOS", "GCAT", "FOSL2", "PER1", "RRAGC", "DDIT3", "GPR160", "BHLHE40", "MAFF", "RPL22L1", "GARS", "SNRNP48", "YPEL5"], "SPI1-23547873-NB4-HUMAN": ["PPP1R15A", "CEBPB", "BTG1", "ZFAND2A", "SNX10", "ZFYVE1", "HK2", "PPCDC", "NPPC", "RAB20", "NAMPT", "SLC12A6", "KLF10", "NGFR", "BNIP3L", "DUSP5", "ESCO1", "GADD45A", "PNPLA8", "TSC22D3", "SUCO", "NR1D2", "FOS", "GPR137B", "GCAT", "GPR160", "RRAGD", "BHLHE40", "THAP9", "LCOR", "TRIB3", "RPL22L1", "GARS", "SNRNP48", "MT1H", "ALDOA", "CD68", "ADPRM", "DNAL4", "BIRC3"], "HNF4A-19822575-HepG2-human": ["ERRFI1", "SRXN1", "ZFAND2A", "SLC2A1", "RNF19B", "TNFAIP3", "SNX10", "RORA", "PLOD2", "VLDLR", "ZC3H6", "ZFYVE1", "CLU", "HK2", "PPCDC", "CTGF", "IGF1R", "ELAVL3", "ERO1L", "EPS8", "MT2A", "CCND2", "UPK1A", "SESN2", "TMEM107", "KRTAP3-2", "ARRDC4", "SLC2A14", "SLC30A1", "GAB2", "AXIN2", "PATL1", "GPR160", "RRAGD", "PLSCR4", "DDIT4", "WDFY1", "MT1F", "LCOR", "TRIB3", "ANG", "RBCK1", "CRYAB", "OPTN", "DLX2", "CEBPB", "KHDRBS3", "INSIG2", "UAP1", "FOXO3", "SERTAD2", "STC2", "MXI1", "ZNF548", "HMOX1", "FEM1C", "SUSD5", "EGLN1", "NQO1", "MGEA5", "SIAH2", "BNIP3", "KIAA1244", "SLC16A14", "FOSL2", "VEGFA", "KLF6", "ZNFX1", "BCL6", "TRIM39", "MAFF", "TTC30A", "TAF4B", "MXD1", "ZNF256"], "ERG-20887958-HPC-7-MOUSE": ["LIPT1", "KLF11", "DUSP5", "CEBPB", "BTG1", "PNPLA8", "RNMT", "RNF19B", "KLHL24", "PATL1", "FOSL2", "CHSY1", "SERTAD2", "CCNG2", "PLSCR4", "NAMPT", "MAFF", "HMOX1", "TERF2IP", "GARS", "SNRNP48", "FBXO8", "PDK1", "CCRN4L"], "TP63-17297297-HaCaT-human": ["DDIT4", "PMAIP1", "HES1"]}