{"NR2C2 (human)": ["CSTA"], "NFYB (human)": ["DDIT3", "HBA1"], "NFE2L1 (human)": ["RAB20", "MXI1"], "HNRNPK (human)": ["KDM3A", "PFKFB4", "FOXO3"], "EBF1 (mouse)": ["SLC2A3"], "Tcfcp2l1 (mouse)": ["CCRN4L"], "IRF9 (human)": ["LETM2"], "Zfx (mouse)": ["GADD45A"], "FOXA2 (human)": ["YPEL5"], "SOX2 (human)": ["TRIB3"], "MYCN (human)": ["LCOR", "FOXO3", "FOSL2"], "VDR (human)": ["NR4A3", "FAM89A"], "CPEB1 (human)": ["DLX2"], "ESR2 (mouse)": ["FSD1L"], "RORA_2 (human)": ["PFKFB3"], "MXI1 (human)": ["PFKFB4"], "NFATC2 (human)": ["KIAA1244", "NUPL1"], "SOX9 (human)": ["ADM", "ISL1"], "FOXM1 (human)": ["KRTAP9-8"], "PBX1 (human)": ["ANKRA2"]}