{"H3K36me3 CD4 Memory Primary Cells": ["DNAJB9", "FBXO8", "HINFP"], "H3K36me3 CD4 Naive Primary Cells": ["ZNF570", "CXCR4", "DNAJB9"], "H3K9me3 CD4+ CD25- Th Primary Cells": ["ZNF285"], "H3K36me3 Mobilized CD34 Primary Cells": ["KDM6B", "RPS10P7", "FOXO3B", "GPR146"], "H3K9me3 CD8 Naive Primary Cells": ["KDM3A"], "H3K36me3 CD34 Cultured Cells": ["KDM6B", "GPR146"], "H3K36me3 CD4+ CD25+ CD127- Treg Primary Cells": ["KDM6B"], "H3K36me3 H1 BMP4 Derived Mesendoderm Cultured Cells": ["HMOX1", "APBB3"], "H3K36me3 Skeletal Muscle": ["KDM6B"], "H3K36me3 Adipose Nuclei": ["GPR146"], "H3K27me3 Penis Foreskin Keratinocyte Primary Cells": ["EGR4", "RRAGD", "CXCR4", "FAM26F", "SUSD5", "NR2E1", "CDH7"], "H3K36me3 Duodenum Smooth Muscle": ["KDM6B"], "H3K36me3 CD4+ CD25int CD127+ Tmem Primary Cells": ["ANKRA2", "APBB3"], "H3K36me3 Breast vHMEC": ["KDM6B", "FOXO3B"], "H3K36me3 Brain Anterior Caudate": ["KDM6B", "GPR146"], "H3K36me3 CD3 Primary Cells": ["ZNF654"], "H3K36me3 Fetal Heart": ["MT1H"], "H3K9me3 Fetal Heart": ["KDM3A", "RNMT", "PLOD2", "CYR61", "KBTBD3", "FAM210A", "NR4A3", "KLF5", "NFIL3", "THAP9", "CRY1", "CRYAB", "APBB3"], "H3K36me3 Bone Marrow Derived Mesenchymal Stem Cell Cultured Cells": ["KDM6B", "FOXO3B"], "H3K9me3 Th17 Primary Cells": ["EPS8", "NRN1", "EGR4"]}