{"H3K36me3 Duodenum Mucosa": ["TIMM8B", "RPL13A"], "H3K9me3 Breast vHMEC": ["COX7B", "PGK1"], "H3K36me3 Colonic Mucosa": ["TIMM8B", "FDPS", "ALG5", "USO1", "FAM46A", "ATP5C1", "AHSA1", "C6ORF62", "ITGAE", "PPP2CB", "EXOSC8", "UQCRFS1", "ANP32B", "SNRPD3", "CCT4"], "H3K9me3 H1 Derived Mesenchymal Stem Cells": ["ITGB2"], "H3K36me3 Muscle Satellite Cultured Cells": ["KCMF1", "UBL5", "ARL6IP1", "PPP1R8", "RPL23A", "PTMA", "GNB2L1"], "H3K27me3 Rectal Smooth Muscle": ["RRM2", "ITGB2", "ITM2A"], "H3K9me3 Bone Marrow Derived Mesenchymal Stem Cell Cultured Cells": ["RPL4", "LRRC59", "CCNI", "ZWILCH", "SNURF", "PGK1", "ETF1", "EIF1"], "H3K27me3 CD8 Naive Primary Cells": ["GNAS", "COMMD3", "ASS1"], "H3K36me3 CD4+ CD25int CD127+ Tmem Primary Cells": ["UBL5", "RPL36AL"], "H3K9me3 Fetal Brain": ["THOC2"], "H3K27me3 CD8 Memory Primary Cells": ["IGFBP2"], "H3K27me3 Peripheral Blood Mononuclear Primary Cells": ["TSPAN5", "SEC31B"], "H3K36me3 CD4+ CD25- IL17+ PMA-Ionomcyin stimulated Th17 Primary Cells": ["HAX1", "TAF7", "ETF1", "C6ORF62"], "H3K27me3 Brain Hippocampus Middle": ["TOP2A", "RRM2"], "H3K36me3 CD4 Naive Primary Cells": ["TIMM8B", "FAM111A", "EIF3K", "SATB1", "RPL13A", "TAF7", "RPL9", "COX7C"], "H3K36me3 Treg Primary Cells": ["SEC31B"], "H3K27me3 Chondrocytes from Bone Marrow Derived Mesenchymal Stem Cell Cultured Cells": ["PRKCB", "IGFBP2"], "H3K9ac Skeletal Muscle": ["CDKN1B", "CCNI", "PRPF40A", "COX5B", "UBL5", "TRA2B", "PSMB1", "H3F3AP4", "ETF1", "ITM2A", "ZBED5", "ARHGEF6", "HNRNPA0"], "H3K36me3 Breast vHMEC": ["TIMM8B"], "H3K27me3 CD3 Primary Cells": ["GNAS", "SEC31B"]}