{"CGCTGCT,MIR-503": ["CCND2"], "GTCAGGA,MIR-378": ["LOC285074"], "GTAAACC,MIR-299-5P": ["DLX2"], "TATCTGG,MIR-488": ["SLC2A1"], "CACGTTT,MIR-302A": ["ARRDC3"], "ACGCACA,MIR-210": ["EFNA3"], "GTAGGCA,MIR-189": ["BCL6"], "GGCAGAC,MIR-346": ["BCL6"], "GCTGAGT,MIR-512-5P": ["LOC285074"], "GTACAGG,MIR-486": ["GAB2"], "CTCTATG,MIR-368": ["FEM1C"], "GTAAGAT,MIR-200A": ["FOXD1"], "ATGCACG,MIR-517B": ["NR4A3"], "GCGCCTT,MIR-525,MIR-524": ["HES1"], "TCTGATC,MIR-383": ["ZNF654"], "CGTCTTA,MIR-208": ["ETS1"], "ACATATC,MIR-190": ["WSB1"], "GCAAGAC,MIR-431": ["NR4A3"], "GGCACAT,MIR-455": ["ETS1"], "CCATCCA,MIR-432": ["YPEL5"]}