{"CHD7_H1-hESC_hg19": ["ANKRD37", "BTG1", "RNMT", "ZFAND2A", "CXCR4", "PTGS2", "RND3", "SNAPC1", "FAM162A", "MXI1", "HMOX1", "DNAJB9", "CCRN4L", "NQO1", "ZNF285", "FOXD1", "RAB39B", "GPRC5A", "ADORA2B", "DDIT3", "THAP9", "TTC30A", "RPL22L1", "ANKRA2", "BIRC3", "ZNF211"], "CTCF_lung_hg19": ["PPP1R15A", "ERRFI1", "ZNF571", "MT1X", "RASGRP1", "RLF", "CLU", "PPCDC", "LOC285074", "CSRP2", "SERTAD2", "FAM162A", "ZNF548", "HMOX1", "ESCO1", "TRAPPC2P1", "SLC16A14", "FOSL2", "PER1", "FAM210A", "NR4A3", "CTH", "GPR160", "WDFY1", "NUPL1", "BIRC3", "ZNF211"], "POLR2A_erythroblast_hg19": ["ERRFI1", "KDM3A", "PFKFB3", "FAM89A", "HILPDA", "MOSPD2", "RNF19B", "IRS2", "MT1X", "FOXO3", "RLF", "ZFYVE1", "EPS8", "RASD1", "SESN2", "PDK3", "CHAC1", "APBB3", "CCRN4L", "ARRDC4", "SLMO1", "HINFP", "THAP9", "LCOR", "SNRNP48", "ALDOA", "ZNF256"], "MYC_A549_hg19": ["KDM3A", "RNMT", "RNF19B", "UAP1", "SLC3A2", "DDX41", "ZNF23", "NDRG1", "SERTAD2", "FAM162A", "DNAJB9", "PMAIP1", "FAM47E", "FEM1C", "SNHG1", "SLMO1", "SIAH2", "BNIP3", "KBTBD3", "FAM210A", "ADORA2B", "JMY", "LCOR", "RPL22L1", "ZNF354A", "MIR210HG", "BIRC3", "ZNF596"], "CTCF_fibroblast of villous mesenchyme_hg19": ["CEBPB", "SRXN1", "INSIG2", "HILPDA", "ADM", "RORA", "PTGS2", "RND3", "RASGRP1", "CLU", "IGF1R", "EPB41L4A-AS1", "NPPC", "GYS1", "FSD1L", "SERTAD2", "FAM162A", "CDK20", "ZNF548", "TSC22D3", "PARP16", "ZNF34", "GPCPD1", "MIR100HG", "SLC16A14", "ADORA2B", "GPR160", "TRIB3", "RHCG", "ZNF354A", "ZNF256", "BIRC3"], "TCF12_MCF-7_hg19": ["EPS8", "GPRC5A", "HES1"], "YY1_SK-N-SH_hg19": ["PPP1R15A", "C11ORF96", "ERRFI1", "BTG1", "SRXN1", "SLC2A1", "UAP1", "IRS2", "RORA", "MT1X", "ZC3H6", "ZNF23", "RND3", "ZFYVE1", "PPCDC", "GYS1", "MT2A", "FAM162A", "SESN2", "MXI1", "ZNF548", "PMAIP1", "SLC12A6", "DUSP5", "ZNF285", "ESCO1", "NEK7", "RAB39B", "FOS", "GPCPD1", "MIR100HG", "KBTBD3", "FAM210A", "PIGA", "WDFY1", "LCOR", "SNRNP48", "ZNF354A"], "BCL11A_H1-hESC_hg19": ["KLF6", "CD68"], "GABPA_MEL cell line_mm9": ["NQO1", "BNIP3", "ALDOA", "ERO1L"], "GATA1_MEL cell line_mm9": ["PPP1R15A", "HILPDA", "TNFAIP3", "UAP1", "SLC2A3", "ZC3H6", "DDX41", "HK2", "PPCDC", "SERTAD2", "CTSL", "MYB", "CDK20", "PMAIP1", "HES1", "FBXO8", "SLC12A6", "APBB3", "CCRN4L", "KLF10", "NQO1", "BNIP3L", "WSB1", "GADD45B", "GADD45A", "PNPLA8", "ARRDC3", "FOS", "KLHL24", "KBTBD3", "KLF5", "TRIM39", "PIGA", "DDIT3", "TAF4B", "ADPRM", "NUPL1", "ATF3"], "TAL1_K562_hg19": ["ZNF571", "RNF19B", "IRS2", "RLF", "SNAPC1", "SERTAD2", "SESN2", "NAMPT", "MXI1", "HES1", "APBB3", "CCRN4L", "BNIP3L", "JUN", "SLMO1", "GADD45B", "ESCO1", "GADD45A", "NEK7", "AXIN2", "GCAT", "VEGFA", "NR4A3", "WDFY1", "FAT1", "GARS", "SNRNP48", "NUPL1"], "CTCF_pancreas_hg19": ["SRXN1", "SNX10", "RORA", "ZNF23", "RASGRP1", "CLU", "ERO1L", "NPPC", "GYS1", "FAM162A", "CDK20", "ZNF548", "HMOX1", "CCRN4L", "NGFR", "BNIP3L", "ESCO1", "GPCPD1", "MIR100HG", "SLC16A14", "FAM210A", "GPRC5A", "NR4A3", "GPR160", "RPL22L1", "OTUD1", "ULBP1", "BIRC3"], "ELK4_HeLa-S3_hg19": ["ANKRD37", "PFKFB3", "BTG1", "ARL6", "RNMT", "ZFAND2A", "ADM", "SLC3A2", "ZC3H6", "ZNF23", "PTGS2", "SESN2", "CDK20", "HES1", "CCRN4L", "ESCO1", "GADD45A", "SIAH2", "TRAPPC2P1", "FOSL2", "BCL6", "PIGA", "DDIT4", "FOSB", "RPL22L1", "KCTD11", "ALDOA"], "REST_HL-60_hg19": ["EGR4", "GCAT"], "POLR2AphosphoS2_K562_hg19": ["C11ORF96", "LIPT1", "GPI", "PFKFB3", "MOSPD2", "IRS2", "ALOX12B", "MT1X", "ZC3H6", "BMI1", "RASGRP1", "RLF", "ZFYVE1", "LETM2", "ELAVL3", "ERO1L", "LOC285074", "MT2A", "FSD1L", "LBH", "SERTAD2", "SESN2", "TMEM107", "ZNF548", "CHAC1", "APBB3", "CCRN4L", "LMLN", "KLF11", "BNIP3L", "GADD45B", "SLC30A2", "SLC30A1", "FOS", "GPCPD1", "PATL1", "PER1", "PIGA", "TTC30A", "WDFY1", "TAF4B", "MT1G", "TRIB3", "GARS", "SNRNP48", "MT1H", "ZNF211", "ZNF596"], "FOXM1_MCF-7_hg19": ["EPS8", "GPRC5A", "HES1", "KRTAP3-1"], "CTCF_H1-hESC_hg19": ["SRXN1", "TNFAIP3", "SNX10", "ADM", "NR2E1", "RND3", "CLU", "ANKRD20A2", "EPB41L4A-AS1", "NPPC", "GYS1", "CSRP2", "FAM162A", "TMEM107", "CDK20", "CCRN4L", "ESCO1", "TSC22D3", "GAB2", "GPCPD1", "MIR100HG", "FAM210A", "PPP1R3C", "CRISPLD2", "ADORA2B", "GPR160", "ANG", "RHCG", "BIRC3", "PPP1R15A", "CEBPB", "PTGS2", "RASGRP1", "SERTAD2", "ZNF548", "NRIP3", "HMOX1", "DNAJB9", "ZNF624", "NPTX2", "NGFR", "PCDH8", "PARP16", "ZNF34", "SLC16A14", "NR4A3", "JMY", "RPL22L1", "ZNF354A", "ULBP1", "ZNF256"], "NELFE_CH12.LX_mm9": ["PPP1R15A", "FAM89A", "ADM", "AK4", "BMI1", "ENO2", "CLU", "PPCDC", "SNAPC1", "UAP1L1", "PDK3", "DNAJB9", "KLF11", "MGEA5", "SLMO1", "TNFRSF12A", "ARRDC3", "FOS", "PSMB9", "VEGFA", "PER1", "MAFB", "KLF5", "TERF2IP", "GARS", "MXD1", "YPEL5", "AARS"], "NANOG_H1-hESC_hg19": ["KLF6", "CTGF"], "CHD2_K562_hg19": ["LIPT1", "ZBTB25", "HILPDA", "BMI1", "RLF", "ZFYVE1", "PPCDC", "FAM162A", "MXI1", "PMAIP1", "HES1", "FEM1C", "KLF10", "LMLN", "SLMO1", "RNF24", "ESCO1", "PARP16", "PER1", "NR4A3", "KLF5", "PIGA", "CRY1", "TAF4B", "RPL22L1", "ANG", "DNAL4"]}