{"H3K4me3_B cell_hg19": ["C11ORF96", "ZNF570", "ARL6", "RNF19B", "ADM", "VLDLR", "HOXA13", "LOC285074", "FSD1L", "LBH", "CHSY1", "MYB", "TMEM107", "MXI1", "LOC100507557", "CCRN4L", "BNIP3", "FOSL2", "KBTBD3", "ARC", "BCL6", "CRISPLD2", "P4HA2", "ADORA2B", "GPR160", "PLSCR4", "MT1F", "LCOR", "GARS", "KCTD11", "SNRNP48", "ULBP2", "OTUD1", "ULBP1"], "H3K36me3_astrocyte_hg19": ["ERRFI1", "GPI", "SRXN1", "ZFAND2A", "HILPDA", "ADM", "SLC3A2", "CYR61", "GYS1", "DNAJB9", "FAM47E", "SLC12A6", "LONRF1", "BNIP3L", "GADD45B", "GFPT2", "NEK7", "SLC30A1", "NR1D2", "AXIN2", "FOS", "MIR100HG", "HINFP", "MAFF", "THAP9"], "H4K20me1_CD14-positive monocyte_hg19": ["HIST2H2AA4", "GADD45B", "GADD45A", "ARRDC3", "HSPA6", "HILPDA", "DDX41", "HOXA13", "GCAT", "HINFP", "GYS1", "LOC285074", "MT2A", "RAB20", "RASD1", "RRAGC", "DDIT4", "KCTD11", "HES1", "KRTAP3-2", "CD68", "PDK1"], "H3K27ac_liver_mm9": ["BTG1", "SRXN1", "ARL6", "MOSPD2", "RORA", "BMI1", "ZFYVE1", "SNAPC1", "UAP1L1", "SLC16A6", "CDK20", "HMOX1", "FAM47E", "FBXO8", "APBB3", "BNIP3L", "MGEA5", "WSB1", "ESCO1", "SIAH2", "NEK7", "TAP1", "DDIT4", "JMY", "MAFF", "TAF4B", "RPL22L1", "FAM26F", "SNRNP48", "RBCK1", "YPEL5", "OPTN", "AARS", "BIRC3"], "H3K4me3_bone marrow macrophage_mm9": ["TNFRSF12A", "ESCO1", "FAM89A", "ARL6", "NAP1L3", "TAP1", "ENO2", "ZFYVE1", "ISL1", "DLL1", "CYR61", "LETM2", "NPPC", "RAB20", "GPRC5A", "CTH", "DDIT4", "TRIB3", "CHAC1", "SLC12A6", "OPTN", "CCRN4L"], "H3K9me3_K562_hg19": ["NQO1", "KLF11", "SNHG1", "ZNF285", "ZNF570", "TRAPPC2P1", "RNF19B", "SLC3A2", "ZNF23", "EPB41L4A-AS1", "ZNFX1", "UAP1L1", "DDIT4", "TTC30A", "CRY1", "SLC16A6", "CDK20", "FEM1C", "FBXO8", "ZNF354A", "NUPL1", "ULBP1", "AARS"], "H3K4me3_ES-E14_mm9": ["ERRFI1", "ANKRD37", "ARL6", "RNMT", "UAP1", "ALOX12B", "RASGRP1", "ETS1", "DLL1", "LETM2", "FSD1L", "MAPK7", "NFIL3", "SERTAD2", "CTSL", "STC2", "TMEM107", "CDK20", "NRIP3", "CHAC1", "FBXO8", "APBB3", "NQO1", "KLF11", "PNPLA8", "PCDH8", "TAP1", "PATL1", "FAM210A", "TRIM39", "CRISPLD2", "P4HA2", "BHLHE40", "TRIB3", "DEGS2", "ADPRM", "NUPL1", "OPTN", "GPR146"], "H3K27me3_GM06990_hg19": ["DEGS2", "DLL1", "GPR137B"], "H3K36me3_MEL cell line_mm9": ["ANKRD37", "PFKFB4", "PFKFB3", "SNX10", "SLC3A2", "ENO2", "FOXO3", "RLF", "ETS1", "RASD1", "HES1", "FEM1C", "KDM6B", "KLF10", "SNHG1", "MGEA5", "WSB1", "TNFRSF12A", "ESCO1", "SIAH2", "PARP16", "SLC30A1", "KLHL24", "KBTBD3", "GPRC5A", "ZNFX1", "CTH", "CCNG2", "DDIT3", "LCOR", "GARS", "KCTD11", "ALDOA", "CD68", "ADPRM", "AARS", "BIRC3"], "H3K79me2_HepG2_hg19": ["LMLN", "LIPT1", "ARL6", "TRAPPC2P1", "PARP16", "ADM", "MT1X", "ZC3H6", "ISM2", "CYR61", "GCAT", "HINFP", "PER1", "MT2A", "MAPK7", "RRAGC", "PIGA", "TERF2IP", "PDK3", "DNAJB9", "KCTD11", "DNAL4", "ZNF596", "MT1E"], "H3K79me2_fibroblast of dermis_hg19": ["LIPT1", "SLMO1", "ZNF570", "TNFRSF12A", "TRAPPC2P1", "PTGS2", "LETM2", "HINFP", "PER1", "MT2A", "TMEM107", "PDK3", "DNAJB9", "PMAIP1", "KCTD11", "MXD1", "ALDOA", "CD68", "ANKRA2", "CRYAB", "APBB3", "MT1E"], "H3K27ac_cortical plate_mm9": ["LMLN", "KLF11", "BNIP3L", "SRXN1", "ARL6", "SIAH2", "NEK7", "HILPDA", "NAP1L3", "RAB39B", "RORA", "ENO2", "CYR61", "RRAGC", "CHSY1", "SLC16A6", "SNRNP48", "RBCK1", "FBXO8", "YPEL5", "ADPRM", "AARS", "BIRC3"], "H2AFZ_T-cell acute lymphoblastic leukemia_hg19": ["LIPT1", "NQO1", "DUSP5", "ZNF571", "PFKFB3", "UAP1", "FOS", "DDX41", "ENO2", "RLF", "DLL1", "IGF1R", "NPPC", "GYS1", "FAM210A", "FSD1L", "SESN2", "DDIT4", "PDK3", "MXD1", "ZNF354A", "APBB3"], "H3K4me3_G1E-ER4_mm9": ["RNMT", "TNFAIP3", "ZC3H6", "ENO2", "ZFYVE1", "PPCDC", "CTSL", "TMEM107", "CDK20", "NRIP3", "CHAC1", "APBB3", "KLF10", "LMLN", "MGEA5", "JUN", "PNPLA8", "TAP1", "GCAT", "PATL1", "PSMB9", "KBTBD3", "FAM210A", "ADORA2B", "CREBRF", "TERF2IP", "FAM26F", "ADPRM", "NUPL1", "ATF3"], "H3K4me3_MEL cell line_mm9": ["ZBTB25", "FAM89A", "RNMT", "CXCR4", "ZFYVE1", "PPCDC", "LETM2", "MAPK7", "SERTAD2", "FAM162A", "TMEM107", "CDK20", "PMAIP1", "CHAC1", "APBB3", "CCRN4L", "NQO1", "KLF11", "DUSP5", "MGEA5", "WSB1", "RNF24", "TNFRSF12A", "ESCO1", "BNIP3", "GFPT2", "TAP1", "FOS", "PATL1", "PER1", "FAM210A", "EFNA3", "GPRC5A", "CTH", "PIGA", "DDIT4", "MAFF", "RPL22L1", "SNRNP48", "MXD1", "ANKRA2", "ADPRM", "ATF3", "OPTN", "BIRC3"], "H3K4me3_placenta_mm9": ["ANKRD37", "PFKFB3", "FAM89A", "ARL6", "HILPDA", "CXCR4", "ENO2", "IGF1R", "FSD1L", "MAPK7", "SNAPC1", "FAM162A", "NRIP3", "PDK3", "DUSP5", "GFPT2", "NEK7", "PCDH8", "RNASE4", "PER1", "EFNA3", "GPRC5A", "MAFF", "ANG", "OPTN"], "H3K79me2_liver_mm9": ["ERRFI1", "MGEA5", "RNF24", "SRXN1", "RNMT", "TSC22D3", "RLF", "PATL1", "HINFP", "ERO1L", "FAM210A", "RRAGC", "CHSY1", "CTSL", "DDIT3", "WDFY1", "SLC16A6", "TERF2IP", "DNAJB9", "SNRNP48", "ANKRA2", "NUPL1", "CCRN4L"], "H3K4me1_MEL cell line_mm9": ["ERRFI1", "ANKRD37", "FAM89A", "ZFAND2A", "UAP1", "BMI1", "ENO2", "ZFYVE1", "PPCDC", "LETM2", "RASD1", "SESN2", "MYB", "SLC16A6", "DNAJB9", "HES1", "KDM6B", "NQO1", "BNIP3L", "MGEA5", "WSB1", "RNF24", "TNFRSF12A", "ESCO1", "PNPLA8", "TSC22D3", "TAP1", "PARP16", "NR1D2", "KLHL24", "GPCPD1", "PSMB9", "PER1", "EFNA3", "KLF5", "P4HA2", "PIGA", "GPR160", "BHLHE40", "DDIT4", "CREBRF", "GARS", "KCTD11", "ALDOA", "YPEL5", "NUPL1", "DSC2", "BIRC3"], "H3K4me3_kidney_mm9": ["NQO1", "SRXN1", "ESCO1", "FAM89A", "ARL6", "NEK7", "CXCR4", "RAB39B", "TAP1", "PTGS2", "ZFYVE1", "FOSL2", "RAB20", "FSD1L", "CHSY1", "STC2", "MYB", "DDIT4", "MXI1", "SLC16A6", "TRIB3", "KCTD11", "CCRN4L", "AARS"], "H3K4me1_liver_mm9": ["LIPT1", "ERRFI1", "DLX2", "ANKRD37", "PFKFB4", "INSIG2", "ARL6", "CXCR4", "PLOD2", "AK4", "ENO2", "RASGRP1", "ELAVL3", "NPPC", "RASD1", "ZIC2", "NRIP3", "PMAIP1", "FAM47E", "NPTX2", "KDM6B", "WSB1", "FOXD1", "SLMO1", "EGR4", "ESCO1", "SLC30A2", "GFPT2", "PCDH8", "ISL1", "GCAT", "KLF5", "ADORA2B", "CTH", "GPR160", "PLSCR4", "TAF4B", "RPL22L1", "FAM26F", "ALDOA", "ANKRA2", "BIRC3"]}