{"TP63-23658742-EP156T-HUMAN": ["SLC44A3", "SLC47A1", "TMEM183A", "EFNA5", "APCDD1", "C12ORF56", "RGS2", "PTTG1", "FGF9", "COBLL1", "SLC17A6", "LBR", "PRND", "WLS", "PLS1", "PRMT6", "PRRX1", "ANAPC7", "MSX2", "SLC6A16", "AGL", "SLC39A10", "ELOVL6", "ANXA10", "ZNF618", "REEP3", "MGP", "SDC1", "DSC1", "SLC25A13", "CDKN3"], "DMRT1-23473982-TESTES-MOUSE": ["SLC46A3", "ROBO2", "GAS2L3", "SLC35B4", "CPSF6", "FZD2", "LPCAT1", "SLC39A10", "CGN", "MKI67", "FBXO43", "EFNA5", "BST1", "WIF1", "REEP3", "ID1", "CEP70", "TRIM59", "NCAM1", "HOXC9"], "CREB1-23762244-HIPPOCAMPUS-RAT": ["RNFT2", "FDPS", "ENY2", "TMEM183A", "CPSF6", "PSMD11", "FZD2", "HSPA5", "UBE2C", "PLK1", "CCNF", "AURKA", "PSMA5", "DNAJA1", "KIF18A", "UBB", "ID1", "HMGN3", "NUCB2", "SLC25A13"], "GABP-19822575-HepG2-human": ["LRPAP1", "SLC35B4", "PSMD11", "CDCA3", "FKBP14", "RTKN2", "KIF11", "NUDT5", "AURKA", "KIAA1524", "SLC25A21", "RWDD1", "ALG8", "ANAPC7", "FANCL", "PLK1", "SLC39A10", "KIF23", "DNAJA1", "KIF18A", "DPY19L3", "ID1", "FKBP7", "HYLS1", "PPID", "B4GALT5"], "FLI1-21571218-MEGAKARYOCYTES-HUMAN": ["TOP2A", "SLC44A3", "SLC35B4", "CERK", "MRPS14", "FKBP14", "KIF14", "NUDT5", "MKI67", "PIGW", "TM7SF2", "CLEC1A", "PTTG1", "TMSB4X", "TNFAIP8L1", "SKP2", "FGFBP3", "LBR", "GTSE1", "PRMT6", "GSTO2", "DIO2", "KIF23", "BTN3A2", "TOMM40L", "OLFM3", "PSRC1", "CDH12", "SPIN2B", "TRIM59", "ZNF512", "CRELD2", "PPID", "ATPAF1", "SLC25A13", "MATN2", "RNFT2", "CHODL", "LRPAP1", "METTL2B", "ENY2", "DDX5", "LPAR1", "ZBTB42", "SLC38A11", "EFNA5", "APCDD1", "CCNB1", "CLMN", "AMDHD1", "BAG1", "FZD2", "HSPA5", "FZD7", "PBX1", "KIF18A", "DPY19L3", "PSMC2", "TACC3"], "SPI1-23547873-NB4-HUMAN": ["HIST1H2AM", "PRRX1", "TNNC1", "PLK1", "LPCAT1", "BUB1B", "ELOVL6", "DHCR24", "CGN", "MKI67", "DNAJA1", "CENPF", "RGS2", "CCNB1", "MAT2A", "TST", "UBE2S", "BAG1", "TACC3", "TNFAIP8L1", "NCAM1", "ZNF512", "DNASE1L1"], "GATA1-21571218-MEGAKARYOCYTES-HUMAN": ["SLC44A3", "SLC47A1", "CDCA3", "RGS13", "LRP4", "HSD17B6", "NUDT5", "PTTG1", "SUMO3", "TNFAIP8L1", "LBR", "SLC10A4", "CYB5B", "TSFM", "NIPSNAP3A", "SDF2L1", "BTN3A2", "SLC7A6", "CENPF", "GSTA4", "ID1", "TMEM35", "SYNC", "DSC1", "IL18R1", "PRTFDC1"], "RUNX2-22187159-PCA-HUMAN": ["SLC46A3", "ROBO2", "SLC47A1", "MAGED1", "ATP10D", "LPCAT1", "KIF14", "LPAR1", "HTR2C", "ABAT", "SRI", "EFNA5", "APCDD1", "GRB14", "FGF9", "CLMN", "EPYC", "NCAM1", "SLC25A21", "PRMT6", "ALG8", "FANCL", "SLC39A10", "CENPE", "LOC730101", "GSTA4", "ZNF618", "SDC1", "ALDH8A1", "B4GALT5", "SLC25A13", "SLC25A35"], "JARID1A-20064375-MESC-MOUSE": ["TSFM", "ALG8", "DDX5", "TMEM183A", "HSPA5", "HMMR", "NUDT5", "NDC80", "AURKA", "SUMO3", "BAG1", "PSMC2", "KIF20A", "GTSE1", "PPID", "FKTN", "DNASE1L1"], "REST-21632747-MESC-MOUSE": ["GAS2L3", "ABCD2", "ZRANB2", "STXBP4", "CCNF", "ABAT", "OLFML2A", "MKI67", "EFNA5", "BST1", "BACE2", "OLFM3", "CEP70", "SLC17A6", "SLC25A21", "FAM83D", "CRELD2", "PRND", "SLC25A35"], "HOXA2-22223247-E11.5 EMBRYO-MOUSE": ["LIN28B", "HMMR"], "EGR1-20690147-ERYTHROLEUKEMIA-HUMAN": ["ZCCHC12", "SLC35B4", "CERK", "ROGDI", "CCNF", "ABAT", "OLFML2A", "MKI67", "TM7SF2", "GRB14", "SUMO3", "TNFAIP8L1", "LBR", "PRMT6", "ANAPC7", "OLFM3", "RASA4", "CDH12", "BIRC5", "FAM64A", "CRELD2", "B4GALT5", "SLC25A13", "DDX5", "UHRF1", "ITPR2", "SRI", "EFNA5", "APCDD1", "CXXC4", "CLMN", "SLITRK3", "JAM2", "ISOC2", "CYB5B", "FZD2", "SDF2L1", "PRRX1", "FZD7", "LSAMP", "DHCR24", "HN1", "ELL3", "DNAJA1", "TP53I3", "ZNF618", "UBE2S", "REEP3", "ID1", "TACC3", "SDC1", "NUCB2", "HSPA1A"], "FOXA2-19822575-HepG2-human": ["TOP2A", "SLC44A3", "SLC47A1", "SLC35B4", "BUB1B", "ITPR2", "ABAT", "FGF9", "AMDHD1", "COBLL1", "NEK2", "SLC25A21", "SKP2", "PRND", "HIST1H2AM", "GSTO2", "PLK1", "LSAMP", "ELOVL6", "DHCR24", "BTN3A2", "LIN28B", "ID1", "SDC1", "MANSC1", "HIST1H4C", "SLC25A13"], "RCOR3-21632747-MESC-MOUSE": ["SLC46A3", "SLC47A1", "SLC35B4", "RTKN2", "KIF14", "HSD17B6", "NUDT5", "CENPA", "UBB", "FGF9", "CLMN", "CEP70", "SLC17A6", "FAM83D", "JAM2", "GAS2L3", "CPSF6", "FZD2", "HSPA5", "CENPF", "OLFM3", "GPR180", "REEP3", "ID1", "MANSC1", "SYNC", "PPID", "MATN2"], "MITF-21258399-MELANOMA-HUMAN": ["LRPAP1", "SLC44A3", "CERK", "LPAR1", "LRP4", "ITPR2", "OLFML2A", "EFNA5", "APCDD1", "CENPA", "PLAC9", "CCNB1", "UBB", "AMDHD1", "TMSB4X", "SUMO3", "HMCN1", "FGFBP3", "LBR", "HMGN3", "ISOC2", "ALG8", "GAS2L3", "SDF2L1", "ODAM", "FANCL", "FZD7", "PLK1", "LSAMP", "ELOVL6", "DHCR24", "BTN3A2", "CGN", "PSRC1", "ZNF618", "REEP3", "ID1", "SCG5", "TACC3", "CDH12", "FAM64A", "ZNF512", "B4GALT5", "SLC25A13"], "SFPI1-20887958-HPC-7-MOUSE": ["CYB5B", "SLC35B4", "FZD2", "HSPA5", "GSTO2", "FANCL", "UHRF1", "ATP10D", "ELOVL6", "PSMA5", "ASPM", "SLC7A6", "KIF18A", "PSRC1", "WIF1", "BAMBI", "PSMC2", "TACC3", "BIRC5", "PPID", "ATPAF1", "WLS", "FKTN"], "SCL-21571218-MEGAKARYOCYTES-HUMAN": ["RNFT2", "LRPAP1", "DDX5", "CERK", "FZD7", "LPCAT1", "ITPR2", "NUDT5", "CCNB1", "MAT2A", "PTTG1", "TACC3", "TNFAIP8L1", "PRTFDC1", "ATPAF1"], "TET1-21490601-MESC-MOUSE": ["RNFT2", "RWDD1", "TSFM", "ENY2", "SDF2L1", "ATP10D", "BUB1B", "ELOVL6", "KIF23", "IGSF9", "PSMA5", "CENPF", "PTTG1", "AMDHD1", "SLC38A6", "SDC1", "NEK2", "NCAM1", "LBR", "ATPAF1"], "RUNX1-22412390-EML-MOUSE": ["SLC46A3", "TMEM183A", "SLC35B4", "PSMD11", "TNNC1", "SLC39A10", "ITPR2", "GLT8D2", "ELOVL6", "TST", "AMDHD1", "REEP3", "CRELD2", "LBR", "IL18R1", "ATPAF1"], "TP53-23651856-MEF-MOUSE": ["ENY2", "MRPS14", "CCNF", "ZBTB42", "HMMR", "AURKA", "CDC20", "MAT2A", "H2AFJ", "CLMN", "SLC38A6", "NCAM1", "FAM83D", "FGFBP3", "GTSE1", "TSFM", "ALG8", "PLA2G4A", "BST1", "LIN28B", "OLFM3", "PSRC1", "RASA4", "BIRC5", "SDC1", "ALDH8A1", "ATPAF1", "HSPA1A"]}