{"SND1 (mouse)": ["TOMM40L"], "Hand1::Tcfe2a (mouse)": ["LSAMP"], "SMAD3 (human)": ["ENOSF1", "MKI67"], "MAFB (human)": ["HTN1"], "ESR2 (mouse)": ["GTSE1"], "CEBPE (human)": ["HMMR"], "VDR (human)": ["METTL7B"], "SOX9 (human)": ["DIO2"], "EBF1 (mouse)": ["PLAC9", "FGF9"], "Nr2e3 (mouse)": ["CENPE", "RTKN2"], "NFATC3 (human)": ["PRRX1"], "IRF7 (human)": ["SLC38A11"], "NFE2L1 (human)": ["RWDD1"], "GABPA (human)": ["SLC38A6"], "SOX10 (human)": ["RGS2", "UBB"], "CPEB1 (human)": ["JAM2"], "MYCN (human)": ["UHRF1"], "TBX5 (human)": ["TM7SF2"], "TLX1::NFIC (human)": ["TOP2A"], "TAL1::TCF3 (human)": ["LIN28B"]}