{"H3K9me3 Rectal Mucosa": ["PCDHB5", "PCDHB10"], "H3K9ac Skeletal Muscle": ["DDX5", "MAT2A", "MAGED1", "TMEM35", "HMGB3", "SRSF5", "SYNC"], "H3K36me3 CD4+ CD25- Th Primary Cells": ["SLC6A16", "IL18R1"], "H3K9me3 CD4 Naive Primary Cells": ["PCDHB16", "PCDHB5"], "H3K9me3 H9": ["HMGN5", "MAGED1", "GPR180", "TMEM35", "DNASE1L1"], "H3K79me2 H1": ["TOP2A", "ALG8", "DDX5", "HSPA5", "UBE2C", "POP1", "HMMR", "PIGW", "NDC80", "DNAJA1", "MAT2A", "DPY19L3", "TMSB4X", "BAG1", "MFAP2", "CHAC2", "KIF20A", "FGFBP3"], "H3K9me3 Bone Marrow Derived Mesenchymal Stem Cell Cultured Cells": ["DDX5", "ATP10D", "DSC1"], "H3K27me3 CD4+ CD25- CD45RO+ Memory Primary Cells": ["ROBO2", "SLC44A3", "SLC47A1", "SRI", "APCDD1", "PBX1", "IGSF9", "PLAC9", "CLMN", "BAMBI", "COBLL1", "SLITRK3", "FGF20", "NCAM1", "LPPR4", "HMCN1"], "H2BK20ac IMR90": ["SLC46A3", "LINC00263", "CPSF6", "FZD7", "ATP10D", "BTN3A3", "C1ORF54", "BTN3A2", "HSD17B6", "OLFML2A", "PBX1", "HMGN5", "MAT2A", "HMCN1", "ARGLU1", "SLC16A4", "PLS1"], "H3K27me3 CD8 Naive Primary Cells": ["ROBO2", "PIF1", "SLC44A3", "SLC47A1", "RGS13", "RTKN2", "LPAR1", "EFNA5", "APCDD1", "CXXC4", "HAPLN1", "PLAC9", "COBLL1", "SLITRK3", "FGF20", "SLC25A21", "JAM2", "WLS", "SLC10A4", "PLA2G4A", "KIF23", "PBX1", "BACE2", "MMRN1", "TST", "ID1", "MFAP2", "MGP", "SDC1", "LPPR4", "SYNC", "STEAP2", "MATN2"], "H3K27me3 Fetal Brain": ["SLC47A1", "LPAR1", "ITPR2", "GLT8D2", "ZBTB42", "MKI67", "EFNA5", "APCDD1", "PLAC9", "C12ORF56", "RPS6KA6", "HMGN5", "WIF1", "COBLL1", "ENOSF1", "SLITRK3", "FGF20", "HMCN1", "FZD7", "BACE2", "ID1", "TMEM35", "CDH12", "STEAP2", "MATN2"], "H3K9me3 Neurosphere Cultured Cells Cortex Derived": ["COX7B", "TMSB4X", "ENOSF1", "HTR2C", "PTTG3P"], "H3K27me3 Stomach Mucosa": ["SLC46A3", "PIF1", "LRRC34", "SLC47A1", "UHRF1", "TPBG", "HTR2C", "DHCR24", "HAPLN1", "C12ORF56", "OLFM3", "GRB14", "MMRN1", "AMDHD1", "ID1", "FGF20", "CDH12", "SLC25A21", "LPPR4", "SYNC", "JAM2", "MATN2"], "H3K36me3 H1 BMP4 Derived Mesendoderm Cultured Cells": ["ALG8", "ANKFN1", "BUB1B"], "H3K27me3 Fetal Heart": ["SLC10A4", "ZCCHC12", "HTR2C", "GLT8D2", "SLC38A11", "HAPLN1", "C12ORF56", "FGF9", "PCDHB16", "FGF20", "CDH12", "SLC25A21", "LPPR4", "STEAP2"], "H3K27me3 Treg Primary Cells": ["ROBO2", "ZCCHC12", "SLC47A1", "GLT8D2", "OLFML2A", "PBX1", "HAPLN1", "BST1", "GRB14", "MFAP2", "SLC25A21", "HMCN1", "STEAP2"], "H3K27me3 CD4 Naive Primary Cells": ["SLC44A3", "CLMN", "WIF1", "BAMBI", "ID1", "RTKN2", "FGF20", "NCAM1", "METTL7B", "STEAP2", "HAPLN1", "JAM2"], "H3K27me3 Brain Mid Frontal Lobe": ["ROBO2", "PLAC9", "C12ORF56", "GRB14", "BAMBI", "TPBG", "SLITRK3", "MFAP2", "HTR2C", "HMCN1"], "H3K9me3 Brain Hippocampus Middle": ["CHODL", "ZCCHC12", "DIO2", "PCDHB5"], "H3K36me3 Bone Marrow Derived Mesenchymal Stem Cell Cultured Cells": ["HOTAIR", "LXN"]}