{"GTGGTGA,MIR-197": ["GATAD2B"], "AGTCTTA,MIR-499": ["LIN28B"], "AGGGCCA,MIR-328": ["SLITRK3"], "TCATCTC,MIR-143": ["HTR2C"], "TGCAAAC,MIR-452": ["PRND"], "TGTATGA,MIR-485-3P": ["ENY2"], "GAGCTGG,MIR-337": ["MAT2A"], "GACAATC,MIR-219": ["SLC39A10"], "TTGGAGA,MIR-515-5P,MIR-519E": ["PSMD11"], "ACAACTT,MIR-382": ["SLC17A6"], "CCCACAT,MIR-299-3P": ["TMEM35"], "AAGTCCA,MIR-422B,MIR-422A": ["KIF14"], "CCCAGAG,MIR-326": ["HTR2C"], "ACTGTAG,MIR-139": ["MAT2A"], "GGCACTT,MIR-519E": ["GATAD2B"], "GCAAGGA,MIR-502": ["DIO2"], "AGCATTA,MIR-155": ["SLC39A10"], "ATGCTGG,MIR-338": ["FGF9"], "GTGACTT,MIR-224": ["KIF23"], "AGGGCAG,MIR-18A": ["MAT2A"]}