{"TCF12_MCF-7_hg19": ["TST", "SRI"], "JUN_K562_hg19": ["RNFT2", "METTL2B", "LINC00263", "ENY2", "DDX5", "SLC35B4", "MRPS14", "STXBP4", "POP1", "ROGDI", "LPCAT1", "BUB1B", "AURKA", "MAT2A", "UBB", "TMSB4X", "SUMO3", "TNFAIP8L1", "SLC38A6", "NEK2", "METTL7B", "FAM83D", "SKP2", "HOXC9", "PLS1", "ISOC2", "PRMT6", "RWDD1", "FDPS", "TSFM", "ZRANB2", "BORA", "HSPA5", "KIF23", "DNAJA1", "CENPE", "BDH2", "GSTA4", "UBE2S", "GPR180", "ID1", "BIRC5", "HIST1H4C", "SRSF6", "APOBEC3B"], "POLR2A_MCF 10A_hg19": ["TOP2A", "METTL2B", "SLC44A3", "ABCD2", "LXN", "ATP10D", "BUB1B", "ZBTB42", "ABAT", "NUDT5", "FBXO43", "FGF9", "CEP70", "NEK2", "CHAC2", "HOXC9", "SLC16A4", "DLGAP5", "FKTN", "ISOC2", "CYB5B", "BCHE", "TSFM", "PLK1", "DHCR24", "PCDHB10", "ELL3", "DNAJA1", "ASPM", "LOC730101", "GPR180", "BAMBI", "FKBP7", "SPIN2B", "DNASE1L1", "CDKN3", "APOBEC3B"], "POLR2AphosphoS2_HepG2_hg19": ["CYB5B", "TSFM", "METTL2B", "LINC00263", "ALG8", "ZRANB2", "PSMD11", "UBE2C", "POP1", "ELOVL6", "DHCR24", "HN1", "HMMR", "NDC80", "DNAJA1", "LOC730101", "RGS2", "PSRC1", "H2AFJ", "ENOSF1", "BIRC5", "ARGLU1", "PPID"], "POLR3A_K562_hg19": ["FDPS", "GSTA4", "NUDT5"], "BCL11A_H1-hESC_hg19": ["LIN28B", "CXXC4"], "RXRA_SK-N-SH_hg19": ["LINC00263", "HIST1H4C", "SLC25A35"], "EP300_MCF-7_hg19": ["TST", "COBLL1", "SRI"], "MYOD1_myocyte_mm9": ["ENY2", "SLC35B4", "PSMD11", "ATP10D", "ROGDI", "GLT8D2", "AURKA", "RGS2", "FGF9", "AMDHD1", "COBLL1", "CEP70", "NCAM1", "ARGLU1", "JAM2", "PRMT6", "CYB5B", "FDPS", "CPSF6", "SDF2L1", "AGL", "TNNC1", "SLC39A10", "DHCR24", "DPY19L3", "GPR180", "ID1", "SCG5", "TACC3", "BIRC5", "SYNC", "CRELD2", "SRSF6", "ATPAF1", "DNASE1L1", "MATN2"], "EGR1_GM12878_hg19": ["LRPAP1", "ZCCHC12", "DDX5", "CERK", "MRPS14", "LPCAT1", "BUB1B", "CXXC4", "AURKA", "UBB", "FGF9", "AMDHD1", "TMSB4X", "ENOSF1", "ISOC2", "TSFM", "ZRANB2", "BORA", "TNNC1", "SLC39A10", "NDC80", "DNAJA1", "KIF18A", "UBE2S", "BIRC5", "SDC1", "SRSF5", "HIST1H4C", "CRELD2", "SRSF6", "PPID", "NUCB2", "B4GALT5", "APOBEC3B"], "RXRA_H1-hESC_hg19": ["LINC00263", "CEP70"], "CEBPB_HepG2_hg19": ["RNFT2", "METTL2B", "LINC00263", "DDX5", "SLC35B4", "STXBP4", "RTKN2", "ABAT", "SRI", "HMMR", "KIF11", "AURKA", "MAT2A", "UBB", "CEP70", "FAM83D", "ARGLU1", "FKTN", "ISOC2", "CYB5B", "RWDD1", "HIST1H2AM", "TSFM", "CPSF6", "ODAM", "FANCL", "ELOVL6", "KIF23", "CENPE", "SLC7A6", "KIF18A", "BDH2", "TP53I3", "GSTA4", "MANSC1", "HIST1H4C", "SRSF6", "B4GALT5", "CDKN3"], "POLR2A_GM18526_hg19": ["PIF1", "METTL2B", "GSTO2", "POP1", "AGL", "ATP10D", "ROGDI", "KIF14", "KIF11", "TM7SF2", "PSMA5", "KIAA1524", "LOC730101", "KIF18A", "UBB", "FGF9", "BAMBI", "ENOSF1", "BAG1", "SLC38A6", "ZNF512", "PPID", "FKTN"], "REST_HL-60_hg19": ["SLC38A6", "SLC25A13"], "CEBPB_HeLa-S3_hg19": ["RNFT2", "METTL2B", "SLC35B4", "CPSF6", "SDF2L1", "CDCA3", "GSTO2", "MRPS14", "ITPR2", "GLT8D2", "ELOVL6", "KIF11", "ELL3", "DNAJA1", "BDH2", "MAT2A", "COBLL1", "SDC1", "NEK2", "RTN4IP1", "FAM83D", "PPID", "APOBEC3B"], "MYOG_myocyte_mm9": ["RNFT2", "SLC46A3", "ENY2", "TMEM183A", "MAGED1", "ATP10D", "LPAR1", "GLT8D2", "ZBTB42", "OLFML2A", "RGS2", "UBB", "AMDHD1", "COBLL1", "SUMO3", "BAG1", "CEP70", "SLC38A6", "NCAM1", "LBR", "JAM2", "CYB5B", "RWDD1", "TSFM", "ZRANB2", "CPSF6", "HSPA5", "UBE2C", "FZD7", "TNNC1", "ARHGEF39", "SLC7A6", "GPR180", "SCG5", "BIRC5", "SYNC", "CRELD2", "SRSF6", "ACTRT3", "B4GALT5"], "POLR2A_A549_hg19": ["METTL2B", "COX7B", "DDX5", "SLC47A1", "TMEM183A", "MRPS14", "FKBP14", "MAGED1", "ITPR2", "MKI67", "CXXC4", "CCNB1", "PTTG1", "FGF9", "SUMO3", "ENOSF1", "TNFAIP8L1", "SLC38A6", "CHAC2", "SKP2", "FGFBP3", "FKTN", "PLS1", "ALG8", "GAS2L3", "CPSF6", "FZD2", "AGL", "CGN", "TOMM40L", "PSMA5", "LOC730101", "ZNF618", "FKBP7", "BIRC5", "SDC1", "SRSF6", "ATPAF1", "CDKN3", "MATN2"], "JUND_T47D_hg19": ["SRI", "PLS1"], "ZNF143_GM12878_hg19": ["RNFT2", "FDPS", "LRPAP1", "METTL2B", "ALG8", "ANAPC7", "FANCL", "AGL", "ELOVL6", "FBXO43", "ELL3", "ASPM", "CENPE", "CCNB1", "HMGN5", "UBB", "GPR180", "BIRC5", "SDC1", "RTN4IP1", "ATPAF1", "FKTN", "PLS1", "DNASE1L1"], "POLR2A_GM12892_hg19": ["METTL2B", "DDX5", "ABCD2", "STXBP4", "POP1", "ROGDI", "KIF14", "KIF11", "FBXO43", "KIAA1524", "RGS2", "BAG1", "SLC38A6", "NEK2", "DLGAP5", "ISOC2", "RWDD1", "ANAPC7", "AGL", "PLK1", "TOMM40L", "NDC80", "DNAJA1", "CENPE", "LOC730101", "UBE2S", "FKBP7", "SPIN2B", "RTN4IP1", "ZNF512", "NUCB2"]}