{"H3K4me3_cardiac mesoderm_hg19": ["ROBO2", "LRRC34", "STXBP4", "ATP10D", "LPAR1", "GLT8D2", "NUDT5", "EFNA5", "CXXC4", "CENPA", "PLAC9", "RGS2", "HMGN5", "GRB14", "MAT2A", "UBB", "AMDHD1", "SLITRK3", "SLC25A21", "LBR", "JAM2", "PLS1", "GAS2L3", "NIPSNAP3A", "FZD2", "MSX2", "PLK1", "PCDHB10", "ELL3", "BACE2", "LIN28B", "DPY19L3", "UBE2S", "BAMBI", "PSMC2", "MANSC1", "LPPR4", "KIF20A", "MATN2"], "H3K4me3_HepG2_hg19": ["ZCCHC12", "DDX5", "ABCD2", "SLC47A1", "POP1", "ATP10D", "KIF14", "GLT8D2", "OLFML2A", "NUDT5", "CXXC4", "AURKA", "C12ORF56", "HMGN5", "GRB14", "MAT2A", "SUMO3", "ENOSF1", "FGF20", "ALG8", "FZD2", "TNNC1", "ELOVL6", "ELL3", "BACE2", "LIN28B", "DPY19L3", "GSTA4", "RASA4", "TACC3", "SDC1", "MANSC1", "FAM64A", "SYNC", "HIST1H4C", "STEAP2", "ATPAF1"], "H4K20me1_A549_hg19": ["ROBO2", "HIST1H2AM", "ZCCHC12", "TSFM", "FZD7", "LRP4", "HN1", "ABAT", "APCDD1", "ELL3", "HAPLN1", "SLC7A6", "RGS2", "TST", "BAMBI", "COBLL1", "TMSB4X", "ID1", "SLC38A6", "PRND", "JAM2"], "H3K4me3_GM12875_hg19": ["DDX5", "NIPSNAP3A", "FZD2", "STXBP4", "ATP10D", "RTKN2", "GLT8D2", "BACE2", "MAT2A", "DPY19L3", "RASA4", "BAMBI", "COBLL1", "CEP70", "MANSC1", "METTL7B", "HIST1H4C", "SRSF6", "STEAP2", "APOBEC3B"], "H3K27ac_liver_mm9": ["LRPAP1", "PIF1", "ENY2", "CERK", "MRPS14", "ATP10D", "LRP4", "HMGB3", "ZBTB42", "NUDT5", "PIGW", "SKA2", "SUMO3", "CEP70", "SLC25A21", "L3HYPDH", "CYB5B", "BCHE", "ZRANB2", "GSTO2", "FZD7", "ARHGEF39", "PBX1", "PSMA5", "SLC7A6", "LIN28B", "DPY19L3", "TMEM237", "TACC3", "FKBP7", "RTN4IP1"], "H3K9ac_skeletal muscle myoblast_hg19": ["ALG8", "SDF2L1", "BORA", "ROGDI", "BTN3A3", "BTN3A2", "CGN", "KIF11", "FBXO43", "BST1", "KIAA1524", "RPS6KA6", "CEP70", "PCDHB5", "CHAC2", "HIST1H4C", "CRELD2", "STEAP2", "FKTN", "PLS1"], "H4K20me1_skeletal muscle myoblast_hg19": ["ZCCHC12", "ENY2", "DDX5", "PSMD11", "HSPA5", "MSX2", "HN1", "ABAT", "TM7SF2", "DNAJA1", "RGS2", "PTTG1", "UBB", "TST", "UBE2S", "TMSB4X", "ID1", "MGP", "SRSF5", "HIST1H4C", "SRSF6", "ISOC2"], "H3K27me3_A549_hg19": ["ROBO2", "LRPAP1", "ZCCHC12", "PSMD11", "LPAR1", "LRP4", "ITPR2", "GLT8D2", "SLC38A11", "ABAT", "CXXC4", "PLAC9", "C12ORF56", "RGS2", "RPS6KA6", "CLMN", "AMDHD1", "COBLL1", "FGF20", "PRND", "PRMT6", "SLC10A4", "DHCR24", "CGN", "PBX1", "OLFM3", "BAMBI", "CDH12", "LPPR4", "SCN2A"], "H3K27ac_testis_mm9": ["CYB5B", "TOP2A", "CCDC178", "LRPAP1", "ENY2", "LRRC34", "ZRANB2", "GSTO2", "FZD7", "KIF11", "SKA2", "PSMA5", "PTTG1", "EPYC", "TMEM237", "SUMO3", "CEP70", "SLC38A6", "FAM83D", "FKTN"], "H3K27ac_limb_mm9": ["TOP2A", "LRPAP1", "ENY2", "COX7B", "LXN", "ZRANB2", "BORA", "CERK", "GSTO2", "FKBP14", "STXBP4", "LPCAT1", "LSAMP", "HN1", "HAPLN1", "SLC7A6", "SUMO3", "TACC3", "FKBP7", "CHAC2", "LBR"], "H3K4me3_placenta_mm9": ["SLC46A3", "TSFM", "SLC44A3", "GAS2L3", "SLC47A1", "ZRANB2", "GSTO2", "AGL", "ARHGEF39", "ATP10D", "LPCAT1", "LSAMP", "KIF11", "OLFML2A", "FBXO43", "ELL3", "IGSF9", "CEP70", "EOGT", "SLC38A6", "HMCN1", "ACTRT3"], "H3K27me3_endothelial cell of umbilical vein_hg19": ["ROBO2", "ZCCHC12", "SLC44A3", "RTKN2", "LPAR1", "HTR2C", "GLT8D2", "SLC38A11", "HSD17B6", "OLFML2A", "NUDT5", "APCDD1", "HAPLN1", "PLAC9", "C12ORF56", "RPS6KA6", "AMDHD1", "WIF1", "SLITRK3", "FGF20", "SLC17A6", "NCAM1", "METTL7B", "PRND", "SLC10A4", "PRRX1", "MSX2", "FZD7", "TPBG", "LIN28B", "OLFM3", "CDH12", "LPPR4", "MATN2"], "H3K27me3_GM06990_hg19": ["SLC10A4", "BAMBI", "SYNC"], "H4K20me1_GM12878_hg19": ["SLC10A4", "ZRANB2", "SDF2L1", "HSPA5", "LPAR1", "LRP4", "CGN", "MKI67", "EFNA5", "TM7SF2", "DNAJA1", "UBB", "FGF9", "UBE2S", "BAMBI", "TMSB4X", "SUMO3", "ID1", "MFAP2", "SRSF5"], "H3K79me2_liver_mm9": ["CYB5B", "COX7B", "DDX5", "TMEM183A", "CPSF6", "BORA", "HSPA5", "ANAPC7", "STXBP4", "CGN", "PIGW", "GATAD2B", "GRB14", "MAT2A", "PTTG1", "UBB", "UBE2S", "BAG1", "PSMC2", "SRSF6", "PPID", "B4GALT5"], "H4K20me1_fibroblast of lung_hg19": ["LNP1", "ENY2", "DDX5", "ZRANB2", "PSMD11", "HSPA5", "FKBP14", "MKI67", "GATAD2B", "DNAJA1", "RGS2", "LIN28B", "UBB", "UBE2S", "SUMO3", "MFAP2", "SCN2A", "PPID", "SLC16A4", "SLC25A13"], "H3K27me3_cardiac mesoderm_hg19": ["ROBO2", "ZCCHC12", "SLC44A3", "SLC47A1", "HTR2C", "GLT8D2", "OLFML2A", "EFNA5", "CXXC4", "IGSF9", "HAPLN1", "PLAC9", "C12ORF56", "FGF9", "AMDHD1", "WIF1", "SLITRK3", "FGF20", "SLC17A6", "HMCN1", "JAM2", "WLS", "SLC10A4", "PRRX1", "TPBG", "ELL3", "BACE2", "OLFM3", "CDH12", "MANSC1", "LPPR4", "SYNC", "MATN2"], "H3K79me2_fibroblast of lung_hg19": ["ALG8", "ITPR2", "GSTT1", "FBXO43", "DNAJA1", "BDH2", "TP53I3", "DPY19L3", "TST", "GPR180", "TMSB4X", "ID1", "CEP70", "TMEM35", "SCG5", "TNFAIP8L1", "SPIN2B", "SLC25A21", "CRELD2", "APOBEC3B"], "H3K4me3_megakaryocyte_mm9": ["LRRC34", "SLC44A3", "CCNF", "GLT8D2", "OLFML2A", "FBXO43", "SKA2", "CLEC1A", "GRB14", "CLMN", "COBLL1", "PRND", "CYB5B", "BCHE", "AGL", "PLK1", "CGN", "ELL3", "BDH2", "GPR180", "TMEM237", "BIRC5", "SRSF6", "SLC18B1", "NUCB2"], "H4K20me1_CD14-positive monocyte_hg19": ["PIF1", "METTL2B", "DDX5", "FZD2", "BORA", "UHRF1", "PLK1", "ZBTB42", "CGN", "MKI67", "TOMM40L", "TM7SF2", "PSMA5", "GSTA4", "TST", "TMSB4X", "ID1", "TNFAIP8L1", "KIF20A", "SKP2", "ATPAF1"]}