{"GTGGTGA,MIR-197": ["ETF1"], "AAGGGAT,MIR-188": ["H3F3B"], "GGCACTT,MIR-519E": ["RRM2"], "ATAAGCT,MIR-21": ["SATB1"], "ACTGTAG,MIR-139": ["TSPAN5"], "CAATGCA,MIR-33": ["HADHB"], "AGTTCTC,MIR-146A,MIR-146B": ["IRAK1"], "AGGTGCA,MIR-500": ["PPP2R5E"], "GTGTGAG,MIR-342": ["TFDP2"], "GTGTCAA,MIR-514": ["IGBP1"], "GGTGAAG,MIR-412": ["SATB1"], "GTACAGG,MIR-486": ["H3F3B"], "CTCTAGA,MIR-526C,MIR-518F,MIR-526A": ["H3F3B"], "ATCTTGC,MIR-31": ["UBE2E1"], "GGGATGC,MIR-324-5P": ["RAN"], "GGCACAT,MIR-455": ["ADD3"], "CCTGAGT,MIR-510": ["PPP2R5E"], "ACACTCC,MIR-122A": ["CCNG1"], "TAGGTCA,MIR-192,MIR-215": ["H3F3B"], "ATAGGAA,MIR-202": ["SFPQ"]}