{"MTF2-20144788-MESC-MOUSE": ["CDKN1C", "SLC47A1", "TACSTD2", "RNF6", "NDRG1", "RHOBTB1", "NUDT4", "DPP4", "GHR", "LGALS3", "MAN2A1", "SLC22A18", "UAP1L1", "RPS12", "RAB2A", "KLHDC2", "AMN", "IGFBP4", "TSC22D3", "KRT8", "MT1", "MAPK14", "PER2", "CLDN10", "SLC5A8", "DAB2", "EIF5", "BCL6", "CHPT1", "GAS6", "CDH16", "KCNK1", "HOXB7", "TNFRSF21", "PPIC"], "TFAP2A-17053090-MCF7-human": ["CDKN1C", "PDHA1", "IGFBP4", "TSC22D3", "SLC35E3", "SORD", "KRT8", "EMP1", "RPS27L", "RNF6", "ETFB", "DYNLL1", "CLDN2", "ATP5G2", "AACS", "RPS19", "RPL36AL", "CHORDC1", "WBP5", "SPOP", "VPS35", "RPL38", "GAS6", "SEPHS2"], "TP53-23651856-MEF-MOUSE": ["TMEM45B", "HIST2H2AA2", "RSC1A1", "RPS27L", "PARK7", "A230046K03RIK", "ATP5G2", "CCAR1", "HSD11B1", "GHR", "LAPTM4A", "FAM102A", "NUAK2", "TUBB5", "PTER", "RPS19", "BAG3", "CHORDC1", "SPOP", "HIST1H2AD", "SH3BGRL3", "SEPHS2", "ATP6V1D", "MAP2K3", "TPD52", "PRNP", "RPS7", "ANXA5", "TALDO1", "TBCA", "AIF1L", "GSTZ1", "PTP4A1", "NCEH1", "EIF5", "EIF3L", "CCNG1", "ERP29", "RNF181", "GAS6", "PPIA", "LLGL2"], "STAT3-18555785-MESC-MOUSE": ["MPV17L", "ATP1A1", "FNBP1L", "NUDT4", "FAM134B", "ADH1", "LAPTM4A", "CHORDC1", "RPL38", "ACADM", "IVNS1ABP", "TPD52", "HSPA9", "HSPA8", "XBP1", "H3F3A", "EMP1", "TBCA", "ATP1B1", "CYP7B1", "MAPK14", "RPS26", "MYL6", "RPS29", "KLF9", "VDAC3", "CD9", "SGK1", "FKBP5"], "AR-19668381-PC3-HUMAN": ["ABCD3", "RPLP1", "WASL", "TFCP2L1", "ATP5G2", "WFDC2", "RHOBTB1", "LDHA", "PTER", "CCND1", "OXCT1", "MAN2A1", "EVI5", "HABP2", "PHACTR4", "PDIA3", "TPD52", "HSPA9", "H2AFZ", "TSC22D3", "CYP7B1", "SEPP1", "PER2", "PTP4A1", "CLDN10", "PPM1B", "AGPS", "CD9", "STT3B", "KCNK1", "TNFRSF21"], "STAT3-23295773-U87-HUMAN": ["GGNBP2", "ARL6IP1", "GLDC", "ITPR1", "WASL", "ETFB", "RHOBTB1", "AQP1", "HSD11B1", "EPS8", "GHR", "FAM134B", "LAPTM4A", "SCIN", "OXCT1", "MAN2A1", "PSMB1", "PDPN", "EVI5", "PHACTR4", "RAB2A", "OSBPL9", "NDUFA9", "BTF3", "SSR3", "KRT8", "EMP1", "MAPK14", "LSM4", "BCL6", "REEP5", "COPS2", "BHLHE40", "SELT", "SGK1", "TNFRSF21"], "GATA1-21571218-MEGAKARYOCYTES-HUMAN": ["ERRFI1", "SLC47A1", "ITPR1", "ETFA", "FNBP1L", "AACS", "AQP1", "NUDT4", "GHR", "FAM102A", "CCND1", "WBP5", "RPL35", "ACADM", "HMGN2", "EVI5", "PHACTR4", "OSBPL9", "HSPA9", "HIST1H2AK", "SORD", "ATP1B1", "RABGGTB", "SEPP1", "EEF1A1", "CLDN10", "DAB2", "EIF5", "BOLA3", "BHLHE40", "CCNG1", "KLF9", "SLC25A30", "CHPT1", "SGK1"], "TET1-21490601-MESC-MOUSE": ["ATP1A1", "FNBP1L", "WFDC2", "AACS", "RHOBTB1", "PPP2CB", "FAM134B", "MDK", "PSAP", "NUDT19", "PBK", "PRODH", "TPRN", "PHACTR4", "PDIA3", "TPD52", "RAB2A", "CD164", "AMN", "ANXA5", "TALDO1", "MFSD7C", "NCEH1", "BHLHE40", "KCNK1", "SLC27A2", "ISCU"], "RCOR3-21632747-MESC-MOUSE": ["ERRFI1", "SLC47A1", "ATP5G3", "AACS", "PPP6C", "FAM134B", "FAM102A", "NUAK2", "TUBB5", "CCND1", "UBB", "SLC22A18", "PDPN", "EIF4H", "NUDT19", "SPOP", "SH3BGRL3", "RPL38", "ATP6V1D", "PHACTR4", "TPD52", "RAB2A", "XBP1", "NPM1", "IGFBP4", "H2AFZ", "H3F3A", "SSR3", "NGDN", "MRPS6", "GSTZ1", "PTP4A1", "PPM1B", "RPS29", "CD9", "STRAP", "HDGF", "SGK1", "TNFRSF21", "LY6E", "FKBP5"], "RUNX2-22187159-PCA-HUMAN": ["TMEM45B", "SLC47A1", "ABCD3", "ITPR1", "ATP5G3", "TFCP2L1", "FNBP1L", "NDRG1", "AACS", "NUDT4", "HSD11B1", "GHR", "LAPTM4A", "NUAK2", "BAG3", "RPL38", "S100A11", "IVNS1ABP", "TPD52", "RAB2A", "OSBPL9", "ANXA5", "LSM4", "GSTZ1", "NCEH1", "BCL6", "HAT1", "ERP29", "RLIM", "CD9", "STT3B", "CLPTM1L", "SGK1", "PPIA", "TNFRSF21", "FKBP5"], "SOX2-21211035-LN229_GBM-HUMAN": ["RPLP1", "TACSTD2", "ATP5C1", "RNF6", "PARK7", "TFCP2L1", "GHR", "SERP1", "CCND1", "GM2A", "UBB", "MAN2A1", "CHORDC1", "SOSTDC1", "UGT3A1", "HMGN2", "EVI5", "MAP2K3", "IVNS1ABP", "TPD52", "BTF3", "HSPA9", "SLC13A2", "XBP1", "NPM1", "PDHA1", "SLC15A2", "GUCA2B", "EMP1", "ATP1B1", "MRPS6", "RPS29", "BOLA3", "HAT1", "CCNG1", "KLF9", "LCN2", "ACO2", "KCNK1", "LGMN", "FKBP5", "PPIC"], "HOXA2-22223247-E11.5 EMBRYO-MOUSE": ["NGDN"], "TCF4-23295773-U87-HUMAN": ["ERRFI1", "ST6GALNAC2", "GLDC", "YBX1", "WASL", "TFCP2L1", "ATP5G2", "GHR", "FAM102A", "CCND1", "LAMP1", "VPS35", "PHACTR4", "RPS12", "TPD52", "ATP6V0B", "WSB2", "SLC30A5", "ANXA5", "ATP1B1", "PPM1B", "SGK1", "SMPDL3A", "PPIA", "LLGL2", "SLC47A1", "ITPR1", "TACSTD2", "GSPT1", "HSP90B1", "PSMB1", "EVI5", "CD164", "H3F3A", "SLC35E3", "GUCA2B", "TBCA", "AIF1L", "PER2", "REEP5", "EIF3L", "LCN2", "CD9", "STT3B", "ACO2", "FAM98A", "SELT", "KCNK1", "LGMN"], "SMAD4-21799915-A2780-HUMAN": ["GLDC", "ITPR1", "TACSTD2", "ETFA", "ATP1A1", "NDRG1", "PPP2CA", "HSD11B1", "FAM134B", "NUAK2", "SCIN", "OXCT1", "MAN2A1", "ATP6V1D", "S100A11", "MAP2K3", "SLC30A5", "ANXA5", "TBCA", "ATP1B1", "CYP7B1", "PTP4A1", "EIF5", "RPS29", "EIF3L", "BHLHE40", "SGK1"], "SCL-21571218-MEGAKARYOCYTES-HUMAN": ["MAP2K3", "RPS9", "ACY3", "TSC22D3", "NGDN", "ITPR1", "FNBP1L", "LSM4", "HSD11B1", "CLDN10", "SLC5A8", "DAB2", "NCEH1", "BHLHE40", "MKNK2", "CCNG1", "KLF9", "PLEKHM2", "CD9"], "GATA1-22025678-K562-HUMAN": ["IVNS1ABP"], "SUZ12-20075857-MESC-MOUSE": ["CDKN1C", "TMEM45B", "SLC47A1", "MPV17L", "TACSTD2", "NDRG1", "RHOBTB1", "DPP4", "GHR", "LGALS3", "NUAK2", "SCIN", "MAN2A1", "UAP1L1", "CTSH", "SOSTDC1", "KLHDC2", "AMN", "IGFBP4", "TSC22D3", "KRT8", "CYP7B1", "AIF1L", "PER2", "MFSD7C", "SLC5A8", "DAB2", "NCEH1", "EIF5", "BCL6", "BHLHE40", "PLEKHM2", "CHPT1", "GAS6", "KCNK1", "SGK1", "SLC27A2", "SMPDL3A", "HOXB7", "TNFRSF21"], "PPARD-21283829-MYOFIBROBLAST-HUMAN": ["ERRFI1", "VCP", "ABCD3", "ST6GALNAC2", "MPV17L", "ITPR1", "RPS27L", "DBI", "ETFA", "ATP5G3", "AACS", "RHOBTB1", "PPP6C", "CCND1", "OXCT1", "UAP1L1", "CHORDC1", "WBP5", "HMOX1", "SOSTDC1", "RPL38", "ACADM", "SEC11A", "PRNP", "AMN", "SLC15A2", "IGFBP4", "SSR3", "TALDO1", "MRPS6", "AIF1L", "CLDN10", "PPM1B", "NCEH1", "BCL6", "BOLA3", "BHLHE40", "KLF9", "HDGF", "STT3B", "CLPTM1L", "SELT", "SGK1", "TNFRSF21", "LLGL2", "GRINA"], "FOXP1-22492998-STRATIUM-MOUSE": ["RPL36AL"], "TP63-17297297-HaCaT-human": ["CDKN1C"]}