{"NR2C2 (human)": ["UGT3A1"], "SP4 (human)": ["CCND1"], "Tal1::Gata1 (mouse)": ["GM2A"], "Zfx (mouse)": ["MDK", "SEPP1"], "GABPA (mouse)": ["FAM102A"], "NFYB (human)": ["EDF1"], "NFIL3 (human)": ["GUCA2B"], "SOX9 (human)": ["TFCP2L1", "CLDN2"], "SOX2 (human)": ["SSR3"], "NR4A2 (human)": ["EIF4H"], "VDR (human)": ["PRR13"], "IRF7 (human)": ["GGNBP2"], "MYOD1 (human)": ["RPS19", "UGT3A2"], "MAFB (human)": ["GTPBP4"], "Hand1::Tcfe2a (mouse)": ["RABGGTB", "NUDT4"], "SMAD3 (mouse)": ["RPS27L", "SMPDL3A"], "NFATC2 (human)": ["LGALS3", "SMPDL3A"], "MIR210 (human)": ["CDKN1C", "MKNK2"], "FOXM1 (human)": ["SLC5A8"], "NME2 (human)": ["HOXB7"]}