{"H3K27me3 Brain Inferior Temporal Lobe": ["HIST1H2AH", "SLC22A18"], "H3K4me1 Duodenum Mucosa": ["ACY3", "ST6GALNAC2", "SOWAHB", "GLDC", "DBI", "ETFA", "FNBP1L", "CLDN2", "CCAR1", "GHR", "FAM134B", "TUBA1B", "SERP1", "PSMD4", "CCND1", "GM2A", "RPL36AL", "CHORDC1", "PBK", "SOSTDC1", "ACADM", "HMGN2", "TPRN", "PHACTR4", "MAP2K3", "ATP6V0B", "HIST1H2AK", "NGDN", "CYP7B1", "DYNLL1", "GTPBP4", "PTP4A1", "ERP29", "FKBP4", "SLC25A5", "SGK1", "CRK", "PPIA", "LLGL2", "LY6E", "FKBP5", "POMP", "RNF6", "AK4", "UQCR10", "DNAJB1", "HSPH1", "SCIN", "OXCT1", "S100A11", "PDHA1", "NR1H4", "CCT6A", "TMEM234", "SLC25A39", "COPS2", "CCNG1", "LCN2", "PLEKHM2", "LGMN"], "H3K4me3 Duodenum Mucosa": ["ERRFI1", "GLDC", "ATP5C1", "PARK7", "FNBP1L", "RPL9", "AQP1", "CCAR1", "FAM134B", "PSMD4", "CCND1", "HMGN2", "SEPHS2", "RPS12", "IAH1", "SLC30A5", "HIST1H2AK", "NGDN", "KRT8", "GTPBP4", "BOLA3", "HAT1", "ERP29", "VDAC3", "FKBP4", "PPIA", "LY6E", "FKBP5", "PPIC", "ITPR1", "TACSTD2", "AK4", "RHOBTB1", "DPP7", "HSPH1", "HMOX1", "ATP6V1D", "OSBPL9", "KLHDC2", "BTF3", "HSPA9", "PRNP", "PDHA1", "SLC35E3", "AIF1L", "CCT6A", "RPS26", "TMEM234", "NCEH1", "EIF5", "REEP5", "COPS2", "LCN2", "PLEKHM2", "CLPTM1L", "ACO2", "SELT", "LGMN", "ST6GALNAC2", "SOWAHB", "RPLP1", "DBI", "ETFA", "ATP5G3", "TFCP2L1", "ATP5G2", "WFDC2", "AACS", "HIST2H2AC", "GHR", "MRPL42", "TUBA1B", "SERP1", "GM2A", "SLC22A18", "PBK", "SOSTDC1", "ACADM", "TPRN", "PHACTR4", "AMN", "TSC22D3", "ANXA5", "SORD", "EMP1", "EDF1", "CYP7B1", "MRPS6", "PSMA4", "STRAP", "SLC25A5", "SGK1", "CSTB", "SLC47A1", "POMP", "RPS27L", "UQCR10", "OXCT1", "PSMB1", "PDPN", "WBP5", "SEC11A", "NDUFA9", "NDUFA2", "NR1H4", "GUCA2B", "APOC3", "ATOX1", "SLC25A39", "EIF3L", "RLIM", "SLC25A30", "FAM98A"], "H3K36me3 Mobilized CD34 Primary Cells": ["RPL36AL"], "H3K9me3 Penis Foreskin Fibroblast Primary Cells": ["TMEM45B"], "H3K27me3 Neurosphere Cultured Cells Cortex Derived": ["SCIN", "CTSH", "KCNK1", "RHOBTB1", "LLGL2"], "H3K36me3 Duodenum Mucosa": ["CD164"], "H3K9ac Bone Marrow Derived Mesenchymal Stem Cell Cultured Cells": ["ABCD3", "DBI", "ETFA", "ETFB", "FNBP1L", "ATP5G2", "AACS", "HIST2H2AC", "CCAR1", "GHR", "LGALS3", "MRPL42", "SERP1", "PTER", "PSMD4", "GM2A", "RPL36AL", "CHORDC1", "NUDT19", "PBK", "VPS35", "ACADM", "HMGN2", "SEPHS2", "WSB2", "TSC22D3", "SLC30A5", "HIST1H2AK", "NGDN", "SORD", "KRT8", "AKR1A1", "TALDO1", "EDF1", "CYP7B1", "SEPP1", "GTPBP4", "EEF1A1", "BDH2", "PSMA4", "BOLA3", "AGPS", "HAT1", "ERP29", "STRAP", "FKBP4", "SLC25A5", "SGK1", "SMPDL3A", "CRK", "HOXB7", "TNFRSF21", "LY6E", "PRR13", "PPIC", "CSTB", "POMP", "ITPR1", "RNF6", "UQCR10", "HSPH1", "SCIN", "UBB", "OXCT1", "UAP1L1", "SEC11A", "NDUFA9", "KLHDC2", "PRNP", "PDHA1", "H3F3A", "SLC35E3", "NDUFA2", "TBCA", "TMEM234", "SLC25A39", "NCEH1", "RPS29", "COPS2", "RLIM", "SLC25A30", "CD9", "CHPT1", "CLPTM1L", "ACO2", "KCNK1", "LGMN"], "H3K9me3 Fetal Lung": ["SEPHS2"], "H3K4me3 Mesenchymal Stem Cell Derived Adipocyte Cultured Cells": ["ARL6IP1", "GLDC", "MPV17L", "ATP5C1", "CIB1", "FNBP1L", "CCAR1", "NUDT4", "PSMD4", "CCND1", "RPL36AL", "NUDT19", "RPL35", "VPS35", "HMGN2", "SEPHS2", "RPS12", "TPD52", "IAH1", "WSB2", "HIST1H2AI", "HIST1H2AH", "SLC30A5", "HIST1H2AK", "NGDN", "KRT8", "GTPBP4", "EEF1A1", "SLC5A8", "BOLA3", "HAT1", "ERP29", "VDAC3", "FKBP4", "SLC27A2", "ISCU", "LY6E", "FKBP5", "PPIC", "ITPR1", "DPP7", "SCIN", "UAP1L1", "PRODH", "ATP6V1D", "IVNS1ABP", "BTF3", "HSPA9", "CD164", "PDHA1", "H3F3A", "AIF1L", "CCT6A", "RPS26", "TMEM234", "NCEH1", "EIF5", "REEP5", "COPS2", "STT3B", "CLPTM1L", "ACO2", "LGMN", "CDKN1C", "ABCD3", "ST6GALNAC2", "SOWAHB", "RPLP1", "DBI", "ETFB", "TFCP2L1", "ATP5G2", "WFDC2", "AACS", "HIST2H2AC", "TUBA1B", "FAM102A", "SERP1", "GM2A", "MDK", "PBK", "CTSH", "SOSTDC1", "SH3BGRL3", "PHACTR4", "AMN", "TSC22D3", "SORD", "AKR1A1", "EDF1", "BDH2", "SLC25A5", "SGK1", "CSTB", "SLC47A1", "POMP", "RNF6", "UQCR10", "OXCT1", "PSMB1", "PDPN", "WBP5", "SEC11A", "NDUFA9", "NDUFA2", "MAPK14", "ATOX1", "GSTZ1", "PER2", "SLC25A39", "EIF3L", "SLC25A30", "CD9", "CHPT1", "FAM98A", "AGRN", "KCNK1"], "H3K4me3 Penis Foreskin Fibroblast Primary Cells": ["RNF11", "ABCD3", "ST6GALNAC2", "SOWAHB", "GLDC", "MPV17L", "DBI", "ETFA", "ETFB", "TFCP2L1", "WFDC2", "HIST2H2AC", "GHR", "FAM134B", "MRPL42", "SERP1", "PTER", "PSMD4", "GM2A", "PBK", "CTSH", "SOSTDC1", "VPS35", "ACADM", "HMGN2", "SEPHS2", "PHACTR4", "TPD52", "IAH1", "WSB2", "TSC22D3", "NGDN", "SORD", "KRT8", "CYP7B1", "SEPP1", "GTPBP4", "EEF1A1", "SLC5A8", "PPM1B", "BDH2", "BOLA3", "AGPS", "HAT1", "ERP29", "VDAC3", "FKBP4", "SLC25A5", "SGK1", "SLC27A2", "ISCU", "TNFRSF21", "LLGL2", "FKBP5", "PPIC", "CSTB", "POMP", "ITPR1", "RNF6", "UQCR10", "RHOBTB1", "HSPH1", "SCIN", "UBB", "OXCT1", "UAP1L1", "PDPN", "WBP5", "PRODH", "ATP6V1D", "NDUFA9", "KLHDC2", "PRNP", "PDHA1", "MAPK14", "ATOX1", "AIF1L", "PER2", "CCT6A", "COPS2", "RLIM", "PLEKHM2", "STT3B", "CLPTM1L", "FAM98A", "SELT", "KCNK1", "LGMN", "GRINA"], "H3K4me3 Adult Kidney": ["ARL6IP1", "RPL9", "CCAR1", "FAM134B", "LAPTM4A", "PSMD4", "RPS19", "CCND1", "NUDT19", "RPL35", "VPS35", "HMGN2", "SEPHS2", "HABP2", "RPS12", "IAH1", "SLC15A2", "WSB2", "HIST1H2AH", "SLC30A5", "HIST1H2AK", "NGDN", "KRT8", "TALDO1", "GTPBP4", "SLC5A8", "BOLA3", "HAT1", "VDAC3", "PPIA", "LLGL2", "LY6E", "FKBP5", "PPIC", "ITPR1", "DPP7", "HSPH1", "UAP1L1", "UGT3A2", "ATP6V1D", "BTF3", "HSPA9", "NAPSA", "PDHA1", "H3F3A", "SLC35E3", "ARPC5", "CCT6A", "RPS26", "TMEM234", "REEP5", "COPS2", "PLEKHM2", "CLPTM1L", "ACO2", "SELT", "LGMN", "TMEM45B", "ACY3", "ST6GALNAC2", "SOWAHB", "ETFA", "ATP5G3", "ETFB", "ATP5G2", "WFDC2", "AACS", "HIST2H2AC", "GHR", "MRPL42", "TUBA1B", "SERP1", "GM2A", "MDK", "PBK", "ACADM", "TPRN", "PHACTR4", "AMN", "TSC22D3", "ANXA5", "EDF1", "CYP7B1", "DYNLL1", "PSMA4", "STRAP", "SLC25A5", "SGK1", "CSTB", "SLC47A1", "POMP", "RPS27L", "RNF6", "UQCR10", "OXCT1", "PSMB1", "SPP1", "WBP5", "SEC11A", "NDUFA9", "NDUFA2", "NR1H4", "PER2", "SLC25A39", "RLIM", "KCNK1"], "H3K36me3 CD4+ CD25- IL17+ PMA-Ionomcyin stimulated Th17 Primary Cells": ["BTF3"], "H3K4me1 CD4+ CD25- IL17+ PMA-Ionomcyin stimulated Th17 Primary Cells": ["TMEM45B", "ERRFI1", "ST6GALNAC2", "ARL6IP1", "SOWAHB", "GLDC", "ITPR1", "DBI", "AK4", "UQCR10", "FNBP1L", "RPL9", "WFDC2", "AACS", "EPS8", "SCIN", "GM2A", "MDK", "RPL36AL", "PBK", "VPS35", "RPL37", "ATP6V0B", "PDHA1", "TSC22D3", "SLC35E3", "NGDN", "SORD", "UTP11L", "ATP1B1", "GSTZ1", "CCT6A", "RPS26", "TMEM234", "NCEH1", "CCNG1", "CD9", "ACO2", "GAS6", "SLC25A5", "SGK1", "ISCU", "TNFRSF21", "PPIC"], "H3K4me3 Bone Marrow Derived Mesenchymal Stem Cell Cultured Cells": ["ARL6IP1", "MPV17L", "ATP5C1", "CIB1", "FNBP1L", "CCAR1", "FAM134B", "PSMD4", "CCND1", "RPL36AL", "CHORDC1", "NUDT19", "VPS35", "HMGN2", "SEPHS2", "RPS12", "PDIA3", "TPD52", "IAH1", "WSB2", "HIST1H2AH", "SLC30A5", "HIST1H2AK", "NGDN", "SEPP1", "GTPBP4", "SLC5A8", "BOLA3", "HAT1", "ERP29", "FKBP4", "SLC27A2", "HOXB7", "ISCU", "LLGL2", "PRR13", "PPIC", "ITPR1", "NDRG1", "RHOBTB1", "HSP90B1", "DPP4", "DPP7", "HSPH1", "HSPA9", "PDHA1", "SLC35E3", "AIF1L", "RPS26", "TMEM234", "EIF5", "REEP5", "COPS2", "STT3B", "CLPTM1L", "ACO2", "SELT", "LGMN", "ACY3", "ABCD3", "ST6GALNAC2", "SOWAHB", "RPLP1", "DBI", "ETFA", "ATP5G3", "ETFB", "TFCP2L1", "ATP5G2", "WFDC2", "AACS", "HIST2H2AC", "GHR", "MRPL42", "TUBA1B", "SERP1", "PTER", "GM2A", "MDK", "PBK", "CTSH", "SOSTDC1", "SH3BGRL3", "PHACTR4", "AMN", "TSC22D3", "SORD", "EDF1", "CYP7B1", "DYNLL1", "AGPS", "STRAP", "SLC25A5", "SGK1", "CSTB", "RNF6", "UQCR10", "OXCT1", "PSMB1", "PDPN", "EIF4H", "WBP5", "NDUFA9", "NDUFA2", "ATOX1", "GSTZ1", "SLC25A39", "SLC25A30", "CD9", "CHPT1", "KCNK1"], "H3K9me3 Neurosphere Cultured Cells Ganglionic Eminence Derived": ["MORF4L2"], "H3K9me3 CD4 Memory Primary Cells": ["MAN2A1"], "H3K4me3 Duodenum Smooth Muscle": ["GLDC", "MPV17L", "FNBP1L", "RPL9", "CCAR1", "FAM134B", "PSMD4", "CHORDC1", "RPL35", "VPS35", "RPL38", "HMGN2", "SEPHS2", "RPS12", "IAH1", "HIST1H2AI", "HIST1H2AH", "SLC30A5", "HIST1H2AK", "NGDN", "KRT8", "TALDO1", "ATP1B1", "GTPBP4", "BOLA3", "HAT1", "ERP29", "VDAC3", "SLC27A2", "HOXB7", "LLGL2", "LY6E", "FKBP5", "PPIC", "TACSTD2", "HSPH1", "UAP1L1", "ATP6V1D", "KLHDC2", "HSPA9", "PDHA1", "H3F3A", "SLC35E3", "AIF1L", "CCT6A", "RPS26", "TMEM234", "NCEH1", "COPS2", "PLEKHM2", "CLPTM1L", "ACO2", "LGMN", "ACY3", "ST6GALNAC2", "SOWAHB", "DBI", "ETFA", "ATP5G3", "WASL", "ETFB", "ATP5G2", "WFDC2", "AACS", "HIST2H2AC", "MRPL42", "TUBA1B", "SERP1", "PTER", "GM2A", "PBK", "CTSH", "SOSTDC1", "SH3BGRL3", "ACADM", "AMN", "TSC22D3", "SORD", "EDF1", "CYP7B1", "DYNLL1", "PPM1B", "SLC25A5", "SGK1", "CSTB", "SLC47A1", "POMP", "RNF6", "UQCR10", "PSMB1", "WBP5", "SEC11A", "NDUFA9", "NDUFA2", "GSTZ1", "PER2", "SLC25A39", "RLIM", "SLC25A30", "FAM98A"], "H3K4me1 Adipose Derived Mesenchymal Stem Cell Cultured Cells": ["RNF11", "ARL6IP1", "GLDC", "RPLP1", "DBI", "CIB1", "ETFA", "TFCP2L1", "ATP5G2", "WFDC2", "AACS", "AQP1", "HERPUD1", "EPS8", "GHR", "PPP6C", "LAPTM4A", "TUBA1B", "PTER", "SLC22A18", "CHORDC1", "NUDT19", "SOSTDC1", "HIST1H2AD", "SEPHS2", "PHACTR4", "ATP6V0B", "SLC15A2", "NGDN", "SORD", "EDF1", "DYNLL1", "SEPP1", "PTP4A1", "SLC5A8", "PSMA4", "BOLA3", "AGPS", "VDAC3", "SGK1", "SLC27A2", "SMPDL3A", "PRR13", "FKBP5", "PPIC", "VCP", "ITPR1", "RNF6", "GSPT1", "ATP5B", "OXCT1", "MKNK2", "SPP1", "ATP6V1D", "NDUFA9", "PRNP", "PDHA1", "SLC35E3", "NDUFA2", "APOC3", "LSM4", "ATOX1", "AIF1L", "CCT6A", "TMEM234", "NCEH1", "REEP5", "CCNG1", "CD9", "CLPTM1L", "HNRNPC", "ACO2", "FAM98A"], "H3K4me1 Adult Liver": ["ST6GALNAC2", "SOWAHB", "POMP", "ITPR1", "TACSTD2", "RPS27L", "UQCR10", "WFDC2", "AACS", "FAM134B", "TUBA1B", "HSPH1", "SCIN", "CCND1", "MDK", "OXCT1", "PBK", "HMGN2", "SEPHS2", "RPS12", "BTF3", "SLC13A2", "RPS9", "SLC15A2", "TSC22D3", "GUCA2B", "GTPBP4", "AIF1L", "GSTZ1", "CCT6A", "RPS26", "MYL6", "TMEM234", "NCEH1", "BOLA3", "CCNG1", "LCN2", "CHPT1", "SGK1", "LGMN", "LY6E", "GRINA", "FKBP5"]}