{"CCACACA,MIR-147": ["ATP1A1"], "GTCAGGA,MIR-378": ["KLF9"], "CTCTAGA,MIR-526C,MIR-518F,MIR-526A": ["CD9"], "CAGGTCC,MIR-492": ["PURB"], "AATGGAG,MIR-136": ["PURB"], "GGTGAAG,MIR-412": ["BCL6"], "AGTTCTC,MIR-146A,MIR-146B": ["IVNS1ABP"], "CAGTCAC,MIR-134": ["SLC25A5"], "GGCAGAC,MIR-346": ["BCL6"], "GTCAACC,MIR-380-5P": ["HMGN2"], "GTACAGG,MIR-486": ["DYNLL1"], "CTCTATG,MIR-368": ["RNF11"], "CCCACAT,MIR-299-3P": ["CD164"], "TAGAACC,MIR-182": ["RNF6"], "ATGCACG,MIR-517B": ["MORF4L2"], "TCTGATC,MIR-383": ["IVNS1ABP"], "ACATATC,MIR-190": ["ARPC5"], "CTAGGAA,MIR-384": ["HDGF"], "CGCTGCT,MIR-503": ["CCND1"], "GGCACAT,MIR-455": ["SERP1"]}