{"GABPA_HL-60_hg19": ["POMP", "ATP5C1", "RNF6", "YBX1", "GSPT1", "HSP90B1", "PURB", "PPP6C", "ATP5B", "SERP1", "PSMD4", "RPS19", "RPL36AL", "PSMB1", "PCBP2", "RPL35", "RPL38", "RPL37", "SEPHS2", "SEC11A", "ATP6V1D", "KLHDC2", "BTF3", "RPS7", "SSR3", "SLC35E3", "NGDN", "NDUFA2", "UTP11L", "GTPBP4", "RPS26", "TMEM234", "EIF3L", "COPS2", "HAT1", "STRAP", "CLPTM1L", "HNRNPC", "ACO2", "CRK"], "CCNT2_K562_hg19": ["ARL6IP1", "PARK7", "WASL", "RPL9", "PPP2CB", "PTER", "GM2A", "UBB", "PSMB1", "PBK", "CTSH", "VPS35", "RPL37", "PDIA3", "CD164", "SLC35E3", "SORD", "AKR1A1", "LSM4", "CCT6A", "TMEM234", "BOLA3", "AGPS", "HAT1", "RLIM", "FAM98A", "SELT", "KCNK1", "ISCU"], "CTCF_lung_hg19": ["CDKN1C", "ERRFI1", "ITPR1", "RNF6", "ETFA", "RPL9", "RPS4X", "PPP6C", "HSPH1", "CCND1", "MAN2A1", "HMOX1", "SH3BGRL3", "KLHDC2", "PRNP", "SLC13A2", "RPS7", "H3F3A", "NGDN", "DYNLL1", "MYL6", "SLC25A39", "NCEH1", "EIF3L", "AGPS", "CCNG1", "TAGLN2", "HNRNPC", "ACO2", "SLC27A2"], "POLR2AphosphoS2_HeLa-S3_hg19": ["RNF11", "MPV17L", "RPS27L", "DBI", "PARK7", "YBX1", "UQCR10", "FNBP1L", "HIST2H2AC", "PURB", "PSMD4", "LAMP1", "UBB", "BAG3", "EIF4H", "PBK", "HIST1H2AD", "PRSS8", "ATP6V1D", "TSC22D3", "H3F3A", "SSR3", "ATPIF1", "TALDO1", "ATOX1", "EIF3L", "LCN2", "HNRNPC", "AGRN"], "CTCF_fibroblast of villous mesenchyme_hg19": ["ST6GALNAC2", "PARK7", "RPS4X", "PPP6C", "PPP2CB", "MRPL42", "RPS19", "MKNK2", "SH3BGRL3", "RPL38", "ATP6V1D", "KLHDC2", "ATP6V0B", "TSC22D3", "SLC30A5", "ANXA5", "TALDO1", "DYNLL1", "MAPK14", "GSTZ1", "RPS26", "DAB2", "NCEH1", "BDH2", "REEP5", "BOLA3", "MORF4L2", "AGPS", "ERP29", "SELT", "SGK1", "SLC27A2", "TNFRSF21"], "POLR2A_MCF 10A_hg19": ["ITPR1", "DBI", "RNF6", "ATP5G3", "UQCR10", "TFCP2L1", "FNBP1L", "NDRG1", "AACS", "HIST2H2AC", "CCAR1", "PPP2CB", "DNAJB1", "NUAK2", "DPP7", "SERP1", "HSPH1", "BAG3", "PSAP", "MKNK2", "HMOX1", "HMGN2", "HSPA8", "PDHA1", "HIST1H2AI", "HIST1H2AK", "ATPIF1", "TALDO1", "LSM4", "MRPS6", "GTPBP4", "DAB2", "TMEM234", "NCEH1", "COPS2", "ERP29", "SLC25A30", "RNF181", "STRAP", "LGMN", "GRINA", "PPIC"], "TCF12_MCF-7_hg19": ["EPS8", "FKBP4"], "POLR2A_HeLa-S3_hg19": ["CDKN1C", "RNF11", "ABCD3", "ST6GALNAC2", "DBI", "ETFA", "PARK7", "YBX1", "FNBP1L", "PPP6C", "PSMD4", "PBK", "ACADM", "TPRN", "TPD52", "IAH1", "HIST1H2AI", "HIST1H2AK", "ATPIF1", "NGDN", "AKR1A1", "TALDO1", "EDF1", "MRPS6", "GTPBP4", "PPM1B", "BDH2", "PSMA4", "AGPS", "GAS6", "CRK", "ISCU", "PRR13", "PPIC", "CSTB", "RPS27L", "UQCR10", "NDRG1", "HSP90B1", "PURB", "PPP2CB", "NUAK2", "HSPH1", "PSAP", "MKNK2", "WBP5", "ATP6V1D", "CDR2", "BTF3", "PDHA1", "H3F3A", "ATOX1", "GSTZ1", "CCT6A", "EIF3L", "COPS2", "PLEKHM2", "KCNK1"], "CUX1_GM12878_hg19": ["VCP", "POMP", "SRSF1", "ATP5C1", "WASL", "LDHA", "PSMD4", "RPS19", "LAMP1", "GM2A", "PSAP", "HMOX1", "SH3BGRL3", "RPL37", "ATP6V1D", "H2AFZ", "NGDN", "ARPC5", "TBCA", "RABGGTB", "LSM4", "CCT6A", "NCEH1", "PSMA4", "BCL6", "COPS2", "MORF4L2", "RNF181", "TAGLN2", "CRK"], "RAD21_IMR-90_hg19": ["ERRFI1", "ARL6IP1", "PARK7", "AACS", "RPS4X", "LAPTM4A", "TUBA1B", "BAG3", "RPL36AL", "MKNK2", "SH3BGRL3", "ATP6V1D", "PDIA3", "TSC22D3", "SLC30A5", "ANXA5", "NDUFA2", "KRT8", "EDF1", "DYNLL1", "MAPK14", "CCT6A", "EEF1A1", "RPS26", "SLC25A39", "BDH2", "REEP5", "SLC25A30", "SLC27A2", "CRK"], "SUPT20H_HeLa-S3_hg19": ["EEF1A1", "CCND1", "LAMP1", "NGDN"], "EP300_MCF-7_hg19": ["EPS8", "CCND1", "CHPT1", "FKBP4", "LY6E"], "GABPA_MEL cell line_mm9": ["BOLA3", "ATPIF1", "TALDO1"], "RFX5_H1-hESC_hg19": ["VCP", "ARL6IP1", "RNF6", "ETFA", "ATP1A1", "RPL9", "PPP2CA", "EPS8", "GHR", "MRPL42", "NUAK2", "PTER", "UBB", "MKNK2", "RPL35", "RPL37", "XBP1", "SLC30A5", "NGDN", "AKR1A1", "RABGGTB", "DYNLL1", "CCT6A", "EEF1A1", "MYL6", "BCL6", "RPS29", "HAT1", "RLIM", "FAM98A"], "POLR2A_HGPS cell_hg19": ["CSTB", "SLC47A1", "CIB1", "PARK7", "WASL", "PPP6C", "FAM134B", "DPP7", "SCIN", "LAMP1", "RPL36AL", "MKNK2", "WBP5", "PBK", "HSPA9", "PDHA1", "ATPIF1", "NGDN", "EDF1", "RABGGTB", "ATOX1", "CCT6A", "EIF3L", "VDAC3", "PLEKHM2", "STRAP", "HOXB7", "ISCU", "PRR13"], "FOXM1_MCF-7_hg19": ["EPS8", "PPM1B", "ARL6IP1", "HSP90B1"], "ESRRA_HepG2_hg19": ["ATP5G3", "PPIA", "TPRN"], "FOXP2_PFSK-1_hg19": ["PDIA3", "RLIM", "SPOP", "KRT8", "LSM4"], "CTCF_kidney_hg19": ["GLDC", "RPS4X", "PPP6C", "MRPL42", "SERP1", "HSPH1", "PSMD4", "RPS19", "SPP1", "SH3BGRL3", "PHACTR4", "NDUFA9", "KLHDC2", "ATP6V0B", "RPS7", "IGFBP4", "H3F3A", "SSR3", "DYNLL1", "MYL6", "SLC25A39", "NCEH1", "REEP5", "RPS29", "COPS2", "AGPS", "CCNG1", "ACO2", "SLC27A2"], "CTCF_GM10248_hg19": ["RPS4X", "PPP6C", "PPP2CB", "HSPH1", "CCND1", "MAN2A1", "MKNK2", "HMOX1", "SH3BGRL3", "RPL38", "KLHDC2", "ATP6V0B", "TSC22D3", "SLC30A5", "H3F3A", "TALDO1", "TBCA", "CYP7B1", "DYNLL1", "GTPBP4", "GSTZ1", "DAB2", "NCEH1", "BDH2", "REEP5", "BOLA3", "MORF4L2", "SLC27A2", "TNFRSF21"]}