{"H4K20me1_CD14-positive monocyte_hg19": ["CDKN1C", "PDHA1", "ARL6IP1", "SLC30A5", "AKR1A1", "ATP5C1", "DBI", "EDF1", "UTP11L", "LSM4", "GTPBP4", "CCT6A", "FAM102A", "DPP7", "GM2A", "BAG3", "NUDT19", "RNF181", "RPS2", "HMGN2", "CDR2"], "H3K4me3_GM12875_hg19": ["PDIA3", "CDKN1C", "RPS9", "IAH1", "ST6GALNAC2", "RPLP1", "SORD", "YBX1", "FNBP1L", "EPS8", "PPP6C", "PPP2CB", "TMEM234", "SCIN", "RPS19", "BCL6", "OXCT1", "EIF3L", "UAP1L1", "SH3BGRL3", "FKBP4", "TNFRSF21", "TPRN"], "H3K79me2_skeletal muscle myoblast_hg19": ["HSPA8", "CSTB", "HIST1H2AK", "IGIP", "SORD", "AKR1A1", "DBI", "CIB1", "ETFB", "UQCR10", "AACS", "PER2", "RPS26", "TUBA1B", "TMEM234", "SLC25A39", "PTER", "BOLA3", "WBP5", "CLPTM1L", "PRR13", "FKBP5"], "H3K27me3_GM12878_hg19": ["CDKN1C", "TMEM45B", "SLC47A1", "ST6GALNAC2", "SOWAHB", "AK4", "ATP1A1", "TFCP2L1", "FNBP1L", "RHOBTB1", "EPS8", "GHR", "FAM134B", "SCIN", "CCND1", "MDK", "SOSTDC1", "UGT3A2", "PRODH", "EVI5", "AMN", "G6PC", "IGFBP4", "ATP1B1", "AIF1L", "DAB2", "LCN2", "AGRN", "GAS6", "SGK1", "SMPDL3A", "TNFRSF21", "LLGL2", "LGMN"], "H3K27me3_brain_mm9": ["TPD52", "TMEM45B", "PDHA1", "ANXA5", "KRT8", "AK4", "ATP1A1", "TFCP2L1", "ATP1B1", "NDRG1", "AIF1L", "MFSD7C", "LGALS3", "FAM134B", "SLC5A8", "BAG3", "MAN2A1", "PDPN", "SLC25A30", "CHPT1", "PRODH", "S100A11", "CDR2", "PPIC"], "H3K4me3_heart_mm9": ["BC031181", "ACY3", "GGNBP2", "MPV17L", "SRSF1", "ATP5G2", "PPP6C", "MRPL42", "NUAK2", "DPP7", "SCIN", "PSMB1", "UAP1L1", "PBK", "SEPHS2", "SEC11A", "HSPA8", "ATP6V0B", "RPS9", "PDHA1", "HIST1H2AH", "SSR3", "SLC35E3", "SORD", "UTP11L", "SEPP1", "ATOX1", "GTPBP4", "AIF1L", "MYL6", "BOLA3", "SGK1", "HOXB7", "TNFRSF21", "PRR13", "PPIC"], "H3K4me3_H1-hESC_hg19": ["MAP2K3", "IAH1", "SLC15A2", "POMP", "ITPR1", "PARK7", "UQCR10", "ATP1B1", "CYP7B1", "NDRG1", "RHOBTB1", "HIST2H2AC", "HSP90B1", "SLC25A39", "PTER", "EIF3L", "ERP29", "RNF181", "HMGN2", "TPRN", "LLGL2"], "H3K4me1_G1E_mm9": ["RSC1A1", "ACY3", "ETFA", "TFCP2L1", "NDRG1", "DPP4", "LAPTM4A", "CCND1", "BAG3", "OXCT1", "PRPS1L3", "OSBPL9", "PRNP", "ATP6V0B", "IGFBP4", "HIST1H2AH", "TSC22D3", "HIST1H2AP", "AIF1L", "GSTZ1", "MFSD7C", "BDH2", "METTL7A2", "LCN2", "SLC25A30", "FAM98A", "SGK1"], "H3K79me2_keratinocyte_hg19": ["HSPA8", "HIST1H2AK", "SLC35E3", "IGIP", "SORD", "KRT8", "RPS27L", "DBI", "ETFB", "UQCR10", "RPL9", "HIST2H2AC", "TUBA1B", "PTER", "BOLA3", "MORF4L2", "WBP5", "RNF181", "CHPT1", "LLGL2", "LGMN"], "H3K4me2_endothelial cell of umbilical vein_hg19": ["WSB2", "GLDC", "HIST1H2AK", "NGDN", "EDF1", "WASL", "UQCR10", "TFCP2L1", "RHOBTB1", "HIST2H2AC", "GSTZ1", "SLC25A39", "PTER", "GM2A", "BOLA3", "ERP29", "RNF181", "CTSH", "SOSTDC1", "CLPTM1L", "EVI5", "LLGL2"], "H3K27me3_A549_hg19": ["CDKN1C", "TMEM45B", "ACY3", "ST6GALNAC2", "RPLP1", "AK4", "ATP1A1", "TFCP2L1", "RHOBTB1", "HSD11B1", "DPP4", "EPS8", "GHR", "LGALS3", "FAM134B", "TTR", "SOSTDC1", "CDR2", "AMN", "G6PC", "SLC12A1", "ARPC5", "AIF1L", "NAT8", "REEP5", "CLPTM1L", "GAS6", "CDH16", "SGK1", "SLC27A2", "LGMN"], "H3K4me3_megakaryocyte_mm9": ["ERRFI1", "MPV17L", "RNF6", "ATP5G3", "UQCR10", "TFCP2L1", "DPP7", "VPS35", "CDR2", "HSPA9", "HIST1H2AK", "ANXA5", "ATPIF1", "NGDN", "NDUFA2", "TBCA", "ATP1B1", "HIST1H2AP", "HYPK", "AIF1L", "CCT6A", "MFSD7C", "SLC25A39", "BDH2", "PLEKHM2", "CHPT1"], "H3K27ac_myotube_hg19": ["ATP6V0B", "RPS9", "ABCD3", "ARL6IP1", "RPLP1", "NDUFA2", "AKR1A1", "PARK7", "UQCR10", "RABGGTB", "RPL9", "LSM4", "HSP90B1", "GSTZ1", "CCT6A", "BDH2", "MDK", "EIF3L", "HMOX1", "VPS35", "HNRNPC"], "H3K4me3_G1E-ER4_mm9": ["BC031181", "RPLP1", "ITPR1", "ATP5C1", "ATP5G3", "ETFB", "UQCR10", "TFCP2L1", "ATP5G2", "AACS", "CCAR1", "HSP90B1", "RPS4X", "PRODH", "HSPA9", "HIST1H2AH", "ANXA5", "NGDN", "NDUFA2", "MRPS6", "HIST1H2AP", "CCT6A", "MYL6", "COPS2", "ERP29", "SLC25A30", "PLEKHM2", "CLPTM1L", "AGRN"], "H3K79me2_mammary epithelial cell_hg19": ["IGFBP4", "TSC22D3", "HIST1H2AK", "SORD", "KRT8", "AKR1A1", "RPS27L", "DBI", "ETFB", "UQCR10", "CCAR1", "TUBA1B", "TMEM234", "BDH2", "PTER", "BCL6", "WBP5", "RNF181", "HMOX1", "LLGL2", "LGMN", "FKBP5"], "H3K4me2_B cell_hg19": ["RNF11", "XBP1", "SOWAHB", "NGDN", "EMP1", "DBI", "UQCR10", "RHOBTB1", "TMEM234", "SCIN", "BOLA3", "SPP1", "PBK", "RNF181", "UGT3A2", "VPS35", "CLPTM1L", "HMGN2", "AGRN", "TPRN", "RPS12", "LLGL2"], "H3K79me2_endothelial cell of umbilical vein_hg19": ["HIST1H2AK", "NGDN", "SORD", "AKR1A1", "DBI", "EDF1", "CIB1", "ETFB", "UQCR10", "TMEM234", "SLC25A39", "GM2A", "BOLA3", "WBP5", "SLC25A30", "HMOX1", "HIST1H2AD", "CLPTM1L", "TPRN", "LGMN", "GRINA"], "H3K4me3_endothelial cell of umbilical vein_hg19": ["RPLP1", "POMP", "PARK7", "YBX1", "UQCR10", "RHOBTB1", "HIST2H2AC", "HERPUD1", "PPP6C", "FAM134B", "LAPTM4A", "DPP7", "SCIN", "PTER", "RPS19", "GM2A", "MDK", "OXCT1", "UAP1L1", "CHORDC1", "NUDT19", "EVI5", "TPRN", "PDIA3", "WSB2", "HIST1H2AI", "HIST1H2AK", "NGDN", "NDUFA2", "EIF3L", "BOLA3", "RNF181", "STT3B", "CLPTM1L", "SLC27A2", "LLGL2"], "H3K27me3_thymus_mm9": ["CDKN1C", "TMEM45B", "AMN", "SLC47A1", "ST6GALNAC2", "SOWAHB", "IGFBP4", "GLDC", "TSC22D3", "TACSTD2", "MT1", "TFCP2L1", "FNBP1L", "AIF1L", "EPS8", "LGALS3", "SLC5A8", "SCIN", "CCND1", "BAG3", "GAS6", "HOXB7"], "H3K27ac_bone marrow_mm9": ["BC031181", "ERRFI1", "RPS9", "PDHA1", "GGNBP2", "SSR3", "RPS27L", "UTP11L", "ATP1B1", "SEPP1", "ATOX1", "CCAR1", "PPP2CA", "COPS2", "PSMB1", "ACADM", "STT3B", "AGRN", "FKBP4", "SEPHS2", "CRK"]}