{"MTF2-20144788-MESC-MOUSE": ["CPM", "NDUFA13", "FLT1", "TFRC", "AQP3", "SLC4A4", "PRDX5", "LBH", "TIMP2", "ACSS1", "KL", "EGR1", "DGAT2", "IGFBP5", "IRX3", "IGFBP3", "LMO2", "CYP4B1", "ZFYVE21", "ASS1", "GADD45G", "SLC9A3", "MARCKS", "CYP24A1", "IRF2", "SLC26A4", "PVALB", "ACOT3", "H2-AB1"], "TEAD4-22529382-TROPHECTODERM-MOUSE": ["SLC25A3", "FLT1", "MAGED1", "GCNT1", "GLRX", "PTTG1IP", "FARS2", "CTGF", "HINT1", "SLCO2B1", "CTNNA1", "PGM2", "ITGB6", "KL", "H3F3B", "IGFBP5", "ABCA3", "LMO2", "NDUFC1", "SLC6A6", "EHD4", "IRF2", "PI4KA", "SRSF5", "UBA52"], "SUZ12-20075857-MESC-MOUSE": ["CPM", "PLVAP", "FLT1", "AQP3", "SLC4A4", "PSMB6", "DBP", "LBH", "APOM", "TIMP2", "CAR12", "ACSS1", "MFSD2A", "TTC36", "KL", "GSTK1", "EGR1", "DGAT2", "IGFBP5", "LMO4", "IRX3", "IGFBP3", "DCXR", "ABCA3", "LMO2", "ZFYVE21", "NPM3", "GADD45G", "SLC9A3", "MARCKS", "CYP24A1", "ETHE1", "IRF2", "ESAM", "SLC26A4", "RPL28", "PVALB", "ACOT3", "H2-AB1"], "AR-19668381-PC3-HUMAN": ["HIBADH", "TFRC", "TREH", "MRPL14", "SLC8A1", "FARS2", "CTGF", "MYLK", "SULT1C2", "PRDX5", "OLFML3", "BAG1", "ATP6V1E1", "PGPEP1", "CYB5A", "IGFBP5", "SSR4", "ASCC1", "EGF", "LMO4", "DUSP1", "RARRES2", "IRX3", "LMO2", "NDUFC2", "ALDH4A1", "SLC6A6", "MARCKS", "EHD4", "GSTA4", "IRF2", "SGK2"], "STAT3-22323479-MACROPHAGE-MOUSE": ["PSMB6"], "RBPJ-21746931-IB4-LCL-HUMAN": ["TMEM86A", "FLT1", "HIBADH", "DUSP1", "NDUFC1", "CCDC107", "UQCR11", "ACTB", "ATP5L", "MYLK", "SLC6A6", "SLC9A3", "NDUFS8", "PPP1R1A", "PRDX1", "ETHE1", "FXYD2", "ATP5D", "TXNIP", "F13B", "PGPEP1", "YPEL3"], "RCOR3-21632747-MESC-MOUSE": ["CPM", "SLC25A3", "NDUFB8", "ATP5H", "MRPL12", "ACTB", "CTGF", "ESM1", "GJA1", "PRDX5", "SLCO2B1", "SLAMF9", "PCBD1", "ITGB6", "HMGCS2", "SCD1", "POLR2J", "HIST1H1C", "KL", "DGAT2", "DUSP1", "GLRX5", "LMO2", "F2R", "DNAJC12", "KLHL3", "SLC6A6", "PPP1R1A", "ALPL", "DNASE1", "AURKAIP1", "RPS21"], "RUNX2-22187159-PCA-HUMAN": ["CPM", "FLT1", "MAGED1", "TRIL", "ENO1", "ACTB", "CTGF", "MYLK", "PSMB6", "ESM1", "ALDH2", "SLCO2B1", "CTNNA1", "PGM2", "TMEM109", "ACSS1", "PGPEP1", "IDH3G", "DUSP1", "IRX3", "LMO2", "COX6C", "SOD2", "SLC6A6", "MARCKS", "EMCN", "GSTA4", "FXYD2", "DNASE1"], "CREM-20920259-GC1-SPG-MOUSE": ["MRPS17", "SLC25A3", "ACAA2", "TFRC", "RPL31", "ISOC2A", "RPL34", "COX4I1", "RPL10A", "ACTB", "ZFP36", "HINT1", "TMEM147", "FTH1", "TMEM109", "RPS11", "CHCHD1", "DGAT2", "IGFBP5", "SSR4", "MRPS24", "DUSP1", "NDUFC1", "SDHB", "SAP30", "EEF1G", "MRPL50", "TMBIM6", "RPL26", "AURKAIP1", "UBA52", "ATP6V0E", "OAT", "TM2D2", "MAGED1", "ODC1", "GSTT2", "MRPL14", "PTTG1IP", "COX5B", "MRPL12", "GABARAP", "DDRGK1", "PRDX1", "BAG1", "ATP5D", "NEU1", "CKB", "NDUFV1", "CYB5B", "NDUFA8", "EGR1", "TMEM86A", "RPL41", "NDUFA7", "H3F3B", "EGF", "TMEM120A", "COX6C", "SOD2", "NPM3", "DEB1", "HIGD2A", "SLC6A6", "MARCKS", "EHD4", "CYP24A1", "CALM3", "YPEL3", "H2-AB1"], "TCF4-23295773-U87-HUMAN": ["MRPS17", "CPM", "GRB7", "OAT", "HIBADH", "RPL32", "TFRC", "SLC8A1", "MYLK", "HMGCL", "GJA1", "HINT1", "LBH", "ALDH2", "TIMP2", "ITGB6", "CYB5B", "CYB5A", "IGFBP5", "SPINK8", "NDUFA4", "DUSP1", "LMO2", "F2R", "AP1B1", "KLHL3", "ALDH4A1", "ACOX2", "MGP", "NDUFAB1", "IRF2", "TOMM7", "ALPL", "F13B", "SGK2", "RPS21"], "FOXA2-19822575-HepG2-human": ["HIBADH", "ODC1", "MRPL14", "ENO1", "SLC5A10", "SLC8A1", "FARS2", "KHK", "CTGF", "MYLK", "HMGCL", "ZFP36", "PRDX1", "SLCO2B1", "FTH1", "ITGB6", "HMGCS2", "ACSS1", "IER3", "DGAT2", "IGFBP5", "ECH1", "NDUFC2", "DNAJC12", "CHCHD10", "UROC1", "PPP1R1A", "IRF2", "PI4KA", "TXNIP", "CRYL1", "LRP10", "SGK2"], "REST-21632747-MESC-MOUSE": ["NDUFA8", "SEPT11", "SUCNR1", "LMO4", "ACAA1B", "KLHL3", "SOD2", "TMEM174", "BC002163", "SAP30", "ATP5L", "NME1", "GJA1", "MARCKS", "EHD4", "EMCN", "SDPR", "OLFML3", "SLCO2B1", "PCBD1", "CYC1", "NPM3-PS1"], "SMAD4-21799915-A2780-HUMAN": ["KL", "SLC22A6", "OAT", "HIBADH", "DUSP1", "TREH", "IRX3", "LMO2", "GLRX", "MRPL14", "PDZK1", "SLC4A4", "SLC8A1", "CTGF", "CYP24A1", "SLCO2B1", "IRF2", "TOMM7", "SPP2", "SLC26A4"], "SCL-21571218-MEGAKARYOCYTES-HUMAN": ["LRPAP1", "SUCNR1", "GPX1", "IGFBP5", "ODC1", "LMO2", "ZFYVE21", "KLHL3", "PTTG1IP", "SDHB", "SLC4A4", "ACTB", "GADD45G", "MYLK", "PRDX5", "UROC1", "FTH1", "TIMP2", "MFGE8", "PVALB"], "GATA1-22025678-K562-HUMAN": ["RSAD2", "INMT"], "CIITA-18437201-Raji B cells and iDC-human": ["ENO1", "MYLK"], "KDM5B-21448134-MESC-MOUSE": ["SLC25A3", "FLT1", "POLDIP2", "TFRC", "RPL31", "CD81", "HINT1", "DDRGK1", "PRDX1", "TIMP2", "CTNNA1", "SCD1", "CYB5B", "SEPT11", "NDUFA7", "IRX3", "LMO2", "AP1B1", "NME2", "COX6C", "SOD2", "ELL3", "SAP30", "DEB1", "EEF1G", "SLC6A6", "GSTA4", "NDUFAB1", "ALPL", "DPEP1", "CRYL1"], "TP63-23658742-EP156T-HUMAN": ["CPM", "OAT", "TFRC", "TREH", "ELTD1", "ENO1", "SLC4A4", "CTGF", "LBH", "FTH1", "PGM2", "SPP2", "ITGB6", "HAO2", "MFSD2A", "IER3", "EGR1", "RPL41", "IGFBP5", "ASCC1", "LMO4", "LMO2", "PGAM2", "F2R", "AP1B1", "CYP4B1", "NDUFC1", "TMEM174", "ASS1", "NME1", "HIGD2A", "EEF1G", "SLC6A6", "EHD4", "EMCN", "GSTA3", "SDPR", "NDUFS6", "FXYD2", "MGP", "IRF2", "SERPING1", "DPEP1", "MFGE8"], "EGR1-20690147-ERYTHROLEUKEMIA-HUMAN": ["UGT1A10", "CPM", "ACAA2", "HIBADH", "SLC4A1", "FARS2", "ALAD", "ZFP36", "DBP", "LBH", "ALDH2", "SLCO2B1", "TIMP2", "PGM2", "MYEOV2", "PGPEP1", "MRPS24", "HGD", "LMO4", "RPS8", "DCXR", "LMO2", "BGN", "ABHD14B", "SDHB", "INMT", "SIRT3", "SAP30", "SLC9A3", "IRF2", "DPEP1", "AURKAIP1", "MFGE8", "RPL28", "VPS28", "CFD", "GRB7", "RETSAT", "CCDC107", "PTTG1IP", "COX5B", "GABARAP", "PRDX5", "OLFML3", "PRDX1", "ATP5D", "NEU1", "CTNNA1", "PCBD1", "CKB", "NDUFV3", "ACSS1", "CYB5B", "SLC12A3", "SEMA4A", "KL", "EGR1", "NDUFA4", "IDH1", "RARRES2", "IRX3", "ABCA3", "CYP4B1", "NPM3", "ELL3", "ASS1", "GADD45G", "DAK", "SLC6A6", "EHD4", "ALPL", "CRYL1", "YPEL3"], "TP63-17297297-HaCaT-human": ["IGFBP3"]}