{"NFYB (human)": ["FTH1", "ACTB"], "REST (human)": ["NEU1"], "SMAD3 (human)": ["SLC6A8"], "PLAG1 (human)": ["NEU1"], "NR1H2::RXRA (human)": ["NEU1"], "RXRA::VDR (human)": ["NEU1"], "MYC::MAX (human)": ["NEU1"], "PPARG::RXRA (mouse)": ["MYLK"], "INSM1 (human)": ["NEU1"], "MIZF (human)": ["NEU1"], "EBF1 (mouse)": ["RPL28"], "TAL1::TCF3 (human)": ["NEU1"], "RXR::RAR_DR5 (human)": ["NEU1"], "CTCF (human)": ["NEU1"], "RREB1 (human)": ["NEU1"], "HNF1B (mouse)": ["NDUFB8"], "NHLH1 (human)": ["NEU1"], "Mycn (mouse)": ["RARRES2"], "IRF1 (human)": ["NEU1"], "RORA_2 (human)": ["NEU1"]}