{"CTCF_HCT116_hg19": ["RPL5", "COX7B", "RPL32", "ARL6IP1", "KIF14", "CLTA", "AKR1B1", "COX6A1", "ATP5G2", "RPL10A", "RPS15", "PSMD6", "RPS19", "GUK1", "RPL36AL", "FAM162A", "C14ORF2", "PMPCB", "CAMLG", "ALG5", "CSNK2A2", "NCOA4", "PRPF40A", "ATP1B3", "REXO2", "HADHB", "HAX1", "ALDH1A2", "ZNF638", "PCCB", "H3F3AP4", "ERP29", "SNRPE", "PPIB", "DTL", "FKBP3", "LRRC59", "PCNA", "MRPS33", "MRPL16", "CDCA8", "MTDH", "NME1-NME2", "PSMB7", "PPP2CB", "DPP8", "TRA2B", "RPL15", "SEC31B", "DECR1", "BPTF", "ZNF266", "FANCI", "IGBP1", "UTP3", "PLK1", "GOT2", "ARPC5", "MRPL23", "COX6C", "TTC19", "DHFR", "FAM111A", "GNAS", "EIF3G", "ANP32B", "EIF3F", "IARS", "SAE1", "HIST1H4C", "CDKN3"], "NR3C1_HepG2_hg19": ["RRM1", "PSMB5", "RPS19", "CAMLG", "RPL12", "PTMA", "ERGIC2", "SNX5", "UQCRH", "NDC80", "AURKA"], "TEAD4_MCF-7_hg19": ["TRA2B", "ITGB2", "HSPB1", "ZMYND11", "PRR11", "ZBED5", "ARHGEF6", "MYL12B"], "GABPA_MEL cell line_mm9": ["LRRC59", "BRD2", "DPP8", "HOMER1", "PRDX1", "BNIP3", "UBC", "CSNK2A2", "TSPAN5", "TALDO1", "ENO1"], "CTCF_fibroblast of villous mesenchyme_hg19": ["RPL5", "COX7B", "RPL3", "CLTA", "THYN1", "AKR1B1", "RPL10A", "RPS15", "PSMD6", "RPS19", "GUK1", "FAM162A", "C14ORF2", "PMPCB", "CAMLG", "ALG5", "NCOA4", "TALDO1", "THOC2", "REXO2", "MSL1", "HAX1", "ZNF638", "PCCB", "ERP29", "SNRPE", "LRRC59", "PCNA", "MRPS33", "MRPS31", "CDCA8", "MTDH", "SNX3", "NME1-NME2", "PSMB7", "PPP2CB", "PSMB5", "DPP8", "TRA2B", "RPS3", "BPTF", "ZNF266", "FANCI", "TIMM8B", "IGBP1", "KLHDC2", "GOT2", "MRPL23", "CNOT7", "GNAS", "EIF3G", "VIM", "ANP32B", "IARS", "SAE1"], "POLR2AphosphoS2_CH12.LX_mm9": ["CDKN1B", "COX6A1", "ATP5G1", "CDC20", "UXT", "PPP1CC", "UQCRFS1", "RAC1", "SNRPD3", "CLIC1", "ADSL", "UBE2E1", "GTF3A", "CKAP2", "ATP1B3", "ACTN4", "THOC2", "PSMA6", "SFPQ", "NDUFS5", "PCCB", "PSME2", "KIF2C", "KIF20A", "DTL", "ALDH9A1", "MCM2", "CERS2", "UQCRB", "NDUFB5", "CDCA4", "USO1", "CDCA8", "NCAPG", "PTTG1IP", "ATP5H", "COX5B", "FOXO3", "COX5A", "MYL12B", "PTDSS1", "IRAK1", "TSPAN5", "SEC31B", "CMTM6", "NDUFA1", "TMA7", "ARPC2", "GNAS", "TOMM7"], "MYC_H1-hESC_hg19": ["RPL4", "RPL5", "MRPS15", "NARF", "RPL31", "RPL10A", "PRPF19", "UBL5", "LAPTM4A", "TUBA1A", "SNRPD2", "C14ORF2", "PBK", "UQCRFS1", "RPS7", "TALDO1", "THOC2", "REXO2", "HADHB", "NSA2", "DDX39A", "ZNF638", "NDUFS4", "LUC7L3", "VDAC2", "PABPC3", "KIF2C", "SUCLG1", "MCM5", "ETF1", "KIF20A", "PPIB", "DTL", "MCM2", "SLC25A6", "LRRC59", "PCNA", "GLO1", "COX17", "MRPS31", "CDCA8", "COX5B", "MTDH", "SNX3", "IRAK1", "PGK1", "SNX5", "ZNF266", "NOP56", "NDUFA9", "FANCI", "RWDD1", "DARS", "FDPS", "NPM1", "UBE2C", "SHFM1", "CBX1", "RPL23A", "TMEM59", "FAM111A", "CCNG1", "EIF3G", "IARS", "SAE1"], "POLR3A_K562_hg19": ["LRRC47", "SUZ12", "FDPS", "COPB2", "CDC123", "NCAPG", "RAC1", "LTA4H", "HPRT1"], "POLR2A_CH12.LX_mm9": ["COX7B", "DCLRE1C", "YWHAB", "ECI2", "CLTA", "THYN1", "PRPF19", "UBL5", "RPL36AL", "UQCRFS1", "RAC1", "GOLGA7", "CTNNBL1", "CD53", "USP48", "NCOA4", "UBE2E1", "GTF3A", "AHSA1", "REXO2", "GLTSCR2", "ATP5J2", "COX6B1", "NSA2", "COX7A2L", "TFDP2", "NDUFS5", "PSME2", "SUCLG1", "KIF20A", "ERGIC2", "COPB2", "CDCA4", "RAP1GDS1", "MRPS31", "MRPL16", "PTTG1IP", "PHB", "COX5B", "PLAC8", "CCNB2", "ZNHIT3", "MLEC", "CCT5", "ISG15", "LSM3", "DHFR", "VIM", "CDKN3"], "POLR2A_H1-hESC_hg19": ["TOP2A", "CCNI", "YWHAB", "HJURP", "OLA1", "ATP5C1", "CLTA", "PRPF19", "RPL9", "CCDC28A", "FBL", "UBL5", "CHCHD2", "PSMD6", "RPL36AL", "NUSAP1", "PBK", "PMPCB", "PGM1", "CCT3", "BNIP3L", "ADSL", "GLRX5", "THOC2", "GLTSCR2", "GNPAT", "PSMA6", "DDX39A", "H3F3AP4", "ETF1", "EAPP", "DTL", "GLYR1", "COPB2", "ECHS1", "NDUFB5", "USO1", "COX17", "MRPS31", "NCAPG", "PTTG1IP", "PDHB", "PSMA7", "SNX3", "SDCBP", "ZNHIT3", "LTA4H", "ZBED5", "DECR1", "ZNF266", "BARD1", "FANCI", "RRM1", "UBE2C", "BNIP3", "NDUFA1", "MRPL23", "LSM3", "SOD1", "EIF3K", "EIF3L", "TOMM7", "EIF3H", "EIF3F", "CDKN3"], "BHLHE40_CH12.LX_mm9": ["RPL5", "NDUFA13", "DCLRE1C", "CDKN1B", "ITGB2", "OLA1", "PRPF19", "ATRAID", "UBL5", "FNTA", "GUK1", "RPL36AL", "CLIC1", "LRRC47", "KCMF1", "ADSL", "RPS8", "UBE2E1", "GTF3A", "COMMD3", "TALDO1", "THOC2", "REXO2", "GLTSCR2", "HAX1", "LUC7L3", "VDAC2", "ETF1", "PPIG", "SNRNP25", "PPIB", "DTL", "MCM2", "PSMD14", "CDCA4", "MRPS33", "PHB", "HSD17B12", "ARHGAP15", "MYL12B", "UGP2", "IRAK1", "EXOSC8", "RPL19", "FANCI", "TXNL1", "RPL23A", "SOD1", "EIF3E", "EIF3D"], "POLR2A_lung_mm9": ["RPL4", "RPL32", "COX6A1", "COX7C", "UXT", "RPL7A", "PSMD6", "SNRPD2", "RPS18", "PMPCB", "GUSB", "STARD7", "COMMD3", "AHSA1", "GLTSCR2", "COX6B1", "HADHB", "COX7A2L", "PSMA4", "TMX2", "SLC25A5", "COPB2", "LRRC59", "CDC123", "HDAC1", "COPB1", "DDX1", "USO1", "ATP5H", "PDHB", "PSMA7", "PSMB7", "PPP2CB", "PSMB5", "DPP8", "TRA2B", "PSMB1", "SUZ12", "NDUFA4", "GOT2", "TMA7", "TBCA", "SOD1", "COPS3", "TOMM7", "EIF3G", "EIF3H", "SAE1", "ITM2A"], "MYOG_myocyte_mm9": ["DCLRE1C", "FAM45A", "YWHAB", "GBE1", "OLA1", "ATP5C1", "CLTA", "ETFB", "RBPJ", "ATP5G2", "RPL10A", "ATRAID", "PSMD6", "ATIC", "TUBA1A", "RPS19", "APMAP", "FAM162A", "KIF5B", "NUSAP1", "ARL6IP5", "UQCRFS1", "GUSB", "GOLGA7", "CLIC1", "LRRC47", "BNIP3L", "BRD2", "USP48", "ADSL", "CIRBP", "TALDO1", "EDF1", "ACTN4", "GNPAT", "PSMA1", "NDUFS5", "ERP29", "POLR1D", "PPIB", "EAPP", "FKBP3", "PFDN5", "SNRPA", "GLYR1", "LRRC59", "CDCA4", "MRPS33", "USO1", "MYL12B", "RAP1B", "PPP2CB", "CCNB2", "BLOC1S5", "PSMB1", "EXOSC8", "UBC", "RPL14", "RBBP7", "SEC31B", "CCT4", "FDFT1", "NOP56", "RWDD1", "MDH1", "UBE2C", "NDUFA4", "BNIP3", "TXNL1", "DSTN", "ASS1", "SOD1", "ARPC2", "EIF3L", "ASXL2", "EIF3G", "EIF3H", "EIF3E", "IARS"], "CTCF_kidney_mm9": ["RPL4", "RPL5", "RPL3", "FAM45A", "GBE1", "HJURP", "ATP5C1", "ATP5G2", "RPL10A", "RPS15", "PPP1CC", "PSMD6", "APMAP", "PMPCB", "ADSL", "ALG5", "CSNK2A2", "NCOA4", "TMX2", "TFDP2", "BOLA2", "TXNIP", "SNRPE", "PFDN5", "LRRC59", "UQCRB", "MRPS33", "PDHB", "MTDH", "PPP2CB", "DPP8", "IRAK1", "OXCT1", "TRA2B", "EXOSC8", "PPP1R8", "CCT7", "IGBP1", "FDPS", "GOT2", "CMTM6", "MRPL23", "ASS1", "DHFR", "GNAS", "EIF3G", "ANP32B", "EIF3F", "HIST1H4C"], "CTCF_H1-hESC_hg19": ["RPL5", "RPL3", "RPL32", "ARL6IP1", "AKR1B1", "RBPJ", "RPL10A", "RPS15", "PSMD6", "RPS19", "GUK1", "FAM162A", "C14ORF2", "PMPCB", "UQCRFS1", "ADSL", "CAMLG", "STARD7", "ALG5", "RPS6", "CSNK2A2", "NCOA4", "CKAP2", "TALDO1", "THOC2", "REXO2", "COX7A2L", "HAX1", "ZNF638", "PCCB", "ERP29", "PSME2", "SNRPE", "PPIB", "EAPP", "DTL", "PFDN5", "SLC25A6", "LRRC59", "CDC123", "PCNA", "MRPS33", "MRPS31", "CDCA8", "UQCRH", "MTDH", "MYL12B", "NME1-NME2", "PSMB7", "PPP2CB", "CCNB1", "PSMB5", "DPP8", "IRAK1", "OXCT1", "DECR1", "BPTF", "ZNF266", "FANCI", "IGBP1", "RWDD1", "KLHDC2", "HOMER1", "UTP3", "PLK1", "GOT2", "ISG15", "RPL23A", "TBCA", "MRPL23", "ASS1", "DHFR", "RPS25", "CNOT7", "GNAS", "TOMM7", "EIF3G", "TAF7", "VIM", "ANP32B", "EIF3F", "SAE1", "HIST1H4C", "ITM2A", "EIF3D"], "ESRRA_HepG2_hg19": ["HADHB", "STARD7", "TKT", "COX5A", "SLC25A6"], "CHD1_H1-hESC_hg19": ["RPL4", "UFD1L", "NDUFA13", "CDKN1B", "NARF", "GBE1", "ECI2", "ATP5C1", "THYN1", "ETFB", "COX6A1", "ATP5G2", "PRPF19", "UBL5", "PSMD6", "PPP2R5E", "FAM162A", "NUSAP1", "PBK", "SNRPD3", "ACP1", "PGM1", "ADSL", "RPS7", "CAMLG", "VBP1", "ALG5", "GTF3A", "TALDO1", "C6ORF62", "ATP5F1", "GLTSCR2", "GNPAT", "OXA1L", "HAX1", "PCCB", "SNRPG", "MCM5", "KIF20A", "PPIB", "TKT", "GLYR1", "CERS2", "LRRC59", "HDAC1", "CDCA4", "GLO1", "MRPS33", "COPB1", "USO1", "MRPL16", "NOTCH2NL", "NCAPG", "HMMR", "ATP5H", "PDHB", "ADD3", "COX5A", "SNX3", "SDCBP", "DPP8", "OXCT1", "PSMB1", "SAC3D1", "BPTF", "NOP56", "NDUFA9", "IGBP1", "RWDD1", "SUZ12", "RRM1", "RRM2", "GOT2", "ARPC5", "COX6C", "DHFR", "CNOT7", "EIF3H"], "RAD21_IMR-90_hg19": ["RPL5", "LRRC59", "PCNA", "CDKN1B", "RPL3", "ARL6IP1", "OLA1", "NOTCH2NL", "CLTA", "RPL10A", "ADD3", "RPS15", "NME1-NME2", "LAPTM4A", "PSMD6", "ATIC", "RPL36AL", "C14ORF2", "PPP1R8", "PMPCB", "TIMM8B", "RWDD1", "SUZ12", "FDPS", "BNIP3L", "ADSL", "DYNLT1", "UTP3", "NDUFA4", "ALG5", "GOT2", "FAM46A", "COMMD3", "EDF1", "ISG15", "NMI", "THOC2", "NDC80", "ZNF638", "RPL37A", "TOMM7", "EIF3G", "SNRPE", "ANP32B", "IARS", "SAE1", "PPIB", "FKBP3"], "HDAC2_K562_hg19": ["MRPS15", "ARL6IP1", "ZWILCH", "GMFG", "OLA1", "HSPB1", "THYN1", "COX6A1", "CDC20", "RPL7A", "PSMD6", "RPS19", "FAM162A", "CTNNBL1", "BNIP3L", "GSTO1", "GLRX5", "RNASET2", "RPS6", "RPL13A", "THOC2", "ATP5F1", "GLTSCR2", "PSMA6", "HAX1", "NDUFS5", "ALDH1A2", "NDUFS4", "TXNIP", "LUC7L3", "KIF2C", "DTL", "CERS2", "LRRC59", "CDC123", "RPN2", "DDX1", "NDUFB4", "COX17", "NOTCH2NL", "HSD17B12", "AURKA", "MTDH", "SDCBP", "ZNHIT3", "PSMB1", "EXOSC8", "NOP56", "RWDD1", "DARS", "RFTN1", "DSTN", "RPL23A", "ARPC5", "GNB2L1", "PSMB8", "TMEM59", "CNOT7", "PSMC1", "TOMM7"], "CTCF_GM10248_hg19": ["RPL5", "RPL3", "ECI2", "THYN1", "RBPJ", "RPS15", "GUK1", "FAM162A", "C14ORF2", "PMPCB", "BNIP3L", "CAMLG", "STARD7", "ALG5", "NCOA4", "TALDO1", "REXO2", "MSL1", "HADHB", "ZNF638", "PCCB", "H3F3AP4", "KIF2C", "DTL", "LRRC59", "PCNA", "MRPS33", "CDCA8", "UQCRH", "MTDH", "MYL12B", "PPP2CB", "DPP8", "IRAK1", "TRA2B", "DECR1", "ZNF266", "FANCI", "TIMM8B", "IGBP1", "KLHDC2", "HOMER1", "GOT2", "TBCA", "MRPL23", "CNOT7", "PPT1", "TOMM7", "EIF3G", "ANP32B", "SAE1"]}