{"H3K36me3 CD4 Naive Primary Cells": ["MRPL50"], "H3K9me3 Colonic Mucosa": ["FLT1", "TMSB4X", "ABCA3", "TRIL", "PVALB"], "H3K36me3 CD34 Cultured Cells": ["EEF1G"], "H3K36me3 Fetal Heart": ["RPL10A"], "H3K36me3 Brain Substantia Nigra": ["EEF1G", "TMEM147", "DNASE1"], "H3K36me3 Adult Kidney": ["TMEM147", "TMEM120A", "YPEL3"], "H3K9me3 Bone Marrow Derived Mesenchymal Stem Cell Cultured Cells": ["MARCKS", "RPL36A", "IER3"], "H3K36me3 Brain Hippocampus Middle": ["GLRX5", "ECH1", "ATP5H", "RPL10A"], "H3K9me3 Brain Mid Frontal Lobe": ["SSR4", "IDH3G", "TMEM174"], "H3K9me3 Adult Liver": ["RPL36A"], "H3K36me3 Stomach Smooth Muscle": ["GABARAP"], "H3K36me3 Duodenum Mucosa": ["EEF1G", "MRPL50", "ALDOB", "DNASE1"], "H3K36me3 Duodenum Smooth Muscle": ["MRPL50"], "H3K36me3 CD8 Memory Primary Cells": ["MRPL50", "ZCRB1", "YPEL3"], "H3K27me3 Chondrocytes from Bone Marrow Derived Mesenchymal Stem Cell Cultured Cells": ["GRB7", "SLC9A3", "CYP24A1", "DPEP1", "AQP3"], "H3K36me3 Brain Cingulate Gyrus": ["TMEM147", "CD81"], "H3K36me3 Brain Inferior Temporal Lobe": ["TMEM147", "BAG1"], "H3K9me3 Rectal Smooth Muscle": ["BGN"], "H3K27me3 Neurosphere Cultured Cells Ganglionic Eminence Derived": ["FLT1", "SLCO2B1", "HMGCS2"], "H3K36me3 CD4 Memory Primary Cells": ["EEF1G"]}