{"TAGCTTT,MIR-9": ["KLHL3"], "GCACTTT,MIR-17-5P,MIR-20A,MIR-106A,MIR-106B,MIR-20B,MIR-519D": ["FLT1", "TIMP2", "TXNIP"], "TACTTGA,MIR-26A,MIR-26B": ["SLC4A4"], "TGTTTAC,MIR-30A-5P,MIR-30C,MIR-30D,MIR-30B,MIR-30E-5P": ["GJA1", "CYP24A1", "SAP30"], "ACACTAC,MIR-142-3P": ["MARCKS"], "CTTTGTA,MIR-524": ["SLC6A6", "LMO4"], "TGCCTTA,MIR-124A": ["SEPT11", "TMEM109", "PTTG1IP"], "AAGCCAT,MIR-135A,MIR-135B": ["IDH3G"], "GGCACTT,MIR-519E": ["MYLK"], "GTGCAAT,MIR-25,MIR-32,MIR-92,MIR-363,MIR-367": ["NOX4"], "AAAGGGA,MIR-204,MIR-211": ["ALPL"], "ATTCTTT,MIR-186": ["SLC25A3"], "TGAATGT,MIR-181A,MIR-181B,MIR-181C,MIR-181D": ["ESM1", "SLC25A3"], "GTGCCAA,MIR-96": ["SEPT11"], "ATGTTAA,MIR-302C": ["H3F3B"], "ATGTAGC,MIR-221,MIR-222": ["IRF2"], "AGCATTA,MIR-155": ["SEPT11"], "CACTGCC,MIR-34A,MIR-34C,MIR-449": ["TMEM109"], "TTTTGAG,MIR-373": ["SLC4A4"], "TGCTTTG,MIR-330": ["SLC25A3"]}