{"POLR2A_lung_mm9": ["LRPAP1", "PLVAP", "SLC25A3", "NDUFB8", "2900060B14RIK", "HIBADH", "RETSAT", "RPL32", "ATP5H", "COX7A1", "ATP6V1E1", "MFSD2A", "TTC36", "NDUFA8", "TMEM86A", "GSTM2", "DGAT2", "NDUFA4", "TMEM120A", "RARRES2", "NDUFC1", "ZCRB1", "HIGD2A", "MRPL50", "NDUFAB1", "TOMM7", "VPS28"], "POLR2A_HeLa-S3_hg19": ["MRPS17", "CD81", "ECI1", "CTGF", "ALAD", "TMEM147", "TIMP2", "PGM2", "ATP6V1E1", "PGPEP1", "CHCHD1", "TTC36", "MRPS24", "AP1B1", "MRPS21", "NDUFC2", "ZCRB1", "SDHB", "NME1", "EEF1G", "MRPL50", "NDUFS8", "ETHE1", "IRF2", "UBA52", "CFD", "NDUFB8", "OAT", "BRI3", "ODC1", "ATP5H", "COX5B", "GABARAP", "ATP5L", "PSMB6", "HMGCL", "ATP5D", "METTL7B", "NDUFV1", "SLC12A3", "NDUFA7", "NDUFA4", "IDH3G", "ABCA3", "NPM3", "ELL3", "DAK", "ALDH4A1", "SLC6A6", "CCS", "PI4KA", "TOMM7", "CRYL1", "YPEL3"], "MAZ_HepG2_hg19": ["MRPS17", "RPL32", "POLDIP2", "RPL31", "RPL12", "ZFP36", "TMEM147", "BAG1", "MYEOV2", "METTL7B", "NDUFV1", "CHCHD1", "MFSD2A", "IER3", "GSTK1", "RPL41", "MRPS24", "RARRES2", "AP1B1", "MRPS21", "NDUFC1", "HIGD2A", "NDUFS8", "ETHE1", "CRYL1", "TMBIM6", "SRSF5"], "JUND_T47D_hg19": ["TMEM205", "CTNNA1", "IER3"], "E2F4_GM12878_hg19": ["SLC25A3", "HIBADH", "RETSAT", "MRPL12", "RPL10A", "FARS2", "KHK", "TMEM147", "LBH", "ATP5D", "CYC1", "NDUFV1", "CHCHD1", "CYB5B", "CD74", "CYB5A", "RPS8", "TMEM120A", "SDHB", "NME1", "ALDH4A1", "MRPL50", "NDUFS8", "ESAM", "VPS28"], "BCL11A_H1-hESC_hg19": ["RPL41", "PRDX1", "IRF2"], "FOXP2_PFSK-1_hg19": ["GPX1", "HIBADH", "PI4KA", "SAP30"], "NANOG_H1-hESC_hg19": ["MFGE8", "CTGF", "GADD45G"], "NR2F2_HepG2_hg19": ["ALDH4A1", "HGD", "CTGF"], "RXRA_H1-hESC_hg19": ["RPS8", "IER3"], "TAL1_K562_hg19": ["ACAA2", "CD81", "ECI1", "ATP5H", "KHK", "ALAD", "ZFP36", "FTH1", "NDUFV1", "CHCHD1", "RPL19", "POLR2L", "IER3", "GSTK1", "MRPS24", "TMEM120A", "ECH1", "MRPS21", "ZCRB1", "SOD2", "ATP5J2", "SAP30", "NME1", "HIGD2A", "DAK", "AURKAIP1", "VPS28"], "GABPA_HL-60_hg19": ["NDUFA13", "RPL32", "POLDIP2", "RPL31", "MAGED1", "RPL34", "RPL36A", "SDR39U1", "UQCR11", "ENO1", "ATP5H", "COX5B", "PRDX5", "APOM", "BAG1", "MYEOV2", "ATP6V1E1", "RPS11", "RPL41", "GLRX5", "AP1B1", "MRPS21", "NDUFC2", "ZCRB1", "SIRT3", "NME1", "HIGD2A", "NDUFS8", "TMBIM6", "SRSF5", "AURKAIP1", "RPS21", "RPL28", "UBA52"], "RFX5_H1-hESC_hg19": ["MRPS17", "NDUFA13", "SLC25A3", "TM2D2", "HIBADH", "TFRC", "RPL31", "TRIL", "ELTD1", "ACTB", "ALAD", "HINT1", "TMEM147", "MIEN1", "NDUFV1", "CYB5B", "DGAT2", "GPX1", "ABCA3", "BGN", "NDUFC2", "HIGD2A", "EEF1G", "EHD4", "TCN2", "GSTA4", "SRSF5", "AURKAIP1"], "TCF12_MCF-7_hg19": ["TMEM205", "PDZK1"], "FOXM1_MCF-7_hg19": ["TMEM205", "GLRX5", "PDZK1"], "ESRRA_HepG2_hg19": ["ACSS1", "SOD2", "HIGD2A"], "CHD1_H1-hESC_hg19": ["MRPS17", "NDUFA13", "NDUFB8", "ACAA2", "RETSAT", "MAGED1", "COX4I1", "ELTD1", "ATP5H", "MRPL12", "AQP3", "LBH", "APOM", "OLFML3", "PCBD1", "NDUFV3", "PGPEP1", "CHCHD1", "POLR2L", "NDUFA8", "SEPT11", "NDUFA7", "DGAT2", "GPX1", "MRPS24", "GPX3", "IRX3", "ECH1", "MRPS21", "ABHD14B", "CHCHD10", "COX6C", "SOD2", "ELL3", "GADD45G", "HIGD2A", "DAK", "ALDH4A1", "SDPR", "ETHE1", "NDUFAB1", "PI4KA", "CRYL1", "CALM3", "AURKAIP1"], "GABPA_GM12878_hg19": ["NDUFA13", "RPL32", "POLDIP2", "TFRC", "RPL31", "MAGED1", "RPL34", "COX4I1", "SDR39U1", "UQCR11", "ATP5H", "COX5B", "MRPL12", "TMEM147", "APOM", "MYEOV2", "ATP6V1E1", "RPL41", "AP1B1", "MRPS21", "ZCRB1", "SDHB", "NME1", "HIGD2A", "MRPL50", "NDUFS8", "NDUFAB1", "TMBIM6", "RPL26", "SRSF5", "RPS21", "RPL28", "UBA52"], "POLR2A_Raji_hg19": ["ACAA2", "COX4I1", "ECI1", "KHK", "PSMB6", "TMEM147", "ALDH2", "ATP5D", "PGM2", "MYEOV2", "PGPEP1", "NDUFV1", "POLR2L", "IER3", "GPX1", "H3F3B", "NDUFA4", "IDH3G", "GLRX5", "ALDH4A1", "EEF1G", "CCS", "ETHE1", "PI4KA", "MFGE8", "UBA52"], "TFAP2C_HeLa-S3_hg19": ["CFD", "TM2D2", "HIBADH", "TFRC", "RPL12", "ECI1", "ODC1", "RPL36A", "FARS2", "ALAD", "HINT1", "APOM", "TMSB4X", "CTNNA1", "NDUFV3", "SLC12A3", "GPX1", "SSR4", "NDUFA4", "IDH3G", "IRX3", "AP1B1", "DAK", "NDUFS6", "ETHE1", "ASB9", "AURKAIP1"]}