{"H3K27ac_A549_hg19": ["NDUFA13", "RETSAT", "COX4I1", "ECI1", "UQCR11", "GLRX", "COX5B", "ALAD", "HMGCL", "PRDX5", "TMEM147", "PGM2", "NDUFV3", "ATP6V1E1", "POLR2J", "CHCHD1", "TMEM86A", "GPX1", "NDUFA4", "IDH3G", "IRX3", "MRPS21", "ABHD14B", "ELL3", "SAP30", "ALDH4A1", "MRPL50", "CCS", "EHD4", "TCN2", "PI4KA", "CRYL1"], "H3K4me3_mammary epithelial cell_hg19": ["POLDIP2", "COX4I1", "TRIL", "ECI1", "ODC1", "UQCR11", "ALAD", "TMEM147", "LBH", "APOM", "TMEM205", "TIMP2", "PCBD1", "METTL7B", "ITGB6", "POLR2J", "CHCHD1", "TMEM86A", "DGAT2", "GPX1", "SSR4", "RSAD2", "IDH3G", "IRX3", "IGFBP3", "DCXR", "ABCA3", "ABHD14B", "ELL3", "GADD45G", "HIGD2A", "SLC6A6", "CCS", "CYP24A1", "NDUFS8", "MGP", "IRF2", "PI4KA", "TXNIP", "CRYL1", "RPS21", "VPS28"], "H3K9ac_NT2-D1_hg19": ["NDUFA13", "NDUFB8", "GPX1", "POLDIP2", "MAGED1", "IRX3", "COX4I1", "IGFBP3", "TRIL", "ABHD14B", "COX5B", "ACTB", "SAP30", "HIGD2A", "ALDH4A1", "CCS", "TMEM147", "APOM", "ACOX2", "FTH1", "SERPING1", "CRYL1", "ATP6V1E1"], "H3K4me3_H1-hESC_hg19": ["NDUFA13", "RETSAT", "POLDIP2", "IDH3G", "DUSP1", "COX4I1", "ABHD14B", "ZFYVE21", "CCDC107", "UQCR11", "MRPL14", "MRPL12", "AQP3", "SLC4A4", "SAP30", "GADD45G", "MRPL50", "CCS", "TMEM147", "SLC6A8", "CRYL1", "POLR2J", "CHCHD1"], "H3K9ac_mammary epithelial cell_hg19": ["NDUFA13", "MRPS24", "POLDIP2", "IDH3G", "TMEM120A", "IRX3", "IGFBP3", "UQCR11", "MRPL14", "MRPL12", "ELL3", "SAP30", "MRPL50", "CCS", "TMEM147", "APOM", "TCN2", "PGM2", "PCBD1", "NDUFV3", "ATP6V1E1", "RPS21"], "H3K4me3_K562_hg19": ["COX4I1", "ENO1", "ACTB", "KHK", "ZFP36", "TMEM147", "TMEM109", "ATP6V1E1", "CHCHD1", "DGAT2", "SSR4", "RSAD2", "RPS8", "DUSP1", "GLRX5", "ECH1", "MRPS21", "NDUFS8", "ETHE1", "VPS28", "POLDIP2", "CCDC107", "UQCR11", "MRPL14", "COX5B", "ATP5L", "PRDX5", "APOM", "OLFML3", "TMEM205", "CTNNA1", "NDUFV3", "POLR2J", "CYB5A", "TMEM86A", "RPL41", "IDH3G", "CHCHD10", "NPM3", "ELL3", "HIGD2A", "ALDH4A1", "SLC6A6", "TCN2", "GSTA4", "PI4KA", "ALPL", "CRYL1", "CALM3", "LRP10", "RPS21"], "H3K27me3_GM12878_hg19": ["CFD", "FLT1", "OAT", "TRIL", "MRPL14", "SLC4A4", "CTGF", "MYLK", "ESM1", "GJA1", "SLCO2B1", "CTNNA1", "SPP2", "MYEOV2", "CKB", "POLR2J", "KL", "EGR1", "SPINK8", "RARRES2", "IRX3", "IGFBP3", "ABCA3", "F2R", "COX6C", "SOD2", "CYP24A1", "EMCN", "PPP1R1A", "SDPR", "MGP", "CALM3", "CYP2E1", "SLC26A4", "PVALB"], "H3K4me3_bone marrow macrophage_mm9": ["LRPAP1", "GSTK1", "FLT1", "OAT", "POLDIP2", "RSAD2", "IDH3G", "TMEM120A", "ECH1", "AP1B1", "DNAJC12", "PTTG1IP", "AQP3", "SLC4A4", "ELL3", "GSTA4", "CRYL1", "SCAND1", "CAR12", "ACSS1", "IFI27L2A", "YPEL3", "H2-AB1"], "H3K79me2_liver_mm9": ["CYB5B", "NDUFA8", "NDUFB8", "HIBADH", "TFRC", "PET100", "RPS8", "NDUFA4", "RPL12", "RPL34", "COX4I1", "ODC1", "F2R", "SLC4A4", "GABARAP", "ATP5L", "DAK", "HMGCL", "APMAP", "BAG1", "NDUFAB1", "CTNNA1"], "H3K4me3_NT2-D1_hg19": ["NDUFA13", "RETSAT", "POLDIP2", "COX4I1", "TRIL", "UQCR11", "COX5B", "AQP3", "PRDX5", "TMEM147", "TMEM205", "EGR1", "GPX1", "IDH3G", "TMEM120A", "F2R", "ABHD14B", "ZCRB1", "SAP30", "MRPL50", "CCS", "CYP24A1", "NDUFS8", "CRYL1", "RPS21"], "H3K4me3_HepG2_hg19": ["CFD", "HIBADH", "POLDIP2", "ODC1", "RPL36A", "CCDC107", "UQCR11", "ENO1", "SLC4A4", "MYLK", "ZFP36", "TMEM147", "OLFML3", "TIMP2", "TMEM109", "HMGCS2", "NDUFV1", "POLR2J", "MIOX", "CD74", "TMEM86A", "DGAT2", "SSR4", "HGD", "IRX3", "DCXR", "F2R", "ABHD14B", "PDZK1", "COX6C", "ELL3", "SAP30", "HIGD2A", "SLC6A6", "CYP24A1", "NDUFS8", "TCN2", "GSTA4", "MFGE8", "LRP10", "VPS28"], "H3K9me3_T-cell acute lymphoblastic leukemia_hg19": ["UGT1A10", "KL", "LRPAP1", "CYB5A", "SEPT11", "SLC25A3", "ACAA2", "TFRC", "COX4I1", "GCNT1", "AP1B1", "NDUFC2", "ACTB", "ATP5L", "PSMB6", "GJA1", "TMSB4X", "CALM3", "SRSF5", "ATP6V1E1", "SLC26A4", "RPL19", "POLR2L"], "H3K4me3_CD14-positive monocyte_hg19": ["SAMD9L", "NDUFA13", "HIBADH", "RETSAT", "POLDIP2", "COX4I1", "RPL36A", "CCDC107", "MRPL14", "COX5B", "MRPL12", "SLC4A4", "TMEM147", "APOM", "OLFML3", "TMEM204", "TMSB4X", "TMEM109", "METTL7B", "ATP6V1E1", "PGPEP1", "POLR2J", "CYB5A", "GSTM2", "RPL41", "GPX1", "SSR4", "MRPS24", "RSAD2", "NDUFA4", "DCXR", "F2R", "ZFYVE21", "ZCRB1", "ELL3", "HIGD2A", "EEF1G", "SLC6A6", "GSTA4", "PI4KA", "CRYL1", "CYP2E1", "RPS21", "VPS28"], "H3K4me3_A549_hg19": ["SUCNR1", "FLT1", "POLDIP2", "COX4I1", "CCDC107", "UQCR11", "SLC4A4", "FARS2", "PRDX5", "TMEM147", "DBP", "APOM", "FTH1", "PGM2", "NDUFV3", "POLR2J", "CHCHD1", "RPL19", "GSTK1", "TMEM86A", "SEPT11", "DGAT2", "GPX1", "MRPS24", "RSAD2", "IDH3G", "IGFBP3", "ABHD14B", "ELL3", "NME1", "SLC6A6", "CCS", "NDUFS8", "PPP1R1A", "PI4KA", "TXNIP", "CRYL1", "MFGE8", "RPS21", "VPS28"], "H3K4me3_C2C12_mm9": ["LRPAP1", "EGR1", "NDUFA7", "POLDIP2", "ASCC1", "DCXR", "ABHD14B", "DNAJC12", "ZCRB1", "GABARAP", "PBLD2", "KHK", "HIGD2A", "CML1", "MARCKS", "GSTA4", "APMAP", "UROD", "NDUFS6", "PI4KA", "NOX4", "SCAND1", "LRP10"], "H3K4me2_keratinocyte_hg19": ["TMEM86A", "SEPT11", "RSAD2", "COX4I1", "DNAJC12", "CHCHD10", "PRELP", "CCDC107", "UQCR11", "SLC4A4", "GADD45G", "MYLK", "ESM1", "CYP24A1", "TMEM147", "APOM", "OLFML3", "SLAMF9", "NEU1", "CRYL1", "NDUFV3", "RPS21", "RPL28"], "H3K27me3_spleen_mm9": ["KL", "FLT1", "IGFBP5", "EGF", "MAGED1", "GPX3", "IRX3", "TRIL", "AP1B1", "SLC4A4", "SLC9A3", "ESM1", "GJA1", "CYP24A1", "PPP1R1A", "TIMP2", "CTNNA1", "ALPL", "CKB", "SLC26A4", "PVALB", "MFSD2A"], "H3K4me2_CH12.LX_mm9": ["ACAA2", "RSAD2", "NDUFA4", "F2R", "SDR39U1", "MRPL14", "AQP3", "COX7A1", "BC002163", "AGTR1A", "HIGD2A", "CCS", "PRDX5", "SLC6A8", "TCN2", "GSTA4", "NDUFS6", "CRYL1", "1110001J03RIK", "PGPEP1", "VPS28"], "H3K4me3_Panc1_hg19": ["POLDIP2", "TRIL", "MRPL14", "AQP3", "FARS2", "HMGCL", "ZFP36", "PRDX5", "TMEM147", "CTNNA1", "PGM2", "PCBD1", "RPL39", "CHCHD1", "RPL19", "GSTK1", "TMEM86A", "RSAD2", "IDH3G", "GPX3", "IRX3", "MRPS21", "ZFYVE21", "KLHL3", "ELL3", "NME1", "GADD45G", "SLC6A6", "MRPL50", "NDUFS8", "PI4KA", "TXNIP", "CRYL1", "RPS21", "RPL28"], "H3K4me3_endothelial cell of umbilical vein_hg19": ["SAMD9L", "NDUFA13", "TRIL", "SDR39U1", "CCDC107", "UQCR11", "GLRX", "ENO1", "AQP3", "ALAD", "PRDX5", "TMEM147", "LBH", "APOM", "OLFML3", "UROD", "TMEM204", "TMEM205", "POLR2J", "CYB5A", "TMEM86A", "GSTM2", "SEPT11", "DGAT2", "SSR4", "RSAD2", "IRX3", "IGFBP3", "DCXR", "CHCHD10", "ZCRB1", "ELL3", "GADD45G", "SLC6A6", "CCS", "CRYL1", "RPL28", "VPS28"]}