{"MYC-19030024-MESC-mouse": ["GSTT2", "CRIP2", "CYR61", "DPP3", "ICAM1", "TSPAN31", "SOCS2", "APOM", "PPP1R13L", "DACT2", "LEFTY2", "JUNB", "TRIM23", "DUSP4", "KLF10", "NQO1", "NMB", "GADD45B", "SPRYD4", "TNFRSF9", "CIDEB", "EMP3", "FOS", "KLF4", "NR0B2", "HIST2H2BE", "PIK3IP1", "LYRM5", "OGDH", "MAFK", "BIRC3"], "GFI1B-20887958-HPC-7-MOUSE": ["SLC48A1", "DUSP4", "EGR1", "WDR47", "CRIM1", "ELOVL7", "NPPB", "EPM2AIP1", "PHOSPHO2", "SERTAD1", "AGBL3", "ORAI3", "MAFF", "KCTD11", "RAB17", "TMEM38A", "LTA4H", "CTSE", "TNFRSF21"], "STAT3-18555785-MESC-MOUSE": ["NQO1", "DUSP5", "TNFAIP8", "SDC4", "SLC20A2", "SPRYD4", "ANXA3", "OSR1", "HEG1", "MYOF", "CRIM1", "GSTT2", "KLF4", "STX11", "CTGF", "SOCS2", "EFEMP2", "OLFML3", "BMF"], "VDR-23849224-CD4+-HUMAN": ["PPP1R15A", "GADD45B", "SPRYD4", "C10ORF54", "TMEM140", "CRIP1", "HLA-E", "EPM2AIP1", "FAM200B", "CABYR", "LOC100130987", "SERTAD1", "SYT11", "SPAG1", "FAM53C", "YPEL5", "IRF9", "TIGD1"], "STAT3-23295773-U87-HUMAN": ["RAB3B", "SERPINE2", "PCSK5", "C17ORF96", "GALNT10", "TXNDC16", "RND1", "SOCS2", "FGD4", "C1ORF106", "CTSO", "DUSP10", "BMF", "ZSWIM6", "CRYM", "DISC1", "MGAM", "GADD45B", "KCNJ8", "AGXT2", "TNFRSF9", "CAV1", "PLK2", "MYOF", "MICAL2", "KLF4", "SPATA17", "SP5", "FBXL2", "TNFRSF21"], "STAT3-22323479-MACROPHAGE-MOUSE": ["CRIP1"], "RCOR3-21632747-MESC-MOUSE": ["RTN2", "CRIP2", "GALNT10", "CTGF", "RELB", "RND1", "NPPB", "SOCS2", "NUAK2", "PPP1R13L", "SLCO2B1", "HOXA1", "LEFTY2", "DACT1", "CDKN2B", "GADD45B", "HEG1", "INHBB", "EMP3", "PHOSPHO2", "PIK3IP1", "MAFF", "FSCN1", "MAFK", "PIK3AP1", "TRIM31", "YPEL5", "LGR5", "TNFRSF21", "BIRC3"], "ASH2L-23239880-MESC-MOUSE": ["WDR47", "SLC44A3", "CTF1", "HPN", "GSTT2", "GALNT10", "TSPAN31", "MYL12B", "EPM2AIP1", "EFEMP2", "NUAK2", "OLFML3", "BMF", "HOXA1", "FLNC", "GPC4", "DACT1", "DUSP4", "HSD3B7", "EGR1", "GADD45B", "KCNJ8", "HEG1", "MYOF", "INHBB", "SPATA17", "PHOSPHO2", "RFX5", "MAFF", "ERP27", "AMOTL2", "MATN3"], "HOXA2-22223247-E11.5 EMBRYO-MOUSE": ["HOXA1"], "TCF4-23295773-U87-HUMAN": ["SLC48A1", "WDR47", "TNFAIP8", "SLC20A2", "GDA", "FHL2", "NTN4", "AHR", "PCSK5", "GALNT10", "SOCS2", "EPM2AIP1", "FGD4", "C1ORF106", "DUSP10", "ANKRD1", "NRIP3", "ZSWIM6", "DISC1", "DACT1", "MPP2", "DUSP5", "CCL20", "AGXT2", "TNFRSF9", "OSR1", "HEG1", "MYOF", "TBC1D8", "CRIM1", "MICAL2", "ELOVL7", "SPATA17", "NAT2", "PPP1R12B", "MATN3"], "YAP1-20516196-MESC-MOUSE": ["RAB3B", "DUSP4", "DUSP5", "OXTR", "NDRG4", "GADD45B", "LYPD1", "TNFAIP3", "ELOVL7", "KLF4", "SAT1", "CRIP1", "CTGF", "FGD4", "CTSO", "DUSP10", "PIK3IP1", "OGDH", "MAFK"], "REST-21632747-MESC-MOUSE": ["RTN2", "CDKN2B", "BIK", "AMY2B", "LYPD1", "INHBB", "CRIP2", "TRPV1", "GALNT10", "NPPB", "BST1", "SDPR", "OLFML3", "PPP1R13L", "SLCO2B1", "OGDH", "ZSWIM6", "PIK3AP1", "TRIM31", "YPEL5", "LGR5"], "TEAD4-22529382-TROPHECTODERM-MOUSE": ["RAB3B", "RTN2", "WDR47", "TNFAIP8", "SDC4", "CXCL1", "NPNT", "ATG14", "PCSK5", "CTGF", "MYL12B", "SOCS2", "FGD4", "ZIC2", "SLCO2B1", "SH3BGRL2", "AMOTL2", "ZSWIM6", "PPP1R12B", "JUNB"], "SFPI1-20887958-HPC-7-MOUSE": ["DUSP4", "HSD3B7", "PRR7", "SLC20A2", "NCF2", "FOS", "NR0B2", "GALNT10", "MYL12B", "POLD4", "PIK3IP1", "GLIPR2", "ORAI3", "MAFF", "FAM53C", "TNFSF9", "ITGAV", "MAFK", "TMEM38A", "LTA4H", "DISC1", "YPEL5", "IRF9"], "SMARCA4-23332759-OLIGODENDROCYTES-MOUSE": ["DUSP4", "CDKN2B", "PRORSD1P", "SERPINE2", "AGXT2", "CAV1", "OSR1", "CTRB1", "TFPI2", "LYPD1", "MICAL2", "AHR", "KLF4", "ATG14", "GALNT10", "LARP6", "CTGF", "MYL12B", "NPPB", "NUAK2", "DUSP10", "CYP1A1", "ANKRD1", "PIK3AP1"], "GATA1-22025678-K562-HUMAN": ["PIK3AP1"], "DMRT1-23473982-TESTES-MOUSE": ["DUSP4", "MPP2", "EGR1", "GADD45B", "SDC4", "INHBB", "CRIP2", "BST1", "FGD4", "TMEM158", "STBD1", "RFX5", "FAM53C", "FLNC", "JUNB", "LGR5", "CRLF1"], "CREM-20920259-GC1-SPG-MOUSE": ["PRR7", "BTG2", "WDR47", "AHR", "CYR61", "TXNDC16", "DUSP10", "HEY1", "DACT2", "FAM53C", "SH3BGRL2", "JUNB", "DACT1", "DUSP4", "KLF10", "DUSP5", "OSR1", "HEG1", "MYOF", "FOS", "ELOVL7", "SPATA17", "PHOSPHO2", "RFX5", "FSCN1", "OPTN", "NDRG4", "GSTT2", "PROCA1", "CRIP2", "RELB", "CNN1", "SERTAD1", "NEU1", "NRIP3", "BMF", "LTA4H", "EGR1", "CDKN2B", "PLK2", "KLF4", "PARP12", "CABYR", "PIK3IP1", "SYT11", "AGBL3", "MAFF", "OGDH", "SP5", "MAFK", "FBXL2", "YPEL5"], "FLI1-20887958-HPC-7-MOUSE": ["HES6", "HSD3B7", "SLC44A3", "NMB", "NCF2", "ICAM1", "MYL12B", "POLD4", "SERTAD1", "PIK3IP1", "LYRM5", "OGDH", "SPAG1", "FAM53C", "TXNIP", "TMEM38A", "FBXL2", "SLC27A3", "CTSE", "TNFRSF21"], "E2F4-21247883-LYMPHOBLASTOID-HUMAN": ["SLC48A1", "WDR47", "C11ORF71", "PROCA1", "C1ORF213", "CRIP1", "TXNDC16", "DPP3", "SOCS2", "C1ORF106", "RASD1", "BMF", "NQO1", "DUSP5", "NMB", "SPRYD4", "C10ORF54", "CIDEB", "FOS", "HIST2H2BE", "GOLGA8B", "LOC100130987", "SYT11", "PIK3AP1", "SLC27A3", "PPP1R12B", "OPTN", "BIRC3"]}