{"SP4 (human)": ["GADD45B"], "MYC::MAX (human)": ["NEU1", "HLA-E"], "SMAD3 (human)": ["NDRG4", "ANKRD1"], "PLAG1 (human)": ["NEU1", "HLA-E"], "NR1H2::RXRA (human)": ["NEU1", "HLA-E"], "PDX1 (human)": ["TRIM31"], "INSM1 (human)": ["NEU1", "HLA-E"], "RUNX1 (mouse)": ["RFX5"], "MIZF (human)": ["NEU1", "HLA-E"], "Spz1 (mouse)": ["NCF2"], "RXR::RAR_DR5 (human)": ["NEU1", "HLA-E"], "RREB1 (human)": ["NEU1", "HLA-E"], "CPEB1 (human)": ["BIK"], "RXRA::VDR (human)": ["NEU1", "HLA-E"], "CBX5 (human)": ["ANKRD29"], "NHLH1 (human)": ["NEU1", "HLA-E"], "EWSR1-FLI1 (human)": ["NEU1", "HLA-E"], "HNRNPK (human)": ["RBM24"], "HNF1B (mouse)": ["GDA"], "TLX1::NFIC (human)": ["NEU1", "HLA-E"]}