{"H3K36me3 CD4+ CD25- CD45RO+ Memory Primary Cells": ["PIK3IP1"], "H3K9me3 Colonic Mucosa": ["RASD1", "TIGD7", "LOC389332", "SP5", "INHBB", "KLRC1", "CXCL5"], "H3K9me3 Adipose Nuclei": ["SYTL5"], "H3K9me3 Breast Myoepithelial Cells": ["MPP1", "LRG1", "GPC4", "SAT1"], "H3K9me3 CD8 Naive Primary Cells": ["TIGD7"], "H3K27me3 Brain Cingulate Gyrus": ["RAB3B", "KCNJ8", "ANXA3", "CAV1", "CRIP1", "ICAM1", "HLA-E", "NPPB", "C1ORF106", "SGK223", "GPNMB", "SDPR", "LGR5"], "H3K36me3 Brain Mid Frontal Lobe": ["HPN", "CARD9"], "H3K36me3 Brain Hippocampus Middle": ["TIGD7", "RDH5", "IRF9", "SCARNA15"], "H3K36me3 H1 BMP4 Derived Mesendoderm Cultured Cells": ["RAB3B", "TNFAIP8", "IL17RB"], "H3K36me3 CD3 Primary Cells": ["GZMM", "CIDEB"], "H3K36me3 CD4+ CD25- IL17+ PMA-Ionomcyin stimulated Th17 Primary Cells": ["CCL20"], "H3K9me3 Brain Inferior Temporal Lobe": ["HOXA1"], "H3K9me3 Brain Mid Frontal Lobe": ["MPP1"], "H3K36me3 Treg Primary Cells": ["RDH5"], "H3K36me3 Stomach Mucosa": ["TXNIP", "CTGF"], "H3K36me3 CD4 Memory Primary Cells": ["IL32", "SCARNA15"], "H3K9ac Skeletal Muscle": ["FOS", "CLDN2", "DPP3", "LINC00115"], "H3K36me3 Pancreatic Islets": ["SCARNA15"], "H3K36me3 Bone Marrow Derived Mesenchymal Stem Cell Cultured Cells": ["HOXA4"], "H3K36me3 CD8 Naive Primary Cells": ["LOC100506713", "JUNB", "SCARNA15", "HLA-E"]}