{"ATGTCAC,MIR-489": ["PARP12"], "ACAACTT,MIR-382": ["AMOTL2"], "GAGCCTG,MIR-484": ["SERTAD1"], "GTATGAT,MIR-154,MIR-487": ["GDA"], "ACACTAC,MIR-142-3P": ["ITGAV"], "CCACACA,MIR-147": ["INHBB"], "GTGCAAA,MIR-507": ["RBM24"], "GTGTGAG,MIR-342": ["FAM53C"], "CTCCAAG,MIR-432": ["SDPR"], "GAGACTG,MIR-452": ["FAM53C"], "GTACAGG,MIR-486": ["SP5"], "ATTACAT,MIR-380-3P": ["ITGAV"], "TGCAAAC,MIR-452": ["CYR61"], "GTGGTGA,MIR-197": ["DPP3"], "CTCAAGA,MIR-526B": ["CRIM1"], "TCCAGAT,MIR-516-5P": ["SOCS2"], "ACAGGGT,MIR-10A,MIR-10B": ["HOXA1"], "ATGCTGG,MIR-338": ["TBC1D8"], "GGGGCCC,MIR-296": ["RTN2"], "CCATCCA,MIR-432": ["YPEL5"]}