{"POLR2A_thymus_mm9": ["EGR1", "GADD45B", "SDC4", "SPRYD4", "BIK", "PLK2", "FOS", "PARP12", "STX11", "MYL12B", "CTSO", "RASD1", "TMEM158", "CABYR", "PPP1R13L", "ORAI3", "FSCN1", "TNFSF9", "TXNIP", "ZSWIM6", "TCTA", "PIK3AP1"], "ESRRA_HepG2_hg19": ["OGDH", "RAB17"], "MAX_NB4_hg19": ["PPP1R15A", "KLF10", "HSD3B7", "DUSP5", "C11ORF71", "C1ORF213", "FAM127A", "DPP3", "TSPAN31", "RND1", "HLA-E", "SERTAD1", "PIK3IP1", "ZIC2", "ORAI3", "MAFF", "NEU1", "TNFSF9", "TCTA", "PIK3AP1", "DISC1"], "POLR2AphosphoS2_CH12.LX_mm9": ["PPP1R15A", "MPP1", "HES6", "BTG2", "NMB", "SDC4", "PLK2", "CRIM1", "GSTT2", "AHR", "DPP3", "ICAM1", "RND1", "MYL12B", "CABYR", "SERTAD1", "NEU1", "TRIM68", "MAFK", "KCTD11", "OPTN"], "CTCF_GM13976_hg19": ["SLC48A1", "HSD3B7", "PRR7", "SLC44A3", "OXTR", "SPRYD4", "CARD9", "C10ORF54", "ELOVL7", "LOC644656", "IL17RB", "MYL12B", "SOCS2", "C7ORF73", "LOC100130987", "PIK3IP1", "FSCN1", "DKFZP434I0714", "EID2B", "IRF9", "TNFRSF21"], "NANOG_H1-hESC_hg19": ["ANXA3", "CTGF"], "CTCF_GM12891_hg19": ["SLC48A1", "DUSP4", "GNAS-AS1", "SLC44A3", "CDKN2B", "SPRYD4", "C10ORF54", "ELOVL7", "SNHG4", "CYR61", "RND1", "MYL12B", "SOCS2", "PIK3IP1", "FSCN1", "PAN3-AS1", "ITGAV", "JUNB", "AJUBA", "IRF9", "DACT1"], "FOXM1_GM12878_hg19": ["KLF10", "NQO1", "BTG2", "PRORSD1P", "SPRYD4", "FLVCR1-AS1", "C10ORF54", "DPP3", "VMP1", "C7ORF73", "EPM2AIP1", "POLD4", "NEU1", "FSCN1", "TNFSF9", "TCTA", "TNFRSF21", "TIGD1"], "E2F4_myocyte_mm9": ["PPP1R15A", "KLF10", "HES6", "GADD45B", "CRIP2", "FOS", "KLF4", "SNHG4", "GALNT10", "CYR61", "RASD1", "NUAK2", "SERTAD1", "AGBL3", "NEU1", "TRIM68", "TXNIP", "SH3BGRL2", "ITGAV", "AMOTL2", "MATN3"], "CTCF_medulloblastoma_hg19": ["SLC48A1", "HSD3B7", "OXTR", "NMB", "SPRYD4", "C10ORF54", "ELOVL7", "CXCL3", "C1ORF213", "PCSK5", "SOCS2", "C7ORF73", "LOC100130987", "PIK3IP1", "OLFML3", "AGBL3", "LOC100270804", "EID2B", "IRF9", "TNFRSF21", "BIRC3"], "MYC_NB4_hg19": ["PPP1R15A", "C11ORF71", "C10ORF54", "ISG15", "C17ORF96", "DPP3", "HLA-E", "VMP1", "C7ORF73", "FAM200B", "HCAR3", "DUSP10", "PIK3IP1", "RFX5", "MAFF", "NEU1", "FSCN1", "HOXA1", "DISC1", "IRF9", "HOXA4", "BIRC3"], "MYOG_myocyte_mm9": ["SLC48A1", "BTG2", "WDR47", "OXTR", "CTF1", "SDC4", "FHL2", "NEXN", "CRIP2", "STX11", "CTGF", "DPP3", "MYL12B", "EFEMP2", "SERTAD1", "GLIPR2", "ANKRD1", "BMF", "TMEM38A", "JUNB", "KLF10", "HES6", "DUSP5", "SPRYD4", "PLK2", "FOS", "ELOVL7", "LARP6", "VMP1", "LYRM5", "AGBL3", "ALPK3", "AMOTL2", "PIK3AP1", "SLC27A3", "RBM24", "AJUBA", "OPTN"], "FOXM1_MCF-7_hg19": ["TFF1", "SYTL5"], "HDAC1_K562_hg19": ["NQO1", "PRORSD1P", "GADD45B", "TUFT1", "AQP10", "C11ORF71", "TBC1D8", "CXCL3", "TMEM140", "HIST2H2BE", "TLE6", "TXNDC16", "RELB", "ICAM1", "NPPB", "GOLGA8B", "LYRM5", "ZSWIM6", "DISC1", "OPTN", "BIRC3"], "NELFE_CH12.LX_mm9": ["SLC48A1", "PPP1R15A", "MPP1", "EGR1", "WDR47", "SDC4", "SPRYD4", "FOS", "DPP3", "MYL12B", "SPATA17", "CABYR", "LYRM5", "ORAI3", "NEU1", "FSCN1", "TRIM68", "ITGAV", "PPP1R12B", "YPEL5", "JUNB"], "MAX_HeLa-S3_hg19": ["C11ORF71", "CXCL3", "TMEM140", "C17ORF96", "TXNDC16", "DPP3", "C7ORF73", "EPM2AIP1", "APOM", "SERTAD1", "NEU1", "LOC100270804", "ANKRD1", "TMEM38A", "LINC00115", "NQO1", "DUSP5", "SPRYD4", "KLRC3", "MYOF", "MICAL2", "LOC644656", "ATG14", "TLE6", "VMP1", "FAM200B", "PIK3IP1", "RFX5", "TXNIP", "S100P", "FBXL2", "LOC100506713", "YPEL5", "IRF9", "TNFRSF21", "BIRC3"], "REST_HL-60_hg19": ["PLA2G4C", "LGR5"], "CTCF_kidney_hg19": ["PPP1R15A", "HES6", "SLC44A3", "TNFAIP8", "TIGD7", "C10ORF54", "CIDEB", "AHR", "FOS", "ELOVL7", "LOC644656", "KLF4", "UPK3A", "THBS1", "GALNT10", "CYR61", "FGD4", "SPATA17", "PIK3IP1", "LOC100270804"], "CHD2_K562_hg19": ["SLC48A1", "MPP1", "KLF10", "HES6", "SLC20A2", "GDA", "FLVCR1-AS1", "C10ORF54", "IL18", "ISG15", "DPP3", "TSPAN31", "RND1", "VMP1", "GOLGA8B", "GZMM", "PHOSPHO2", "TRIM68", "FBXL2", "TCTA"], "MYC_K562_hg19": ["RAB3B", "AQP10", "C11ORF71", "TNFAIP3", "PIGZ", "TMEM140", "C1ORF213", "SAT1", "GALNT10", "TXNDC16", "FAM127A", "ICAM1", "C7ORF73", "EPM2AIP1", "HEPH", "GLIPR2", "PPP1R13L", "LOC100270804", "FAM53C", "SH3BGRL2", "LOC100131564", "TIGD1", "KLF10", "HES6", "DUSP5", "PRORSD1P", "TIGD7", "C10ORF54", "ELOVL7", "LOC644656", "TLE6", "HLA-E", "RFX5", "ORAI3", "TXNIP", "TCTA", "IRF9", "TNFRSF21", "BIRC3", "PPP1R15A", "SLC20A2", "FLVCR1-AS1", "PROCA1", "C17ORF96", "DPP3", "MYL12B", "SOCS2", "APOM", "NEU1", "LINC00115", "MPP1", "HSD3B7", "NQO1", "GADD45B", "SPRYD4", "CAV1", "CARD9", "MICAL2", "ISG15", "SNHG4", "VMP1", "FAM200B", "GZMM", "LRG1", "PIK3IP1", "LYRM5", "OGDH", "TNFSF9", "S100P", "FBXL2"]}