{"H3K4me3_cardiac fibroblast_hg19": ["CDC123", "PSMD14", "FAM45A", "GBE1", "DDX1", "NOTCH2NL", "CCDC28A", "PPP2CB", "LAPTM4A", "PSMB5", "SNRPD2", "RPS19", "EXOSC8", "RPL14", "MLEC", "RAC1", "SNRPD3", "RPL15", "JARID2", "SEC11A", "DECR1", "BPTF", "KCMF1", "HOMER1", "CMTM6", "CIRBP", "DSTN", "EDF1", "GPN1", "MSL1", "PSMA4", "DDX39A", "PSMA1", "EIF3L", "PPT1", "NDUFAF3", "PABPC3", "VIM", "EIF3F", "KIF20A", "ZMYND11", "HIST1H4C", "PTMA", "SLC35E2B", "CERS2"], "H3K4me3_thymus_mm9": ["COPB2", "COPB1", "MRPL16", "IPO7", "PSMA7", "SNX3", "PSMB7", "CCNB2", "BLOC1S5", "PSMD6", "DPP8", "NUSAP1", "USP1", "PBK", "GUSB", "SEC11A", "CLIC1", "FANCI", "UTP3", "NDUFA4", "CSNK2A2", "TXNL1", "CIRBP", "DSTN", "PRPF40A", "THOC2", "DHFR", "NDUFS5", "CCNG1", "PSME2", "PPIG", "SAE1", "ERGIC2"], "H3K9ac_H1-hESC_hg19": ["COPB2", "NDUFA13", "DCLRE1C", "NDUFB5", "THYN1", "PHB", "HMMR", "CCDC28A", "PPP1CC", "NUSAP1", "RBBP7", "ACP1", "SEC31B", "SUZ12", "HOMER1", "CAMLG", "DYNLT1", "COMMD3", "LSM3", "NDC80", "RPS25", "COPS3", "CNOT7", "DDX39A", "EIF3K", "ERP29", "POLR1D", "TAF7", "HIST1H4C", "ITM2A"], "H3K79me2_osteoblast_hg19": ["MRPS15", "ECHS1", "NARF", "NDUFB5", "RPL12", "COX17", "ATP5C1", "CDCA8", "ATP5H", "COX7C", "PSMA7", "CCDC28A", "MYL12B", "SNRPD2", "USP1", "ZBED5", "SAC3D1", "ZNF266", "NOP56", "NDUFA1", "AHSA1", "GNB2L1", "GNPAT", "RPS25", "EIF3K", "RPL37A", "GNAS", "MCM5", "SLC25A5", "MCM2", "CDKN3", "SLC25A6"], "H3K4me3_bone marrow macrophage_mm9": ["RPN2", "FAM45A", "MRPL16", "NCAPG", "HSPB1", "PTTG1IP", "ETFB", "ARHGAP15", "IPO7", "PSMA7", "MYL12B", "UXT", "CCNB2", "PSMD6", "TUBA1A", "SNRPD2", "ZNHIT3", "NUSAP1", "RPL14", "GUSB", "SEC11A", "CBX1", "CIRBP", "NDUFA1", "TTC19", "GNB2L1", "OXA1L", "EIF3K", "BOLA2", "ERGIC2", "ITM2A"], "H3K4me3_heart_mm9": ["TOP2A", "ATP5G2", "IPO7", "UXT", "PSMD6", "APMAP", "PPP2R5E", "FAM162A", "NUSAP1", "PBK", "GUSB", "RPS9", "ANXA2", "PRKCB", "CSNK2A2", "UBE2E1", "CKAP2", "GPX7", "PRPF40A", "REXO2", "GLTSCR2", "APRT", "BOLA2", "SNRPG", "PPIG", "ERGIC2", "FKBP3", "ALDH9A1", "COPB2", "RPN2", "MRPL16", "HSD17B12", "PSMA7", "MYL12B", "ZNHIT3", "PSMB1", "EXOSC8", "UBC", "SEC11A", "DECR1", "FDFT1", "SUZ12", "NDUFA1", "PSMB8", "DHFR", "EIF3F", "SAE1", "HIST1H4C", "ITM2A"], "H3K4me3_H1-hESC_hg19": ["COPB2", "NDUFA13", "COPB1", "RAP1GDS1", "USO1", "THYN1", "TTK", "PHB", "HMMR", "COX6A1", "PSMA7", "PAPSS1", "CCDC28A", "UBL5", "PTDSS1", "SNRPD3", "CCT7", "ACP1", "ZBED5", "KCMF1", "RWDD1", "MDH1", "RNASET2", "FAM46A", "COMMD3", "DSTN", "LSM3", "RPS25", "FAM111A", "NSA2", "CNOT7", "EIF3L", "ERP29"], "H3K4me3_cardiac muscle cell_hg19": ["CDC123", "PSMD14", "DDX1", "NOTCH2NL", "CCDC28A", "SNX3", "LAPTM4A", "PSMD6", "PSMB5", "SNRPD2", "RPS19", "OXCT1", "EXOSC8", "UBC", "SNRPD3", "RPL15", "JARID2", "SEC11A", "DECR1", "BPTF", "KCMF1", "HOMER1", "CMTM6", "GPN1", "PSMA1", "EIF3L", "RPL24", "PABPC3", "HIST1H4C", "PTMA", "SNRPA", "SLC35E2B", "CERS2"], "H3K4me3_GM12878_hg19": ["NARF", "GBE1", "ENO1", "CCDC28A", "UBL5", "LAPTM4A", "PSMD6", "SNRPD2", "RPS19", "PBK", "RAC1", "SNRPD3", "KCMF1", "RPS9", "UBE2E1", "CKAP2", "COMMD3", "GPX7", "ATP5F1", "GLTSCR2", "GNPAT", "HAX1", "TMX2", "SNRPG", "VDAC2", "SNRPA", "CERS2", "ECHS1", "DDX1", "HMMR", "SNX3", "PPP2CB", "PSMB5", "ZNHIT3", "OXCT1", "EXOSC8", "LTA4H", "RPL15", "SEC11A", "SAC3D1", "SNX5", "DECR1", "IGBP1", "SUZ12", "DARS", "HOMER1", "FAM46A", "CMTM6", "DSTN", "GPN1", "TTC19", "PSMB8", "FAM111A", "EIF3F", "HIST1H4C", "SLC35E2B"], "H3K4me1_A549_hg19": ["FKBP11", "UNC119B", "LRRC59", "GPI", "COPB1", "ITGB2", "MRPL16", "ATP5G2", "IPO7", "ZNHIT3", "OXCT1", "FAM162A", "PRDX1", "TRA2B", "ARL6IP5", "RPS3", "PBK", "PMPCB", "GUSB", "FDPS", "GOT2", "RFTN1", "AKR1C3", "ISG15", "THOC2", "ATP5F1", "COX6C", "ASS1", "CCNB1IP1", "PSMB8", "OXA1L", "TFDP2", "PSMC1", "PCCB", "GNAS", "PPT1", "TXNIP", "NDUFAF3", "SAE1", "HIST1H4C", "ITM2A", "PRR11", "PFDN5", "ARHGEF6"], "H3K9ac_ES-E14_mm9": ["UFD1L", "COPB2", "NDUFA13", "NDUFB5", "GBE1", "AURKA", "MYL12B", "CDC20", "SNX3", "RAP1B", "PSMB7", "PPP1CC", "APMAP", "ZNHIT3", "EXOSC8", "GUSB", "SEC11A", "CCT3", "MDH1", "NDUFA4", "PLK1", "NDUFA1", "EDF1", "CCNB1IP1", "EIF1", "HADHB", "BOLA2", "SNRPE", "ETF1", "PPIG", "IARS", "KIF20A", "EAPP", "DTL", "GLYR1"], "H3K4me2_B cell_hg19": ["TOP2A", "COPB1", "USO1", "HJURP", "THYN1", "TTK", "PHB", "UBL5", "CCNB2", "ZNHIT3", "PBK", "MLEC", "VPS35", "ACP1", "GABARAPL2", "MDH1", "ANXA2", "UBE2C", "BNIP3", "CKAP2", "AHSA1", "TMEM59", "RPS25", "ALDH1A2", "GNAS", "PABPC3", "KIF2C", "SNRNP25", "KIF20A", "DTL", "SLC35E2B", "MCM2"], "H3K4me3_A549_hg19": ["UFD1L", "GPI", "NARF", "CCNI", "ARL6IP1", "GBE1", "KIF14", "THYN1", "ATP5G1", "UBL5", "SNRPD2", "RPS19", "SNRPD3", "GABARAPL2", "ADSL", "DYNLT1", "CIRBP", "TALDO1", "AHSA1", "C6ORF62", "ATP5F1", "RAD23B", "GLTSCR2", "ZNF638", "TXNIP", "PTMA", "DTL", "ARHGEF6", "CERS2", "RPN2", "HDAC1", "COPB1", "NOTCH2NL", "NCAPG", "PHB", "HMMR", "PDHB", "PSMA7", "PLAC8", "NME1-NME2", "PTDSS1", "EXOSC8", "PPP1R8", "TSPAN5", "SAC3D1", "RPL19", "CCT4", "TIMM8B", "FAM46A", "RFTN1", "AKR1C3", "ISG15", "GPN1", "LSM3", "FAM111A", "C6ORF48", "EIF3L", "GNAS", "NDUFAF3", "EIF3F", "SLC35E2B"], "H3K4me2_keratinocyte_hg19": ["CDC123", "HDAC1", "KIF14", "THYN1", "ETFB", "CCDC28A", "UBL5", "IRAK1", "ZNHIT3", "VPS35", "SNRPD3", "ZBED5", "KCMF1", "TIMM8B", "GABARAPL2", "ANKRD49", "RRM2", "PRKCB", "RNASET2", "CKAP2", "GPX7", "AHSA1", "C6ORF62", "ATP5F1", "RPS25", "ALDH1A2", "CCNG1", "EIF3G", "NDUFAF3", "VDAC2", "SNRNP25", "HIST1H4C"], "H3K4me3_liver_mm9": ["RPL4", "TOP2A", "COPB2", "RPN2", "YWHAB", "DDX1", "MRPL16", "PTTG1IP", "ETFB", "IPO7", "PSMA7", "MYL12B", "UXT", "PTDSS1", "PSMD6", "TUBA1A", "APMAP", "ZNHIT3", "PPP1R8", "NUSAP1", "PBK", "VPS35", "JARID2", "GUSB", "SEC11A", "CLIC1", "FDFT1", "RPS9", "CSNK2A2", "NDUFA1", "COMMD3", "GPX7", "PRPF40A", "APRT", "GNPAT", "OXA1L", "EIF3K", "EIF3L", "BOLA2", "PCCB", "EIF3H", "SAE1", "ERGIC2", "FKBP3"], "H3K4me3_cerebellum_mm9": ["RPL4", "TOP2A", "COPB2", "RPN2", "ECI2", "MRPL16", "ETFB", "IPO7", "CDC20", "PSMD6", "ATIC", "TUBA1A", "PPP2R5E", "EXOSC8", "PPP1R8", "UBC", "NUSAP1", "ARL6IP5", "PBK", "GUSB", "SEC11A", "RPS9", "ANXA2", "IGFBP2", "UBE2E1", "CIRBP", "NDUFA1", "TBCA", "EIF3K", "BOLA2", "NDUFS4", "ERGIC2", "ITM2A", "ALDH9A1"], "H3K79me2_A549_hg19": ["MRPS15", "NDUFA13", "DCLRE1C", "ECHS1", "NARF", "RPL12", "MRPS31", "MRPL16", "CDCA8", "THYN1", "ETFB", "ATP5H", "PDHB", "PSMA7", "UQCRH", "CCDC28A", "UBL5", "PTDSS1", "UBC", "ARL6IP5", "CCT7", "FDFT1", "TIMM8B", "MDH1", "TXNL1", "COMMD3", "RPL23A", "ATP5F1", "DHFR", "ASPM", "GNPAT", "RPS25", "C6ORF48", "PCCB", "TOMM7", "POLR1D", "EIF3G", "PSME2", "VIM", "EIF3F", "DTL", "MCM2", "GLYR1"], "H3K4me3_brown adipose tissue_mm9": ["TOP2A", "COPB2", "LRRC59", "RPN2", "CDCA4", "MRPL16", "IPO7", "CCNB2", "BLOC1S5", "PTDSS1", "PSMD6", "DPP8", "ZNHIT3", "NUSAP1", "PBK", "GUSB", "SEC31B", "UTP3", "CSNK2A2", "CBX1", "DSTN", "THOC2", "GPN1", "LSM3", "DHFR", "OXA1L", "EIF3L", "GNAS", "SNRPG", "SAE1", "ERGIC2", "ITM2A", "ALDH9A1"], "H3K4me3_kidney_mm9": ["TOP2A", "MRPL16", "ETFB", "IPO7", "CDC20", "CCNB2", "BLOC1S5", "PTDSS1", "PSMD6", "TUBA1A", "APMAP", "NUSAP1", "PBK", "GUSB", "SEC11A", "CLIC1", "RPS9", "NDUFA4", "CSNK2A2", "CIRBP", "NDUFA1", "GPX7", "PRPF40A", "ISG15", "DHFR", "COPS3", "EIF3K", "ALDH1A2", "BOLA2", "ERGIC2", "ITM2A", "FKBP3"], "H3K4me3_endothelial cell of umbilical vein_hg19": ["NDUFA13", "GMFG", "THYN1", "ENO1", "IPO7", "CCDC28A", "CDC20", "UBL5", "LAPTM4A", "PSMD6", "ATIC", "RPS19", "UQCRFS1", "SNRPD3", "JARID2", "ACP1", "KCMF1", "RNASET2", "UBE2E1", "CKAP2", "GPX7", "AHSA1", "ATP5F1", "OXA1L", "NSA2", "TMX2", "RPL37A", "PTMA", "CERS2", "PSMD14", "DDX1", "RAP1GDS1", "COX17", "NOTCH2NL", "PHB", "HMMR", "UQCRH", "AURKA", "PSMB5", "OXCT1", "EXOSC8", "RPL15", "CCT7", "DECR1", "BPTF", "TIMM8B", "MDH1", "NDUFA1", "GPN1", "RPS25", "EIF3L", "NDUFAF3", "EIF3F", "HIST1H4C", "SLC35E2B", "CDKN3"]}