{"H3K9ac_skeletal muscle myoblast_hg19": ["NMB", "TNFAIP8", "C5ORF46", "CTF1", "PRORSD1P", "TIGD7", "ISG15", "CXCL1", "KLF4", "TMEM140", "GALNT10", "HIST2H2BE", "STX11", "BST1", "C1ORF106", "RASD1", "SH3BGRL2", "ZSWIM6", "JUNB", "HOXA4"], "H2AFZ_HeLa-S3_hg19": ["MPP2", "TIGD7", "TUFT1", "PLK2", "ISG15", "EMP3", "CXCL3", "SNHG4", "RND1", "C7ORF73", "EPM2AIP1", "PHOSPHO2", "LOC100130987", "ZIC2", "AGBL3", "RFX5", "S100P", "KLRC1", "BIRC3"], "H3K9ac_H1-hESC_hg19": ["GNAS-AS1", "DUSP5", "NMB", "CTF1", "PRORSD1P", "KCNJ8", "TIGD7", "PLK2", "TNFAIP3", "CXCL3", "GALNT10", "POLD4", "PHOSPHO2", "GLIPR2", "DACT2", "ZSWIM6", "PIK3AP1", "JUNB", "OPTN", "LINC00115"], "H3K27me3_HepG2_hg19": ["CDKN2B", "TNFAIP8", "PLA2G4C", "MYOF", "CXCL3", "ATG14", "TSPAN31", "CNN1", "POLD4", "FAM200B", "CTSO", "LRG1", "CABYR", "TP53I3", "LOC100130987", "OLFML3", "RFX5", "FAM53C", "UCA1", "BIRC3"], "H3K27ac_HepG2_hg19": ["HES6", "EGR1", "NMB", "TNFAIP8", "PRORSD1P", "PLA2G4C", "C1ORF213", "DPP3", "TSPAN31", "RND1", "VMP1", "FGD4", "GOLGA8B", "DUSP10", "LRG1", "CLTCL1", "RDH5", "MATN3", "IRF9", "HOXA4"], "H3K9ac_ES-E14_mm9": ["KLF10", "ANKRD29", "NDRG4", "BIK", "FHL2", "MICAL2", "RELB", "ICAM1", "MYL12B", "CNN1", "EFEMP2", "PHOSPHO2", "TNFSF9", "NRIP3", "SH3BGRL2", "PIK3AP1", "DISC1", "JUNB", "MATN3"], "H3K4me2_CD14-positive monocyte_hg19": ["HES6", "ANKRD29", "SLC44A3", "TIGD7", "OSR1", "HPN", "TFPI2", "NTN4", "MICAL2", "C1ORF213", "GALNT10", "APOM", "ZIC2", "TNFSF9", "AMOTL2", "GPC4", "RBM24", "MATN3", "DACT1", "LINC00324"], "H2AFZ_osteoblast_hg19": ["NMB", "CTF1", "PRORSD1P", "TIGD7", "FLVCR1-AS1", "C11ORF71", "CIDEB", "ISG15", "CXCL3", "TXNDC16", "RND1", "C1ORF106", "PHOSPHO2", "RFX5", "SP5", "SH3BGRL2", "BMF", "KCTD11", "BIRC3"], "H3K27ac_thymus_mm9": ["PPP1R15A", "DUSP4", "KLF10", "TNFAIP3", "ISG15", "TMEM140", "ICAM1", "EPM2AIP1", "POLD4", "CTSO", "PIK3IP1", "OLFML3", "AGBL3", "TRIM68", "DACT2", "FAM53C", "ITGAV", "CTSE", "PPP1R12B", "JUNB", "BIRC3"], "H3K4me3_NT2-D1_hg19": ["EGR1", "PRORSD1P", "C11ORF71", "C10ORF54", "MICAL2", "TNFAIP3", "CXCL1", "PROCA1", "CXCL3", "UPK3A", "BST1", "POLD4", "GOLGA8B", "CTSO", "DUSP10", "PHOSPHO2", "LOC100130987", "GLIPR2", "MMP23B", "LGR5", "MATN3"], "H3K4me3_G1E_mm9": ["RAB3B", "CTF1", "TUFT1", "TNFAIP3", "TMEM140", "CXCL5", "ICAM1", "POLD4", "CTSO", "ZIC2", "TRIM68", "NRIP3", "DACT1", "KLF10", "HES6", "NQO1", "DUSP5", "ANXA3", "BIK", "PLK2", "NPNT", "ATG14", "PHOSPHO2", "CABYR", "SPAG1", "PIK3AP1"], "H3K4me3_cardiac fibroblast_hg19": ["TUFT1", "NTN4", "TNFAIP3", "CXCL1", "AHR", "CXCL3", "CTGF", "ICAM1", "APOM", "CLTCL1", "PAN3-AS1", "ITGAV", "ZSWIM6", "DISC1", "EID2B", "TIGD1", "LINC00115", "NMB", "TIGD7", "MYOF", "EMP3", "SNHG4", "TLE6", "BST1", "GOLGA8B", "TMEM158", "SP5", "KCTD11", "BIRC3"], "H3K27ac_endothelial cell of umbilical vein_hg19": ["NQO1", "TNFAIP8", "PRORSD1P", "C11ORF71", "CXCL3", "TMEM140", "ATG14", "SAT1", "PCSK5", "CTGF", "RELB", "TSPAN31", "VMP1", "RASD1", "CLTCL1", "TXNIP", "SH3BGRL2", "JUNB", "RBM24", "BIRC3"], "H3K4me3_A549_hg19": ["RTN2", "SLC44A3", "CXCL1", "LOC113230", "TMEM140", "C1ORF213", "CYR61", "FAM127A", "ICAM1", "APOM", "GLIPR2", "DACT2", "SH3BGRL2", "BMF", "DISC1", "JUNB", "DACT1", "LINC00115", "MPP1", "MGAM", "NMB", "KCNJ8", "TIGD7", "CCL20", "PLA2G4C", "EGOT", "INHBB", "ISG15", "FOS", "ELOVL7", "HIST2H2BE", "BST1", "SPATA17", "CABYR", "LOC100130987", "TXNIP", "TFF1", "PIK3AP1", "LGR5", "MATN3"], "H3ac_C2C12_mm9": ["DUSP4", "ANKRD29", "NDRG4", "SERPINE2", "BIK", "INHBB", "CXCL1", "ATG14", "LARP6", "STX11", "DPP3", "RELB", "CTSO", "EFEMP2", "DUSP10", "TXNIP", "SH3BGRL2", "ITGAV", "ZSWIM6", "TCTA", "LTA4H"], "H3K4me3_astrocyte_hg19": ["HSD3B7", "ANKRD29", "SLC44A3", "BIK", "C10ORF54", "CIDEB", "ISG15", "CXCL1", "CXCL3", "UPK3A", "RND1", "VMP1", "C1ORF106", "PHOSPHO2", "APOM", "LOC100130987", "BMF", "PIK3AP1", "LGR5", "HOXA4"], "H3K4me3_MEL cell line_mm9": ["CTF1", "GALNT10", "STX11", "ICAM1", "TSPAN31", "RND1", "MYL12B", "POLD4", "CTSO", "HEY1", "SERTAD1", "STBD1", "ITGAV", "BMF", "GPC4", "MPP1", "NQO1", "MPP2", "DUSP5", "CDKN2B", "NMB", "SPRYD4", "ANXA3", "FOS", "ATG14", "TLE6", "RPP25L", "VMP1", "SPATA17", "TMEM158", "CABYR", "NAT2", "AGBL3", "MAFF", "SPAG1", "TNFSF9", "PIK3AP1", "PPP1R12B", "OPTN", "BIRC3"], "H4K20me1_fibroblast of lung_hg19": ["RTN2", "EGR1", "GADD45B", "OSR1", "PLK2", "C10ORF54", "CIDEB", "AHR", "FOS", "CYR61", "LARP6", "FAM127A", "HLA-E", "NPPB", "EPM2AIP1", "NUAK2", "SPATA17", "MAFK", "AMOTL2", "EID2B", "LOC100288911"], "H3K9ac_HeLa-S3_hg19": ["KLF10", "SLC20A2", "FLVCR1-AS1", "C10ORF54", "MICAL2", "ELOVL7", "TMEM140", "ATG14", "SAT1", "HIST2H2BE", "TLE6", "TXNDC16", "TSPAN31", "VMP1", "PHOSPHO2", "APOM", "ZIC2", "KCTD11", "DKFZP434I0714", "BIRC3"], "H3K4me3_endothelial cell of umbilical vein_hg19": ["RAB3B", "SLC44A3", "SLC20A2", "C11ORF71", "TNFAIP3", "CXCL1", "CXCL3", "PPL", "DPP3", "ICAM1", "APOM", "OLFML3", "PPP1R13L", "ITGAV", "BMF", "ZSWIM6", "GPC4", "DACT1", "LINC00115", "HES6", "ANKRD29", "MORC4", "TIGD7", "C10ORF54", "NPNT", "VMP1", "BST1", "GOLGA8B", "LOC100130987", "SP5", "KCTD11", "LGR5", "RBM24", "MATN3", "BIRC3"]}