{"MTF2-20144788-MESC-MOUSE": ["AGPAT9", "CHRNA5", "SHMT2", "MYCBP2", "PCSK9", "HMGB3", "EFNA5", "LRP8", "RXRA", "DACH1", "STC2", "RRS1", "MAL2", "SLC25A21", "WHSC1", "GPC6", "STK32C", "FBXW4", "CDKN2C", "XRCC3", "MBOAT1", "NR2F1", "DUSP9", "DAB1", "LOX", "TMEM117", "SDC1", "CDC42EP1", "SHANK3", "PHF19"], "EBNA2-21746931-IB4-LCL-HUMAN": ["CDCA4", "PNKP", "GLYCTK", "MRGPRF", "PPAN", "EDF1", "OMA1", "RGP1", "ARFRP1", "C7ORF50", "MTA1", "DNAJB6", "FAM195A", "STK32C"], "TEAD4-22529382-TROPHECTODERM-MOUSE": ["CDCA4", "MYCBP2", "ADK", "LPCAT1", "KIF14", "CDCA7", "PEPD", "PLA2G7", "LMNB1", "TMEM104", "DPYSL2", "EXOSC8", "EIF4EBP1", "DLEU2", "HADH", "GPC6", "TBC1D22A", "STK32C", "AGL", "HDGFRP2", "DAB1", "XPOT", "GPAM", "MARS", "NF2"], "SUZ12-20075857-MESC-MOUSE": ["AGPAT9", "PCOLCE2", "CHRNA5", "TMEM200A", "SHMT2", "PCSK9", "SLC38A11", "EFNA5", "LRP8", "ZFP36L2", "GLIS2", "APOO", "RXRA", "DACH1", "RAB23", "NACC2", "STC2", "DPYSL2", "RRS1", "MAL2", "RAC3", "LRIG3", "SLC25A21", "WHSC1", "DLEU2", "GPC6", "FBXW4", "NOP14", "BRD1", "CDKN2C", "XRCC3", "MBOAT1", "NR2F1", "NPM3", "DUSP9", "SKI", "LRFN3", "DAB1", "XPOT", "LOX", "FAM173A", "TMEM117", "SDC1", "CDC42EP1", "SLC27A2", "SHANK3", "PHF19"], "MEIS1-20887958-HPC-7-MOUSE": ["PRR5", "KDM4B", "SDF2L1", "TCF25", "HDGFRP2", "AP2A2", "SUPT3H", "ZFP36L2", "BYSL", "NTHL1", "FAM173A", "MCM5", "HIST1H1C"], "STAT3-23295773-U87-HUMAN": ["LNP1", "ADK", "CDCA7", "OMA1", "PEPD", "EFNA5", "LRP8", "AP2A2", "KIF15", "CCT6B", "CHAF1A", "NACC2", "ZNF385B", "WHSC1", "GPC6", "LHPP", "EEFSEC", "C21ORF33", "KDM4B", "BRD1", "CDKN2C", "IQSEC1", "GLYCTK", "NR2F1", "C10ORF11", "SUPT3H", "MSRA", "RNF126", "DAB1", "TMEM117", "PHF14", "UGT2B4", "KBTBD7", "SPC25"], "SPI1-23547873-NB4-HUMAN": ["NAA60", "PNKP", "LPCAT1", "SNX10", "OMA1", "HMGB1", "SLC1A5", "MKI67", "PHTF1", "TMEM187", "SYNCRIP", "DNAJB6", "MSANTD2", "EXOSC8", "EIF4EBP1", "FBRSL1", "DLEU2", "EMC9", "MEN1", "FBXW4", "CDT1", "LRRC45", "HOMER1", "DDX55", "GLYCTK", "PLK1", "ELOVL6", "ATAD3B", "C9ORF69", "PHF14", "G2E3", "C19ORF25", "MCM5", "CEP63", "RNF166"], "RAD21-21589869-MESC-MOUSE": ["PRR5", "FBXW4", "NOP14", "ADK", "SSU72", "HSD17B7", "SGSH", "IMMP1L", "PFKL", "TFDP1", "TMEM203", "CCND1", "NACC2", "RRS1", "RAC3", "MCM5", "HADH", "BCAT1", "CHMP6", "MEN1"], "RCOR3-21632747-MESC-MOUSE": ["ARHGAP11A", "PRR5", "ZBTB8A", "CCBL2", "KIF14", "SNX10", "OMA1", "SLC1A5", "MRPL12", "LMNB1", "RXRA", "INPP5A", "CCND1", "NACC2", "RRS1", "FBRSL1", "STK32C", "SLC19A1", "HIST1H1C", "CEP78", "NOP14", "IQSEC1", "PTOV1", "MBOAT1", "KCTD5", "SKI", "LRFN3", "DAB1", "GPAM", "CDC42EP1", "CHMP6", "THOP1", "MAD1L1"], "NANOG-18692474-MESC-mouse": ["LRPAP1", "ADK", "HMGB3", "SNX10", "HMGB1", "HMMR", "ZFP36L2", "SYNCRIP", "RXRA", "DNAJB6", "EIF4EBP1", "PBK", "LRIG3", "WHSC1", "SLC12A7", "GPC6", "HIST1H1C", "ELOVL6", "NPM3", "DBF4", "TFDP1", "CTH", "HIST1H2BE", "NF2", "BCAT1", "SLC27A2", "MAD1L1"], "AR-22383394-PROSTATE_CANCER-HUMAN": ["TMEM200A", "MYCBP2", "MBOAT1", "C10ORF11", "SLC7A11", "ZNF23", "EFNA5", "CCT6B", "LMNB1", "APOO", "XPOT", "GPAM", "NTHL1", "NOVA1", "ZNF385B", "LRIG3", "ACOX3", "CLPTM1L", "TBC1D22A"], "MECOM-23826213-KASUMI-MOUSE": ["ACOT7", "DBNL", "SHMT2", "PNKP", "MYCBP2", "PPAN", "HMGB3", "SNX10", "SLC7A11", "LRP8", "SGSH", "CDC45", "TMEM104", "DNAJB6", "MARS", "EIF4EBP1", "RAD54L", "CDC42EP1", "BRD9", "RNF166"], "REST-21632747-MESC-MOUSE": ["ARHGAP11A", "OMA1", "MKI67", "EFNA5", "RXRA", "STC2", "RRS1", "FBRSL1", "SLC25A21", "SLC12A7", "TBC1D22A", "STK32C", "SLC19A1", "FADS1", "BRD1", "IQSEC1", "NR2F1", "KCTD5", "LRFN3", "MSRA", "DAB1", "NOVA1", "NF2", "BCAT1", "CHMP6", "MAD1L1"], "YY1-23942234-MYOBLASTS AND MYOTUBES-MOUSE": ["MTFP1", "TMEM200A", "ECI1", "ADK", "AP3D1", "PEPD", "CYB5D2", "KIF15", "CDC45", "NACC2", "PHF14", "FBRSL1", "MCM5", "KIF20A", "GPC6"], "TTF2-22483619-CHIP-SEQ-HELA": ["PDF"], "SMARCA4-23332759-OLIGODENDROCYTES-MOUSE": ["PLK1", "NR2F1", "PCSK9", "ELOVL6", "OMA1", "PHTF1", "CYB5D2", "NEU4", "DAB1", "GPAM", "CTH", "DPYSL2", "RRS1", "PHF14", "G2E3", "MUC15", "CHAC1", "NF2", "BCAT1", "CHMP6", "ASF1A", "CEP78"], "GATA1-22025678-K562-HUMAN": ["ABCB10"], "PRDM14-21183938-MESC-MOUSE": ["LRPAP1", "BRD1", "MGMT", "TCF25", "TMEM200A", "CDCA7", "PTOV1", "HMGB3", "SNX10", "SLC1A5", "PEPD", "MRPL12", "CCND1", "NACC2", "E4F1", "WHSC1", "SLC12A7", "SHANK3", "STK32C", "FRK", "CEP78"], "SMAD4-21799915-A2780-HUMAN": ["ZBTB8A", "MGMT", "ADK", "KIF14", "C10ORF11", "SNX10", "KNG1", "MSRA", "RXRA", "DAB1", "NOVA1", "CTH", "TOLLIP", "NUF2", "RRS1", "SDC1", "UGT2B4", "LRIG3", "SLC25A21", "MUC15", "NF2", "HADH", "BCAT1"], "HOXA2-22223247-E11.5 EMBRYO-MOUSE": ["HMMR"]}