{"NR2C2 (human)": ["MEN1"], "SP4 (human)": ["CCND1", "CBS"], "SMAD3 (human)": ["EEFSEC", "MKI67"], "CBX5 (human)": ["ANAPC2"], "IRF9 (human)": ["NR2F1"], "MYCN (human)": ["AP2A2"], "RORA_1 (human)": ["DBNL", "HADH"], "CEBPE (human)": ["DPYSL2", "HMMR"], "RUNX1 (mouse)": ["POC1A"], "Klf4 (mouse)": ["DHRSX", "PLK1"], "Tal1::Gata1 (mouse)": ["SHANK3"], "NFATC3 (human)": ["NUDT6"], "IRF7 (human)": ["SLC38A11"], "MYOD1 (human)": ["ACOT7", "PEMT"], "MAFB (human)": ["ARL16"], "CPEB1 (human)": ["TMEM104"], "SMAD3 (mouse)": ["LMNB1"], "TBX5 (human)": ["CDKN2C", "XRCC3"], "NFYB (human)": ["EDF1"], "NCOA1 (human)": ["CHID1", "PHF19"]}