{"H3K36me3 CD34 Primary Cells": ["ECI1"], "H3K9me3 Skeletal Muscle": ["C19ORF80", "HIST1H2BI", "HIST1H2AD"], "H3K36me3 Brain Inferior Temporal Lobe": ["HPR"], "H3K36me3 Peripheral Blood Mononuclear Primary Cells": ["C14ORF80"], "H3K9me3 Adult Kidney": ["HIST1H2BI", "HIST1H2BH", "CRIPAK"], "H3K27me3 Mobilized CD34 Primary Cells": ["PCOLCE2", "SHMT2", "PCSK9", "HMGB3", "SLC38A11", "PEPD", "EFNA5", "PLA2G7", "SGSH", "CCNB3", "APOO", "CCND1", "CBS", "DPYSL2", "MAL2", "RAC3", "ZNF385B", "LRIG3", "SLC25A21", "CHAC1", "STK32C", "HOMER1", "IQSEC1", "MGMT", "NR2F1", "DUSP9", "DAB1", "LOX", "NOVA1", "SDC1", "CDC42EP1", "SLC27A2"], "H3K36me3 Neurosphere Cultured Cells Ganglionic Eminence Derived": ["SSNA1", "ANAPC2"], "H3K36me3 IMR90": ["FBXW4"], "H3K36me3 Rectal Smooth Muscle": ["ZFP91"], "H3K9me3 Brain Substantia Nigra": ["C19ORF80", "CRIPAK"], "H3K9me3 CD4+ CD25- CD45RO+ Memory Primary Cells": ["CRIPAK"], "H2BK20ac H9": ["DHRS13", "PYCRL", "ECI1", "CCBL2", "PPAN", "MUM1", "TPGS1", "CYB5D2", "KIF15", "CCT6B", "SYNCRIP", "PBK", "HIST1H2AG", "CHAC1", "ZNF565", "ZNF165", "SSU72", "ZFP91", "ELOVL6", "IMMP1L", "PSRC1", "DBF4", "LOX", "DEPDC1", "HIST1H2BE", "CDC42EP1", "MCM5", "KIF20A", "BCAT1", "ANAPC2", "CHRNA5", "SSNA1", "MRPS34", "CDCA7", "HMMR", "NR2C2", "EFNA5", "DFNB59", "CDC45", "DNAJB6", "RAB23", "STC2", "MAL2", "GPC6", "CEP78", "DUT", "HOMER1", "IQSEC1", "MGMT", "GLYCTK", "MBOAT1", "PYCR1", "MND1", "BYSL", "XPOT", "CTH", "C19ORF48"], "H2BK5ac H9": ["CCDC163P", "CCBL2", "HIST1H2BK", "CDCA7", "HMMR", "C6ORF52", "NR2C2", "PHTF1", "SGSH", "CCT6B", "ARFRP1", "SYNCRIP", "DFNB59", "CDC45", "EXOSC8", "ZNF565", "HIST1H2AC", "HIST1H1C", "SH3GL1", "KDM4B", "SDF2L1", "SIVA1", "HOMER1", "DDX55", "PLK1", "XRCC3", "SSU72", "MBOAT1", "PYCR1", "ZFP91", "PSRC1", "C19ORF80", "CTH", "PHF14", "ATG4B", "CDC42EP1", "CEP63", "CLPTM1L", "SHANK3", "ASF1A", "SLC25A6"], "H3K9me3 Brain Inferior Temporal Lobe": ["C19ORF80"], "H3K9me3 Brain Anterior Caudate": ["C19ORF80", "HIST1H2BI", "CRIPAK"], "H3K9me3 Bone Marrow Derived Mesenchymal Stem Cell Cultured Cells": ["SHMT2", "HIST1H2BI", "CRIPAK", "SNHG5"], "H3K4me1 Duodenum Smooth Muscle": ["CCDC163P", "LRPAP1", "ZBTB8A", "NECAB3", "SHMT2", "SSNA1", "PNKP", "PPAN", "MUM1", "PEPD", "MKI67", "MRPL12", "NTHL1", "NUF2", "EXOSC8", "PBK", "DPH5", "ARL16", "BRD9", "HIST1H1C", "CEP78", "HIST1H2AL", "NOP14", "SDF2L1", "HOMER1", "SEC16A", "PLK1", "INTS2", "PTOV1", "MND1", "TMEM175", "SUPT3H", "LRFN3", "IMMP1L", "BOP1", "IMPACT", "DBF4", "UNC50", "HIST1H2BF", "DEPDC1", "ATG4B", "PEMT", "SLC25A10", "DUS1L", "ANAPC2", "PHF19", "C19ORF48"], "H3K27ac iPS DF 6.9": ["CHRNA5", "HIST1H2BI", "CCBL2", "CDCA7", "SLC7A11", "OMA1", "HMMR", "C6ORF52", "PHTF1", "TMEM187", "KIF15", "CCT6B", "SYNCRIP", "DNAJB6", "NUF2", "EXOSC8", "SLC25A21", "MDP1", "GPC6", "ZNF565", "DLGAP5", "HIST1H1C", "MEN1", "FBXW4", "KDM4B", "DUT", "DBNL", "AGL", "PLK1", "ASPSCR1", "MBOAT1", "ZFP91", "SUPT3H", "BYSL", "MSRA", "DBF4", "CTH", "PHF14", "G2E3", "DEPDC1", "ACOX3", "CEP63", "ASF1A", "SLC25A6"], "H2AK5ac H9": ["DHRS13", "PYCRL", "HIST1H2BI", "CCBL2", "HIST1H2BK", "CDCA7", "MRGPRF", "SLC7A11", "ZFP36L2", "TMEM187", "LMNB1", "SYNCRIP", "MTA1", "DNAJB6", "STC2", "EXOSC8", "MAL2", "BRD9", "ZNF565", "MGMT", "SEC16A", "AGL", "PLK1", "ELOVL6", "CNOT6", "CTH", "PHF14", "SLC25A10", "CEP63"], "H3K36me3 CD8 Naive Primary Cells": ["ZFP36L2"]}