{"ACAACTT,MIR-382": ["DACH1"], "AGTCTTA,MIR-499": ["NOVA1"], "GTAAACC,MIR-299-5P": ["INPP5A"], "TATCTGG,MIR-488": ["ZFP91"], "CACGTTT,MIR-302A": ["DACH1"], "CCACACA,MIR-147": ["MAL2"], "AGTTCTC,MIR-146A,MIR-146B": ["NOVA1"], "TCTAGAG,MIR-517": ["TMEM117"], "GTGTGAG,MIR-342": ["WHSC1"], "AGGAGTG,MIR-483": ["WHSC1"], "GTCAGGA,MIR-378": ["WHSC1"], "CTGTTAC,MIR-194": ["DUSP9"], "CTCTATG,MIR-368": ["DACH1"], "ATTACAT,MIR-380-3P": ["HMGB3"], "AGCGCAG,MIR-191": ["HMGB1"], "CAAGGAT,MIR-362": ["GLIS2"], "AGTCTAG,MIR-151": ["INPP5A"], "CTCTAGA,MIR-526C,MIR-518F,MIR-526A": ["TMEM117"], "GGCACAT,MIR-455": ["BRD1"], "CGGTGTG,MIR-220": ["WHSC1"]}