{"CTCF_GM20000_hg19": ["DHRS13", "SSNA1", "ECI1", "SNX10", "OMA1", "AP2A2", "PLA2G7", "APOO", "HAUS7", "RRS1", "MDP1", "SLC19A1", "FADS1", "SH3GL1", "NOP14", "MND1", "SUPT3H", "C14ORF80", "BYSL", "TOLLIP", "MARS", "SDC1", "NF2", "CHMP6", "SLC27A2", "ASF1A", "RPL26L1", "ANAPC2", "PHF19"], "POLR2A_thymus_mm9": ["ARHGAP11A", "TCF25", "CDCA4", "CDCA7", "HMGB3", "OMA1", "NUDT6", "LRP8", "ZFP36L2", "TMEM203", "HAUS7", "RAB23", "RRS1", "HIST1H2AD", "MDP1", "FADS1", "CEP78", "BRD1", "SIVA1", "AP3D1", "SNHG5", "PFKL", "GPAM", "PHF14", "CDC42EP1", "CEP63", "DUS1L", "KBTBD7", "SPC25"], "MAFK_GM12878_hg19": ["ASPM", "DBF4", "SSU72", "NUDT6", "MAD1L1"], "CTCF_MCF-7_hg19": ["DHRS13", "ECI1", "ADK", "MRGPRF", "SNX10", "TPGS1", "AP2A2", "CYB5D2", "KIF15", "LMNB1", "CCND1", "DPYSL2", "RAC3", "CHAC1", "MDP1", "FADS1", "SH3GL1", "ACOT7", "ZFP91", "SCRIB", "SUPT3H", "C14ORF80", "CCNA2", "LOX", "FAM173A", "UNC50", "G2E3", "ACOX3", "CHMP6", "SLC27A2", "ASF1A", "RNF166", "ANAPC2", "SLC25A6", "CCDC163P", "NECAB3", "MTFP1", "SSNA1", "MYCBP2", "MRPS34", "CDCA7", "SLC38A11", "OMA1", "ZNF23", "MRPL12", "APOO", "C7ORF50", "RXRA", "NTHL1", "HAUS7", "EXOSC8", "RRS1", "LRIG3", "SLC19A1", "SDF2L1", "HOMER1", "PLK1", "INTS2", "MND1", "C9ORF40", "BYSL", "ABCB10", "GPAM", "NOVA1", "MARS", "SDC1", "NF2", "FRK", "RPL26L1"], "CUX1_GM12878_hg19": ["LRPAP1", "TRMU", "SLC7A11", "ZFP36L2", "LMNB1", "TMEM104", "NTHL1", "TMEM129", "POC1A", "RAD54L", "HIST1H2AG", "E4F1", "MUC15", "HADH", "MDP1", "ZNF565", "DLGAP5", "FADS1", "INTS2", "ASPSCR1", "ELOVL6", "KCTD5", "CCNA2", "IMMP1L", "GPAM", "C9ORF69", "MARS", "UNC50", "MCM5", "KBTBD7"], "RAD21_IMR-90_hg19": ["DHRS13", "NECAB3", "ECI1", "SLC7A11", "OMA1", "C6ORF52", "AP2A2", "ARFRP1", "APOO", "NTHL1", "HAUS7", "CBS", "NACC2", "RRS1", "DPH5", "MDP1", "SLC19A1", "FADS1", "SH3GL1", "DBNL", "DDX55", "GPR75", "EDF1", "SCRIB", "SUPT3H", "C14ORF80", "TMEM117", "SDC1", "KBTBD7", "SLC27A2", "RPL26L1"], "CTCF_CH12.LX_mm9": ["PRR5", "DHRS13", "TRMU", "TCF25", "CCBL2", "ADK", "LPCAT1", "MUM1", "TPGS1", "CCND1", "RAC3", "HIST1H2AG", "DLEU2", "MDP1", "FADS1", "HIST1H1C", "SH3GL1", "MEN1", "FBXW4", "LRRC45", "DBNL", "DDX55", "TANGO2", "ELOVL6", "ATAD3A", "CCNA2", "RNF126", "MCM5", "ASF1A", "NAA60", "DTYMK", "MTFP1", "CDCA4", "OMA1", "EXOSC8", "RRS1", "POC1A", "SLC19A1", "DUT", "SDF2L1", "ZBTB14", "IQSEC1", "SEC16A", "GLYCTK", "MND1", "NPM3", "BYSL", "MSRA", "PFKL", "FAM195A", "MARS", "CLPTM1L"], "CTCF_small intestine_mm9": ["DHRS13", "NAA60", "PCOLCE2", "TMEM200A", "CDCA4", "SSNA1", "MUM1", "TPGS1", "ARFRP1", "DVL1", "EXOSC8", "TMEM129", "RRS1", "MDP1", "SLC19A1", "SH3GL1", "MEN1", "DUT", "AGL", "ASPSCR1", "MND1", "SCRIB", "KCTD5", "ASPM", "TOLLIP", "SDC1", "DUS1L", "CHMP6", "ASF1A"], "EP300_MCF-7_hg19": ["KDM4B", "CCND1", "STC2", "MBOAT1", "GPC6"], "CTCF_GM12875_hg19": ["DHRS13", "SSNA1", "ECI1", "MRGPRF", "SNX10", "OMA1", "AP2A2", "APOO", "C7ORF50", "NTHL1", "RRS1", "LRIG3", "CHAC1", "MDP1", "SLC19A1", "FADS1", "SH3GL1", "CDKN2C", "MND1", "SUPT3H", "C14ORF80", "FAM173A", "MARS", "TMEM117", "UNC50", "SDC1", "CHMP6", "SLC27A2", "ASF1A", "RPL26L1", "ANAPC2"], "MAZ_MEL cell line_mm9": ["TRMU", "MYCBP2", "OMA1", "HSD17B7", "NR2C2", "GLIS2", "ZBTB2", "SYNCRIP", "INPP5A", "TMEM104", "TMEM203", "NTHL1", "CBS", "STC2", "DVL1", "NUF2", "BRD9", "DLEU2", "BRD1", "ZBTB14", "PUS1", "PTOV1", "EDF1", "NPM3", "SKI", "IMMP1L", "RNF126", "FAM173A", "SHANK3", "RNF166"], "GABPA_MEL cell line_mm9": ["HOMER1", "RNF166", "EMC9"], "SIRT6_H1-hESC_hg19": ["CCDC163P", "DTYMK", "CCBL2", "HMGB1", "DFNB59", "CDC45", "NTHL1", "NUF2", "EXOSC8", "POC1A", "ARL16", "HIST1H2AG", "E4F1", "MDP1", "ZNF565", "FBXW4", "BRD1", "AGL", "INTS2", "KCTD5", "BYSL", "LOX", "GPAM", "CTH", "PEMT", "HIST1H2BE", "HIST1H2BH", "ASF1A", "SLC25A6"], "CTCF_liver_mm9": ["DHRS13", "TRMU", "TCF25", "SSNA1", "MUM1", "OMA1", "APOO", "HAUS7", "DVL1", "EXOSC8", "RRS1", "MDP1", "SLC19A1", "FADS1", "SH3GL1", "DUT", "NOP14", "DBNL", "SDF2L1", "IQSEC1", "MND1", "B3GALT6", "SNHG5", "BYSL", "CCNA2", "PFKL", "SDC1", "ASF1A", "ANAPC2"], "CTCF_kidney_mm9": ["DHRS13", "TRMU", "DTYMK", "ZBTB8A", "TCF25", "TMEM200A", "SSNA1", "MUM1", "OMA1", "KIF15", "APOO", "DVL1", "EXOSC8", "RRS1", "MDP1", "SLC19A1", "FADS1", "SH3GL1", "CEP78", "DUT", "NOP14", "IQSEC1", "DDX55", "MND1", "BYSL", "PFKL", "CHMP6", "ASF1A", "MAD1L1", "ANAPC2"], "ESRRA_HepG2_hg19": ["CDT1", "FAM195A", "SLC25A6"], "HCFC1_CH12.LX_mm9": ["PYCRL", "ECI1", "HIST1H2BK", "MYCBP2", "SLC1A5", "CYB5D2", "PDF", "NTHL1", "HAUS7", "EIF4EBP1", "POC1A", "PBK", "ARL16", "MEN1", "INTS2", "PYCR1", "SCRIB", "NPM3", "KCTD5", "SNHG5", "ASPM", "IMMP1L", "ABCB10", "CMSS1", "CTH", "TOLLIP", "UNC50", "DUS1L", "THOP1", "SPC25"], "ZNF143_GM12878_hg19": ["LRPAP1", "DTYMK", "SLC1A5", "C6ORF52", "AP2A2", "APOO", "DHRSX", "NACC2", "SLC12A7", "SLC19A1", "HIST1H2AC", "EEFSEC", "ACOT7", "AGL", "DDX55", "ELOVL6", "NPM3", "KCTD5", "ASPM", "DAB1", "SELO", "GPAM", "C9ORF69", "MARS", "UNC50", "SDC1", "SLC27A2", "SPC25"], "POLR2A_cortical plate_mm9": ["DHRS13", "DTYMK", "NECAB3", "MTFP1", "CCBL2", "MYCBP2", "HMGB3", "OMA1", "HMGB1", "PEPD", "TMEM203", "FBRSL1", "HIST1H2AD", "BRD9", "HADH", "GPC6", "EMC9", "MEN1", "BRD1", "IQSEC1", "AP3D1", "ATAD3A", "CNOT6", "DAB1", "FAM195A", "CTH", "ATG4B", "DUS1L", "SLC27A2", "MAD1L1"], "EP300_H1-hESC_hg19": ["LNP1", "CCDC163P", "LRPAP1", "DTYMK", "PNKP", "MYCBP2", "SLC7A11", "ZNF23", "NUDT6", "SYNCRIP", "CCND1", "RRS1", "BRD9", "HADH", "MDP1", "TBC1D22A", "SH3GL1", "CDT1", "DDX55", "PLK1", "PTOV1", "MBOAT1", "KCTD5", "CCNA2", "RGP1", "CNOT6", "IMPACT", "GPAM", "FAM173A", "CTH", "TOLLIP", "HIST1H2BF", "PEMT", "DUS1L", "CHMP6", "ASF1A", "RNF166", "MAD1L1"]}