{"H2AFZ_astrocyte_hg19": ["NAA60", "C6ORF52", "ZNF23", "MRPL12", "CCT6B", "C7ORF50", "PDF", "TMEM203", "NTHL1", "HAUS7", "RAD54L", "ZNF385B", "ARL16", "BRD9", "C16ORF59", "DLGAP5", "C21ORF33", "PUS1", "EDF1", "NPM3", "PFKL", "ABCB10", "GPAM", "C9ORF69", "TMEM117", "PHF14", "MCM5", "SPC25"], "H2AFZ_H1-hESC_hg19": ["NAA60", "ZBTB8A", "CCBL2", "ADK", "C6ORF52", "MKI67", "MRPL12", "KNG1", "NTHL1", "RAB23", "NUF2", "DPH5", "HADH", "TBC1D22A", "NOP14", "DBNL", "C10ORF11", "ELOVL6", "TMEM175", "RGP1", "ABCB10", "G2E3", "DEPDC1", "BCAT1", "KBTBD7", "SPC25", "C19ORF48"], "H3K27me3_brain_mm9": ["PRR5", "NECAB3", "AGPAT9", "PCOLCE2", "CDCA4", "FAM69B", "ECI1", "CCBL2", "PCSK9", "SLC38A11", "EFNA5", "GLIS2", "ARFRP1", "EIF4EBP1", "RAC3", "CHAC1", "EMC9", "FBXW4", "ACOT7", "CDKN2C", "BORA", "CNOT6", "DAB1", "ABCB10", "TMEM117", "BCAT1", "PHF19"], "H3K4me3_bone marrow macrophage_mm9": ["ARHGAP11A", "LRPAP1", "FAM69B", "CCBL2", "SLC7A11", "CYB5D2", "NTHL1", "TMEM129", "LRIG3", "BRD9", "CHAC1", "HADH", "EMC9", "ZBTB14", "PYCR1", "DUSP9", "LRFN3", "FAM173A", "CTH", "TMEM117", "ATG4B", "ACOX3", "KBTBD7", "SLC27A2", "SHANK3"], "H4K20me1_fibroblast of dermis_hg19": ["LNP1", "TRMU", "NAA60", "HIST2H2AA4", "TCF25", "SSNA1", "ECI1", "MYCBP2", "GLIS2", "HIST1H2AC", "DUT", "ACOT7", "DBNL", "SIVA1", "SEC16A", "AP3D1", "KCTD5", "SNHG5", "RGP1", "LRFN3", "PFKL", "ATG4B", "DUS1L", "SHANK3", "ANAPC2"], "H3K27ac_cortical plate_mm9": ["CDCA4", "ECI1", "MRPS34", "PPAN", "TPGS1", "PHTF1", "CYB5D2", "SYNCRIP", "DNAJB6", "EXOSC8", "HADH", "GPC6", "HIST1H2AC", "EMC9", "FBXW4", "ZBTB14", "DDX55", "ZFP91", "BYSL", "RGP1", "MSRA", "ABCB10", "UNC50", "PHF14", "ATG4B", "RNF166"], "H2AFZ_B cell_hg19": ["NECAB3", "CHRNA5", "KIF14", "SLC38A11", "HMGB1", "C6ORF52", "ZNF23", "MRPL12", "DNAJB6", "NTHL1", "ARL16", "BRD9", "TBC1D22A", "CEP78", "HIST1H2AL", "NOP14", "IQSEC1", "MBOAT1", "RGP1", "XPOT", "TMEM117", "UNC50", "C19ORF25", "HIST1H2BE", "SPC25"], "H3K4me3_limb_mm9": ["ARHGAP11A", "LRPAP1", "PCOLCE2", "TCF25", "CCBL2", "SLC7A11", "PLA2G7", "PHTF1", "CYB5D2", "STC2", "TMEM129", "POC1A", "BRD9", "CHAC1", "HADH", "EMC9", "ZBTB14", "PYCR1", "LRFN3", "ABCB10", "FAM173A", "FAM195A", "UVSSA", "ACOX3", "KBTBD7", "SHANK3"], "H3K4me3_cortical plate_mm9": ["LRPAP1", "MTFP1", "CCBL2", "MRGPRF", "PEPD", "MRPL12", "PHTF1", "CYB5D2", "NEU4", "DNAJB6", "TMEM129", "PBK", "CHAC1", "HADH", "HIST1H2AC", "DLGAP5", "EMC9", "NOP14", "PYCR1", "LRFN3", "FAM173A", "CTH", "HIST1H2BF", "SDC1", "HIST1H2BH", "ACOX3", "KBTBD7"], "H3K79me2_liver_mm9": ["NAA60", "SSNA1", "MYCBP2", "MRPS34", "PPAN", "CYB5D2", "ZBTB2", "KIF15", "ARFRP1", "MSANTD2", "LRIG3", "ARL16", "DLEU2", "BORA", "SSU72", "ATAD3A", "IMMP1L", "CNOT6", "ABCB10", "GPAM", "FAM195A", "PHF14", "ATG4B", "CLPTM1L", "MAD1L1", "ANAPC2"], "H3K27ac_T-cell acute lymphoblastic leukemia_hg19": ["NAA60", "DTYMK", "CHRNA5", "SSNA1", "SLC7A11", "ZNF23", "PEPD", "CCT6B", "TMEM104", "TMEM203", "HAUS7", "DVL1", "ZNF565", "SLC19A1", "AGL", "PTOV1", "HDGFRP2", "KCTD5", "LRFN3", "SELO", "GPAM", "C19ORF25", "PEMT", "CEP63", "ANAPC2"], "H3K4me3_bone marrow_mm9": ["LRPAP1", "MTFP1", "SHMT2", "FAM69B", "CCBL2", "PEPD", "PHTF1", "CYB5D2", "SGSH", "MSANTD2", "TMEM129", "BRD9", "CHAC1", "HADH", "HIST1H2AC", "EMC9", "CDT1", "ARHGEF39", "PYCR1", "ABCB10", "FAM173A", "CTH", "UVSSA", "HIST1H2BF", "HIST1H2BH", "ACOX3", "KBTBD7"], "H3K36me3_endothelial cell of umbilical vein_hg19": ["LNP1", "TCF25", "CDCA4", "FAM69B", "SSNA1", "ECI1", "CCBL2", "PPAN", "NR2C2", "MKI67", "MRPL12", "AP2A2", "ACRC", "ZFP36L2", "GLIS2", "ARFRP1", "PDF", "TMEM203", "EXOSC8", "ARL16", "MDP1", "NOP14", "BRD1", "DBNL", "SDF2L1", "PTOV1", "PYCR1", "SCRIB", "ABCB10", "MARS", "UNC50", "DEPDC1", "ATG4B", "ACOX3", "CLPTM1L", "THOP1", "SHANK3", "ANAPC2"], "H3K4me3_erythroblast_mm9": ["NECAB3", "AGPAT9", "PCOLCE2", "FAM69B", "CCBL2", "MUM1", "PLA2G7", "PHTF1", "GLIS2", "INPP5A", "PDF", "TMEM104", "NTHL1", "MSANTD2", "DPYSL2", "DPH5", "E4F1", "EMC9", "LHPP", "EEFSEC", "NOP14", "CDKN2C", "BORA", "MGMT", "AGL", "MBOAT1", "GPR75", "SCRIB", "IMMP1L", "CMSS1", "FAM173A", "MARS", "TMEM117", "HIST1H2BE", "ACOX3", "MAD1L1"], "H3K4me3_placenta_mm9": ["ARHGAP11A", "NECAB3", "AGPAT9", "CCBL2", "LPCAT1", "HSD17B7", "CHAF1A", "TMEM104", "PBK", "HIST1H2AD", "HIST1H2AG", "SLC19A1", "HIST1H2AC", "AGL", "TANGO2", "ARHGEF39", "MBOAT1", "GPR75", "RGP1", "LRFN3", "TMEM117", "UVSSA", "CDC42EP1", "CEP63", "SHANK3", "PHF19"], "H4K20me1_skeletal muscle myoblast_hg19": ["TRMU", "AGPAT9", "TCF25", "CDCA4", "FAM69B", "ECI1", "ZFP36L2", "GLIS2", "ZBTB2", "DFNB59", "CDC45", "TMEM203", "RAC3", "HIST1H2AC", "SH3GL1", "C21ORF33", "NOP14", "PTOV1", "SCRIB", "NPM3", "TMEM175", "LRFN3", "BOP1", "UNC50", "CDC42EP1", "SHANK3"], "H3K27me3_HepG2_hg19": ["CCDC163P", "ZBTB8A", "MRPL12", "KIF15", "NEU4", "DACH1", "TMEM203", "NUF2", "EXOSC8", "DPH5", "HIST1H2AD", "SLC25A21", "CEP78", "DDX55", "GLYCTK", "NPM3", "BYSL", "IMMP1L", "NOVA1", "UNC50", "HIST1H2BF", "ATG4B", "KIF20A", "SLC27A2", "SLC25A6"], "H3K4me1_MEL cell line_mm9": ["DTYMK", "ZBTB8A", "NECAB3", "CDCA4", "ECI1", "MYCBP2", "PPAN", "HMGB3", "SLC7A11", "SLC1A5", "HMMR", "MKI67", "ZFP36L2", "KIF15", "CCT6B", "MTA1", "CHAF1A", "NTHL1", "CBS", "MSANTD2", "RAB23", "EXOSC8", "SLC25A21", "HIST1H2AG", "E4F1", "WHSC1", "DLEU2", "SLC12A7", "EMC9", "LHPP", "SH3GL1", "ACOT7", "CDKN2C", "SIVA1", "HOMER1", "ZBTB14", "SSU72", "ELOVL6", "KCTD5", "SNHG5", "BYSL", "CNOT6", "SAPCD2", "FAM173A", "UNC50", "ATG4B", "HIST1H2BH", "DUS1L"], "H3K4me1_erythroblast_mm9": ["TRMU", "AGPAT9", "TCF25", "FAM69B", "CCBL2", "MYCBP2", "LPCAT1", "CDCA7", "HSD17B7", "PHTF1", "CBS", "STC2", "RAD54L", "LRIG3", "BRD9", "STK32C", "SH3GL1", "CHID1", "SDF2L1", "MGMT", "AGL", "ARHGEF39", "MBOAT1", "GPR75", "DUSP9", "SNHG5", "IMMP1L", "XPOT", "NOVA1", "CTH", "ACOX3", "SLC27A2"], "H3K4me1_liver_mm9": ["ARHGAP11A", "ZBTB8A", "NECAB3", "AGPAT9", "PCOLCE2", "PYCRL", "FAM69B", "SSNA1", "ECI1", "CCBL2", "SLC38A11", "SLC7A11", "MKI67", "PLA2G7", "PHTF1", "RAB23", "RAD54L", "SLC25A21", "BRD9", "SLC19A1", "LHPP", "CEP78", "DUT", "LRRC45", "MGMT", "DDX55", "ARHGEF39", "MBOAT1", "GPR75", "PYCR1", "MND1", "SLC51B", "ASPM", "IMPACT", "FAM195A", "CTH", "HIST1H2BH", "ACOX3", "CLPTM1L", "SHANK3", "FRK", "ANAPC2", "PHF19"]}