{"HOXC9-25013753-NEUROBLASTOMA BE2-C-HUMAN": ["DPAGT1", "SETD4", "ERO1LB", "CSTF3", "GTF2B", "ARL1", "JMJD1C", "RAP1B", "NARS", "THEM4", "MGAT2", "KPNA3", "TBC1D15", "TGDS", "METTL1", "SLC30A5", "DNAJC12", "FOS", "TBX3", "DUSP6", "GADD45G", "NFKBIA", "GOLPH3", "MAFB", "ARPC3", "RAB18", "SGK1", "MMACHC", "CPEB2", "CPEB4"], "TFAP2A-17053090-MCF7-human": ["TGDS", "CSTF3", "VPS13C", "TSC22D3", "AQP9", "SLC1A2", "CRYBB3", "ATP11C", "TXNDC11", "CLDN2", "TOB2", "TFDP1", "FGD6", "PPP2R1B", "ARPC3", "SPATA13", "ST3GAL4", "TMED3", "PIM3", "ZP1", "SOX6", "KPNA3", "SLC38A2", "DSC2"], "GATA2-20887958-HPC-7-MOUSE": ["SETD4", "1810011O10RIK", "COG6", "TPM4", "DUSP1", "GTF2B", "CCNF", "DDHD2", "GFRA1", "F3", "CLINT1", "ETS2", "DOK2", "TAOK3", "RGS1", "IL1B", "TBC1D24", "TNFAIP8L1", "ACOT4", "CCRN4L"], "STAT3-22323479-MACROPHAGE-MOUSE": ["SOCS3", "CRY1"], "STAT3-23295773-U87-HUMAN": ["MOXD1", "CHIC2", "ERO1LB", "FICD", "TM2D1", "SLC41A2", "JMJD1C", "TOB1", "PITPNC1", "GYS2", "CASP8", "RASSF5", "PDGFC", "LIPG", "ENPP1", "PLCE1", "ARSG", "STXBP6", "ST3GAL1", "COG6", "SIAH2", "FN1", "UBE2E2", "ZFHX4", "KLF2", "LATS1", "BCL6", "ARPC3", "COPS2", "IL1B", "SP3", "BHLHE40", "RAB18", "PRTN3", "SGK1", "CPEB2", "RAPGEF4", "SKAP2"], "RCOR3-21632747-MESC-MOUSE": ["1810011O10RIK", "FICD", "ABCB4", "SNX10", "BZW1", "TOB1", "PITPNC1", "RPAP3", "ETS2", "RAP1B", "SOCS3", "DNAJB9", "PLCE1", "RHPN2", "SLC38A2", "PAG1", "TBC1D15", "CCRN4L", "DACT1", "TPD52", "TMED9", "RBPMS", "GDF15", "DUSP1", "SIAH2", "1810055G02RIK", "DNAJC12", "GFRA1", "LYSMD3", "TBX3", "PTP4A1", "NFKBIA", "SBK1", "SP3", "CRY1", "SIK1", "ANG", "SGK1", "PDZRN3", "2010003K11RIK", "RAPGEF4"], "RBPJ-21746931-IB4-LCL-HUMAN": ["KLF10", "PRPS1", "JUN", "G6PC", "DUSP1", "FN1", "CFLAR", "LITAF", "UNG", "ARCN1", "ICAM1", "GGCX", "XPOT", "RGS1", "COPS2", "CRY1", "PRTN3", "KPNA3", "ST3GAL1", "S100A8", "C2CD2L"], "JARID1A-20064375-MESC-MOUSE": ["STX12", "COPB2", "ZFP105", "MIS12", "ARL1", "TWF1", "GMPPB", "TMEM168", "SERP1", "NRBF2", "TBC1D15", "TMED9", "RBPMS", "TGDS", "XRCC5", "ZDHHC16", "REXO4", "DAK", "NME6", "TRIM39", "ARPC3", "COPS2", "TMEM39A", "MMACHC", "CYB561", "ZFP330"], "LMO2-20887958-HPC-7-MOUSE": ["SETD4", "IGSF5", "CCNF", "ARL1", "TXNDC11", "CXCL1", "CLINT1", "NARS", "RGS1", "DNAJB9", "TPD52", "HSDL2", "COG6", "TPM4", "MMD", "DNAJC12", "CFLAR", "DUSP6", "GADD45G", "DOK2", "TAOK3", "TBC1D24", "SIK1", "CPEB2", "ACOT4"], "TP63-22573176-HFKS-HUMAN": ["RB1", "SETD4", "ERO1LB", "CCNF", "TXNDC11", "PITPNC1", "HERPUD1", "RASSF5", "LIPG", "SOX6", "SLC25A47", "RNF43", "TMED9", "COG6", "TPM4", "FNDC3A", "F3", "PDIA5", "MMP14", "TBC1D24", "CRY1", "PRTN3", "KCTD12", "SGK1", "MET", "PDZRN3", "RHOQ", "DSC2", "RAPGEF4", "RGS16", "SLC1A2", "DCUN1D1", "LRP4", "SOCS3", "TMEM168", "FGD6", "DNAJB4", "THEM4", "NRBF2", "FGF21", "RBPMS", "BIK", "DDHD2", "IFFO2", "CFLAR", "DAK", "RCAN1", "LRG1", "FABP5", "PQLC1", "CCPG1", "RAB18", "TMEM39A", "CYB561", "SLC22A7"], "REST-21632747-MESC-MOUSE": ["SETD4", "1810011O10RIK", "FICD", "ABCB4", "CCNF", "SLC1A2", "ST3GAL4", "PLCE1", "RHPN2", "STXBP6", "PELO", "TBC1D15", "CCRN4L", "TMED9", "BIK", "VPS13C", "SLC30A5", "FNDC3A", "1190002N15RIK", "MANF", "SBK1", "TAOK3", "COPS2", "CRY1", "SIK1", "SGK1", "CRELD2"], "FLI1-20887958-HPC-7-MOUSE": ["JUN", "TPM4", "XRCC5", "MMD", "1810055G02RIK", "CFLAR", "LILRB4", "GDAP2", "KLF2", "DUSP6", "ICAM1", "CASP8", "TAOK3", "PQLC1", "ARPC3", "CCPG1", "PSAT1", "RAB1", "RAB18", "PIM3", "PRTN3", "TMEM39A", "RHOQ", "IFNAR1"], "SMAD4-21799915-A2780-HUMAN": ["IRS1", "DCUN1D1", "ARL1", "SNX10", "BZW1", "CLINT1", "PITPNC1", "CYR61", "FGD6", "RGS1", "RASSF5", "GNPNAT1", "SOX6", "SLC38A2", "MMD", "DUSP1", "VPS13C", "SLC30A5", "RRAS2", "UBE2E2", "GFRA1", "FOS", "ZFHX4", "GDAP2", "DUSP6", "RAB33B", "PTP4A1", "IL1B", "BHLHE40", "CRY1", "RAB18", "SEC24D", "SGK1", "CPEB2", "MET", "IFNAR1", "SKAP2", "CPEB4"], "DCP1A-22483619-CHIP-SEQ-HELA": ["ANG"], "ETS1-20019798-JURKAT-HUMAN": ["DPAGT1", "TMED9", "TGDS", "XRCC5", "GTF2B", "IFRD1", "NFXL1", "DNAJC12", "CLINT1", "REXO4", "NARS", "RAB30", "SERP1", "GGCX", "XPOT", "COPS2", "RAB18", "TMEM39A", "MMACHC", "TMED5", "CPEB4"], "KLF4-18555785-MESC-mouse": ["RB1", "STX12", "SLBP", "ISYNA1", "SLC22A5", "CCNF", "TXNDC11", "UAP1", "SNX10", "FBXO21", "TOB2", "COMT", "TOB1", "SOCS3", "SYNCRIP", "RASSF5", "TMED3", "TNFAIP8L1", "LGALS8", "TBC1D15", "KLF10", "RBPMS", "SGTB", "IFRD1", "PAWR", "PTP4A1", "PQLC1", "RAB1", "TBC1D24", "CPEB2", "NFE2L2", "SKAP2"], "SIN3B-21632747-MESC-MOUSE": ["GTF2B", "SNX10", "COMT", "ELAVL1", "PITPNC1", "HERPUD1", "ICAM1", "SYNCRIP", "ZFP36", "PLCE1", "PIM3", "CCRN4L", "CD53", "TMED9", "METTL1", "DUSP1", "SLC30A5", "FOS", "FNDC3A", "1190002N15RIK", "NME6", "SPATA13", "CRY1", "SIK1", "2310030G06RIK", "CRELD2", "2010003K11RIK", "COPB2", "IGSF5", "FICD", "LRP4", "TOB2", "TOB1", "RPAP3", "RAP1B", "SOCS3", "PRDX2", "DNAJB4", "ST3GAL4", "DNAJB9", "RHPN2", "TBC1D15", "GDF15", "BIK", "LYSMD3", "TBX3", "KLF2", "MANF", "GADD45G", "NFKBIA", "TM9SF2", "SBK1", "MAFB", "LRG1", "TAOK3", "CCPG1", "SP3", "BHLHE40", "TMEM39A", "CPEB2", "CYB561", "C2CD2L"], "ERG-20887958-HPC-7-MOUSE": ["COPB2", "PRPS1", "CEBPB", "ERO1LB", "GTF2B", "FBXO21", "CLN8", "UNG", "HERPUD1", "CASP8", "PPP2R1B", "TIFA", "MGAT2", "GLUL", "CCRN4L", "1810058I24RIK", "TMED9", "TPM4", "XRCC5", "CFLAR", "MT1", "TBX3", "RAB33B", "DOK2", "GOLPH3", "PQLC1", "KDELR2", "PRTN3", "IL6ST", "CPEB2"], "XRN2-22483619-HELA-HUMAN": ["TRABD", "DPAGT1", "KLF10", "JUN", "DUSP1", "RGS16", "TSC22D3", "DDHD2", "NFXL1", "TOB2", "TBX3", "ARCN1", "MANF", "MAFB", "GGCX", "DNAJB4", "GLUL", "SLC38A2", "IFNAR1"], "FOXP1-22492998-STRATIUM-MOUSE": ["MGAT2"]}