{"HNF1B (human)": ["FBXO11"], "FOXO3 (human)": ["VNN1", "SLC41A2"], "MIR210 (human)": ["TFDP1"], "Tcfcp2l1 (mouse)": ["CCRN4L"], "IRF9 (human)": ["MMD", "LILRB4"], "NFYB (human)": ["SP3"], "PDX1 (human)": ["CASP8"], "NFIL3 (human)": ["JMJD1C", "ZDHHC16"], "SP4 (human)": ["MMD", "TBC1D24"], "SOX9 (human)": ["CLDN2"], "Klf4 (mouse)": ["2310030G06RIK", "SGK1"], "HNRNPK (human)": ["MOXD1", "ETS2"], "HLF (human)": ["ZDHHC16"], "ESR2 (mouse)": ["SBK1"], "SOX10 (human)": ["AQP9", "CLDN2"], "MXI1 (human)": ["PRTN3", "TOB2"], "NME2 (human)": ["TGDS"], "RUNX1 (human)": ["RB1", "SERPINA12", "GTF2B", "MIS12", "CCNF", "JMJD1C", "TOB2", "CLINT1", "FYB", "GYS2", "ADH4", "LIPG", "RBBP9", "SOX6", "LGALS8", "SLC25A25", "PAG1", "DACT1", "COG6", "PKLR", "TPM4", "METTL1", "MMD", "IFRD1", "APOA4", "FNDC3A", "TBX3", "KLF2", "VASN", "PTP4A1", "MMP14", "DOK2", "FABP5", "GGCX", "BCL6", "CCPG1", "CENPC1", "LCN2", "CRY1", "SEC24D", "S100A8", "RAPGEF4", "NFE2L2"], "FOXM1 (human)": ["RAP1B", "MET"], "NCOA1 (human)": ["RAB30"]}