{"H3K4me2 IMR90": ["RB1", "GTF2B", "CCNF", "JMJD1C", "TXNDC11", "AHR", "COMT", "BZW1", "CXCL14", "ICAM1", "LIPG", "SLC16A6", "ENPP1", "PLCE1", "CCRN4L", "TPD52", "RNF43", "COG6", "TPM4", "METTL1", "IFRD1", "ATP11C", "FBXO11", "PDIA5", "RAB30", "SPATA13", "TBC1D24", "SIK1", "ACOT4", "DSC2", "IFNAR1", "SKAP2", "ISYNA1", "ENPEP", "FICD", "CHRNA5", "ABCB4", "SLC1A2", "DCUN1D1", "ARL1", "RPAP3", "PRDX2", "PDGFC", "ST3GAL4", "THEM4", "ARSG", "RHPN2", "STXBP6", "A2M", "TBC1D15", "JUN", "XRCC5", "DNAJC12", "MANF", "GADD45G", "DAK", "MOB4", "RCAN1", "MAFB", "GGCX", "ARPC3", "CCPG1", "COPS2", "ERO1LB", "CXCL1", "SNX10", "TSPAN12", "ELAVL1", "PITPNC1", "GMPPB", "CASP8", "SERP1", "TMED3", "DACT1", "HSDL2", "TMED9", "TSC22D3", "GFRA1", "ZDHHC16", "REXO4", "DUSP6", "LATS1", "TFDP1", "NME6", "IL1B", "CENPC1", "CRY1", "ANG", "SGK1", "CRELD2", "MET", "RHOQ", "RAPGEF4", "TRABD", "STX12", "PRPS1", "TM2D1", "ZDHHC20", "MIS12", "LRP4", "TMEM168", "FGD6", "DNAJB9", "MGAT2", "SLC25A25", "SGTB", "BIK", "DDHD2", "LYSMD3", "GDAP2", "TM9SF2", "VMP1", "SBK1", "FABP5", "CYB561"], "H3K4me3 Chondrocytes from Bone Marrow Derived Mesenchymal Stem Cell Cultured Cells": ["RB1", "GTF2B", "CCNF", "FBXO21", "COMT", "ICAM1", "RASSF5", "LIPG", "SLC16A6", "ENPP1", "PLCE1", "PELO", "TPD52", "IGFBP1", "IL15RA", "RNF43", "METTL1", "SLC30A5", "ATP11C", "UBE2E2", "FNDC3A", "FBXO11", "PDIA5", "RAB30", "SPATA13", "ACOT4", "SKAP2", "SLBP", "ISYNA1", "ENPEP", "SLC22A5", "FICD", "CHRNA5", "ABCB4", "DCUN1D1", "ARL1", "RPAP3", "THEM4", "RHPN2", "STXBP6", "ST3GAL1", "PAG1", "TBC1D15", "RBPMS", "XRCC5", "DNAJC12", "ZFHX4", "MANF", "GADD45G", "DAK", "MOB4", "MOB1B", "RCAN1", "GGCX", "ARPC3", "COPS2", "MOXD1", "SERPINA12", "ERO1LB", "CXCL1", "SNX10", "TSPAN12", "PITPNC1", "CASP8", "SERP1", "TMED3", "TNFAIP8L1", "HSDL2", "TMED9", "TSC22D3", "GFRA1", "FOS", "ZDHHC16", "F3", "REXO4", "DUSP6", "LATS1", "TFDP1", "NME6", "CENPC1", "ANG", "SGK1", "CRELD2", "MET", "PDZRN3", "RHOQ", "RAPGEF4", "TRABD", "STX12", "TM2D1", "MIS12", "TMEM168", "FGD6", "TIFA", "MGAT2", "SGTB", "BIK", "DDHD2", "LYSMD3", "TM9SF2", "VMP1", "SBK1", "PSAT1", "CYB561"], "H3K36me3 CD8 Memory Primary Cells": ["RAB33B"], "H3K9me3 Stomach Mucosa": ["THEM4"], "H3K36me3 Bone Marrow Derived Mesenchymal Stem Cell Cultured Cells": ["ARPC3"], "H3K4me1 Breast Myoepithelial Cells": ["SERPINA12", "ERO1LB", "GTF2B", "AQP9", "CXCL1", "TSPAN12", "PITPNC1", "HERPUD1", "RASSF5", "SLC16A6", "TNFAIP8L1", "ENPP1", "GNPNAT1", "DACT1", "IGFBP1", "IL15RA", "HSDL2", "DUSP1", "TSC22D3", "IFRD1", "GFRA1", "FOS", "F3", "PDIA5", "RAB33B", "PTP4A1", "CENPC1", "SPATA13", "CRELD2", "SLBP", "FICD", "RGS16", "DCUN1D1", "TOB1", "RHPN2", "STXBP6", "SLC38A2", "PAG1", "SGTB", "BIK", "FN1", "KLF2", "GADD45G", "VMP1", "MOB4", "RCAN1", "SBK1", "FABP5", "LCN2"], "H3K36me3 IMR90": ["PRKD3", "ARFGAP3"], "H3K9me3 Mobilized CD34 Primary Cells": ["PLCE1"], "H3K36me3 Brain Substantia Nigra": ["DNAJB9"], "H3K4me3 Duodenum Smooth Muscle": ["MOXD1", "ERO1LB", "GTF2B", "AQP9", "CCNF", "JMJD1C", "SNX10", "TSPAN12", "COMT", "BZW1", "PITPNC1", "ICAM1", "GMPPB", "SERP1", "RASSF5", "SLC16A6", "ENPP1", "PLCE1", "CCRN4L", "DACT1", "IL15RA", "HSDL2", "TMED9", "COG6", "LEPRE1", "METTL1", "VPS13C", "TSC22D3", "SLC30A5", "IFRD1", "UBE2E2", "ARFGAP3", "ZDHHC16", "FBXO11", "REXO4", "RAB30", "TFDP1", "NME6", "TBC1D24", "SIK1", "ANG", "SGK1", "CRELD2", "MET", "ACOT4", "RAPGEF4", "TRABD", "STX12", "SLBP", "COPB2", "PRPS1", "FICD", "CHRNA5", "TM2D1", "ZDHHC20", "ABCB4", "MIS12", "SLC1A2", "DCUN1D1", "ARL1", "LRP4", "TWF1", "RPAP3", "TMEM168", "FGD6", "TIFA", "ST3GAL4", "RHPN2", "NRBF2", "A2M", "ST3GAL1", "SLC25A25", "TBC1D15", "JUN", "SGTB", "BIK", "DDHD2", "DNAJC12", "LYSMD3", "GDAP2", "GADD45G", "MOB4", "MOB1B", "RCAN1", "SBK1", "LRG1", "FABP5", "GGCX", "XPOT", "CCPG1", "PSAT1", "COPS2", "CPEB2", "CYB561"], "H3K36me3 Stomach Mucosa": ["MGAT2"], "H3K27me3 Brain Anterior Caudate": ["ARMCX3", "IGFBP1", "PRPS1", "RASSF5", "ABCB4", "SLC1A2", "PELO"], "H3K4me3 Adult Liver": ["RB1", "MOXD1", "ERO1LB", "GTF2B", "CCNF", "JMJD1C", "CXCL1", "SNX10", "TSPAN12", "ELAVL1", "PITPNC1", "GMPPB", "SYNCRIP", "CASP8", "SERP1", "TMED3", "SLC16A6", "ENPP1", "PLCE1", "PELO", "SLC25A47", "CCRN4L", "DACT1", "TPD52", "IL15RA", "COG6", "LEPRE1", "METTL1", "MMD", "DUSP1", "VPS13C", "TSC22D3", "UBE2E2", "GFRA1", "FOS", "FNDC3A", "ARFGAP3", "ZDHHC16", "F3", "FBXO11", "REXO4", "LATS1", "RAB30", "TFDP1", "NME6", "CRY1", "SIK1", "SGK1", "CRELD2", "PDZRN3", "RHOQ", "SKAP2", "TRABD", "STX12", "COPB2", "PRPS1", "ISYNA1", "CEBPB", "SLC22A5", "FICD", "CHRNA5", "TM2D1", "ZDHHC20", "MIS12", "DCUN1D1", "ARL1", "TWF1", "TMEM168", "FGD6", "DNAJB4", "TIFA", "THEM4", "RHPN2", "STXBP6", "MGAT2", "TBC1D15", "JUN", "GDF15", "BIK", "DDHD2", "NFXL1", "DNAJC12", "LYSMD3", "GDAP2", "VMP1", "MOB4", "MOB1B", "RCAN1", "SBK1", "VNN1", "FABP5", "XPOT", "ARPC3", "COPS2", "SEC24D", "CYB561"], "H3K4me3 Adult Kidney": ["GTF2B", "CCNF", "JMJD1C", "COMT", "BZW1", "ICAM1", "LIPG", "SLC16A6", "ENPP1", "PLCE1", "IGFBP1", "COG6", "SLC30A5", "ATP11C", "UBE2E2", "FBXO11", "RAB30", "DOK2", "SIK1", "ACOT4", "COPB2", "LRRC59", "ISYNA1", "CHRNA5", "ABCB4", "SLC1A2", "DCUN1D1", "ARL1", "TWF1", "UAP1", "RPAP3", "ST3GAL4", "THEM4", "ARSG", "RHPN2", "NRBF2", "STXBP6", "A2M", "ST3GAL1", "TBC1D15", "JUN", "XRCC5", "FN1", "IFFO2", "GADD45G", "DAK", "MOB4", "MOB1B", "RCAN1", "VNN1", "GGCX", "ARPC3", "CCPG1", "COPS2", "MOXD1", "ERO1LB", "CXCL1", "CLINT1", "PITPNC1", "CYR61", "CKS1B", "GMPPB", "SYNCRIP", "CASP8", "SERP1", "TMED3", "GNPNAT1", "TMED5", "DACT1", "HSDL2", "TMED9", "LEPRE1", "MMD", "TSC22D3", "GFRA1", "FOS", "ZDHHC16", "F3", "REXO4", "DUSP6", "LATS1", "TFDP1", "NME6", "CENPC1", "CRY1", "PTPLAD1", "ANG", "SGK1", "CRELD2", "MET", "RHOQ", "RAPGEF4", "TRABD", "STX12", "PRPS1", "TM2D1", "ZDHHC20", "MIS12", "LRP4", "CLN8", "TMEM168", "FGD6", "TIFA", "DNAJB9", "SLC25A25", "SGTB", "BIK", "DDHD2", "LYSMD3", "PCDHB11", "GDAP2", "TM9SF2", "VMP1", "SBK1", "FABP5", "XPOT", "PSAT1", "SEC24D", "CYB561"], "H3K27me3 Brain Substantia Nigra": ["MOXD1", "ABCB4", "LIPG", "PRTN3", "GFRA1", "F3", "CXCL14", "SLC22A7"], "H3K36me3 Neurosphere Cultured Cells Cortex Derived": ["FABP5"], "H3K36me3 H1": ["SLC1A2", "F3"], "H3K4me1 Fetal Lung": ["RB1", "MOXD1", "CHIC2", "ERO1LB", "CCNF", "JMJD1C", "CXCL1", "TSPAN12", "COMT", "BZW1", "LITAF", "PITPNC1", "HERPUD1", "ICAM1", "GMPPB", "RGS1", "LIPG", "SLC16A6", "ENPP1", "GNPNAT1", "SOX6", "GLUL", "TMED5", "TPD52", "GBP6", "IGFBP1", "RNF43", "TPM4", "LEPRE1", "METTL1", "DUSP1", "TSC22D3", "IFRD1", "ATP11C", "GFRA1", "ARFGAP3", "REXO4", "RAB30", "NME6", "SPATA13", "CRY1", "ANG", "SGK1", "CRELD2", "PDZRN3", "DSC2", "RAPGEF4", "STX12", "LRRC59", "ENPEP", "FICD", "CHRNA5", "TM2D1", "ABCB4", "MIS12", "DCUN1D1", "ARL1", "TWF1", "UAP1", "CLN8", "TOB1", "RPAP3", "RAP1B", "ADH4", "FGD6", "DNAJB4", "THEM4", "DNAJB9", "RHPN2", "NRBF2", "MGAT2", "A2M", "JUN", "SGTB", "GDF15", "DDHD2", "LYSMD3", "GDAP2", "GADD45G", "DAK", "MOB4", "RCAN1", "GGCX", "XPOT", "CCPG1", "COPS2", "BHLHE40", "SEC24D", "MMACHC", "CYB561", "C2CD2L", "CPEB4"], "H3K9me3 CD4+ CD25+ CD127- Treg Primary Cells": ["PDGFC"], "H3K4me1 Adult Liver": ["DPAGT1", "MOXD1", "FICD", "CHRNA5", "SLC41A2", "CCNF", "SLC1A2", "ARL1", "JMJD1C", "TWF1", "TSPAN12", "FYB", "GMPPB", "TMEM168", "TMED3", "SLC16A6", "THEM4", "PLCE1", "STXBP6", "TSC22D3", "DDHD2", "NFXL1", "ZFHX4", "F3", "GDAP2", "TBX3", "DAK", "LATS1", "MOB1B", "SBK1", "FABP5", "ARPC3", "LCN2", "SIK1", "SGK1", "CRELD2", "CYB561"]}