{"AGCGCTT,MIR-518F,MIR-518E,MIR-518A": ["RAP1B"], "AGTCTAG,MIR-151": ["RHPN2"], "GTAAACC,MIR-299-5P": ["CPEB2"], "GCGCTTT,MIR-518B,MIR-518C,MIR-518D": ["RAP1B"], "CCCACAT,MIR-299-3P": ["RNF43"], "GTAGGCA,MIR-189": ["BCL6"], "ATAACCT,MIR-154": ["COPS2", "AQP9"], "GGCAGAC,MIR-346": ["BCL6", "NRBF2"], "GGGATGC,MIR-324-5P": ["ELAVL1", "FBXO11"], "CTCTATG,MIR-368": ["TM2D1", "CSTF3"], "GTAAGAT,MIR-200A": ["SP3"], "CAAGGAT,MIR-362": ["LEPRE1", "CPEB4"], "GTACAGG,MIR-486": ["PDZRN3", "TOB1"], "TCTGATC,MIR-383": ["TAOK3", "GADD45G"], "CTAGGAA,MIR-384": ["GTF2B", "FBXO11"], "CGTCTTA,MIR-208": ["SP3"], "CCTGAGT,MIR-510": ["CEBPB"], "TAGGTCA,MIR-192,MIR-215": ["RB1"], "CAGTCAC,MIR-134": ["CPEB2", "KPNA3"], "TTCCGTT,MIR-191": ["CEBPB"]}