{"CTCF_HCT116_hg19": ["LRRC59", "CEBPB", "CSTF3", "SNX10", "PITPNC1", "ETS2", "ICAM1", "SOCS3", "CASP8", "FGD6", "TMED3", "MGAT2", "PELO", "PAG1", "DACT1", "RNF43", "RBPMS", "GDF15", "VPS13C", "TSC22D3", "SLC30A5", "PCDHB11", "TBX3", "GADD45G", "PTP4A1", "NFKBIA", "MOB1B", "DOK2", "MAFB", "FABP5", "ARPC3", "CCPG1", "CRY1", "SIK1", "KCTD12", "S100A9", "MMACHC", "CYB561"], "GABPA_HL-60_hg19": ["DPAGT1", "RB1", "SETD4", "TM2D1", "CSTF3", "MIS12", "BZW1", "ELAVL1", "CLINT1", "CKS1B", "NARS", "SERP1", "TNFAIP8L1", "THEM4", "DNAJB9", "MGAT2", "TBC1D15", "XRCC5", "NFXL1", "REXO4", "GDAP2", "DUSP6", "MANF", "LATS1", "TM9SF2", "VMP1", "MOB4", "GOLPH3", "XPOT", "ARPC3", "COPS2", "SP3", "RAB18", "CPEB4"], "NANOG_H1-hESC_hg19": ["PAG1", "DUSP6", "GADD45G"], "POLR2A_GM19193_hg19": ["STX12", "COPB2", "CSTF3", "TWF1", "SNX10", "RPAP3", "ICAM1", "NARS", "RBBP9", "CCRN4L", "KLF10", "HSDL2", "GDF15", "LEPRE1", "VPS13C", "FBXO11", "VASN", "RAB33B", "MOB1B", "CENPC1", "RAB18", "PTPLAD1", "MMACHC", "IFNAR1", "CPEB4"], "CTCFL_K562_hg19": ["LRRC59", "CEBPB", "CXCL1", "TSPAN12", "CYR61", "RPAP3", "ETS2", "FGD6", "ST3GAL4", "TMED3", "NRBF2", "KPNA3", "GDF15", "DUSP1", "SIAH2", "VPS13C", "SLC30A5", "RAB33B", "NFKBIA", "RCAN1", "XPOT", "ARPC3", "CCPG1", "SIK1", "TMEM39A", "KCTD12", "CRELD2", "DSC2", "NFE2L2"], "MAX_A549_hg19": ["STX12", "CHIC2", "CHRNA5", "RGS16", "CSTF3", "GTF2B", "FGL1", "JMJD1C", "CYR61", "CKS1B", "NARS", "RBBP9", "DNAJB9", "MGAT2", "KPNA3", "PAG1", "TBC1D15", "JUN", "TGDS", "XRCC5", "VPS13C", "SLC30A5", "NFXL1", "DNAJC12", "FNDC3A", "ARFGAP3", "ZDHHC16", "ARCN1", "PTP4A1", "ARMCX3", "GOLPH3", "TAOK3", "PSAT1", "SP3", "TMEM39A", "MET", "IFNAR1"], "BCL11A_H1-hESC_hg19": ["RNF43", "DUSP6"], "POLR3A_K562_hg19": ["COPB2", "SLC22A5", "ANG"], "MYC_CH12.LX_mm9": ["SETD4", "LRRC59", "ISYNA1", "CSTF3", "CCNF", "CKS1B", "CASP8", "LIPG", "THEM4", "GLUL", "TMED5", "TBC1D15", "TMED9", "XRCC5", "DUSP1", "VPS13C", "PBDC1", "MT1", "REXO4", "2610002M06RIK", "NME6", "XPOT", "TRIM39", "ARPC3", "ZFP330"], "CTCF_HepG2_hg19": ["MOXD1", "LRRC59", "CEBPB", "CSTF3", "SNX10", "LITAF", "CYR61", "ETS2", "ICAM1", "FGD6", "TMED3", "ARSG", "MGAT2", "KPNA3", "IL15RA", "RNF43", "GDF15", "BIK", "SIAH2", "VPS13C", "SLC30A5", "DNAJC12", "PAWR", "PCDHB11", "ZDHHC16", "PTP4A1", "NFKBIA", "MOB1B", "RAB30", "FABP5", "ARPC3", "CCPG1", "PSAT1", "RAB18", "KCTD12", "IL6ST", "MET", "IFNAR1"], "EP300_MCF-7_hg19": ["KLF10", "MOB4", "NFE2L2"], "GABPA_MEL cell line_mm9": ["LRRC59", "1190002N15RIK"], "ARID3A_K562_hg19": ["DPAGT1", "LRRC59", "CHIC2", "ERO1LB", "TM2D1", "RGS16", "ARL1", "JMJD1C", "MAGT1", "FYB", "PRDX2", "NRBF2", "TBC1D15", "KLF10", "JUN", "PKLR", "SLC30A5", "FOS", "TM9SF2", "MOB1B", "RAB30", "ARPC3", "CRY1", "MMACHC", "DSC2"], "CEBPB_HeLa-S3_hg19": ["DPAGT1", "CHRNA5", "ZDHHC20", "FGL1", "TSPAN12", "COMT", "LITAF", "TIFA", "ST3GAL4", "JUN", "TMED9", "LEPRE1", "SLC30A5", "IFRD1", "FOS", "REXO4", "DAK", "VMP1", "RAB30", "GOLPH3", "ARPC3", "CCPG1", "IL1B", "CPEB2", "S100A8"], "FOXM1_MCF-7_hg19": ["ZDHHC20", "CCNF", "NFE2L2"], "NELFE_CH12.LX_mm9": ["COPB2", "ISYNA1", "TM2D1", "ZDHHC20", "TWF1", "CAAP1", "FBXO21", "PITPNC1", "UNG", "TNFAIP8L1", "THEM4", "DNAJB9", "PIM3", "ST3GAL1", "VPS13C", "RRAS2", "ZFP959", "FOS", "GADD45G", "TM9SF2", "MAFB", "NME6", "ARPC3", "ZSCAN26", "SKAP2"], "JUND_T47D_hg19": ["JUN", "PLCE1", "ZDHHC16"], "GABPA_GM12878_hg19": ["DPAGT1", "RB1", "SETD4", "FICD", "CSTF3", "MIS12", "TWF1", "BZW1", "CLINT1", "NARS", "SERP1", "DNAJB9", "MGAT2", "TBC1D15", "XRCC5", "NFXL1", "REXO4", "GDAP2", "MANF", "LATS1", "TM9SF2", "VMP1", "GOLPH3", "XPOT", "ARPC3", "COPS2", "RAB18", "TMEM39A", "CYB561", "CPEB4"], "ZEB1_HepG2_hg19": ["GOLPH3", "CRELD2", "PELO"], "IRF3_GM12878_hg19": ["DPAGT1", "FICD", "CCNF", "MAGT1", "ELAVL1", "CKS1B", "GMPPB", "NARS", "DNAJB9", "PIM3", "MGAT2", "KLF10", "ZDHHC16", "GDAP2", "MANF", "BCL6", "PSAT1", "COPS2", "RAB18", "ANG", "IL6ST", "CRELD2", "MMACHC", "NFE2L2", "SKAP2"]}