{"H2AFZ_HeLa-S3_hg19": ["SETD4", "LRRC59", "RNF43", "IFRD1", "DCUN1D1", "NFXL1", "UBE2E2", "TWF1", "LYSMD3", "FNDC3A", "COMT", "CLINT1", "ETS2", "PTP4A1", "PRDX2", "SERP1", "GGCX", "PPP2R1B", "PTPLAD1", "MMACHC", "MET", "CYB561"], "H3K4me2_keratinocyte_hg19": ["ENPEP", "XRCC5", "METTL1", "RGS16", "FGL1", "FN1", "DNAJC12", "CXCL1", "RPAP3", "GADD45G", "VMP1", "RAB30", "SBK1", "NME6", "TBC1D24", "ENPP1", "PLCE1", "LGALS8", "CRELD2", "MMACHC", "CYB561", "PELO", "DACT1"], "H3K27ac_GM12878_hg19": ["GBP6", "DPAGT1", "SETD4", "COPB2", "JUN", "SLC22A5", "LEPRE1", "METTL1", "ARL1", "FOS", "GGCX", "ARPC3", "COPS2", "DNAJB4", "PDGFC", "TNFAIP8L1", "ENPP1", "DNAJB9", "TMEM39A", "CRELD2", "GLUL", "ACOT4"], "H2AFZ_CD14-positive monocyte_hg19": ["STX12", "SLBP", "FICD", "LEPRE1", "RGS16", "GTF2B", "IFRD1", "DNAJC12", "UAP1", "CXCL1", "FNDC3A", "ARFGAP3", "F3", "FBXO11", "PITPNC1", "REXO4", "NME6", "RBBP9", "THEM4", "TMEM39A", "STXBP6", "SEC24D", "PELO"], "H3K4me2_CD14-positive monocyte_hg19": ["ENPEP", "RGS16", "FN1", "ARL1", "DNAJC12", "ZDHHC16", "TBX3", "GADD45G", "GMPPB", "RAB30", "FGD6", "NME6", "PSAT1", "COPS2", "DNAJB4", "PLCE1", "ARSG", "STXBP6", "CRELD2", "GLUL", "MMACHC", "RAPGEF4", "DACT1"], "H3K4me1_heart_mm9": ["DPAGT1", "MOXD1", "ENPEP", "IGSF5", "1810011O10RIK", "ERO1LB", "FICD", "RGS16", "SLC41A2", "CXCL1", "ORM2", "RPAP3", "GMPPB", "PPP2R1B", "THEM4", "A2M", "SLC25A47", "FGF21", "RNF43", "XRCC5", "METTL1", "BIK", "1810055G02RIK", "SERPINA3N", "ZFHX4", "TFDP1", "VNN1", "LRG1", "NME6", "PQLC1", "TMEM258", "PSAT1", "SPATA13", "2310030G06RIK", "CRELD2", "ACOT4", "RAPGEF4", "SKAP2", "ZFP330"], "H3K4me3_erythroblast_mm9": ["ZFP105", "ISYNA1", "JMJD1C", "BZW1", "ETS2", "RASSF5", "TNFAIP8L1", "RBBP9", "THEM4", "TMED5", "HSDL2", "METTL1", "BIK", "UBE2E2", "ZFP959", "SIAH1B", "FNDC3A", "ZDHHC16", "F3", "1190002N15RIK", "FBXO11", "GDAP2", "TM9SF2", "RAB30", "SBK1", "BCL6", "CCPG1", "NABP1", "IL6ST", "CYB561"], "H3K27ac_mammary epithelial cell_hg19": ["DPAGT1", "SETD4", "SLBP", "SGTB", "METTL1", "ARL1", "FBXO21", "RPAP3", "MANF", "VMP1", "RCAN1", "GGCX", "CCPG1", "PSAT1", "DNAJB9", "GNPNAT1", "PTPLAD1", "SGK1", "CRELD2", "CYB561", "PELO", "SLC25A25", "C2CD2L"], "H3K4me3_CD14-positive monocyte_hg19": ["SETD4", "SLC22A5", "RGS16", "MIS12", "ARL1", "TWF1", "CXCL1", "FBXO21", "TSPAN12", "CXCL14", "PITPNC1", "ETS2", "GMPPB", "NARS", "FGD6", "RASSF5", "TIFA", "THEM4", "ENPP1", "STXBP6", "GLUL", "PELO", "VPS13C", "TSC22D3", "PAWR", "REXO4", "TBX3", "RAB33B", "TM9SF2", "MOB4", "SBK1", "FABP5", "PSAT1", "COPS2", "SP3", "PRTN3", "MMACHC", "CPEB2", "NFE2L2"], "H3K9me3_mononuclear cell_hg19": ["THEM4", "FNDC3A", "SGK1"], "H3K4me3_embryonic fibroblast_mm9": ["DPAGT1", "ENPEP", "AI464131", "BIK", "VPS13C", "SLC41A2", "NFXL1", "DNAJC12", "PAWR", "CXCL1", "CAAP1", "GDAP2", "GGCX", "NME6", "SLC16A6", "RBBP9", "ZSCAN26", "A2M", "SGK1", "CYB561", "ACOT4", "ZFP330"], "H3K9me3_MCF-7_hg19": ["SERPINA12", "MIS12", "THEM4"], "H3K36me3_kidney epithelial cell_hg19": ["NFKBIA", "FOS", "CYR61"], "H3K4me3_T-cell acute lymphoblastic leukemia_hg19": ["STX12", "SGTB", "METTL1", "BIK", "DUSP1", "FN1", "ARL1", "IFFO2", "UBE2E2", "CXCL1", "ZDHHC16", "F3", "CKS1B", "ICAM1", "GMPPB", "SOCS3", "DOK2", "NME6", "DNAJB9", "IL6ST", "MMACHC", "CPEB4"], "H3K36me3_ES-E14_mm9": ["TPD52", "SLBP", "1810058I24RIK", "ISYNA1", "FICD", "DUSP1", "RGS16", "MT1", "CYR61", "TBX3", "DUSP6", "CKS1B", "GADD45G", "PRDX2", "ZFP36", "MMP14", "TRIM39", "ARPC3", "DNAJB4", "SPATA13", "MGAT2", "PELO", "ZFP330"], "H3K79me2_A549_hg19": ["SETD4", "STX12", "ERO1LB", "MIS12", "ARL1", "CXCL1", "ELAVL1", "CYR61", "GMPPB", "TIFA", "TNFAIP8L1", "RBBP9", "GNPNAT1", "ST3GAL1", "COG6", "GDF15", "LEPRE1", "METTL1", "FN1", "ATP11C", "FOS", "VASN", "ARMCX3", "RAB30", "TAOK3", "NME6", "CCPG1", "TBC1D24", "PTPLAD1", "CRELD2", "C2CD2L"], "H3K4me3_small intestine_mm9": ["DPAGT1", "SLC22A5", "BIK", "SIAH2", "SLC41A2", "JMJD1C", "DNAJC12", "PAWR", "TXNDC11", "CXCL1", "GFRA1", "AHR", "LYSMD3", "F3", "NME6", "DNAJB4", "TIFA", "SLC16A6", "ZSCAN26", "SGK1", "CYB561", "ZFP330"], "H3K36me3_T-cell acute lymphoblastic leukemia_hg19": ["PRPS1", "JUN", "CHIC2", "TGDS", "IRS1", "LEPRE1", "DUSP1", "JMJD1C", "TWF1", "TOB2", "COMT", "UGCG", "RCAN1", "BCL6", "COPS2", "DNAJB9", "ARSG", "CRELD2", "MMACHC", "PAG1", "TBC1D15", "SKAP2"], "H3K27me3_GM06990_hg19": ["PDGFC", "ENPP1", "ETS2"], "H3K4me1_myotube_hg19": ["ISYNA1", "COG6", "TGDS", "IFRD1", "ARFGAP3", "CLINT1", "TOB1", "DUSP6", "PDIA5", "ICAM1", "PTP4A1", "MOB4", "MOB1B", "PRDX2", "VNN1", "THEM4", "PLCE1", "PIM3", "NRBF2", "STXBP6", "A2M", "SGK1", "PELO"]}