{"TCF4-23295773-U87-HUMAN": ["SLC48A1", "TMEM87A", "MRPS16", "GLDC", "STAB2", "NENF", "ABHD5", "AATF", "ACACB", "BACH2", "SOCS2", "RNF135", "PRPSAP2", "MFSD5", "STMN1", "AOX1", "POLR2G", "SLC25A23", "FN3K", "CMTM8", "CAMK1D", "IGFBP5", "SCARA5", "SLC35C1", "CCDC59", "SLC39A11", "ANK3", "IL17RC", "ZDHHC14", "IGF2R", "ACOX2", "MGP", "GSTA1", "MYADM", "DHCR7", "SGK2", "RBM43", "PI4K2A"], "GABP-19822575-HepG2-human": ["ASCC1", "ABCA3", "LENG8", "KLHL22", "MRPL14", "TIMM10", "ABHD5", "MRPL23", "AATF", "TMEM141", "LAGE3", "CLCN2", "MSH6", "PNKD", "NAGK", "UROC1", "SCO2", "RRS1", "ADCK4", "FAM32A", "SCLY", "DHCR7", "NAT9", "MAP3K11"], "CREB1-23762244-HIPPOCAMPUS-RAT": ["DDC", "ACSS2", "CITED2", "ZC3H3", "UBR4", "CSTF2T", "MRPL14", "ZBTB22", "RLF", "AACS", "POLD4", "TUBA1A", "PMVK", "GAR1", "CHAC1", "PRKACA", "NUDT14", "IER2", "PDK2", "DGAT1", "CCDC59", "JOSD2", "MAGOHB", "DCTPP1", "SNRPA", "CSNK1G2", "MAP3K11", "PI4K2A"], "STAT3-22323479-MACROPHAGE-MOUSE": ["CSRP2", "CCDC59"], "TP53-23651856-MEF-MOUSE": ["DOCK6", "DDC", "B4GALT1", "MRPS16", "SERPINE2", "CSTF2T", "MRPL14", "ABHD5", "CLCN2", "BACH2", "WBSCR27", "TUBB5", "AFMID", "CAPN2", "HIVEP1", "MACROD1", "ABCB1B", "NUDT14", "SLC39A4", "APOBEC1", "CAMK1D", "ASCC1", "TRAFD1", "ANK3", "NEAT1", "NLE1", "TPST2", "MSH6", "PCDHGA10", "NAT6", "PNKD", "PPDPF", "ETHE1", "GAS2", "ADCK4", "LPIN1", "RBM43", "CRLF2"], "GATA1-21571218-MEGAKARYOCYTES-HUMAN": ["SLC48A1", "ACSS2", "CRTC3", "CITED2", "DENND1A", "NENF", "TIMM10", "HSD17B6", "BACH2", "AACS", "PRPSAP2", "PMVK", "CAPN2", "MACROD1", "UPP2", "POLR2G", "PCDH1", "PPARGC1B", "APOBEC1", "CAMK1D", "CRADD", "DNAJC5B", "CTDSPL", "TRAFD1", "SLC6A12", "IGF2R", "GSTA4", "SFXN1", "LPIN1"], "REST-21632747-MESC-MOUSE": ["ABCD2", "SUCNR1", "RTP3", "CRADD", "ZC3H3", "ONECUT1", "CTDSPL", "NR2F1", "ASNS", "COPZ2", "ABHD5", "CYP4F14", "CYP4F15", "PNKD", "NLRP6", "PRKRA", "RRS1", "IGFALS", "LPIN1", "PCDH1", "PPARGC1B", "FOXA2"], "BP1-19119308-Hs578T-human": ["CBR1"], "FOXP1-22492998-STRATIUM-MOUSE": ["RLF"], "RUNX2-22187159-PCA-HUMAN": ["DOCK6", "B4GALT1", "CRTC3", "SPARC", "SERPINE2", "CITED2", "DENND1A", "ZC3H3", "STAB2", "AACS", "PHF8", "FOXQ1", "POLD4", "BTBD2", "PMVK", "GAR1", "GSTM3", "CAMK1D", "SDS", "OSGIN1", "CTDSPL", "ANK3", "MRPL46", "IGF2R", "GREM2", "GSTA4", "IVD", "TFF3", "DHCR7", "LPIN1"], "YAP1-20516196-MESC-MOUSE": ["CITED2", "MPV17L", "MRPL14", "AATF", "ACACB", "BACH2", "AACS", "CYP17A1", "HEBP1", "FOXQ1", "TUBB5", "AFMID", "HIVEP1", "PGLS", "PRKACA", "UNC13B", "CAMK1D", "CRADD", "IGFBP3", "SLC39A11", "TRAFD1", "ASNS", "MMD2", "GCK", "ARF5"], "RCOR3-21632747-MESC-MOUSE": ["GGNBP1", "MTCH1", "DDC", "NUDT1", "LTBP4", "HSPB1", "HSD17B6", "ACACB", "BACH1", "AACS", "SOCS2", "FAM134B", "COMTD1", "TUBA1A", "TUBB5", "NAGLU", "NLRP6", "MFSD5", "AFMID", "RRS1", "CAR14", "UPP2", "TK1", "PCDH1", "CBR3", "SLC35C1", "ASNS", "MRPS6", "DNMBP", "ADCK3", "CRLF2"], "BCL11B-21912641-STHDH STRIATAL CELLS-MOUSE": ["MOCOS", "RLF"], "SMAD4-21799915-A2780-HUMAN": ["GLDC", "MGST3", "DENND1A", "UBR4", "MRPL14", "HSD17B6", "BACH2", "FAM134B", "DBT", "RRS1", "HIVEP1", "HTATIP2", "CMTM8", "CAMK1D", "SMAGP", "SLC35C1", "SLC39A11", "TRAFD1", "COPZ2", "ANK3", "THNSL2", "DNMBP", "PLBD1", "ADCK4", "SFXN1", "LPIN1"], "E2F4-21247883-LYMPHOBLASTOID-HUMAN": ["SLC48A1", "MGST3", "UBR4", "CSTF2T", "NENF", "RLF", "SOCS2", "COMTD1", "CSRP2", "NLRP6", "PMVK", "STMN1", "CHAC1", "PHLDA1", "NQO1", "SNHG1", "CAMK1D", "SDS", "ASCC1", "ABCA3", "CCDC59", "MRPL23", "DYNLL1", "MAGOHB", "MRPL46", "SIGIRR", "DNMBP", "RHOU", "DHCR7", "SIPA1", "PI4K2A"], "SCL-21571218-MEGAKARYOCYTES-HUMAN": ["ARSA", "MTCH1", "ACY3", "CAMK1D", "SUCNR1", "IGFBP5", "DNAJC5B", "CTDSPL", "SLC6A12", "KLHL22", "NEAT1", "IGF2R", "TPST2", "UROC1", "PMVK", "UPP2", "LPIN1", "SIPA1", "CD99"], "KDM5B-21448134-MESC-MOUSE": ["DOCK6", "TMEM87A", "DDC", "CRTC3", "GLDC", "ONECUT1", "UBR4", "UQCR10", "ADRA1B", "CSRP2", "PRPSAP2", "TUBA1A", "2610507B11RIK", "RRS1", "HMOX1", "PRKACA", "NQO1", "CCDC59", "MOCOS", "NR2F1", "ASNS", "CYP4F15", "MSH6", "GSTA4", "SFXN1", "SNRPA", "FOXA2"], "STAT3-23295773-U87-HUMAN": ["DDC", "ABCD2", "ACSS2", "B4GALT1", "SUCNR1", "CRTC3", "SERPINE2", "GLDC", "DENND1A", "AQP8", "ZC3H3", "UBR4", "TIMM10", "ABHD5", "RLF", "BACH2", "SOCS2", "FAM134B", "CAPN2", "AOX1", "PPARGC1B", "UNC13B", "SNHG1", "SCARA5", "CTDSPL", "SLC39A11", "NR2F1", "ASNS", "COPZ2", "MMD2", "PTGR1", "ZDHHC14", "GSTA1", "PLIN4", "RBM43"], "STAT6-21828071-BEAS2B-HUMAN": ["SLC39A11"], "TP63-17297297-HaCaT-human": ["IGFBP3"]}