{"HNF1B (human)": ["SPARC"], "SMAD3 (human)": ["CTDSPL"], "NFE2L1 (human)": ["PNKD", "CRTC3"], "HNRNPK (human)": ["OSGIN1", "FOXA2"], "Arnt (mouse)": ["2610507B11RIK", "LTBP4"], "IRF9 (human)": ["NR2F1"], "SP4 (human)": ["CBS"], "Pax6 (human)": ["TMEM55A", "MFSD5"], "ESR2 (mouse)": ["SOCS2"], "MYCN (human)": ["RNF123"], "VDR (human)": ["LTBP4", "SNRPA"], "IRF7 (human)": ["POLR2G"], "MYOD1 (human)": ["TMEM150A", "TMEM160"], "GABPA (human)": ["NQO1", "SLC25A23"], "MXI1 (human)": ["DHCR7"], "SOX10 (human)": ["CHAC1", "PEX26"], "SMAD3 (mouse)": ["2310061I04RIK"], "NFATC2 (human)": ["TMEM141"], "NME2 (human)": ["CAMK1D"], "HNF1B (mouse)": ["HIVEP1"]}