{"H3K9me3 Brain Germinal Matrix": ["KDM3B", "CYP17A1"], "H3K9ac Skeletal Muscle": ["RNF123", "ARSA", "CITED2", "ADCK3"], "H3K9me3 Colonic Mucosa": ["CBR1", "KDM3B", "CITED2", "ANPEP", "ABCA3"], "H3K36me3 Duodenum Mucosa": ["SNORD47", "ACACB", "BACH1"], "H3K36me3 Neurosphere Cultured Cells Cortex Derived": ["ACACB"], "H3K9me3 CD34 Cultured Cells": ["KDM3B", "THNSL2", "FOXA2"], "H3K36me3 CD4+ CD25- CD45RO+ Memory Primary Cells": ["MRPL46"], "H3K36me3 Brain Substantia Nigra": ["LIPT2", "MRPS16", "SNORD47"], "H3K36me3 Skeletal Muscle": ["ACACB"], "H3K9me3 Brain Mid Frontal Lobe": ["PCDHGA10", "CMTM8"], "H3K36me3 Chondrocytes from Bone Marrow Derived Mesenchymal Stem Cell Cultured Cells": ["METTL20"], "H3K36me3 Stomach Smooth Muscle": ["TMEM150A", "CCDC59", "CD99"], "H3K36me3 CD4+ CD25- IL17+ PMA-Ionomcyin stimulated Th17 Primary Cells": ["SNORD47"], "H3K9me3 Brain Inferior Temporal Lobe": ["CMTM8"], "H3K36me3 Duodenum Smooth Muscle": ["ACACB"], "H3K36me3 Pancreatic Islets": ["PCDHGA10", "SNORD47", "NEAT1"], "H3K36me3 CD4 Naive Primary Cells": ["CCDC59", "UQCR10", "EIF1B"], "H3K27me3 CD4 Naive Primary Cells": ["PCDHGA10", "SPARC", "IGFBP3", "NR2F1", "PTGR1", "RBMS2"], "H3K27me3 Brain Mid Frontal Lobe": ["FOXQ1", "CMTM8", "ANPEP", "CD207", "MOCOS", "TFF3", "MMD2", "ANK3"], "H4K20me1 IMR90": ["SMAGP", "PPDPF", "SNORD47", "MAP3K11"]}