{"TAGCTTT,MIR-9": ["BACH2"], "GCACTTT,MIR-17-5P,MIR-20A,MIR-106A,MIR-106B,MIR-20B,MIR-519D": ["NAGK", "SEMA4G", "MAP3K11"], "CACTGCC,MIR-34A,MIR-34C,MIR-449": ["TMEM55A"], "ACTTTAT,MIR-142-5P": ["MSH6"], "TTTGCAC,MIR-19A,MIR-19B": ["DENND1A", "IGFBP3", "IGF2R"], "ATTCTTT,MIR-186": ["BACH2"], "ATACTGT,MIR-144": ["BACH2"], "GTTTGTT,MIR-495": ["RLF"], "AAAGGGA,MIR-204,MIR-211": ["IGF2R"], "GCAAAAA,MIR-129": ["BACH2"], "ACTGCCT,MIR-34B": ["TMEM87A"], "CTTGTAT,MIR-381": ["GAS2"], "AAAGACA,MIR-511": ["SOCS2"], "CAGTGTT,MIR-141,MIR-200A": ["LENG8"], "GCATTTG,MIR-105": ["GLDC"], "TAATAAT,MIR-126": ["UPP2"], "TTGCACT,MIR-130A,MIR-301,MIR-130B": ["DENND1A", "BACH2"], "CTTTGTA,MIR-524": ["MTCH1", "PRKRA"], "CCTGCTG,MIR-214": ["IL17RC"], "CTGAGCC,MIR-24": ["IGFBP5"]}