{"RCOR3-21632747-MESC-MOUSE": ["SLC25A3", "GSTP1", "ATP5G3", "SLC1A5", "ACTB", "SRM", "ACTG1", "RPS17", "RPS16", "LARP1", "KCTD20", "PCBP1", "PMAIP1", "YWHAH", "HSP90AA1", "PTOV1", "HMGA1", "PTPN11", "YWHAZ", "TMX1", "CAPRIN1", "PSME3", "DDIT4", "VDAC1", "PABPC1", "ALDOA", "SLC29A1", "RPS21", "ATF4", "EIF4G1"], "TP63-22573176-HFKS-HUMAN": ["EIF4A1", "RPLP1", "GSTP1", "LEF1", "RPLP0", "HNRNPR", "SLC1A5", "RPL8", "PPM1G", "RPS4X", "PTBP1", "KCTD20", "POM121C", "C1QBP", "BTBD2", "PSAP", "AKT1", "MAPK1", "PHGDH", "BANF1", "WHSC1", "RPS2", "RPL39", "COX8A", "TUBB", "NDUFC2", "C20ORF27", "MIF", "SLC7A5", "SPCS1", "MAP7D1", "CAPRIN1", "OAS3", "GNAQ", "TAGLN2", "PABPC1", "FAU", "SLC29A1", "RPS21", "PPIA", "MIR1244-3"], "TP53-23651856-MEF-MOUSE": ["SLC25A3", "HSP90AB1", "SLC43A3", "CD81", "MAZ", "GNA13", "PTBP1", "MAT2A", "CFL1", "AKT1", "PMAIP1", "VAT1", "CNBP", "TAF10", "NDUFC2", "MSN", "MIF", "ARID1A", "RHOA", "LRPPRC", "NME1", "PPDPF", "TRMT5", "GNAQ", "SERBP1", "NDUFAB1", "DDIT4", "CANX", "PPIA", "EIF4G1"], "HNF4A-19822575-HepG2-human": ["EIF4A2", "TRAM1", "TFRC", "PTPRO", "HNRNPR", "ATP5G3", "YBX1", "CD3E", "ACTB", "NUDT3", "ACTG1", "PTBP1", "MRPL3", "TUBA1C", "RPS16", "AKT1", "PHGDH", "RPL37", "HMGN2", "ACTR3", "NDUFC2", "ARID1A", "YWHAZ", "RHOA", "CDC25B", "NME1", "SLC7A5", "DDIT4", "B3GNT2", "VDAC1", "MCM6", "RPL26", "LCP1", "TLN1", "SNRPB", "B4GALT5", "SLC43A3", "GSTP1", "NOLC1", "ZFP36L2", "HSPD1", "PPM1G", "PPP2CA", "GNA13", "TMEM123", "NRAS", "LDHA", "GANAB", "RPS15A", "LARP1", "KCTD20", "PCBP1", "PSAP", "MAPK1", "RPS2", "NONO", "PTGES3", "PTPN11", "LRPPRC", "CTCFL", "SRPK1", "FKBP1A", "RPS26", "NACA", "PSAT1", "SCD", "FASN", "GNAQ", "NDUFAB1", "CYCS", "CALM3", "RPS21"], "AR-19668381-PC3-HUMAN": ["SMARCC1", "TFRC", "RPLP1", "LEF1", "ATP1A3", "NDUFC2", "MSN", "PTPN11", "ARID1A", "ZFP36L2", "GNA13", "LDHA", "OPHN1", "PSAT1", "NCL", "C1QBP", "RAD21", "MCM6", "PABPC1", "TLN1", "FAM60A", "RPS13", "B4GALT5"], "SRY-25088423-EMBRYONIC GONADS-MOUSE": ["ARF1", "RPL30", "INSIG1", "ATP2A3", "SLC1A5", "IL2RG", "ACTB", "ZFP36L2", "SRM", "LDHA", "ARHGDIA", "MAPK1", "ACTR3", "RHOG", "HMGA1", "MSN", "NME4", "YWHAZ", "EEF1A1", "SLC7A5", "UBE2S", "OAS3", "TRMT5", "SERBP1", "CYCS", "TAGLN2", "GAPDH", "FAM60A", "PNPLA2"], "RUNX2-22187159-PCA-HUMAN": ["TRAM1", "HSP90AB1", "MID1IP1", "CXCR4", "MSN", "NME4", "ATP5G3", "SLC1A5", "YWHAZ", "ACTB", "NUDT3", "LOC642846", "TUBA1C", "OPHN1", "GNAQ", "BTBD2", "PMAIP1", "WHSC1", "SLC29A1", "PPIA", "B4GALT5"], "RAD21-21589869-MESC-MOUSE": ["IFITM3", "IFITM2", "PTPRO", "ATP1A3", "CTCFL", "TUBA1B", "RPS15A", "UBE2S", "PPDPF", "GNAQ", "B3GNT2", "PHGDH", "TLN1", "PPIA", "SNRPB", "YWHAH"], "GATA1-21571218-MEGAKARYOCYTES-HUMAN": ["IFITM3", "YWHAE", "HSP90AB1", "TFRC", "INSIG1", "ATP2A3", "SLC1A5", "ACTB", "ZFP36L2", "TMEM123", "KCTD20", "WHSC1", "HMGN2", "SMARCC1", "GPX1", "NONO", "NDUFC2", "YWHAZ", "EEF1A1", "SLC7A5", "MTHFD2", "SCD", "GNAQ", "DDIT4", "HYOU1", "PABPC1", "ALDOA", "SLC29A1"], "REST-21632747-MESC-MOUSE": ["RPLP1", "RPL11", "PTPRO", "PTPN11", "ARID1A", "MKI67", "SRM", "NME1", "SRPK1", "GNA13", "MRPL3", "TUBA1C", "RPS15A", "B3GNT2", "PMAIP1", "PABPC1", "NKX2-5", "YWHAH"], "SOX2-21211035-LN229_GBM-HUMAN": ["TFRC", "INSIG1", "RPLP1", "PTPRO", "CXCR4", "ATP1A3", "NUDT3", "PPM1G", "GNA13", "LARP1", "ARHGDIA", "CFL1", "MAPK1", "PMAIP1", "HMGN2", "HMGN3", "RPL39", "MSN", "SEPT2", "LRPPRC", "FKBP1A", "SLC7A5", "DKC1", "PSAT1", "GNAQ", "CYCS", "B3GNT2", "B4GALT5"], "TCF4-23295773-U87-HUMAN": ["YWHAE", "SET", "TFRC", "CXCR4", "HNRNPU", "YBX1", "SRM", "LOC642846", "GNA13", "MRPL3", "OPHN1", "CNBP", "MSN", "ARID1A", "LRPPRC", "SRPK1", "TMX1", "PSAT1", "NDUFAB1", "LCP1", "FAU", "SLC29A1", "RPS21", "PPIA", "B4GALT5"], "FOXA2-19822575-HepG2-human": ["EIF4A1", "TRAM1", "HSP90AB1", "GSTP1", "MAZ", "YBX1", "CD3E", "ZFP36L2", "GNA13", "TMEM123", "TUBA1C", "GANAB", "LARP1", "PCBP1", "RAD21", "PSAP", "CHAC1", "HSP90AA1", "NDUFC2", "PTPN11", "ARID1A", "LRPPRC", "SRPK1", "PSAT1", "FASN", "GNAQ", "DDIT4", "VDAC1", "LCP1", "SNRPB"], "OLIG2-23332759-OLIGODENDROCYTES-MOUSE": ["HSPA8", "ITGA4", "CD81", "LEF1", "ACTB", "RPS17", "RPS27", "OPHN1", "TMX1", "PSAT1", "TRMT5", "GNAQ", "HNRNPA2B1", "PMAIP1", "CHAC1", "EIF4G2", "SNRPB", "B4GALT5"], "TP63-23658742-EP156T-HUMAN": ["TFRC", "INSIG1", "RPLP1", "GSTP1", "RPL11", "SLC1A5", "LOC642846", "GNA13", "TMEM123", "KCTD20", "ZNF706", "C1QBP", "RAD21", "WHSC1", "YWHAH", "ACTR3", "PTPN11", "YWHAZ", "CDC25B", "NME1", "TMX1", "PSAT1", "MAP7D1", "OAS3", "FASN", "GNAQ", "SERBP1", "SLC29A1", "PPIA", "FAM60A", "RPS23"], "SMARCA4-23332759-OLIGODENDROCYTES-MOUSE": ["CD81", "PTPRO", "YBX1", "NUDT3", "ACTG1", "TMEM123", "MRPL3", "RPS15A", "PSAP", "CFL1", "MAPK1", "PMAIP1", "CHAC1", "HSPA8", "ITGA4", "PTGES3", "NDUFC2", "ARID1A", "EEF1A1", "TMX1", "PSAT1", "TRMT5", "GNAQ", "HNRNPA2B1", "MCM6", "EIF4G2", "SNRPB"], "GATA1-22025678-K562-HUMAN": ["SLC43A3"], "STAT3-23295773-U87-HUMAN": ["YWHAE", "SMARCC1", "ITGA4", "TFRC", "CNBP", "RPS5", "MSN", "YWHAZ", "LRPPRC", "CTCFL", "LOC642846", "MRPL3", "CAPRIN1", "GNAQ", "DDIT4", "WHSC1", "TLN1", "SLC29A1"], "SETDB1-19884257-MESC-mouse": ["IFITM3", "HSPA8", "TRAM1", "GSTP1", "LEF1", "RPLP0", "HMGA1", "DDX21", "SLC1A5", "MKI67", "CTCFL", "ACTG1", "GNAQ", "PSAP", "MAPK1", "RPL26", "RPS27A", "PFN1", "SLC29A1", "ATF4"], "RBPJ-22232070-NCS-MOUSE": ["HSPD1"]}