{"POLR2A_thymus_mm9": ["CRTC3", "CITED2", "UBR4", "NUDT1", "UQCR10", "COX7A1", "LAGE3", "SNHG5", "NLE1", "PHF8", "SMIM8", "TMEM234", "TUBA1A", "PPDPF", "ETHE1", "AFMID", "RRS1", "ADCK4", "POLR2G", "SCLY", "IER2", "CSNK1G2", "PDK2", "PI4K2A"], "RFX5_K562_hg19": ["NQO1", "SNHG1", "DGAT1", "CITED2", "SLC39A11", "ABHD5", "MAGOHB", "AATF", "MRPL46", "SNHG5", "TOMM40L", "POLD4", "WBSCR27", "NAGK", "PRPSAP2", "TUBA1A", "FAM213B", "NAGLU", "ALDH1B1", "STMN1", "EIF1B", "SNRPA", "IER2", "MAP3K11"], "HDAC6_H1-hESC_hg19": ["LIPT2", "TMEM87A", "SNHG1", "WDR83OS", "KDM3B", "UBR4", "CTDSPL", "ASNS", "KLHL22", "JOSD2", "MAGOHB", "LAGE3", "PHF8", "POLD4", "LGALS1", "PRKRA", "PPDPF", "ANPEP", "STMN1", "RRS1", "GAR1", "PGLS", "SCLY", "CHAC1"], "TCF12_MCF-7_hg19": ["CITED2", "TFF3", "MACROD1"], "SUZ12_H1-hESC_hg19": ["ACY3", "B4GALT1", "PYCRL", "GLDC", "NOP2", "ONECUT1", "MPV17L", "SLC4A2", "FOXQ1", "COMTD1", "CBS", "POLR2G", "MSC", "UNC13B", "CAMK1D", "TMEM150A", "DGAT1", "IGFBP3", "SLC35C1", "NR2F1", "KLHL22", "PTGR1", "DYNLL1", "NLE1", "MSH6", "CYP26A1", "SCO2", "PLBD1", "DHCR7", "RBM43", "ARF5", "PI4K2A", "FOXA2"], "POLR3A_K562_hg19": ["GSTM2", "MRPL40", "GSTA4"], "ELK1_GM12878_hg19": ["CBR1", "NLRX1", "NOP2", "NUDT1", "ABHD5", "DYNLL1", "MAGOHB", "AATF", "RLF", "NLE1", "RNF135", "RNF123", "PNKD", "PRKRA", "AFMID", "STMN1", "RRS1", "DHCR7", "NAT9", "LPIN1", "DCTPP1", "EIF1B", "RBM43"], "CTCF_small intestine_mm9": ["SLC48A1", "CMTM8", "TMEM150A", "MRPS16", "KDM3B", "CRADD", "DGAT1", "DENND1A", "UBR4", "KLHL22", "MRPL23", "MRPS6", "TOMM40L", "NLE1", "PHF8", "TPST2", "RNF135", "FAM134B", "DBT", "RRS1", "MACROD1", "1110001J03RIK", "LPIN1"], "eGFP-JUND_K562_hg19": ["GSTM4", "NQO1", "WDR83OS", "NLRX1", "CRTC3", "DGAT1", "AQP8", "NOP2", "HSPB1", "KLHL22", "TMEM141", "IL17RC", "LAGE3", "BACH2", "CYP17A1", "DPP7", "WBSCR27", "ALDH1B1", "ETHE1", "GAR1", "DCTPP1", "MAP3K11", "HTATIP2"], "EP300_MCF-7_hg19": ["DNAJC5B", "PTH1R", "NEAT1"], "RXRA_H1-hESC_hg19": ["SOCS2", "CYP26A1", "NEAT1"], "REST_myocyte_mm9": ["LIPT2", "MRPS16", "NOP2", "ASNS", "KLHL22", "DYNLL1", "NEAT1", "BACH1", "MRPS6", "AACS", "TPST2", "RNF135", "DPP7", "GM5617", "TUBA1A", "TUBB5", "FAM213B", "PRKRA", "STMN1", "GAR1", "CHAC1", "SIPA1", "GALK1"], "POLR2A_GM10847_hg19": ["GSTM4", "CBR1", "MRPS16", "DGAT1", "NUDT1", "NENF", "ABHD5", "MAGOHB", "RLF", "AACS", "RNF123", "DPP7", "FAM213B", "ETHE1", "PMVK", "DBT", "HIVEP1", "HMOX1", "TK1", "DCTPP1", "EIF1B", "ARF5", "SNRPA", "PPARGC1B"], "E2F4_myocyte_mm9": ["TMEM87A", "CLUH", "CITED2", "NOP2", "OSGIN1", "NUDT1", "CSTF2T", "SLC4A2", "MRPS6", "MSH6", "TMEM234", "DNMBP", "NAGK", "CSRP2", "TUBB5", "MFSD5", "STMN1", "MACROD1", "HMOX1", "ADCK3", "DCTPP1", "IER2", "PPARGC1B", "SIPA1"], "IRF3_GM12878_hg19": ["KDM3B", "TRAFD1", "TMEM160", "TOMM40L", "POLD4", "PNKD", "WBSCR27", "PRPSAP2", "MRPL40", "ALDH1B1", "AFMID", "PMVK", "DBT", "FAM32A", "SCLY", "CHAC1", "DHCR7", "TK1", "ADCK3", "PRKACA", "DCTPP1", "SNRPA", "PI4K2A"], "ZNF143_HeLa-S3_hg19": ["SLC48A1", "TMEM87A", "B4GALT1", "KDM3B", "NOP2", "OSGIN1", "CSTF2T", "AATF", "IL17RC", "MRPL46", "LAGE3", "AACS", "NLE1", "MSH6", "NAT6", "RNF123", "RDH11", "PPDPF", "AFMID", "DBT", "HIVEP1", "DCTPP1", "IER2"], "ZNF384_GM12878_hg19": ["MTCH1", "ABCD2", "NLRX1", "B4GALT1", "MGST3", "TRAFD1", "LENG8", "TIMM10", "DYNLL1", "MAGOHB", "NEAT1", "THNSL2", "TOMM40L", "NLE1", "SOCS2", "NAT6", "COMTD1", "MRPL40", "FAM32A", "POLR2G", "CLEC2D", "EIF1B", "MAP3K11", "CRLF2"], "MAFF_HepG2_hg19": ["SNHG1", "DDC", "CITED2", "MGST3", "ZC3H3", "ELOVL3", "SLC39A11", "TRAFD1", "ABHD5", "DYNLL1", "MAGOHB", "NAT6", "RNF123", "PNKD", "PRPSAP2", "MRPL40", "FAM213B", "AFMID", "GAR1", "HMOX1", "TK1", "IGFALS", "RBM43", "IER2"], "BRCA1_HepG2_hg19": ["LIPT2", "ACSS2", "MRPS16", "NOP2", "MRPL14", "PEX26", "MRPL40", "ALDH1B1", "AFMID", "PMVK", "IER2", "SNHG1", "CRADD", "DNAJC5B", "TRAFD1", "DYNLL1", "MAGOHB", "NLE1", "RNF123", "MYADM", "NAT9", "DCTPP1", "RBM43", "SNRPA", "PI4K2A"], "REST_HL-60_hg19": ["DENND1A", "NENF"]}