{"H3K27me3_cardiac mesoderm_hg19": ["CFD", "CRTC3", "GLDC", "AQP8", "ONECUT1", "MPV17L", "HSPB1", "NENF", "COX7A1", "FOXQ1", "DPP7", "NLRP6", "ANPEP", "ADORA1", "AOX1", "HMOX1", "MSC", "PRODH", "PCDH1", "HTATIP2", "CBR3", "GSTM3", "IGFBP5", "SMAGP", "IGFBP3", "SLC35C1", "MOCOS", "ELOVL3", "ASNS", "COPZ2", "ANK3", "SIGIRR", "GREM2", "CYP26A1", "SCO2", "ETHE1", "SFXN1", "FOXA2"], "H3K27me3_astrocyte_hg19": ["GSTM3", "CMTM8", "PFKFB1", "CXCL9", "GLDC", "AQP8", "IGFBP3", "MOCOS", "MMD2", "ADRA1B", "CYP17A1", "FOXQ1", "GREM2", "FAM134B", "CYP26A1", "NLRP6", "GSTA1", "TFF3", "MSC", "PRODH", "NUDT14", "PLIN5"], "H3K4me3_epithelial cell of esophagus_hg19": ["MGST3", "ONECUT1", "LENG8", "LAGE3", "FOXQ1", "NAGLU", "CBS", "ANPEP", "MACROD1", "AOX1", "CHAC1", "PRKACA", "GSTM4", "WDR83OS", "IGFBP3", "CCDC59", "TRAFD1", "ZDHHC14", "PCDHGA10", "RNF123", "TMEM234", "IVD", "PLBD1", "RBM43", "RBMS2", "PI4K2A"], "H3K9ac_keratinocyte_hg19": ["GSTM4", "DOCK6", "ARSA", "SNHG1", "SMAGP", "UBR4", "NUDT1", "UQCR10", "MAGOHB", "ADRA1B", "MRPL46", "ZDHHC14", "PEX26", "TMPPE", "PCDHGA10", "WBSCR27", "FAM213B", "RBP1", "AOX1", "PLBD1", "CHAC1", "DHCR7", "NAT9"], "H3K27ac_H1-hESC_hg19": ["UNC13B", "LIPT2", "SNHG1", "WDR83OS", "DENND1A", "NOP2", "SLC39A11", "JOSD2", "ABHD5", "UQCR10", "MRPL46", "LAGE3", "SNHG5", "AACS", "RNF135", "PCDHGA10", "AOX1", "DCTPP1", "EIF1B", "SNRPA", "MAP3K11", "SIPA1", "PI4K2A"], "H4K20me1_H1-hESC_hg19": ["UNC13B", "ARSA", "CBR1", "TMEM150A", "ASCC1", "ZC3H3", "ELOVL3", "TRAFD1", "LENG8", "UQCR10", "SEMA4G", "ADRA1B", "AATF", "AACS", "TMPPE", "PNKD", "PPDPF", "POLR2G", "CHAC1", "DHCR7", "PCDH1", "PI4K2A", "CBR3"], "H3K36me3_cardiac mesoderm_hg19": ["LIPT2", "MRPS16", "CITED2", "HSPB1", "CSTF2T", "TIMM10", "TMEM141", "PEX26", "TUBA1A", "RDH11", "POLR2G", "FN3K", "CBR1", "SNHG1", "CCDC59", "NEAT1", "MRPL46", "SNHG5", "TMEM234", "PPDPF", "SNORD47", "RBP1", "SNAI2", "FAM32A", "DHCR7", "DCTPP1", "EIF1B", "ARF5", "SIPA1"], "H2AFZ_B cell_hg19": ["ACY3", "MRPS16", "DENND1A", "MPV17L", "MRPL14", "ADRA1B", "AATF", "TMEM141", "CSRP2", "AFMID", "DBT", "GSTM4", "TMEM150A", "DGAT1", "MOCOS", "KLHL22", "TMPPE", "NAT6", "RNF123", "DNMBP", "SNAI2", "NAT9", "LPIN1", "DCTPP1", "CRLF2"], "H4K20me1_mammary epithelial cell_hg19": ["ONECUT1", "MRPL14", "NENF", "LGALS1", "NLRP6", "NAALAD2", "PHLDA1", "NUDT14", "IGFBP5", "IGFBP3", "TPST2", "SIGIRR", "HAL", "ACOX2", "SCO2", "PPDPF", "ETHE1", "SNORD47", "TFF3", "SNAI2", "ADCK4", "SFXN1", "DHCR7", "ADCK3", "CSNK1G2"], "H3K4me2_fibroblast of lung_hg19": ["TMEM87A", "ABCD2", "MRPS16", "TIMM10", "ADRA1B", "LAGE3", "PEX26", "FAM134B", "POLD4", "PMVK", "ADORA1", "MACROD1", "AOX1", "PGLS", "CHAC1", "FN3K", "GSTM4", "ARSA", "MOCOS", "KLHL22", "JOSD2", "ZDHHC14", "NAT6", "TMEM234", "PLIN5"], "H3K4me3_cardiac mesoderm_hg19": ["CRTC3", "GLDC", "MGST3", "ONECUT1", "MPV17L", "LENG8", "ADRA1B", "LAGE3", "PHF8", "FOXQ1", "TUBA1A", "MRPL40", "FAM213B", "NAGLU", "ALDH1B1", "CBS", "MACROD1", "POLR2G", "IER2", "GSTM4", "WDR83OS", "CAMK1D", "IGFBP3", "OSGIN1", "TRAFD1", "JOSD2", "THNSL2", "MRPL46", "ZDHHC14", "TMPPE", "PCDHGA10", "NAGK", "SCO2", "IVD", "GAS2", "MYADM", "PLBD1", "SNAI2", "FAM32A", "NAT9", "SNRPA", "MAP3K11", "PLIN5"], "H3K4me3_brain microvascular endothelial cell_hg19": ["GSTM2", "CAMK1D", "DGAT1", "IGFBP3", "ONECUT1", "LENG8", "ADRA1B", "THNSL2", "ZDHHC14", "IGF2R", "PCDHGA10", "COMTD1", "NAGLU", "GSTA4", "CBS", "IVD", "GAS2", "MACROD1", "NAALAD2", "PRKACA", "SNRPA", "RBMS2", "PI4K2A"], "H3K27ac_cortical plate_mm9": ["GGNBP1", "TMEM150A", "MRPS16", "ASCC1", "IGFBP3", "LENG8", "2310061I04RIK", "TMEM141", "IGF2R", "RNF135", "NAGK", "TUBA1A", "NAGLU", "GSTA4", "2610507B11RIK", "PLIN4", "THRSP", "PGLS", "DHCR7", "PDK2", "EMC9", "CRLF2", "ZFP275", "CBR3"], "H3K9me3_MCF-7_hg19": ["FN3K", "PCDHGA10", "ACY3"], "H3K4me3_SK-N-SH_hg19": ["GSTM4", "NQO1", "CAMK1D", "CRTC3", "SMAGP", "GLDC", "IGFBP3", "CCDC59", "TRAFD1", "LENG8", "ZDHHC14", "PHF8", "TMPPE", "CYP26A1", "NAGLU", "CBS", "IVD", "HIVEP1", "AOX1", "SNRPA", "RBMS2", "PDK2"], "H4K20me1_fibroblast of lung_hg19": ["MTCH1", "CITED2", "CSTF2T", "MRPL14", "UQCR10", "TUBA1A", "BTBD2", "ADORA1", "PCDH1", "PHLDA1", "NUDT14", "SNHG1", "NR2F1", "GCK", "TPST2", "CYP26A1", "NAGK", "PPDPF", "SNORD47", "TFF3", "SNAI2", "FAM32A", "SFXN1", "DHCR7", "CSNK1G2"], "H3K36me3_endothelial cell of umbilical vein_hg19": ["SLC48A1", "MRPS16", "CITED2", "HSPB1", "CSTF2T", "TIMM10", "TMEM141", "COX7A1", "BACH1", "PEX26", "POLD4", "DPP7", "TUBA1A", "NAGLU", "POLR2G", "NUDT14", "NQO1", "SNHG1", "WDR83OS", "MRPL46", "TPST2", "CYP26A1", "HAL", "TMEM234", "SNORD47", "ADCK4", "FAM32A", "SFXN1", "DHCR7", "DCTPP1", "ARF5", "GALK1"], "H3K27ac_K562_hg19": ["FN3K", "GSTM4", "ARSA", "WDR83OS", "ACSS2", "CRTC3", "PYCRL", "INCA1", "OSGIN1", "SLC39A11", "CSTF2T", "UQCR10", "ZDHHC14", "MSH6", "PNKD", "DPP7", "AFMID", "ADCK4", "PGLS", "DHCR7", "TK1", "NAT9", "DCTPP1"], "H3K4me2_mammary epithelial cell_hg19": ["FN3K", "GSTM4", "TMEM87A", "ACY3", "MRPS16", "IGFBP3", "KLHL22", "GDF5", "IL17RC", "MRPL46", "ZDHHC14", "PEX26", "HEBP1", "NAT6", "TMEM234", "WBSCR27", "ANPEP", "PMVK", "AOX1", "CHAC1", "PRKACA", "SLC25A23", "PLIN5"], "H3K4me3_endothelial cell of umbilical vein_hg19": ["TMEM87A", "ABCD2", "ONECUT1", "NUDT1", "TIMM10", "UQCR10", "ADRA1B", "LAGE3", "PEX26", "RNF135", "FAM134B", "DPP7", "WBSCR27", "CSRP2", "FAM213B", "NAGLU", "CBS", "PMVK", "HIVEP1", "AOX1", "TK1", "PRKACA", "PDK2", "FN3K", "GSTM4", "GSTM2", "CAMK1D", "TMEM150A", "SMAGP", "IGFBP3", "JOSD2", "ZDHHC14", "TMPPE", "NAT6", "PNKD", "NAGK", "PLBD1", "SNAI2", "ADCK4", "DHCR7", "PI4K2A"]}