{"SPI1-22790984-ERYTHROLEUKEMIA-MOUSE": ["VAC14", "NCF2", "PROS1", "HMGB2", "RNF219", "RFXANK", "KLHDC8B", "NPM3", "SLC5A3", "MRPS6", "PIK3CG", "ITPKB", "POLD3", "SLC22A15", "PSAT1", "PHF14", "C3AR1", "ARHGEF2", "GUSB", "SGK1", "CD68", "EVI2B", "N4BP2"], "CREB1-20920259-GC1-SPG-MOUSE": ["CPNE8", "SELPLG", "OSGEPL1", "PTPRN", "ITGB3", "SLC1A4", "NDRG1", "LMF1", "CDH4", "RELN", "SESN2", "CHAC1", "BBS5", "ZHX2", "UNC13A", "RFC4", "HOMER1", "CHKA", "UNC5B", "PAWR", "FBXO32", "MYO19", "GLTSCR2", "SLC8A3", "SLC6A6", "VGF", "DDIT3", "DDIT4", "CDH13", "ULK2", "TRMT61B"], "TAL1-20887958-HPC-7-MOUSE": ["PDGFRB", "CHKA", "SNORD45C", "BNC1", "ITGB3", "HMGB2", "CXCR4", "SMC6", "HIST2H2AC", "DDIT3", "DDIT4", "HIST1H1E", "INTS7", "RAB38", "TPP1", "ARHGEF2", "HIST1H4C", "RGL2"], "CREB1-23762244-HIPPOCAMPUS-RAT": ["ZHX2", "RFC4", "HOMER1", "CHKA", "PTPRN", "FBXO36", "GLTSCR2", "THAP11", "GNPDA1", "VGF", "PSAT1", "DDIT3", "DDIT4", "ULK2", "TRIB3", "TPP1", "TUBGCP3", "HES1", "ATXN7L1", "CHAC1"], "GABP-19822575-HepG2-human": ["GTF3C3", "C17ORF75", "DCLRE1C", "UNC13A", "RFC4", "C5ORF34", "SLC44A1", "STARD10", "MYO19", "GLTSCR2", "CDH4", "VGF", "ERCC4", "RPS6KA2", "PHF14", "PEMT", "INTS7", "APPL2", "PRKG1"], "SRY-25088423-EMBRYONIC GONADS-MOUSE": ["GALNT12", "VAC14", "CPNE8", "CRTC3", "ST6GALNAC2", "SLC44A1", "AGPAT9", "SLC35D2", "ENO2", "TAZ", "SLC5A3", "MED12", "PCBP3", "RPS6KA2", "PRKG1", "RUNX1T1", "PDGFRB", "ZHX2", "UNC13A", "GOLM1", "FZD8", "TMEM62", "PAWR", "KLHDC8B", "TACR1", "MYO19", "POU6F1", "VGF", "CMPK2", "SGK1"], "FOXP1-21924763-HESC-HUMAN": ["SHC4", "SLC44A1", "PTPRN", "HMGB2", "NRM", "ENO2", "NDRG1", "CYGB", "EPS8", "CALB2", "RGAG1", "EXOSC8", "SPP1", "C3AR1", "HES1", "CHAC1", "SLC12A6", "N4BP2", "APPL2", "REPS1", "SCARA3", "AUTS2", "UNC5B", "STARD10", "FZD8", "ASNS", "ACOT13", "MYO19", "HS3ST2", "THAP11", "SLC6A6", "IGDCC4", "PSAT1", "RRNAD1", "RUFY3", "BHLHE40", "DDIT4", "TUBGCP3", "ZNF358", "SGK1", "CD68", "TRMT61B"], "TET1-21490601-MESC-MOUSE": ["PXK", "CRTC3", "PLXND1", "ITGB3", "MAGI2", "NRM", "ANK2", "ABCC9", "CYGB", "STK33", "GNPDA1", "SLC6A9", "PCCA", "ITPKA", "BHLHE40", "ULK2", "TUBGCP3", "SLC12A6", "BBS5", "RGL2", "PDE9A", "RUNX1T1"], "MYC-18358816-MESC-mouse": ["SLC23A2", "VAC14", "NRM", "CXCR4", "CYGB", "EXOSC8", "SESN2", "HMOX1", "SMYD3", "SLC12A6", "PBX3", "FZD8", "ASNS", "PAWR", "PARP14", "NPM3", "GLTSCR2", "THAP11", "SLC6A9", "PSAT1", "DDIT3", "INTS7", "TRIB3", "TUBGCP3", "NUPR1", "CD68", "NSMAF"], "LMO2-20887958-HPC-7-MOUSE": ["PDGFRB", "SLC23A2", "GAS2L3", "AGPAT9", "BNC1", "ITGB3", "STARD10", "HSPBAP1", "TGFBR3", "PRTG", "FAM102B", "RPS6KA2", "C3AR1", "GRB10", "RAB38", "NUPR1"], "HOXA2-22223247-E11.5 EMBRYO-MOUSE": ["BAALC"], "KDM5B-21448134-MESC-MOUSE": ["ZCCHC8", "SLC23A2", "VAC14", "PXK", "DCLRE1C", "CRTC3", "ST6GALNAC2", "SLC44A1", "ITGB3", "LEF1", "SLC1A4", "SMC6", "CYGB", "POLD3", "EXOSC8", "SESN2", "GRB10", "HMOX1", "HES1", "ATXN7L1", "SMYD3", "ZHX2", "PHC1", "RFC4", "PRRX1", "MAGI2", "ASNS", "FBXO32", "HSPBAP1", "MYO19", "SLC6A6", "GNPDA1", "PSAT1", "CTH", "CPE", "CDH13", "TUBGCP3", "TRMT61B"], "MYC-19030024-MESC-mouse": ["ZCCHC8", "SLC23A2", "VAC14", "CPNE8", "DCLRE1C", "ST6GALNAC2", "LEF1", "HIST2H2AB", "CXCR4", "SLC1A4", "ITPR3", "HSD17B11", "SLC7A1", "SLC5A3", "HIST2H2AC", "POLD3", "EXOSC8", "SESN2", "GRB10", "PHGDH", "HES1", "SMYD3", "SLC12A6", "BBS5", "KLF11", "ZHX2", "PHC1", "ASNS", "HSPBAP1", "PARP14", "THAP11", "SLC6A6", "SLC6A9", "DDIT3", "INTS7", "CD68"], "EZH2-22144423-EOC-HUMAN": ["CDH4"], "KLF4-18555785-MESC-mouse": ["VAC14", "PARP6", "UNC13A", "RFC4", "FBXO36", "HMGB2", "ASNS", "PAWR", "ADCY3", "ITPR3", "HSD17B11", "NPM3", "NDRG1", "DNALI1", "NEIL3", "GNPDA1", "VGF", "CTH", "RPS6KA2", "ULK2", "ARHGEF2", "CD68", "RGL2"], "SIN3B-21632747-MESC-MOUSE": ["VAC14", "DCLRE1C", "SNORD45C", "PROS1", "LEF1", "FAM129A", "HMGB2", "NRM", "PEPD", "NDRG1", "CDH4", "RELN", "CASP6", "GRB10", "HMOX1", "HIST1H1E", "CPNE2", "BBS5", "UNC13A", "AUTS2", "STARD10", "FBXO36", "PBX3", "FZD8", "ASNS", "ADAM32", "ANK2", "RFXANK", "HSPBAP1", "PARP14", "SEPT3", "HS3ST2", "THAP11", "ITPKB", "SLC8A3", "VGF", "DDIT3", "ITPKA", "RRAGD", "BHLHE40", "DDIT4", "TPP1", "HIST1H4C", "RGL2", "PPIL6"], "E2F7-22180533-HELA-HUMAN": ["POLD3", "INTS7"], "RAD21-21589869-MESC-MOUSE": ["SELPLG", "CRTC3", "UNC5B", "SLC35D2", "SLC1A4", "ENO2", "SLC7A1", "DNALI1", "CYGB", "RNF144A", "SLC6A6", "RGAG1", "ERCC4", "BHLHE40", "ANKRD1", "CPE", "BAALC", "PHGDH", "SMYD3", "HIST1H4C", "TRMT61B"], "SETDB1-19884257-MESC-mouse": ["GTF3C3", "GAS2L3", "PXK", "PROS1", "LEF1", "FBXO17", "RNF219", "SLC1A4", "FBXO32", "CYGB", "EPS8", "CDH4", "GPRC5B", "PCBP3", "ERCC4", "EXOSC8", "CYP2R1", "GRB10", "CPE", "RAB38", "B4GALNT1", "CLEC2D", "PRKG1", "RUNX1T1"], "TP63-17297297-HaCaT-human": ["DDIT4", "HES1"]}