{"HNF1B (human)": ["SPP1", "METTL7B"], "SOX2 (human)": ["TMEM180", "TRIB3"], "NFE2L1 (human)": ["CRTC3"], "SMAD3 (human)": ["ANKRD1", "PDE9A"], "STAT1 (mouse)": ["ARHGAP32"], "NFE2L2 (human)": ["STARD10"], "IRF9 (human)": ["GTF3C3"], "NFYB (human)": ["DDIT3"], "RORA_1 (human)": ["RFX8", "TMEM62"], "Spz1 (mouse)": ["NCF2"], "SP4 (human)": ["CBS"], "FOXA2 (human)": ["CYP3A4", "CYP3A7"], "SND1 (mouse)": ["PGBD1"], "Zfx (mouse)": ["PLEKHO1"], "Myf (human)": ["PDE9A"], "Hand1::Tcfe2a (mouse)": ["PBX3", "CPNE2"], "NFATC2 (human)": ["ZCCHC8", "IGDCC4"], "TBX5 (human)": ["NPAS2", "POU6F1"], "FOXM1 (human)": ["MET", "PPIL6"], "NCOA1 (human)": ["VAC14"]}