{"H3K79me2 H9": ["STK33", "RGAG1", "VGF", "INTS7", "RFXANK", "SMC6"], "H2BK5ac H1": ["C9ORF91", "CPNE8", "C17ORF75", "DCLRE1C", "OSGEPL1", "SLC44A1", "HIST2H2AB", "HMGB2", "IRS2", "VLDLR", "SMC6", "HIST2H2AC", "EPS8", "FAM102B", "SLC22A15", "CASP6", "RPS6KA2", "HIST1H1E", "ZNF385D", "PDGFRB", "GAS2L3", "RFC4", "FBXO17", "PAWR", "ACOT13", "MRPS6", "GLTSCR2", "RNF144A", "PCCA", "RRNAD1", "RUFY3", "DDIT4", "NCOA7", "UHRF1BP1", "ARHGEF2", "ZNF358", "HIST1H2BD", "ZCCHC8", "SELPLG", "LEF1", "ADCY3", "RNF219", "AK5", "SLC7A1", "NDRG1", "SLC5A3", "POLD3", "LOC100129534", "EXOSC8", "SPP1", "METTL7B", "HES1", "SMYD3", "N4BP2", "C5ORF34", "PRRX1", "HOMER1", "STARD10", "FBXO36", "PBX3", "ASNS", "RFXANK", "HSPBAP1", "PARP14", "LY75-CD302", "THAP11", "POU6F1", "SLC6A6", "LACC1", "GNPDA1", "SLC6A9", "ERCC4", "PSAT1", "ZNF738", "CTH", "PHF14", "PEMT", "INTS7", "TUBGCP3", "HIST1H4C", "ULBP1", "TRMT61B"], "H3K36me3 Colonic Mucosa": ["EXOSC8", "SMYD3"], "H3K9me3 Adult Kidney": ["ZNF560"], "H3K9me3 Penis Foreskin Fibroblast Primary Cells": ["ZNF738"], "H3K9me3 Brain Substantia Nigra": ["IL36B"], "H3K9me3 Mobilized CD34 Primary Cells": ["EDNRA", "IL36B"], "H3K36me3 Brain Hippocampus Middle": ["RRNAD1"], "H3K36me3 CD4+ CD25int CD127+ Tmem Primary Cells": ["CLEC2D"], "H3K9me3 H1": ["SLC6A6", "LOC100129534", "GPRC5B", "EGR2", "ZNF560", "ERMP1", "IL36B", "INTS7", "KLHDC8B", "FOLR3", "ALG10", "DNALI1"], "H3K36me3 H9": ["ZHX2", "C17ORF75", "STARD10", "HIST2H2AB", "TMEM180", "CXCR4", "FZD8", "KLHDC8B", "LY75-CD302", "HIST2H2AC", "CALB2", "GPRC5B", "RGAG1", "DDIT4", "ITGAX", "PEMT", "RGL2", "ULBP1"], "H3K27ac H9": ["C9ORF91", "OSGEPL1", "SLC44A1", "HMGB2", "IRS2", "VLDLR", "SMC6", "HIST2H2AC", "EPS8", "FAM102B", "SLC22A15", "CASP6", "HIST1H1E", "ATXN7L1", "MUC15", "CHAC1", "KLF11", "RFC4", "PAWR", "ACOT13", "ALG10", "GLTSCR2", "VGF", "PCCA", "DDIT3", "HIST1H2BF", "NCOA7", "UHRF1BP1", "HIST1H2BD", "NSMAF", "ZCCHC8", "CXCR4", "RNF219", "CBS", "EXOSC8", "METTL7B", "HES1", "N4BP2", "C5ORF34", "HOMER1", "CHKA", "STARD10", "FBXO36", "ASNS", "RFXANK", "HSPBAP1", "NPM3", "POU6F1", "SLC6A6", "SLC6A9", "PSAT1", "ZNF738", "CTH", "PHF14", "INTS7", "TUBGCP3", "HIST1H4C", "RGL2", "TRMT61B"], "H3K9me3 Brain Inferior Temporal Lobe": ["IL36B"], "H3K36me3 Duodenum Smooth Muscle": ["RRNAD1"], "H2AK5ac H1": ["ZCCHC8", "C9ORF91", "CPNE8", "PLXND1", "PTPRN", "HMGB2", "HIST2H2AC", "CALB2", "CASP6", "EXOSC8", "HIST1H1E", "RFC4", "C5ORF34", "PRRX1", "STARD10", "ACOT13", "KLHDC8B", "HSPBAP1", "MYO19", "THAP11", "POU6F1", "ARHGAP32", "RFX8", "SLC6A9", "PSAT1", "RRNAD1", "CTH", "DDIT3", "CDH13", "PEMT", "PLEKHO1", "TUBGCP3", "ARHGEF2", "ZNF358"], "H3K36me3 Brain Anterior Caudate": ["CYP3A7"], "H2AK5ac IMR90": ["PLXND1", "CHRNA9", "SLC1A4", "ENO2", "TAZ", "HIST2H2AC", "LOC344887", "MED12", "ERMP1", "PCBP3", "EXOSC8", "ATXN7L1", "APPL2", "RFC4", "C5ORF34", "CHKA", "MAGI2", "TMEM62", "ACOT13", "RFXANK", "SLC6A9", "RRNAD1", "DDIT3", "ITPKA", "TRIB3", "NCOA7", "ZNF358", "FOLR3", "HIST1H4C"], "H3K79me2 IMR90": ["PARP6", "GTF3C3", "KCNE4", "FZD8", "TMEM62", "ADAM32", "RFXANK", "SMC6", "ENO2", "TAZ", "MED12", "NEIL3", "ERCC4", "PSAT1", "CDH13", "NUPR1", "ZNF358", "GUSB", "MET"], "H3K79me1 H1": ["C17ORF75", "CHRNA9", "HMGB2", "NRM", "SMC6", "TAZ", "SLC5A3", "STK33", "ERMP1", "HMOX1", "SMYD3", "MB21D1", "KLF11", "GAS2L3", "IFITM10", "PHC1", "RFC4", "CHKA", "FBXO36", "PBX3", "FZD8", "PAWR", "RFXANK", "NPM3", "MRPS6", "POU6F1", "GNPDA1", "VGF", "PCCA", "RILPL1", "PSAT1", "DDIT4", "TPP1", "TUBGCP3", "CD68", "RGL2", "HIST1H2BD", "PPIL6"], "H3K9me3 Th17 Primary Cells": ["EPS8"]}