{"ATGTCAC,MIR-489": ["BAALC"], "AGGCACT,MIR-515-3P": ["NPAS2"], "AGTCTAG,MIR-151": ["RGAG1"], "GGTAACC,MIR-409-5P": ["FAM46C"], "CCAGGTT,MIR-490": ["SLC6A6"], "AAGGGAT,MIR-188": ["CPNE8"], "TACAATC,MIR-508": ["CPNE2"], "GCAAGGA,MIR-502": ["LEF1"], "GTTATAT,MIR-410": ["ITPKB"], "GTGGTGA,MIR-197": ["ANK2"], "GGGATGC,MIR-324-5P": ["SEPT3"], "CTCTATG,MIR-368": ["RGS4"], "GGCCAGT,MIR-193A,MIR-193B": ["RUNX1T1"], "TTGGGAG,MIR-150": ["EGR2"], "AACTGAC,MIR-223": ["SLC23A2"], "CCTGAGT,MIR-510": ["ZHX2"], "AGCGCTT,MIR-518F,MIR-518E,MIR-518A": ["AUTS2"], "GGGGCCC,MIR-296": ["PARP6"], "ACAACCT,MIR-453": ["BNC1"], "TAGAACC,MIR-182": ["ZNF532"]}