{"MAFF_HepG2_hg19": ["VAC14", "GTF3C3", "RFC4", "PROS1", "ACOT13", "SLC1A4", "LOC344887", "POLD3", "LACC1", "GNPDA1", "PCCA", "EXOSC8", "C3AR1", "HMOX1", "PEMT", "TPP1", "UHRF1BP1", "CD68", "TRMT61B", "REPS1"], "SP1_A549_hg19": ["VAC14", "GAS2L3", "C17ORF75", "DCLRE1C", "GUSBP2", "NRM", "ACOT13", "HSD17B11", "NPM3", "GLTSCR2", "NEIL3", "ERMP1", "DDIT3", "HMOX1", "TPP1", "TUBGCP3", "METTL7B", "SLC12A6", "BBS5", "RGL2"], "POLR2A_endothelial cell of umbilical vein_hg19": ["GALNT12", "ST6GALNAC2", "ITGB3", "SLC35D2", "TMEM180", "CXCR4", "IRS2", "AK5", "HSD17B11", "NDRG1", "SLC5A3", "NPAS2", "HIST2H2AC", "MED12", "PGBD1", "ERMP1", "SESN2", "SMYD3", "CPNE2", "N4BP2", "REPS1", "GAS2L3", "ZNF362", "IFITM10", "OSBPL6", "C5ORF34", "CHKA", "FAM46C", "PARP14", "MRPS6", "WDR76", "GLTSCR2", "THAP11", "LACC1", "GPRC5B", "NEIL3", "PCCA", "CTH", "DDIT4", "CMPK2", "PLEKHO1", "TUBGCP3", "UHRF1BP1", "CD68", "HIST1H4C"], "JUND_T47D_hg19": ["HES1", "ARHGEF6"], "POLR2A_GM12891_hg19": ["GALNT12", "VAC14", "C17ORF75", "CXCR4", "RNF219", "SLC1A4", "HSD17B11", "PEPD", "POLD3", "MED12", "PGBD1", "EXOSC8", "SESN2", "HMOX1", "SMYD3", "CHAC1", "GUSB", "REPS1", "MB21D1", "ACOT13", "PARP14", "MRPS6", "WDR76", "GLTSCR2", "THAP11", "ITPKB", "PCCA", "PHF14", "INTS7", "NCOA7", "UHRF1BP1", "CXORF57"], "MAX_H1-hESC_hg19": ["ZCCHC8", "VAC14", "GTF3C3", "PXK", "FHL1", "TMEM180", "IRS2", "PEPD", "CALB2", "PGBD1", "HMOX1", "B4GALNT1", "SMYD3", "GUSB", "N4BP2", "RFC4", "FBXO36", "ACOT13", "ANK2", "TACR1", "FBXO32", "ALG10", "WDR76", "LY75-CD302", "VGF", "PCCA", "PHF14", "ULK2", "TPP1", "TUBGCP3", "CXORF57", "MET"], "POLR3A_K562_hg19": ["GSTM2", "CTH", "NCOA7"], "IRF1_K562_hg19": ["GALNT12", "ZCCHC8", "VAC14", "CPNE8", "PXK", "C17ORF75", "GYPC", "ITGB3", "LEF1", "NRM", "TMEM180", "RNF219", "SMC6", "PEPD", "POLD3", "MED12", "CBS", "SESN2", "C3AR1", "HIST1H1E", "METTL7B", "HES1", "ATXN7L1", "GUSB", "TAF9B", "REPS1", "C5ORF34", "FAM46C", "UNC5B", "TMEM62", "ACOT13", "HSPBAP1", "PARP14", "ALG10", "GLTSCR2", "RNF144A", "NEIL3", "SLC6A9", "PCCA", "DDIT4", "CMPK2", "TPP1", "TUBGCP3", "ARHGEF2", "HIST1H4C"], "IRF3_GM12878_hg19": ["GAS2L3", "C17ORF75", "DCLRE1C", "CHKA", "FAM129A", "HMGB2", "HIST2H2AC", "PCCA", "PSAT1", "ZNF738", "CTH", "DDIT3", "SESN2", "CYP2R1", "DDIT4", "HIST1H2BF", "HIST1H1E", "INTS7", "TPP1", "HES1", "CHAC1", "HIST1H4C"], "MYC_MCF-7_hg19": ["GALNT12", "C17ORF75", "ST6GALNAC2", "HMGB2", "IRS2", "TAZ", "EPS8", "CALB2", "CASP6", "HIST1H1E", "BBS5", "RFC4", "PAWR", "ANK2", "RNF144A", "VGF", "DDIT4", "ULK2", "PLEKHO1", "UHRF1BP1", "CXORF57", "NSMAF", "ZCCHC8", "VAC14", "GTF3C3", "PXK", "LEF1", "AK5", "NDRG1", "POLD3", "PRTG", "ERMP1", "B4GALNT1", "METTL7B", "HES1", "N4BP2", "REPS1", "CHKA", "FZD8", "ADAM32", "KLHDC8B", "FBXO32", "HSPBAP1", "NPM3", "GNPDA1", "ERCC4", "CTH", "PHF14", "PEMT", "TPP1", "TUBGCP3", "HIST1H4C", "TRMT61B", "PPIL6"], "EGR1_GM12878_hg19": ["CPNE8", "GTF3C3", "PXK", "C17ORF75", "ITGB3", "DNALI1", "HIST1H1E", "B4GALNT1", "APPL2", "RFC4", "HOMER1", "FAM46C", "SFMBT1", "PBX3", "RFXANK", "ALG10", "GLTSCR2", "LY75-CD302", "RNF144A", "PCCA", "RRNAD1", "PHF14", "ULK2", "PEMT", "CMPK2", "PLEKHO1", "RAB38", "ARHGEF2", "HIST1H4C", "RGL2", "TRMT61B", "HIST1H2BD"], "GTF2F1_HeLa-S3_hg19": ["C17ORF75", "UNC5B", "STARD10", "IRS2", "SLC1A4", "HSD17B11", "PEPD", "SLC5A3", "GLTSCR2", "HIST2H2AC", "VGF", "CASP6", "ZNF738", "TPP1", "TUBGCP3", "SMYD3", "TAF9B", "CD68", "HIST1H4C", "MB21D1"], "GABPA_MEL cell line_mm9": ["SLC6A9", "HOMER1"], "IRF3_HeLa-S3_hg19": ["C5ORF34", "GUSBP2", "PBX3", "HIST2H2AB", "HMGB2", "IRS2", "HIST2H2AC", "PSAT1", "ZNF738", "CTH", "CYP2R1", "PHF14", "HIST1H2BF", "HIST1H1E", "INTS7", "TPP1", "HES1", "CHAC1", "HIST1H4C", "HIST1H2BD"], "TCF12_MCF-7_hg19": ["EPS8", "HES1"], "SIN3A_H1-hESC_hg19": ["ZCCHC8", "VAC14", "HSD17B11", "NDRG1", "SLC5A3", "POLD3", "CALB2", "SPP1", "ANKRD1", "HMOX1", "HES1", "CHAC1", "GUSB", "BBS5", "N4BP2", "ZNF365", "ZNF362", "FBXO36", "ANK2", "NPM3", "GLTSCR2", "RNF144A", "VGF", "CTH", "DDIT3", "CD68", "HIST1H4C", "MET", "TRMT61B"], "NR2F2_HepG2_hg19": ["POLD3", "FAM129A", "HIST1H4C"], "NANOG_H1-hESC_hg19": ["HMGB2", "RNF219"], "BRCA1_HepG2_hg19": ["ZCCHC8", "VAC14", "C17ORF75", "FBXO36", "ACOT13", "RFXANK", "MYO19", "NDRG1", "POLD3", "NEIL3", "PCCA", "PSAT1", "RRNAD1", "DDIT4", "ANKRD1", "PEMT", "HES1", "SMYD3", "GUSB", "CD68", "N4BP2", "TRMT61B", "REPS1"], "MYC_K562_hg19": ["GALNT12", "C9ORF91", "C17ORF75", "DCLRE1C", "SNORD45C", "PEPD", "CALB2", "SESN2", "C3AR1", "HIST1H1E", "CHAC1", "GUSB", "KLF11", "RFC4", "UNC5B", "SFMBT1", "ACOT13", "ANK2", "WDR76", "GLTSCR2", "RNF144A", "GPRC5B", "VGF", "RRNAD1", "DDIT3", "ITPKA", "HIST1H2BF", "CMPK2", "PLEKHO1", "NCOA7", "ARHGEF2", "ALPK1", "ZCCHC8", "VAC14", "SELPLG", "GYPC", "SLC35D2", "RNF219", "ITPR3", "POLD3", "PGBD1", "ERMP1", "EXOSC8", "METTL7B", "HES1", "SMYD3", "TAF9B", "N4BP2", "REPS1", "C5ORF34", "FAM46C", "FZD8", "ASNS", "RFXANK", "KLHDC8B", "FBXO32", "HSPBAP1", "MYO19", "LY75-CD302", "SLC6A6", "GNPDA1", "SLC6A9", "PSAT1", "BHLHE40", "PHF14", "PEMT", "INTS7", "TUBGCP3", "CD68", "HIST1H4C", "ULBP1", "TRMT61B"]}