{"H3K27ac_A549_hg19": ["DCLRE1C", "TMEM180", "RNF219", "ITPR3", "CALB2", "FAM102B", "SLC22A15", "CPNE2", "TAF9B", "PHC1", "HOMER1", "PBX3", "TMEM62", "KLHDC8B", "FBXO32", "SLC8A3", "LACC1", "GPRC5B", "GNPDA1", "DDIT3", "PHF14", "HIST1H2BF", "PEMT", "CMPK2", "ZNF358", "CXORF57", "ALPK1", "SGK1", "CD68", "HIST1H4C", "TRMT61B"], "H3K9ac_NT2-D1_hg19": ["OSBPL6", "AGPAT9", "FBXO17", "CXCR4", "PAWR", "SMC6", "TAZ", "PARP14", "GLTSCR2", "LY75-CD302", "HS3ST2", "LMF1", "CALB2", "LACC1", "SLC22A15", "RPS6KA2", "CMPK2", "MET", "PPIL6", "ZNF365"], "H3K27ac_liver_mm9": ["VAC14", "SELPLG", "DCLRE1C", "OSGEPL1", "AGPAT9", "HIST2H2AB", "NRM", "RNF219", "SMC6", "LMF1", "EXOSC8", "HMOX1", "GUSB", "REPS1", "GSTM2", "MAGI2", "TMEM62", "ASNS", "PAWR", "PARP14", "MYO19", "WDR76", "GLTSCR2", "ERCC4", "DDIT4", "PHF14", "ULK2", "CMPK2", "TPP1", "ALPK1", "CLEC2D", "RGL2"], "H3K9me1_keratinocyte_hg19": ["C9ORF91", "ZNF362", "FBXO17", "TMEM180", "ADCY3", "PARP14", "NPM3", "LACC1", "EDNRA", "GNPDA1", "GPNMB", "IGDCC4", "RILPL1", "RUFY3", "SESN2", "PEMT", "ATXN7L1", "CHAC1", "NUPR1", "ZNF358", "CD68"], "H3K27ac_bone marrow_mm9": ["IFITM10", "PHC1", "CRTC3", "OSGEPL1", "HIST2H2AB", "ASNS", "RNF219", "SMC6", "PGBD1", "FAM102B", "EXOSC8", "CYP2R1", "DDIT4", "ITGAX", "HIST1H2BF", "PPARG", "ALPK1", "GUSB", "CLEC2D", "MET"], "H3K4me3_NT2-D1_hg19": ["SHC4", "ZHX2", "FBXO17", "CXCR4", "TMEM62", "TM6SF1", "FBXO32", "GLTSCR2", "LY75-CD302", "SEPT3", "HIST2H2AC", "SLC22A15", "PCCA", "RRNAD1", "PEMT", "CMPK2", "RAB38", "CHAC1", "MET", "PPIL6"], "H3K27ac_MCF-7_hg19": ["IFITM10", "RFC4", "OSGEPL1", "PROS1", "FBXO36", "HIST2H2AB", "RFXANK", "ITPR3", "GLTSCR2", "THAP11", "ITPKB", "MED12", "LACC1", "EXOSC8", "PHF14", "HIST1H1E", "TUBGCP3", "NCOA7", "ARHGEF2", "BBS5"], "H3K4me3_CH12.LX_mm9": ["SHC4", "DCLRE1C", "OSGEPL1", "SLC44A1", "AGPAT9", "PROS1", "FHL1", "SLC35D2", "TMEM180", "ITPR3", "HSD17B11", "NDRG1", "FGD1", "LMF1", "PGBD1", "SV2A", "CBS", "RPS6KA2", "EXOSC8", "BBS5", "APPL2", "PARP6", "EGR2", "OSBPL6", "PHC1", "RFC4", "HOMER1", "CHKA", "STARD10", "PBX3", "FBXO32", "MYO19", "TGFBR3", "RNF144A", "RGCC", "GID4", "PCCA", "ITPKA", "INTS7", "NCOA7", "LCP1", "MET"], "H3K27ac_thymus_mm9": ["ZCCHC8", "PHC1", "CRTC3", "PLXND1", "ITGB3", "HMGB2", "TMEM62", "ACOT13", "ITPR3", "HSD17B11", "TAZ", "GLTSCR2", "MED12", "PGBD1", "ERMP1", "EXOSC8", "CYP2R1", "HIST1H2BF", "SLC12A6", "RGL2"], "H3K9ac_mammary epithelial cell_hg19": ["PXK", "SCARA3", "IFITM10", "MAGI2", "KLHDC8B", "SLC1A4", "HSD17B11", "PARP14", "NPAS2", "HIST2H2AC", "ARHGAP32", "FAM102B", "GNPDA1", "CTH", "PEMT", "CMPK2", "NCOA7", "ATXN7L1", "ATP6V0D2", "ULBP1", "MB21D1"], "H4K20me1_H1-hESC_hg19": ["PRRX1", "AGPAT9", "CHKA", "BNC1", "LEF1", "FZD8", "VLDLR", "TACR1", "FBXO32", "HIST2H2AC", "HS3ST2", "LMF1", "POLD3", "RELN", "DDIT3", "PPARG", "HES1", "CHAC1", "BBS5", "ULBP1", "HIST1H2BD"], "H3K27ac_cerebellum_mm9": ["GTF3C3", "PHC1", "OSGEPL1", "MAGI2", "TMEM62", "ASNS", "VLDLR", "HSPBAP1", "GLTSCR2", "CALB2", "RNF144A", "EXOSC8", "DDIT4", "PHF14", "ULK2", "UHRF1BP1", "SMYD3", "SGK1", "NSMAF", "REPS1"], "H2AFZ_T-cell acute lymphoblastic leukemia_hg19": ["C9ORF91", "RFC4", "OSGEPL1", "CHKA", "ITGB3", "NRM", "ENO2", "PEPD", "NPM3", "FAM172BP", "ERMP1", "PCCA", "SV2A", "SESN2", "DDIT4", "PEMT", "INTS7", "TUBGCP3", "NCOA7", "ATXN7L1", "REPS1"], "H3K4me2_keratinocyte_hg19": ["SHC4", "PDGFRB", "ZHX2", "KCNE4", "CXCR4", "ADAM32", "IRS2", "TM6SF1", "TAZ", "HIST2H2AC", "GNPDA1", "DDIT4", "SPP1", "C3AR1", "ANKRD1", "CPE", "CHAC1", "CPNE2", "EVI2B", "HIST1H4C", "N4BP2"], "H3K4me3_T-cell acute lymphoblastic leukemia_hg19": ["ZHX2", "GUSBP2", "STARD10", "TMEM180", "ADCY3", "RFXANK", "KLHDC8B", "ITPR3", "FBXO32", "WDR76", "SEPT3", "GNPDA1", "CTH", "RPS6KA2", "ITPKA", "SPP1", "C3AR1", "PEMT", "CHAC1", "HIST1H4C", "ULBP1"], "H3K4me2_B cell_hg19": ["PDGFRB", "KLF11", "SCARA3", "UNC13A", "ADAM32", "RNF219", "FBXO32", "LMF1", "CALB2", "LACC1", "NEIL3", "SLC22A15", "CTH", "SPP1", "ITGAX", "PEMT", "CMPK2", "HES1", "BBS5", "N4BP2", "PPIL6"], "H4K20me1_osteoblast_hg19": ["GALNT12", "LINC00341", "CHKA", "LEF1", "CHRNA9", "RFXANK", "ENO2", "TAZ", "NPM3", "PRTG", "MED12", "FAM102B", "EDNRA", "GNPDA1", "ERMP1", "HIST1H2BF", "HMOX1", "HIST1H1E", "HIST1H2BD", "PPIL6"], "H3K27ac_K562_hg19": ["C17ORF75", "DCLRE1C", "CRTC3", "GUSBP2", "AGPAT9", "HOMER1", "FBXO17", "TMEM62", "ADCY3", "ITPR3", "NPM3", "LOC344887", "TGFBR3", "FAM102B", "RELN", "ERCC4", "PHF14", "METTL7B", "TAF9B", "EVI2B", "TRMT61B"], "H3K9ac_myotube_hg19": ["GAS2L3", "SNORD45C", "RNF219", "HSD17B11", "TAZ", "PARP14", "NPM3", "LMF1", "PRTG", "LACC1", "FAM102B", "GNPDA1", "CTH", "DDIT3", "CPE", "PEMT", "NCOA7", "CXORF57", "HIST1H4C", "N4BP2"], "H2AFZ_osteoblast_hg19": ["GSTM2", "NRM", "ADAM32", "IRS2", "TM6SF1", "NDRG1", "EPS8", "PRTG", "SLC6A6", "FAM102B", "PSAT1", "RUFY3", "SPP1", "PHF14", "NCOA7", "GUSB", "TAF9B", "HIST1H4C", "MET", "SGCG", "TRMT61B"]}