{"HNF1B (human)": ["GPX1"], "Esrrb (mouse)": ["SNRPB"], "NFE2L1 (human)": ["TUBB", "MAZ"], "SMAD3 (human)": ["MKI67"], "NFE2L2 (human)": ["RPLP0", "NME1"], "NFYB (human)": ["ATP1A3", "ACTB"], "RORA_1 (human)": ["POM121C"], "CEBPE (human)": ["TUBB"], "RUNX1 (mouse)": ["HSP90AA1"], "SOX9 (human)": ["MATR3"], "SOX2 (human)": ["SNRPB"], "NFATC3 (human)": ["ARHGDIA"], "IRF7 (human)": ["RPS27A"], "SP4 (human)": ["ATP1A3", "HYOU1"], "GABPA (human)": ["MTHFD2"], "Myf (human)": ["SLC29A1"], "ESR2 (human)": ["EIF5A"], "NFATC2 (human)": ["RPS23"], "MIR210 (human)": ["NOMO2"], "RORA_2 (human)": ["POM121C"]}