{"HOXC9-25013753-NEUROBLASTOMA BE2-C-HUMAN": ["TTC14", "LYN", "TMOD1", "CD97", "MEG3", "RAB3A", "LRRN3", "GCH1", "TMEM167A", "QPRT", "ZNF804A", "PIK3R3", "MGC72080", "RGS5", "FGD4", "VCAN", "ID1", "RPL22L1", "VAMP4", "FAM8A1", "RPS24"], "CREB1-20920259-GC1-SPG-MOUSE": ["ACVRL1", "EHF", "SLC41A2", "WDR63", "UFSP2", "DENND3", "CXCL5", "C3", "SOCS3", "ZC3H7A", "NFKBIZ", "GPR155", "PAMR1", "TTC14", "JUP", "PHF10", "BDNF", "TAF13", "SLC11A2", "NBEAL1", "L1CAM", "SOD2", "PRLR", "CIT", "EREG", "PPP1R3C", "LYRM5", "SELM", "ID1", "FKBP7", "KDELR3", "PRR11"], "MYC-19030024-MESC-mouse": ["SEC23A", "GDPD3", "TNFAIP1", "NID2", "ICAM1", "PDLIM1", "SOCS3", "ZC3H7A", "ORMDL2", "GCNT2", "SLC30A7", "TAF13", "WNT5A", "SLC39A10", "SOD2", "F3", "ASS1", "HIST2H2BE", "PDIA5", "GSTA4", "P4HA1", "LYRM5", "ID3", "F2RL1", "RPL22L1", "ANGPTL4", "VAMP4", "PRR11", "BIRC2", "RPS24", "BIRC3", "RPS23"], "E2F4-21247883-LYMPHOBLASTOID-HUMAN": ["SLC46A3", "OTUB2", "PIK3R3", "ADM", "PTGS2", "UACA", "TXNDC17", "SEC61A2", "CYB5R2", "PDLIM1", "ZC3H12C", "CHST11", "ORMDL2", "ZC3H12A", "MAP3K8", "GCH1", "SLC11A2", "DHRS1", "HIST2H2BE", "CIT", "DNAJC3", "SYT11", "LPCAT3", "SNORD25", "CACHD1", "ID3", "HYLS1", "VAMP4", "FJX1", "BIRC2", "BIRC3"], "FLI1-21571218-MEGAKARYOCYTES-HUMAN": ["NRSN2", "FLT1", "TMEM167A", "TNFAIP3", "CXCL2", "ICAM1", "TXNDC17", "ZC3H12C", "EPM2AIP1", "LIPH", "ARHGDIB", "PRKG2", "MAP3K8", "CD36", "SLC30A7", "SERPINB1", "COG6", "VPS13A", "AMPD3", "C15ORF54", "SERPINB7", "MGC72080", "PDIA5", "RCN3", "IL1A", "TMX4", "IL1B", "COL6A1", "FAM8A1", "BIRC2", "SLC26A2", "C1S", "CCDC68", "WDR63", "LPAR1", "FITM2", "DENND3", "PTGS2", "PLCXD1", "RASGRP3", "C3", "SOCS3", "ERLEC1", "CHST11", "IRAK2", "IGFBP7", "NDUFV2", "TTC14", "LYN", "TM4SF18", "STARD13", "JUP", "GCH1", "ANGPT1", "TAF13", "NBEAL1", "PLXDC2", "SOD2", "ASS1", "SULT1B1", "NR4A3", "LYRM5", "FAT1", "ID3", "F2RL1", "RPL22L1", "SERPINI1", "FAM98A", "RPS23"], "STAT3-22323479-MACROPHAGE-MOUSE": ["SOCS3"], "FOXP1-21924763-HESC-HUMAN": ["CHRNA1", "CNTNAP1", "SEMA3C", "RDH8", "FITM2", "ADM", "GDPD3", "TNFAIP1", "PLCXD1", "CXCL2", "CNN2", "SOCS3", "NT5DC1", "CHST11", "NDUFV2", "KCNJ2", "SLC30A7", "JUP", "APLP1", "SLC11A2", "VPS13A", "COPZ2", "LEPREL1", "PPAPDC2", "F3", "COL1A1", "VCAN", "TNIP1", "GGCX", "SELM", "LPCAT3", "ID1", "ID3", "CD248", "VAMP4", "FAM8A1", "BIRC2", "DNAL1"], "TP53-23651856-MEF-MOUSE": ["MEG3", "SEC23A", "SEMA3C", "FAM114A1", "RDH8", "CCDC68", "SLC41A2", "LRRC17", "PIK3R3", "PLOD2", "PLD1", "THBS1", "ICAM1", "RASGRP3", "PDLIM1", "SOCS3", "CHST11", "ZC3H12A", "ARHGDIB", "GCNT2", "BDKRB1", "GPR155", "CSGALNACT1", "STARD13", "JUP", "BDNF", "SERPINF1", "FST", "WNT5A", "LEPREL1", "PLXDC2", "COL1A1", "CXCL10", "GGCX", "P4HA1", "SELM", "CACHD1", "FAT1", "COL8A1", "CD248", "VAMP4", "BIRC3"], "KDM5B-21448134-MESC-MOUSE": ["CHRNA1", "MEG3", "FLT1", "RAB3A", "CSF2", "POP1", "FITM2", "ADM", "TNFAIP1", "PLD1", "NID2", "SEC61A2", "SGCE", "ERLEC1", "FGD4", "PEG10", "ORMDL2", "PGM3", "NDUFV2", "TTC14", "SLC30A7", "CD97", "PHF10", "WNT5A", "NBEAL1", "SLC39A10", "SOD2", "PDGFRL", "PDIA5", "TSPAN13", "TNIP1", "GSTA4", "PPP1R3C", "LPCAT3", "QPCT", "CACHD1", "FAT1", "HYLS1", "SERPINI1", "PRR11", "LGR4"], "MITF-21258399-MELANOMA-HUMAN": ["NRSN2", "RAB3A", "TRAF3IP2", "QPRT", "TNFAIP3", "ADM", "FGF1", "SLC4A4", "ICAM1", "SEC61A2", "ZC3H12C", "ZC3H7A", "NFKBIZ", "PAMR1", "TMOD1", "CSGALNACT1", "CXADR", "SERPINF1", "SEMA6D", "SLC11A2", "C15ORF54", "HIST2H2BE", "PDGFRL", "PDIA5", "CIT", "RCN3", "RNF144B", "ACTBL2", "PRKD3", "FJX1", "CHRNA1", "SLC26A2", "SEMA3C", "SLC41A2", "LPAR1", "PIK3R3", "FITM2", "PLD1", "LMF2", "RASGRP3", "CYB5R2", "SOCS3", "NT5DC1", "FGD4", "CHST11", "LRIG1", "GCNT2", "IGFBP7", "NDUFV2", "SNCA", "STARD13", "BICC1", "NR4A3", "CDK6", "QPCT", "ID1", "CACHD1", "FAT1", "ID3", "TGFBI", "LGR4", "CD22", "RPS24", "DNAL1"], "HOXA2-22223247-E11.5 EMBRYO-MOUSE": ["PDGFRA"], "TRIM28-19339689-MESC-mouse": ["OTUB2", "SLC26A2", "TNFAIP3", "SOCS3", "EPM2AIP1", "CHST11", "ZC3H7A", "ZC3H12A", "LRIG1", "IGFBP7", "NDUFV2", "TTC14", "CD97", "JUP", "GCH1", "WNT5A", "SLC11A2", "SLC39A10", "LEPREL1", "DHRS1", "PRLR", "ASS1", "NAP1L5", "PDIA5", "BMP2", "IL6", "CDK6", "PPP1R3C", "CACHD1", "PDE5A", "ANGPTL4", "FJX1", "RPS24", "CBLN2"], "SIN3B-21632747-MESC-MOUSE": ["ACVRL1", "RAB3A", "RDH8", "QPRT", "ADM", "FGF1", "ICAM1", "TXNDC17", "KYNU", "ZC3H12A", "CHCHD7", "NEFM", "TCP11", "CD97", "EDN1", "APLP1", "SLC11A2", "AMPD3", "RNF144B", "TMEFF2", "COL8A1", "KDELR3", "VAMP4", "FITM2", "DENND3", "THY1", "CYB5R2", "SOCS3", "LRIG1", "GCNT2", "CCL2", "IGFBP7", "NDUFV2", "KCNJ2", "BDNF", "KCNJ15", "PLXDC2", "L1CAM", "SOD2", "NR4A3", "GSTA4", "P4HA1", "LYRM5", "ID1", "CACHD1", "FAT1", "RPL22L1", "SERPINI1", "FAM98A", "RPS24"], "BCL11B-21912641-STHDH STRIATAL CELLS-MOUSE": ["TMX4", "ID3"], "GATA1-22025678-K562-HUMAN": ["RPL22L1", "CD36"], "RUNX1-21571218-MEGAKARYOCYTES-HUMAN": ["FLT1", "CSF2", "TMEM167A", "TNFAIP3", "ADM", "UFSP2", "SLC2A6", "ICAM1", "TXNDC17", "ZC3H12C", "PGM3", "MAP3K8", "OR8D1", "TCP11", "CSGALNACT1", "CD97", "ANXA3", "MMP8", "MMP10", "PDIA5", "RCN3", "TMX4", "COL6A1", "AGTR1", "FAM8A1", "BIRC2", "CHRNA1", "SEMA3D", "LPAR1", "PIK3R3", "GDPD3", "DENND3", "THBS1", "CST4", "C3", "PDLIM1", "SOCS3", "NT5DC1", "FGD4", "CHST11", "OLFML3", "GCNT2", "CCL2", "IGFBP7", "NDUFV2", "TTC14", "LYN", "ANGPT1", "KCNJ15", "EMR2", "SOD2", "ASS1", "NR4A3", "TNIP1", "LYRM5", "SYT11", "TNIP3", "ID3", "HYLS1", "RPL22L1", "LGR4", "SLC28A3", "RPS23"], "CREM-20920259-GC1-SPG-MOUSE": ["UFSP2", "TXNDC17", "SEC61A2", "ZC3H7A", "PGM3", "TCP11", "CXADR", "COG6", "SLC11A2", "VPS13A", "SLC39A10", "COPZ2", "PPAPDC2", "CIT", "DNAJC3", "TMX4", "FKBP7", "KDELR3", "VAMP4", "BIRC2", "CHRNA1", "OTUB2", "SEC23A", "SLC26A2", "SLC41A2", "PIK3R3", "DENND3", "PLCXD1", "PDLIM1", "SOCS3", "NT5DC1", "ORMDL2", "LRIG1", "NDUFV2", "TTC14", "LYN", "JUP", "TAF13", "NBEAL1", "SOD2", "BICC1", "P4HA1", "SYT11", "LPCAT3", "ID1", "FAT1", "HYLS1", "F2RL1", "RPL22L1", "RPS24"], "FOXP1-22492998-STRATIUM-MOUSE": ["TMX4", "IGFBP7"], "STAT6-21828071-BEAS2B-HUMAN": ["CCL2"], "TP63-17297297-HaCaT-human": ["SERPINF1"]}