{"NR2C2 (human)": ["NT5DC1", "MAP3K8"], "SP4 (human)": ["CCDC68"], "CBX5 (human)": ["PCDH9", "NAALADL2"], "PBX1 (human)": ["LYN"], "STAT1 (mouse)": ["CXCL10", "CCL2"], "ESR2 (mouse)": ["BMP2"], "IRF9 (human)": ["SLC11A2"], "MYCN (human)": ["DENND3"], "NFIL3 (human)": ["PHF10"], "FOXA2 (human)": ["TMOD1"], "Zfx (mouse)": ["THY1"], "VDR (human)": ["NR4A3", "BDNF"], "IRF7 (human)": ["QPRT", "L1CAM"], "SMAD3 (human)": ["PHF10", "AMPD3"], "MAFB (human)": ["XKRX"], "NR4A2 (human)": ["SULT1B1", "CSF2"], "ESR2 (human)": ["WNT16"], "MIR210 (human)": ["ZC3H12A"], "NFYB (human)": ["COL1A1", "ID1"], "HNF1B (mouse)": ["COLEC10"]}