{"H3K4me3 Treg Primary Cells": ["SLC46A3", "GABRB1", "RAB3A", "POP1", "QPRT", "LGALSL", "TNFAIP1", "CXCL3", "SLC2A6", "SLC4A4", "SGSH", "TXNDC17", "SGCE", "RGS5", "PEG10", "PGM3", "IKBKE", "SLC30A7", "TMOD1", "CSGALNACT1", "IKBIP", "EDN1", "CXADR", "LDOC1", "AMPD3", "MGC72080", "HIST2H2BE", "PDGFRL", "CIT", "RCN3", "DNAJC3", "COL6A1", "MIR2110", "PDE5A", "ANGPTL4", "VAMP4", "BIRC2", "TMEM45A", "SLC22A4", "OTUB2", "SLC26A2", "LXN", "WDR63", "PIK3R3", "FITM2", "DENND3", "PLD1", "PLCXD1", "PAPSS2", "XKRX", "IRAK2", "ORMDL2", "IGFBP7", "SLC25A20", "BTN2A3P", "SNCA", "TBC1D8B", "STARD13", "PCDH9", "ANGPT1", "TAF13", "NAP1L3", "SOD2", "NAP1L5", "CXCL10", "TSPAN13", "GGCX", "GSTA4", "SYT11", "SELM", "LPCAT3", "TNIP3", "QPCT", "SNORD25", "F2RL1", "FAM98A", "ASB2", "LGR4", "DNAL1", "RPS23", "LINC00467"], "H3K36me3 Colon Smooth Muscle": ["SNORA56"], "H3K9me3 Skeletal Muscle": ["KRTAP4-6"], "H3K36me3 Rectal Smooth Muscle": ["GDPD3", "SNORA56"], "H3K36me3 Fetal Brain": ["SNORA56"], "H3K4me3 CD4+ CD25- CD45RO+ Memory Primary Cells": ["SLC46A3", "GABRB1", "CNTNAP1", "RAB3A", "POP1", "TMEM167A", "UFSP2", "TNFAIP1", "SLC4A4", "ICAM1", "TXNDC17", "SEC61A2", "SGCE", "RGS5", "PEG10", "NFKBIZ", "PGM3", "IKBIP", "EDN1", "CXADR", "COG6", "SLC11A2", "BPGM", "MGC72080", "HIST2H2BE", "PDGFRL", "PDIA5", "CIT", "DNAJC3", "RNF144B", "TMEFF2", "TMX4", "COL6A1", "MIR2110", "PDE5A", "VAMP4", "BIRC2", "TMEM45A", "SLC22A4", "OTUB2", "SEC23A", "SLC26A2", "LXN", "CFH", "RETSAT", "WDR63", "PIK3R3", "FITM2", "DENND3", "PLCXD1", "UACA", "LMF2", "ERLEC1", "IRAK2", "ORMDL2", "IGFBP7", "SLC25A20", "BTN2A3P", "TTC14", "ABCA1", "TBC1D8B", "BTN2A2", "PCDH9", "ANGPT1", "TAF13", "NAP1L3", "NBEAL1", "SOD2", "NAP1L5", "NR4A3", "GGCX", "GSTA4", "P4HA1", "SYT11", "SELM", "TNIP3", "ID1", "F2RL1", "RPL22L1", "SERPINI1", "FAM98A", "ASB2", "KIAA0825", "LGR4", "DNAL1", "RPS23", "LINC00467"], "H3K36me3 Neurosphere Cultured Cells Ganglionic Eminence Derived": ["COL6A1"], "H3K36me3 CD4 Memory Primary Cells": ["IL32"], "H3K27ac Mobilized CD34 Primary Cells": ["SLC46A3", "RAB3A", "TRAF3IP2", "POP1", "TMEM167A", "ICAM1", "TXNDC17", "ZC3H12C", "RGS5", "ANPEP", "CHCHD7", "ARHGDIB", "SLC30A7", "COG6", "SLC11A2", "MGC72080", "TMX4", "FKBP7", "SERPING1", "KDELR3", "PRR11", "FAM8A1", "SLC22A4", "SLC26A2", "CFH", "RETSAT", "WDR63", "PIK3R3", "PLD1", "PLCXD1", "SOCS3", "IGFBP7", "BTN2A3P", "SLC10A5", "BTN2A2", "PHF10", "NBEAL1", "SULT1B1", "NR4A3", "VNN1", "GGCX", "P4HA1", "SELM", "ID1", "SNORD25", "ID3", "SERPINI1", "KIAA0825", "CD22", "DNAL1", "RPS23", "NRSN2", "SERPINA1", "QPRT", "TNFAIP3", "ADM", "UFSP2", "TNFAIP1", "CXCL3", "CXCL2", "SGSH", "SEC61A2", "EPM2AIP1", "ZC3H7A", "NFKBIZ", "PGM3", "MAN1A1", "IKBIP", "VPS13A", "AMPD3", "BPGM", "HIST2H2BE", "CIT", "RCN3", "DNAJC3", "MIR2110", "VAMP4", "ACPP", "BIRC2", "BIRC3", "TMEM45A", "SEC23A", "DENND3", "PTGS2", "LMF2", "NT5DC1", "ERLEC1", "ORMDL2", "STAT4", "GCNT2", "SLC25A20", "GPR155", "SNCA", "IL32", "TTC14", "GCH1", "TAF13", "NAP1L3", "ZNF804A", "DHRS1", "PLXDC2", "SOD2", "NAP1L5", "TSPAN13", "GSTA4", "LYRM5", "LPCAT3", "F2RL1", "CD248", "FAM98A"], "H3K9me3 Brain Mid Frontal Lobe": ["KRTAP4-6"], "H3K9me3 Chondrocytes from Bone Marrow Derived Mesenchymal Stem Cell Cultured Cells": ["SERPINA9"], "H3K27ac CD4 Memory Primary Cells": ["SLC46A3", "RAB3A", "CSF2", "TRAF3IP2", "POP1", "TMEM167A", "ICAM1", "TXNDC17", "RGS5", "CHCHD7", "SLC30A7", "CXADR", "COG6", "SERPINF1", "SLC11A2", "LDOC1", "PPAPDC2", "MGC72080", "PDIA5", "EREG", "TMX4", "FKBP7", "KDELR3", "PRR11", "FAM8A1", "SLC22A4", "SLC26A2", "LXN", "CFH", "RETSAT", "WDR63", "PIK3R3", "PLD1", "PLCXD1", "DPP4", "IRAK2", "BTN2A3P", "LYN", "BTN2A2", "PHF10", "NBEAL1", "SULT1B1", "NR4A3", "GGCX", "P4HA1", "SELM", "SNORD25", "SERPINI1", "KIAA0825", "DNAL1", "RPS23", "QPRT", "ADM", "UFSP2", "TNFAIP1", "CXCL3", "CXCL2", "SGSH", "NFKBIZ", "PGM3", "NEFM", "IKBIP", "VPS13A", "AMPD3", "BPGM", "HIST2H2BE", "CIT", "RCN3", "DNAJC3", "RNF144B", "MIR2110", "PDE5A", "VAMP4", "BIRC2", "TMEM45A", "SEC23A", "FITM2", "DENND3", "LMF2", "NT5DC1", "ERLEC1", "ORMDL2", "STAT4", "SLC25A20", "TTC14", "PCDH9", "GCH1", "TAF13", "NAP1L3", "SOD2", "NAP1L5", "TSPAN13", "GSTA4", "LYRM5", "LPCAT3", "TNIP3", "F2RL1", "RPL22L1", "FAM98A", "ASB2", "LGR4", "LINC00467"], "H3K27ac CD4 Naive Primary Cells": ["SLC46A3", "ACADVL", "FLT1", "RAB3A", "TRAF3IP2", "POP1", "TMEM167A", "TNFAIP3", "UFSP2", "TNFAIP1", "SLC2A6", "SLC4A4", "CTSS", "SGSH", "ICAM1", "TXNDC17", "SEC61A2", "RGS5", "EPM2AIP1", "CHCHD7", "NFKBIZ", "PGM3", "MAP3K8", "MAN1A1", "SLC30A7", "IKBIP", "SERPINB1", "CXADR", "COG6", "SLC11A2", "VPS13A", "AMPD3", "BPGM", "MGC72080", "HIST2H2BE", "CIT", "DNAJC3", "RNF144B", "TMX4", "MIR2110", "FKBP7", "VAMP4", "PRR11", "FAM8A1", "BIRC2", "SLC22A4", "SEC23A", "SLC26A2", "LXN", "RETSAT", "WDR63", "FITM2", "DENND3", "PLCXD1", "LMF2", "DPP4", "XKRX", "NT5DC1", "ERLEC1", "IRAK2", "ORMDL2", "LRIG1", "CCL3", "SLC25A20", "BTN2A3P", "TTC14", "ABCA1", "BTN2A2", "GCH1", "TAF13", "NAP1L3", "NBEAL1", "DHRS1", "SOD2", "NAP1L5", "SULT1B1", "NR4A3", "GGCX", "GSTA4", "P4HA1", "LYRM5", "SELM", "LPCAT3", "TNIP3", "ID1", "SNORD25", "RPL22L1", "CD248", "SERPINI1", "FAM98A", "ASB2", "KIAA0825", "DNAL1", "LINC00467"], "H3K4me3 Adult Liver": ["SLC46A3", "RAB3A", "LGALSL", "SLC4A4", "TXNDC17", "ZC3H12C", "RGS5", "ANPEP", "CHCHD7", "SVEP1", "PAMR1", "SLC30A7", "PDGFRA", "CXADR", "COG6", "ENTPD3", "SEMA6D", "LDOC1", "MGC72080", "PRLR", "EREG", "TMX4", "FKBP7", "SERPING1", "COL8A1", "KDELR3", "PRR11", "SLC22A4", "SLC26A2", "LXN", "RETSAT", "CES1P1", "WDR63", "LPAR1", "PIK3R3", "PLD1", "PLCXD1", "NID2", "DPP4", "CYB5R2", "XKRX", "C3", "CHST11", "IRAK2", "BTN2A3P", "TBC1D8B", "JUP", "PHF10", "FERMT1", "SULT1B1", "BMP2", "IL6", "LRCH2", "NR4A3", "COL1A2", "VNN1", "SELM", "ID1", "SNORD25", "SERPINI1", "TGFBI", "KIAA0825", "RPS23", "ACVRL1", "GABRB1", "HSPB6", "QPRT", "CXCL1", "UFSP2", "CXCL3", "SLC2A6", "CXCL5", "SGSH", "SEC61A2", "ZC3H7A", "NFKBIZ", "NEFM", "ADAMTS9", "IKBIP", "SERPINB1", "ANXA3", "VPS13A", "AMPD3", "BPGM", "F3", "HIST2H2BE", "CIT", "RCN3", "TMEFF2", "MIR2110", "PDE5A", "VAMP4", "FJX1", "OTUB2", "TAGLN", "SEC23A", "SEMA3C", "CCDC68", "FITM2", "DENND3", "PTGS2", "UACA", "LMF2", "ERLEC1", "ORMDL2", "CCL2", "SLC25A20", "KCNJ2", "SNCA", "TTC14", "GABRA2", "TM4SF18", "TAF13", "NAP1L3", "ZNF804A", "NAP1L5", "BICC1", "GSTA4", "LYRM5", "SYT11", "QPCT", "CACHD1", "FAM98A", "LINC00467"], "H3K36me3 Breast vHMEC": ["FGD4", "MMP8"], "H3K27ac CD8 Memory Primary Cells": ["SLC46A3", "RAB3A", "TRAF3IP2", "POP1", "TMEM167A", "ADM", "UFSP2", "TNFAIP1", "CXCL3", "SLC4A4", "CXCL2", "CTSS", "SGSH", "ICAM1", "TXNDC17", "SEC61A2", "RGS5", "CHCHD7", "NFKBIZ", "PGM3", "SLC30A7", "IKBIP", "COG6", "SERPINF1", "VPS13A", "AMPD3", "BPGM", "MGC72080", "HIST2H2BE", "PDIA5", "CIT", "RCN3", "DNAJC3", "TMX4", "MIR2110", "VAMP4", "PRR11", "BIRC2", "TMEM45A", "SLC22A4", "SLC26A2", "CFH", "RETSAT", "WDR63", "PIK3R3", "FITM2", "DENND3", "PLD1", "LMF2", "NT5DC1", "ERLEC1", "ORMDL2", "STAT4", "CCL3", "SLC25A20", "GPR155", "BTN2A3P", "TTC14", "LYN", "GCH1", "PHF10", "TAF13", "NAP1L3", "SOD2", "NAP1L5", "IL6", "NR4A3", "GGCX", "GSTA4", "P4HA1", "SELM", "LPCAT3", "RPL22L1", "CD248", "FAM98A", "ASB2", "LGR4", "DNAL1", "RPS23"], "H3K9me3 CD4+ CD25int CD127+ Tmem Primary Cells": ["ASB2"], "H3K27ac CD4+ CD25- CD45RO+ Memory Primary Cells": ["SLC46A3", "RAB3A", "HSPB6", "POP1", "TMEM167A", "ADM", "UFSP2", "TNFAIP1", "SLC2A6", "CTSS", "SGSH", "ICAM1", "SEC61A2", "RGS5", "CHCHD7", "NFKBIZ", "PGM3", "CXADR", "COG6", "SERPINF1", "SLC11A2", "VPS13A", "MGC72080", "HIST2H2BE", "CIT", "DNAJC3", "RNF144B", "TMX4", "MIR2110", "PDE5A", "VAMP4", "PRR11", "SLC22A4", "SEC23A", "SLC26A2", "LXN", "RETSAT", "PIK3R3", "FITM2", "PLCXD1", "LMF2", "NT5DC1", "ERLEC1", "IRAK2", "SLC25A20", "BTN2A3P", "TTC14", "GCH1", "CCL20", "TAF13", "NAP1L3", "NBEAL1", "NAP1L5", "SULT1B1", "NR4A3", "GGCX", "GSTA4", "P4HA1", "SYT11", "SELM", "LPCAT3", "ID1", "F2RL1", "SERPINI1", "FAM98A", "KIAA0825", "DNAL1", "RPS23", "LINC00467"], "H3K27ac CD4+ CD25int CD127+ Tmem Primary Cells": ["SLC46A3", "RAB3A", "HSPB6", "TRAF3IP2", "POP1", "TMEM167A", "UFSP2", "TNFAIP1", "SLC2A6", "CTSS", "SGSH", "ICAM1", "TXNDC17", "RGS5", "CHCHD7", "NFKBIZ", "PGM3", "MAN1A1", "IKBKE", "IKBIP", "CXADR", "COG6", "SLC11A2", "VPS13A", "AMPD3", "MGC72080", "HIST2H2BE", "CIT", "DNAJC3", "RNF144B", "TMX4", "MIR2110", "FKBP7", "PDE5A", "VAMP4", "FAM8A1", "BIRC2", "SLC22A4", "SEC23A", "SLC26A2", "LXN", "RETSAT", "PIK3R3", "FITM2", "LMF2", "DPP4", "NT5DC1", "ERLEC1", "IRAK2", "ORMDL2", "STAT4", "SLC25A20", "BTN2A3P", "TTC14", "ABCA1", "GCH1", "TAF13", "NAP1L3", "NBEAL1", "SOD2", "NAP1L5", "NR4A3", "GGCX", "GSTA4", "P4HA1", "LYRM5", "SELM", "LPCAT3", "ID1", "F2RL1", "RPL22L1", "CD248", "FAM98A", "KIAA0825", "DNAL1", "LINC00467"], "H3K27ac CD8 Naive Primary Cells": ["SLC46A3", "ACADVL", "RAB3A", "TRAF3IP2", "POP1", "TMEM167A", "UFSP2", "TNFAIP1", "SLC2A6", "SLC4A4", "CTSS", "SGSH", "ICAM1", "TXNDC17", "SEC61A2", "RGS5", "CHCHD7", "PGM3", "IKBKE", "SLC30A7", "CXADR", "COG6", "SERPINF1", "SLC11A2", "VPS13A", "AMPD3", "BPGM", "MGC72080", "HIST2H2BE", "CIT", "DNAJC3", "RNF144B", "TMX4", "MIR2110", "VAMP4", "PRR11", "SLC22A4", "SEC23A", "SLC26A2", "LXN", "RETSAT", "WDR63", "PIK3R3", "FITM2", "DENND3", "LMF2", "NT5DC1", "ERLEC1", "IRAK2", "ORMDL2", "LRIG1", "SLC25A20", "BTN2A3P", "TTC14", "BTN2A2", "GCH1", "PHF10", "TAF13", "NAP1L3", "NBEAL1", "SOD2", "NAP1L5", "SULT1B1", "NR4A3", "GGCX", "GSTA4", "P4HA1", "SYT11", "SELM", "LPCAT3", "ID1", "F2RL1", "RPL22L1", "SERPINI1", "FAM98A", "KIAA0825", "DNAL1", "RPS23", "LINC00467"]}