{"AGTCAGC,MIR-345": ["LRRC15"], "GTAAACC,MIR-299-5P": ["MAP3K8"], "TATCTGG,MIR-488": ["NFKBIZ"], "ACCAATC,MIR-509": ["OLR1"], "GTAGGCA,MIR-189": ["FAM98A"], "AGGAGTG,MIR-483": ["TMOD1"], "AGTTCTC,MIR-146A,MIR-146B": ["LRRC15"], "ATAACCT,MIR-154": ["WNT5A"], "GGCAGAC,MIR-346": ["PIK3R3"], "AAGTCCA,MIR-422B,MIR-422A": ["EDN1"], "GGGATGC,MIR-324-5P": ["STARD13"], "GTCAACC,MIR-380-5P": ["COL1A2"], "GACAGGG,MIR-339": ["FLT1"], "CAAGGAT,MIR-362": ["VAMP4"], "ATGCACG,MIR-517B": ["NR4A3"], "TCTGATC,MIR-383": ["SLC2A6"], "TGCACGA,MIR-517A,MIR-517C": ["CBLN2"], "ACATATC,MIR-190": ["PCDH9"], "ACAACCT,MIR-453": ["NR4A3"], "TTCCGTT,MIR-191": ["BDNF"]}