{"POLR2A_olfactory bulb_mm9": ["MEG3", "NRSN2", "LXN", "ADM", "UFSP2", "SEC61A2", "NT5DC1", "LRIG1", "MAP3K8", "NDUFV2", "KCNJ2", "ABCA1", "PCDH9", "PDIA5", "TMEFF2", "LRCH2", "GSTA4", "PPP1R3C", "ID1", "CACHD1", "ID3", "HYLS1", "RPL22L1", "SERPINI1", "FJX1", "LGR4"], "NANOG_H1-hESC_hg19": ["ANXA3", "ID1"], "EGR1_ECC-1_hg19": ["ACADVL", "SEMA3C", "LGALSL", "UFSP2", "TNFAIP1", "PLD1", "CXCL3", "PLCXD1", "THBS1", "UACA", "TXNDC17", "XKRX", "ERLEC1", "IGFBP7", "MAN1A1", "SLC30A7", "CD97", "SERPINB1", "CXADR", "PCDH9", "GCH1", "ANXA3", "SLC11A2", "VPS13A", "EMP2", "TMX4", "LPCAT3", "MIR2110", "KDELR3", "RPS24"], "REST_SK-N-SH_hg19": ["TTC14", "EDN1", "TAF13", "KRTAP4-7", "FITM2", "ADM", "MGC72080", "THBS1", "COL1A1", "SOCS3", "ERLEC1", "CDK6", "GGCX", "PPP1R3C", "ID1", "CHCHD7", "RPL22L1", "MAN1A1", "BIRC2", "KCNJ2", "LINC00467"], "EP300_GM12878_hg19": ["RAB3A", "TMEM167A", "QPRT", "KGFLP1", "TNFAIP3", "UFSP2", "TNFAIP1", "ICAM1", "TXNDC17", "KYNU", "LIPH", "ZC3H12A", "NFKBIZ", "MAN1A1", "SLC30A7", "COG6", "SLC11A2", "HIST2H2BE", "RNF144B", "MIR2110", "VAMP4", "FAM8A1", "BIRC2", "BIRC3", "TMEM45A", "OTUB2", "RETSAT", "WDR63", "LPAR1", "PIK3R3", "FITM2", "PLCXD1", "CNN2", "PDLIM1", "ERLEC1", "CHST11", "CCL3", "GCNT2", "SLC25A20", "NDUFV2", "KCNJ2", "IL32", "TTC14", "BTN2A2", "TAF13", "SOD2", "NR4A3", "CDK6", "GGCX", "GSTA4", "LYRM5", "ID1", "RPL22L1", "SERPINI1", "FAM98A", "LGR4", "CD22", "RPS24", "DNAL1"], "GABPA_MEL cell line_mm9": ["ARHGDIB", "CXCL5"], "CUX1_GM12878_hg19": ["SLC46A3", "CNTNAP1", "RETSAT", "PLD1", "ICAM1", "CHST11", "LIPH", "ARHGDIB", "NFKBIZ", "CCL3", "GCNT2", "MAP3K8", "CD97", "EDN1", "BTN2A2", "PCDH9", "TAF13", "BPGM", "CIT", "MIR2110", "RPL22L1", "VAMP4", "RPS24", "DNAL1", "BIRC3"], "RELA_GM19099_hg19": ["RETSAT", "POP1", "TMEM167A", "TNFAIP3", "TNFAIP1", "C3", "NT5DC1", "CHCHD7", "CCL3", "MAN1A1", "IKBIP", "BTN2A2", "TAF13", "SLC39A10", "BPGM", "CXCL10", "NR4A3", "GGCX", "LPCAT3", "MIR2110", "RPL22L1", "VAMP4", "KIAA0825", "CD22", "RPS24", "RPS23"], "CTCF_CH12.LX_mm9": ["SLC46A3", "LRRC15", "TAGLN", "ACADVL", "CSF3", "CNTNAP1", "SLC26A2", "C1S", "LPAR1", "TNFAIP3", "FITM2", "TNFRSF11B", "CXCL3", "GRAMD3", "THBS1", "PAPSS2", "CNN2", "SOCS3", "ZC3H7A", "OLFML3", "IRAK2", "KYNU", "PGM3", "MAP3K8", "NDUFV2", "KCNJ2", "TCP11", "ABCA1", "CSGALNACT1", "EDN1", "TRPA1", "LRRN3", "ANGPT1", "CCL20", "BPGM", "PPAPDC2", "DHRS1", "F3", "PDGFRL", "COL1A1", "IL6", "TSPAN13", "GSTA4", "P4HA1", "SELM", "LPCAT3", "FKBP7", "FAM98A"], "MYC_HepG2_hg19": ["ACADVL", "FAM114A1", "TNFAIP1", "PLCXD1", "SGSH", "TXNDC17", "PDLIM1", "FGD4", "CHCHD7", "NFKBIZ", "SLC25A20", "SLC30A7", "CCL20", "TAF13", "TMEM132A", "DHRS1", "MGC72080", "PDIA5", "DNAJC3", "FERMT1", "FAT1", "FKBP7", "FAM8A1", "KIAA0825", "TMEM45A", "LINC00467"], "CTCF_small intestine_mm9": ["SLC46A3", "SLC22A4", "ACADVL", "SLC26A2", "SEMA3C", "HSPB6", "TNFAIP3", "FITM2", "SGCE", "ERLEC1", "ZC3H7A", "OLFML3", "IRAK2", "PEG10", "TMOD1", "CXADR", "GCH1", "TMEM132A", "PPAPDC2", "ASS1", "P4HA1", "SELM", "CACHD1", "F2RL1", "RPS24", "TMEM45A"], "MAFK_HepG2_hg19": ["ACADVL", "SEC23A", "RETSAT", "C1S", "FITM2", "ADM", "PLOD2", "TNFAIP1", "TXNDC17", "SGCE", "C3", "RGS5", "IKBKE", "TTC14", "SLC30A7", "LYN", "ABCA1", "IKBIP", "GCH1", "SERPIND1", "CCL20", "TAF13", "NBEAL1", "BPGM", "PPAPDC2", "DHRS1", "PDIA5", "DNAJC3", "VNN1", "GGCX", "P4HA1", "LPCAT3", "MIR2110", "RPL22L1", "SERPINI1", "VAMP4", "FAM8A1", "KIAA0825", "RPS24"], "CTCF_kidney_mm9": ["SLC46A3", "SLC22A4", "CNTNAP1", "C1S", "TNFAIP3", "FITM2", "SGCE", "ZC3H7A", "IRAK2", "KYNU", "PEG10", "MAP3K8", "ABCA1", "WNT5A", "PPAPDC2", "F3", "ASS1", "PDGFRL", "IL6", "CDK6", "P4HA1", "SELM", "QPCT", "CACHD1", "PDE5A", "FAM98A"], "NRF1_GM12878_hg19": ["SLC46A3", "SLC26A2", "POP1", "FITM2", "TNFAIP1", "TXNDC17", "EPM2AIP1", "CHST11", "CHCHD7", "GCNT2", "MAP3K8", "NDUFV2", "KCNJ2", "BTN2A2", "APLP1", "SLC11A2", "BPGM", "PDIA5", "P4HA1", "SYT11", "SELM", "RPL22L1", "KDELR3", "VAMP4", "RPS24"], "SIRT6_H1-hESC_hg19": ["TAGLN", "FLT1", "RETSAT", "POP1", "TMEM167A", "LGALSL", "PLCXD1", "CXCL5", "RGS5", "ERLEC1", "GCNT2", "CCL2", "TTC14", "SERPINB1", "GCH1", "TAF13", "NAP1L3", "VPS13A", "MGC72080", "GGCX", "F2RL1", "SERPINI1", "KIAA0825", "BIRC2", "LINC00467"], "CEBPB_HeLa-S3_hg19": ["RAB3A", "TMEM167A", "FITM2", "TNFAIP1", "UACA", "PAPSS2", "CNN2", "ZC3H12C", "LIPH", "ZC3H12A", "BDKRB2", "PI3", "NDUFV2", "IKBKE", "CD97", "TBC1D8B", "SERPINB3", "SERPINF1", "EMP2", "PPAPDC2", "DHRS1", "P4HA1", "IL1B", "TMEM45A", "LINC00467"], "STAT1_GM12878_hg19": ["SLC46A3", "SLC22A4", "SLC26A2", "POP1", "FITM2", "UFSP2", "TNFAIP1", "UACA", "LMF2", "TXNDC17", "ERLEC1", "CHST11", "IRAK2", "PEG10", "CHCHD7", "MAN1A1", "NDUFV2", "TAF13", "PPAPDC2", "MGC72080", "GSTA4", "LYRM5", "FAM8A1", "BIRC3", "RPS23"], "ESRRA_HepG2_hg19": ["NRSN2", "SOD2"], "JUND_T47D_hg19": ["EDN1", "NAALADL2"], "SMARCB1_HeLa-S3_hg19": ["SEC23A", "SLC26A2", "UFSP2", "PTGS2", "PAPSS2", "ICAM1", "ZC3H12C", "SOCS3", "NT5DC1", "ERLEC1", "TTC14", "IKBIP", "CXADR", "EMP2", "SOD2", "CIT", "BMP2", "GGCX", "PPP1R3C", "LPCAT3", "MIR2110", "RPL22L1", "FAM98A", "KIAA0825", "BIRC2", "RPS23"]}