{"H2AFZ_GM12878_hg19": ["OTUB2", "SEC23A", "RETSAT", "POP1", "TNFAIP1", "SLC2A6", "TXNDC17", "OLFML3", "PEG10", "NFKBIZ", "TTC14", "TAF13", "ZNF804A", "COPZ2", "LDOC1", "BPGM", "DHRS1", "CIT", "IL6", "PPP1R3C", "LPCAT3", "ID1", "SNORD25", "F2RL1", "RPS24"], "H3K4me3_K562_hg19": ["NRSN2", "LGALSL", "TNFAIP3", "CXCL1", "UFSP2", "PLOD2", "TNFAIP1", "CXCL3", "SLC2A6", "CXCL2", "ICAM1", "TXNDC17", "SEC61A2", "ZC3H12C", "PEG10", "LIPH", "ARHGDIB", "NFKBIZ", "IKBIP", "CXADR", "ENTPD3", "FST", "F3", "HIST2H2BE", "CIT", "RCN3", "DNAJC3", "RNF144B", "MIR2110", "FKBP7", "PDE5A", "KDELR3", "VAMP4", "FJX1", "BIRC2", "BIRC3", "TMEM45A", "SEC23A", "SLC26A2", "SEMA3C", "CCDC68", "PTGS2", "CNN2", "NT5DC1", "OLFML3", "GCNT2", "GPR155", "TBC1D8B", "PCDH9", "TMEM132A", "DHRS1", "GSTA4", "SELM", "CYP2S1", "SNORD25", "F2RL1", "KIAA0825", "DNAL1", "RPS23"], "H3K36me3_fibroblast of dermis_hg19": ["SLC22A4", "NRSN2", "TAGLN", "RETSAT", "C1S", "POP1", "TMEM167A", "ADM", "GDPD3", "SNORD114-2", "EPM2AIP1", "PRKG2", "CCL2", "SNORA56", "BTN2A3P", "FST", "EMP2", "PPAPDC2", "SOD2", "IL6", "PSG5", "PSG4", "SNORD114-26", "ID1", "MIR2110", "BIRC2"], "H3K4me3_BE2C_hg19": ["IKBIP", "SLC22A4", "NRSN2", "GABRB1", "TRPA1", "BDNF", "ANXA3", "TNFAIP3", "NRG1", "PLOD2", "CXCL2", "RCN3", "CDK6", "GSTA4", "IRAK2", "QPCT", "AGTR1", "KDELR3", "VAMP4", "LGR4", "BIRC3"], "H3K4me1_spleen_mm9": ["CDA", "FLT1", "FAM114A1", "THBS1", "LMF2", "PAPSS2", "XKRX", "ZC3H12C", "ERLEC1", "LIPH", "PGM3", "PRKG2", "PAMR1", "TCP11", "CSGALNACT1", "STARD13", "ENTPD3", "NAP1L3", "L1CAM", "BICC1", "RNF144B", "TMEFF2", "GGCX", "GSTA4", "HYLS1", "RPL22L1"], "H3K4me3_ES-E14_mm9": ["SLC46A3", "CDA", "TAGLN", "FAM114A1", "CCDC68", "LPAR1", "CXCL1", "UFSP2", "TNFAIP1", "CXCL3", "GRAMD3", "SLC4A4", "CXCL2", "UACA", "CYB5R2", "CNN2", "EPM2AIP1", "ERLEC1", "LRIG1", "PRKG2", "PAMR1", "GABRA2", "CSGALNACT1", "MYOCD", "TRPA1", "ENTPD3", "SEMA6D", "VPS13A", "LDOC1", "BPGM", "L1CAM", "EREG", "TIMM10B", "COL1A2", "GGCX", "LPCAT3", "CYP2S1", "FKBP7", "HYLS1", "TGFBI", "VAMP4", "TMEM45A"], "H3K4me3_osteoblast_hg19": ["LRRC15", "SLC26A2", "RETSAT", "WDR63", "PLD1", "FGF1", "SGSH", "ICAM1", "SEC61A2", "CYB5R2", "ZC3H12C", "ERLEC1", "ZC3H7A", "LIPH", "LRIG1", "GCNT2", "IL32", "TRPA1", "PCDH9", "PHF10", "DHRS1", "HIST2H2BE", "NR4A3", "LPCAT3", "CACHD1", "TMEM45A"], "H3K4me3_mammary epithelial cell_hg19": ["SLC22A4", "CNTNAP1", "SEC23A", "TRAF3IP2", "CCDC68", "NRK", "LGALSL", "PLOD2", "DENND3", "CXCL3", "CXCL2", "C3", "ERLEC1", "ANPEP", "LRIG1", "PAMR1", "GABRA2", "GALNT5", "EDN1", "TRPA1", "PCDH9", "FST", "WNT5A", "NAP1L3", "BPGM", "DHRS1", "PDIA5", "BMP2", "TMEFF2", "IL6", "CDK6", "PPP1R3C", "CYP2S1", "SNORD25", "CACHD1", "AGTR1", "ID3", "COL8A1", "KDELR3", "VAMP4", "FJX1", "LGR4", "DNAL1", "BIRC3", "TMEM45A"], "H3K9me3_fibroblast of dermis_hg19": ["MEG3", "SERPINA9", "FGF1", "SNORD113-4", "LMF2", "LCE2D", "SGCE", "PEG10", "ANPEP", "SVEP1", "SNORA56", "KRTAP1-1", "TTC14", "SLC30A7", "TM4SF18", "JUP", "KRTAP4-6", "FST", "F3", "LCE2B", "LCE2C", "TNIP1", "SELM", "SNORD114-26", "COL6A1", "SNORD25"], "H4K20me1_fibroblast of lung_hg19": ["MEG3", "TAGLN", "ACADVL", "RAB3A", "TMEM167A", "TNFAIP1", "SNORD113-4", "CNN2", "SOCS3", "EPM2AIP1", "ERLEC1", "ORMDL2", "NEFM", "NDUFV2", "ADAMTS9", "CSGALNACT1", "BDNF", "FST", "OR1J2", "EMP2", "L1CAM", "TMEFF2", "SELM", "SNORD114-26", "SNORD25", "MIR2110"], "H3K9ac_ES-E14_mm9": ["MEG3", "LXN", "FAM114A1", "RETSAT", "HSPB6", "POP1", "LPAR1", "UFSP2", "TNFRSF11B", "LMF2", "ICAM1", "CYB5R2", "PGM3", "PRKG2", "NDUFV2", "KCNJ2", "GABRA2", "TRPA1", "BICC1", "VCAN", "HYLS1", "SERPINI1", "TGFBI", "VAMP4", "CBLN2", "TMEM45A"], "H2AFZ_endothelial cell of umbilical vein_hg19": ["SEC23A", "LPAR1", "TNFAIP1", "PLD1", "CXCL2", "SGSH", "RASGRP3", "SEC61A2", "EPM2AIP1", "OLFML3", "ANPEP", "BDKRB2", "GALNT5", "SERPINB1", "ENTPD3", "ZNF804A", "F3", "EREG", "SULT1B1", "RNF144B", "FABP4", "GGCX", "PPP1R3C", "KIAA0825", "BIRC2", "RPS24", "RPS23"], "H3K27me3_bronchial epithelial cell_hg19": ["ACVRL1", "FLT1", "THY1", "FGF1", "NID2", "DPP4", "ANPEP", "SVEP1", "NEFM", "MAN1A1", "PI3", "TMOD1", "GABRA2", "PDGFRA", "MYOCD", "TRPA1", "BDNF", "SEMA6D", "ZNF804A", "NRG1", "PLXDC2", "PRLR", "PDGFRL", "COL1A1", "TMEFF2", "VCAN", "CBLN2"], "H3K79me2_mammary epithelial cell_hg19": ["OTUB2", "LXN", "CSF2", "RETSAT", "FITM2", "CXCL1", "PTGS2", "PLCXD1", "IRAK2", "SLC25A20", "IKBKE", "CD97", "CXADR", "GCH1", "TMEM132A", "DHRS1", "NAP1L5", "CIT", "GSTA4", "LYRM5", "ID1", "SNORD25", "ANGPTL4", "DNAL1", "RPS23", "LINC00467"], "H3K4me3_skeletal muscle myoblast_hg19": ["CCDC68", "NRK", "CXCL1", "PLD1", "SLC4A4", "SGSH", "ICAM1", "SEC61A2", "CYB5R2", "ERLEC1", "ZC3H7A", "CCL2", "PAMR1", "ROS1", "KCNJ2", "PHF10", "ZNF804A", "NBEAL1", "EREG", "BMP2", "NR4A3", "LPCAT3", "VAMP4", "KIAA0825", "BIRC3", "TMEM45A"], "H3K4me3_spleen_mm9": ["SLC41A2", "UFSP2", "GRAMD3", "NID2", "CTSS", "ARHGDIB", "LRIG1", "NDUFV2", "GPR155", "TBC1D8B", "GCH1", "SEMA6D", "TMEM132A", "NAP1L3", "LEPREL1", "BPGM", "F3", "CXCL10", "LRCH2", "GSTA4", "PPP1R3C", "FKBP7", "CD248", "TGFBI", "VAMP4", "FJX1"], "H3K4me3_brown adipose tissue_mm9": ["SEMA3C", "CCDC68", "NRK", "SLC41A2", "WDR63", "LGALSL", "CXCL1", "UACA", "ZC3H12C", "LRIG1", "GPR155", "IKBKE", "MYOCD", "EDN1", "SEMA6D", "TMEM132A", "NAP1L3", "LEPREL1", "PDGFRL", "CXCL10", "RNF144B", "GGCX", "GSTA4", "PPP1R3C", "CACHD1", "TGFBI"], "H3K4me3_Panc1_hg19": ["SLC22A4", "OTUB2", "NRSN2", "GABRB1", "CCDC68", "WDR63", "PLOD2", "PTGS2", "CXCL3", "SGSH", "TXNDC17", "SEC61A2", "SGCE", "ZC3H12C", "LRIG1", "GCNT2", "GPR155", "TBC1D8B", "IKBIP", "GALNT5", "CXADR", "ENTPD3", "FST", "NAP1L3", "BPGM", "PLXDC2", "MGC72080", "NAP1L5", "DNAJC3", "BMP2", "VCAN", "CYP2S1", "COL6A1", "AGTR1", "FKBP7", "KDELR3", "ANGPTL4", "VAMP4", "KIAA0825", "TMEM45A"], "H2AFZ_A549_hg19": ["OTUB2", "ACADVL", "CNTNAP1", "SEC23A", "CSF2", "SERPINA1", "CFH", "FAM114A1", "POP1", "QPRT", "CXCL3", "SGSH", "SGCE", "CYB5R2", "CNN2", "EPM2AIP1", "NT5DC1", "OLFML3", "NFKBIZ", "BTN2A3P", "CD97", "CXADR", "COG6", "ENTPD3", "TAF13", "TMEM132A", "NAP1L3", "ZNF804A", "LDOC1", "LEPREL1", "C15ORF54", "PLXDC2", "SOD2", "BMP2", "GGCX", "PPP1R3C", "LYRM5", "CYP2S1", "VAMP4", "DNAL1", "RPS23"], "H3K79me3_C2C12_mm9": ["SEC23A", "PLOD2", "TNFAIP1", "LMF2", "TXNDC17", "SEC61A2", "CNN2", "PDLIM1", "SOCS3", "CHST11", "NFKBIZ", "CCL2", "IGFBP7", "NDUFV2", "JUP", "SLC11A2", "CIT", "TIMM10B", "CDK6", "COL1A2", "ID3", "HYLS1", "RPL22L1", "FAM98A", "RPS24", "RPS23"]}