{"SIRT3": ["FERMT1"], "TP63": ["UACA"], "NR3C1": ["IL1RN"], "HDAC2": ["IKBKE"], "SMARCB1": ["PHF10"], "ESR2": ["ASB2", "RPS24"], "CEBPB": ["CCL3"], "BRCA1": ["COL1A1", "JUP", "DCN"], "SP1": ["ACTBL2", "IL1B"], "NR4A1": ["SERPING1"], "SMAD1": ["STARD13"], "CTNNB1": ["CDK6", "FLT1", "JUP", "SNCA"], "EZH2": ["CDK6"], "TBP": ["TAF13"], "FOXP3": ["CDK6", "FAM98A"], "TP53": ["LYN", "ANXA3", "SERPING1", "TNFAIP3", "PTGS2", "THBS1"], "MYC": ["ABCA1", "XKRX", "CDK6", "P4HA1", "IL1B", "PLOD2", "LDOC1", "DENND3", "ANGPTL4", "PRR11", "ASS1"], "RNF2": ["ACTBL2"], "AR": ["CDK6"], "SIN3A": ["SNCA"]}