{"TCF4-23295773-U87-HUMAN": ["IPO13", "PIGR", "TNFAIP2", "C8B", "LAMP1", "OPHN1", "PPME1", "ZMIZ2", "UIMC1", "FAM53B", "VPS35", "SLC16A2", "SLC12A7", "TNPO3", "VWF", "STX8", "ASRGL1", "RNF144A", "SCN10A", "CTDSP1", "SYF2", "ZC3H11A", "ZW10", "PECAM1", "ARHGEF3", "IVL", "USP13", "STX18", "PARN", "ADIPOR2", "DHX32", "CNR2", "PODXL", "PLCG2", "NDN", "LAIR2", "SFN", "KIF3C", "XDH", "CRTAP", "SLC12A5", "SYT13", "A1CF", "KLF2", "SLC2A9", "KLF7", "EXT2", "EIF3L", "PSMC1", "MGP", "APOC1", "SGSM2", "TOMM7", "EIF3H", "FAU", "RPS21"], "TEAD4-22529382-TROPHECTODERM-MOUSE": ["TEAD4", "SLC12A5", "PDE4C", "HTRA1", "UBE2L6", "C8B", "BZW2", "RELA", "FIG4", "RMND5B", "EXT2", "RABEP2", "OAS2", "RPL37A", "S100A6", "STAT4", "HEATR2", "PECAM1", "DRG1", "ARHGEF3", "EIF3H", "TGM5", "UBA52", "ANAPC1"], "PPARD-21283829-MYOFIBROBLAST-HUMAN": ["DGKD", "TNFAIP2", "SEPT9", "ZMIZ2", "FAM53B", "RPL38", "GUCY1A3", "TEAD4", "VWF", "TSC22D1", "GRIP2", "SCAMP2", "ALDH3A2", "RNF144A", "DUSP22", "ORAI3", "S100A6", "MXRA7", "RIN2", "ASF1B", "ABHD4", "PARN", "NOL9", "KIAA0556", "WNT6", "RBM15B", "HMBOX1", "C1ORF105", "PSMB2", "ZNF706", "ZMAT3", "LMNA", "HEATR2", "KIF3C", "ZNF862", "SEMA4A", "PDE2A", "IFT122", "SLC2A9", "HNRNPL", "FIG4", "TCN2", "CAPN10", "TOMM7", "TRIP10", "RPS20", "TEK", "HIST1H4C", "RPS21"], "AR-19668381-PC3-HUMAN": ["USP13", "DGKD", "PRKCSH", "ROCK2", "GRIK5", "RPLP1", "RORC", "HTRA1", "PARN", "PRDM14", "PLAT", "BZW2", "PIK3C2B", "KIAA0556", "PSMB2", "OPHN1", "ZMAT3", "PODXL", "ZMIZ2", "HEATR2", "FAM53B", "LAIR2", "TAC3", "RAB6B", "ZIM2", "GUCY1A3", "CRTAP", "VWF", "TSC22D1", "FZD4", "STX8", "PDE2A", "TNK1", "MBOAT2", "PRODH2", "SLC2A9", "ALDH3A2", "EXT2", "SCN10A", "P4HA1", "CAPN10", "DOLPP1", "RPL37A", "PECAM1", "RIN2"], "MTF2-20144788-MESC-MOUSE": ["DCTN3", "PTPRO", "RORC", "HTRA1", "TNFAIP2", "PRDM14", "CRMP1", "DDN", "SLC9A3R1", "WNT6", "LGALS3", "RAB20", "PODXL", "NDN", "KCNMB4", "SLC16A2", "CD34", "HOXA6", "RAB6B", "JAM3", "TEAD4", "SLC12A5", "PCDHGA5", "RASL10A", "FZD4", "RNF144A", "MMP14", "KCNS1", "EEF1D", "PXDN", "GAS6"], "SETDB1-19884257-MESC-mouse": ["USP13", "USPL1", "PRDM14", "SEPT9", "WNT6", "TRPM2", "CYB5R3", "PSAP", "CHST10", "KCNMB4", "RPL38", "RAB6B", "ZBTB39", "PDE2A", "MUL1", "SCAMP2", "ALDH3A2", "EXT2", "SCN10A", "P4HA1", "CAPN10", "ARHGEF3", "RPS20", "PLEKHO2", "CGGBP1", "ASF1B", "ATF4"], "RUNX2-22187159-PCA-HUMAN": ["RNASEH2B", "LUZP4", "RAMP3", "ROCK2", "SLC41A3", "BMP15", "IFT52", "RAB20", "OPHN1", "ZMAT3", "PODXL", "FLRT1", "STAT4", "RPL38", "APOD", "TGM5", "A2M", "MYOZ1", "SLC12A7", "TEAD4", "GABRQ", "SYT13", "GRIP2", "KLF2", "GAK", "SLC2A9", "RNF144A", "DUSP22", "KLF7", "RRAGC", "CCDC9", "EEF1D", "ZC3H11A", "PXDN", "PECAM1", "ARHGEF3", "EIF3H", "PLEKHO2", "RIN2", "ANAPC1"], "BP1-19119308-Hs578T-human": ["TAC3"], "AR-22383394-PROSTATE_CANCER-HUMAN": ["GUCY1A3", "LMO3", "RPLP1", "STX18", "CLTC", "TNFAIP2", "SYT13", "TSKU", "KLF2", "FIG4", "KIAA0556", "SLC9A3R1", "KLF7", "LGALS3", "CYB5R3", "OAS2", "RPS29", "PXDN", "UBN1", "ARHGEF3", "STOM", "EIF3H", "MXRA7"], "TRIM28-19339689-MESC-mouse": ["USP13", "IFITM1", "ROCK2", "HTRA1", "RELA", "RAB20", "DHX32", "ALS2CL", "ZMAT3", "PODXL", "CHST10", "CFL1", "RPL14", "KCNMB4", "E2F4", "A2M", "CCT4", "VAT1", "NQO1", "CRTAP", "GSTM1", "SF3A2", "PCDHGA5", "TSC22D1", "FZD4", "ECD", "RAD23A", "KLF2", "MMP14", "SYF2", "DOLPP1", "PQLC2", "APOC1", "RPS20", "GAS6", "UBA52", "RNF122", "MAP3K11", "ATF4"], "YAP1-20516196-MESC-MOUSE": ["TEAD4", "SEMA4A", "PDE4C", "CLTC", "PARN", "PLAT", "KLF2", "ASRGL1", "AQP1", "HNRNPL", "CYB5R3", "RABEP2", "DNAJC7", "PODXL", "DDIT3", "LMNA", "CFL1", "S100A6", "NDN", "RPL38", "A2M", "SLC16A2", "TMSB10", "R3HDM2"], "OLIG2-23332759-OLIGODENDROCYTES-MOUSE": ["CRTAP", "RAMP3", "EIF2B2", "TSC22D1", "STX8", "SYT13", "RNF144A", "KLF7", "SCN10A", "RPS27", "OPHN1", "PODXL", "RPS29", "LMNA", "HEATR2", "ARHGEF3", "FAM53B", "EIF3H", "RPL38", "APOD", "SRSF4", "LMCD1", "RAB6B", "JAM3"], "SMAD4-21799915-A2780-HUMAN": ["RAMP3", "ROCK2", "DCTN3", "STX18", "HTRA1", "PARN", "PRDM14", "CD3E", "PIK3C2B", "RBM15B", "ZNF706", "KCNMB1", "UIMC1", "PLCG2", "SLC16A2", "CD34", "LMCD1", "XDH", "ZIM2", "S100A10", "TEAD4", "GABRQ", "ZNF384", "FZD4", "LMO3", "ASH1L", "RNF144A", "DUSP22", "KLF7", "EXT2", "RRAGC", "RPS29", "EIF3L", "TOMM7", "ARHGEF3", "EIF3H", "RIN2", "CGGBP1"], "SMARCA4-23332759-OLIGODENDROCYTES-MOUSE": ["RAMP3", "PTPRO", "SEPT9", "LGALS3", "PODXL", "PSAP", "LMNA", "UBN1", "CFL1", "HEATR2", "FAM53B", "KAT7", "KIF3C", "TMSB10", "LMCD1", "EIF2B2", "FZD4", "STX8", "AMT", "MBOAT2", "ASH1L", "ASRGL1", "RNF144A", "KLF7", "P2RX4", "RRAGC", "DNAJC7", "RPS29", "EEF1D", "ARHGEF3", "SRSF4", "RIN2"], "KDM5B-21448134-MESC-MOUSE": ["CYFIP1", "USPL1", "CLTC", "PLAT", "BZW2", "SEPT9", "TMEM223", "TATDN2", "LAMP1", "ZMIZ2", "SUMO2", "VPS35", "SLC12A7", "HOXA6", "TNPO3", "IFNA13", "PCDHGA5", "PARP2", "STX8", "ASH1L", "GAK", "ALDH3A2", "BCAM", "NSA2", "RRAGC", "DNAJC7", "ZC3H11A", "RPL37A", "ANAPC1", "ASF1B", "GLYR1", "POLDIP2", "ROCK2", "PARN", "PRDM14", "NOL9", "WNT6", "HMBOX1", "CCT4", "NQO1", "CRTAP", "MBOAT2", "WDR12", "TSPAN13", "CAPN10", "EIF3L", "PSMC1", "DRG1", "R3HDM2"], "SUZ12-20075857-MESC-MOUSE": ["PTPRO", "TNFAIP2", "PIK3C2B", "SEPT9", "LGALS3", "RUSC1", "FAM53B", "SLC16A2", "CD34", "HOXA6", "GUCY1A3", "TEAD4", "ZBTB39", "IFNA13", "PCDHGA5", "GSTO1", "GRIP2", "RNF144A", "MMP14", "CTDSP1", "EEF1D", "PXDN", "GAS6", "CTF1", "DCTN3", "HTRA1", "CRMP1", "DDN", "SLC9A3R1", "WNT6", "TRPM2", "RAB20", "ZMAT3", "PODXL", "HEATR2", "PLCG2", "NDN", "KCNMB4", "E2F4", "KIF3C", "RAB6B", "P4HTM", "JAM3", "SLC12A5", "RASL10A", "FZD4", "PDE2A", "SYT13", "MAPK13", "KLF7", "KCNS1", "P4HA1", "PLCD1"], "SOX9-24532713-HFSC-MOUSE": ["GUCY1A3", "AGPAT1", "LGALS3", "BCAM", "OPHN1", "PSAP", "LMNA", "APOC1", "PLCG2", "FAM53B", "RPL24", "TTLL12", "TGM5", "LRCH4", "CD34", "CLIC1", "XDH"], "STAT3-23295773-U87-HUMAN": ["IFITM1", "DGKD", "RAMP3", "NDUFB5", "ROCK2", "POMT1", "CLTC", "PARN", "PLAT", "C8B", "PPM1F", "AQP1", "HMBOX1", "STAT4", "PLCG2", "APOD", "HOXA6", "LMCD1", "RAB6B", "XDH", "ZNF862", "ZIM2", "JAM3", "ZNF442", "TEAD4", "SIGLEC15", "SLC12A5", "TSC22D1", "STX8", "GML", "IFT122", "MBOAT2", "ADAP1", "KLF2", "SCAMP2", "KLF7", "RRAGC", "TMEM214", "DNAJC7", "OAS2", "RPL37A", "TOMM7", "ARHGEF3", "RIN2", "RNF122", "R3HDM2"], "STAT6-21828071-BEAS2B-HUMAN": ["TNK1"], "TP63-17297297-HaCaT-human": ["SFN"]}