{"HNF1B (human)": ["DHX32", "POMT1"], "NR2C2 (human)": ["MYOZ1"], "NFE2L1 (human)": ["RAB20", "CHST10"], "HNRNPK (human)": ["KLF7", "TSC22D1", "WDR12"], "EBF1 (mouse)": ["DRG1"], "IRF9 (human)": ["SH3D21"], "SOX2 (human)": ["RPP30"], "SP4 (human)": ["CYFIP1"], "NFYB (human)": ["DDIT3"], "SND1 (mouse)": ["BCAM", "CYB5R3"], "Zfx (mouse)": ["DMWD"], "VDR (human)": ["POMT1", "SLC12A7", "XDH"], "IRF7 (human)": ["PSMB2", "PDE4C", "ASH1L"], "CPEB1 (human)": ["DMWD"], "ESR2 (mouse)": ["LMNA"], "MXI1 (human)": ["ARHGEF3"], "MYCN (human)": ["DUSP22"], "MIR210 (human)": ["MKNK2"], "FOXM1 (human)": ["TEK"], "TLX1::NFIC (human)": ["RPL7A"]}