{"H3K36me3 Duodenum Mucosa": ["TIMM8B", "PCDHGA5", "TMEM214", "REC8", "R3HDM2"], "H3K36me3 CD4+ CD25- Th Primary Cells": ["PECAM1"], "H3K9me3 Colonic Mucosa": ["PCDHGA5", "RASL10A", "MALL", "PDE2A", "PRDM14", "CRMP1", "SLC16A2"], "H3K36me3 Treg Primary Cells": ["YY2"], "H3K27me3 Neurosphere Cultured Cells Ganglionic Eminence Derived": ["SEPT9", "VWF", "RASL10A", "TNFAIP2", "PRDM14"], "H3K9me3 Mesenchymal Stem Cell Derived Adipocyte Cultured Cells": ["SCN10A", "TNK1", "SYT13"], "H3K9me3 Bone Marrow Derived Mesenchymal Stem Cell Cultured Cells": ["KIAA0556", "SYT13"], "H3K36me3 Chondrocytes from Bone Marrow Derived Mesenchymal Stem Cell Cultured Cells": ["TMEM214", "REC8"], "H3K36me3 CD4+ CD25int CD127+ Tmem Primary Cells": ["POLDIP2", "R3HDM2"], "H3K36me3 CD34 Primary Cells": ["R3HDM2"], "H3K36me3 Brain Cingulate Gyrus": ["TIMM8B", "CAPN10", "PIK3C2B"], "H3K36me3 Breast Myoepithelial Cells": ["SLC2A9", "YY2", "GP1BA", "R3HDM2"], "H3K36me3 Brain Germinal Matrix": ["YY2"], "H3K36me3 Pancreatic Islets": ["YY2"], "H3K36me3 Adult Kidney": ["TIMM8B", "RAD23A", "SEMA4G", "CD99", "R3HDM2"], "H3K36me3 Adipose Nuclei": ["R3HDM2"], "H3K9me3 Rectal Smooth Muscle": ["GABRQ", "WNT6", "PRDM14"], "H3K36me3 CD8 Naive Primary Cells": ["TIMM8B", "SYF2", "PECAM1", "TMSB10", "R3HDM2"], "H3K36me3 Fetal Heart": ["TIMM8B", "ITGA10"], "H3K36me3 Adipose Derived Mesenchymal Stem Cell Cultured Cells": ["TIMM8B", "GP1BA", "REC8"]}