{"H3K4me1 Neurosphere Cultured Cells Cortex Derived": ["ARF1", "RPL30", "RPLP1", "GSTP1", "LEF1", "PTPRO", "RPL36A", "ATP2A3", "HNRNPU", "ATP5G3", "RPL8", "SRM", "LOC642846", "GNA13", "MRPL3", "ATP5B", "NRAS", "TUBA1B", "KCTD20", "ZNF706", "POM121C", "PCBP1", "PMAIP1", "BANF1", "HMGN2", "RPS27A", "RPS13", "GPX1", "ITGA4", "SSRP1", "EEF2", "YWHAZ", "EEF1A1", "RPS26", "SPCS1", "DKC1", "MAP7D1", "CAPRIN1", "PPDPF", "OAS3", "TRMT5", "CYCS", "TLN1", "ALDOA", "GAPDH", "FAM60A"], "H3K36me3 CD19 Primary Cells": ["DTX2P1-UPK3BP1-PMS2P11"], "H3K4me3 Penis Foreskin Fibroblast Primary Cells": ["RPL30", "LEF1", "PTPRO", "ATP5A1", "HMGB2", "CXCR4", "MKI67", "SRM", "LOC642846", "MRPL3", "OPHN1", "KCTD20", "ZNF706", "POM121C", "PCBP1", "MAPK1", "BANF1", "HMGN2", "PROSER1", "HSP90AA1", "GPX1", "NDUFC2", "NME1", "EEF1A1", "DKC1", "PSAT1", "MAP7D1", "PPDPF", "OAS3", "GNAQ", "HNRNPA2B1", "CYCS", "B3GNT2", "MCM6", "FAU", "ALDOA", "SLC29A1", "MIR1244-3", "FAM60A", "SNRPB", "PNPLA2"], "H3K9me3 H9": ["NONO", "RPL36A"], "H3K4me1 Chondrocytes from Bone Marrow Derived Mesenchymal Stem Cell Cultured Cells": ["TFRC", "SLC43A3", "GSTP1", "LEF1", "PTPRO", "ATP5A1", "HMGB2", "ATP2A3", "CXCR4", "MKI67", "HSPD1", "LOC642846", "TUBA1C", "NRAS", "TUBA1B", "MAT2A", "OPHN1", "BTBD2", "CFL1", "ZNF747", "BANF1", "B2M", "HMGN3", "COX8A", "PROSER1", "HSP90AA1", "HNRNPA1P10", "PTOV1", "YWHAZ", "EEF1A1", "DKC1", "PPDPF", "OAS3", "NDUFAB1", "CANX", "ALDOA"], "H3K27me3 iPS DF 6.9": ["ITGA4", "CXCR4"], "H3K27me3 CD8 Naive Primary Cells": ["NKX2-5"], "H3K9me3 Brain Mid Frontal Lobe": ["DKC1"], "H3K36me3 Fetal Heart": ["NOLC1"], "H3K27me3 CD4+ CD25+ CD127- Treg Primary Cells": ["IGLL1"], "H3K36me3 Breast Myoepithelial Cells": ["DTX2P1-UPK3BP1-PMS2P11"], "H3K27me3 Mobilized CD34 Primary Cells": ["EEF1A1", "OPHN1", "PSAT1", "SCD", "MID1IP1", "LEF1", "RPL36A", "PMAIP1", "CHAC1", "RPL39"], "H3K4me1 Neurosphere Cultured Cells Ganglionic Eminence Derived": ["ARF1", "SLC43A3", "RPLP1", "LEF1", "PTPRO", "ATP2A3", "CXCR4", "RPL8", "HSPD1", "SRM", "LOC642846", "GNA13", "MRPL3", "GANAB", "ZNF706", "POM121C", "PCBP1", "BTBD2", "ZNF747", "PMAIP1", "BANF1", "RPS2", "HMGN2", "RPS13", "GPX1", "ITGA4", "SSRP1", "YWHAZ", "LRPPRC", "NME1", "RPS26", "SPCS1", "MTHFD2", "DKC1", "PPDPF", "FASN", "TRMT5", "CYCS", "B3GNT2", "TLN1", "ALDOA", "UBA52", "PPIA", "MIR1244-3"], "H3K27me3 CD4 Naive Primary Cells": ["GNAQ"], "H3K27me3 Penis Foreskin Keratinocyte Primary Cells": ["CXCR4"], "H3K4me3 CD4+ CD25- IL17+ PMA-Ionomcyin stimulated Th17 Primary Cells": ["SLC25A3", "HMGB2", "ATP5G3", "ACTB", "NUDT3", "LOC642846", "MRPL3", "TUBA1B", "C1QBP", "PHGDH", "BANF1", "HMGN2", "RPS13", "NOMO2", "COX8A", "HSP90AA1", "RPS5", "PTOV1", "MIF", "NME1", "DKC1", "TMX1", "PPDPF", "OAS3", "CANX", "ALDOA", "GAPDH", "ATF4", "INSIG1", "GSTP1", "LEF1", "ATP5A1", "ATP1A3", "SRM", "PPM1G", "NRAS", "KCTD20", "ZNF706", "POM121C", "BTBD2", "PSAP", "ZNF747", "MAPK1", "NONO", "HMGA1", "SSRP1", "SPCS1", "UBE2S", "PSAT1", "SCD", "IMPDH2", "FASN", "TRMT5", "NDUFAB1", "CYCS", "CALM3", "RPS21", "RPS23", "EIF4G1"], "H3K4me3 Chondrocytes from Bone Marrow Derived Mesenchymal Stem Cell Cultured Cells": ["TFRC", "PTPRO", "HMGB2", "ATP2A3", "ATP5G3", "MKI67", "NUDT3", "LOC642846", "MRPL3", "TUBA1B", "OPHN1", "CFL1", "BANF1", "HMGN2", "B2M", "HMGN3", "NOMO2", "COX8A", "PROSER1", "HSP90AA1", "GPX1", "PTOV1", "RHOG", "MIF", "NME1", "DKC1", "PPDPF", "OAS3", "CANX", "B3GNT2", "ALDOA", "SLC29A1", "UBA52", "PPIA", "SET", "GSTP1", "ATP5A1", "CXCR4", "DDX21", "NOLC1", "HSPD1", "SRM", "PPM1G", "ATP5B", "MAT2A", "KCTD20", "ZNF706", "POM121C", "PCBP1", "BTBD2", "ZNF747", "MAPK1", "VAT1", "C20ORF27", "SSRP1", "LRPPRC", "RPS26", "SPCS1", "PSAT1", "FASN", "NDUFAB1", "CYCS", "R3HDM4", "CALM3", "RPS21", "MIR1244-3", "RPS23"], "H3K27me3 Adult Liver": ["ATP1A3"], "H3K4me2 Muscle Satellite Cultured Cells": ["IFITM2", "TFRC", "HMGB2", "ATP5G3", "NUDT3", "LOC642846", "MRPL3", "TUBA1C", "TUBA1B", "OPHN1", "CFL1", "BANF1", "CHAC1", "HMGN2", "B2M", "PROSER1", "HSP90AA1", "GPX1", "RPS5", "HNRNPA1P10", "NME4", "NME1", "EEF1A1", "DKC1", "NCL", "PPDPF", "OAS3", "CANX", "B3GNT2", "MATR3", "ALDOA", "B4GALT5", "DDX5", "ATP5A1", "CXCR4", "ATP1A3", "NOLC1", "HSPD1", "SRM", "PPM1G", "GNA13", "ZNF706", "POM121C", "PCBP1", "ZNF747", "SSRP1", "LRPPRC", "SPCS1", "TRMT5", "NDUFAB1", "CYCS", "FAU", "MIR1244-3", "RPS23"], "H3K27me3 CD3 Primary Cells": ["OPHN1"]}