{"GTGGTGA,MIR-197": ["CILP"], "AAGGGAT,MIR-188": ["CDC25B"], "GTAAACC,MIR-299-5P": ["IPO13"], "CAGGTCC,MIR-492": ["PPME1"], "CCAGGTT,MIR-490": ["PPME1"], "ATATGCA,MIR-448": ["PCDHGA5"], "TACAATC,MIR-508": ["LMO3"], "CAGGGTC,MIR-504": ["RRAGC"], "ATGCAGT,MIR-217": ["RIN2"], "GTACAGG,MIR-486": ["SLC12A5"], "ATACTGT,MIR-144": ["RIN2"], "ACAACTT,MIR-382": ["CLTC"], "AGTTCTC,MIR-146A,MIR-146B": ["KLF7"], "ACTGCCT,MIR-34B": ["TSPAN32"], "CTTTGCA,MIR-527": ["FZD4"], "ACAGGGT,MIR-10A,MIR-10B": ["MAPKBP1"], "GCAAGAC,MIR-431": ["CD34"], "GGCACAT,MIR-455": ["SEMA4G"], "TTTTGAG,MIR-373": ["ITGA10"], "AATGGAG,MIR-136": ["MYOZ1"]}