{"SP1_A549_hg19": ["MAPKBP1", "TMEM161A", "POLDIP2", "ABHD4", "POMT1", "DCTN3", "STX18", "HILPDA", "NOL9", "PTTG1", "RPL36", "ZNF669", "STOM", "RPL38", "P4HTM", "TIMM8B", "PIH1D1", "ECD", "RPSA", "GLTSCR2", "SIRT2", "RPS27", "QARS", "EIF3L", "ZNF419", "DDIT3", "PSMC1", "EIF3H", "SRSF4", "CGGBP1", "GLYR1"], "MAX_A549_hg19": ["USP13", "TMEM161A", "NDUFB5", "PRKCSH", "HILPDA", "PARN", "RELA", "RPL7A", "TATDN2", "PTTG1", "PLCG2", "RPL36", "FAM53B", "STOM", "VPS35", "E2F4", "SLC12A7", "RPL39", "NQO1", "EIF2B2", "PIH1D1", "ECD", "MUL1", "RPL23A", "SYT13", "GLTSCR2", "SIRT2", "GAK", "RNF144A", "RPS28", "TMEM214", "QARS", "EEF1D", "DOLPP1", "ZC3H11A", "DDIT3", "PSMC1", "PQLC2", "ARMCX6", "DRG1", "EIF3H", "RPS20", "RPL27", "FAU", "RIN2", "UBA52", "NFE2L1"], "CTBP2_H1-hESC_hg19": ["USPL1", "STX18", "CLTC", "PRDM14", "UBE2L6", "TSKU", "HMBOX1", "ZMAT3", "PPME1", "UBN1", "PLCG2", "TMSB10", "RAB6B", "RPL39", "CA14", "JAM3", "NQO1", "CRTAP", "ZNF384", "EIF2B2", "PARP2", "ECD", "SIRT2", "ALDH3A2", "MMP14", "TCN2", "PLSCR3", "ZW10", "RPS20", "LRCH4", "CGGBP1", "ASF1B"], "CTCF_mammary epithelial cell_hg19": ["IPO13", "MAPKBP1", "USPL1", "UBE2L6", "NOL9", "PPM1F", "SEPT9", "RBM15B", "PPME1", "ADRBK1", "TCTN1", "MKNK2", "RPL36", "SFN", "CAMTA2", "RPL38", "P4HTM", "TIMM8B", "ZBTB39", "CAMLG", "ECD", "RPSA", "ADAP1", "CDC25B", "XKR8", "FIG4", "RNF144A", "EXT2", "MMP14", "P4HA1", "SH3D21", "ZNF419", "ITGA10", "MALL", "TOMM7", "RPL24", "RPS20", "SRSF4", "HIST1H4C"], "NFYB_HeLa-S3_hg19": ["CUTA", "USPL1", "CTF1", "TMEM161A", "NDUFB5", "DCTN3", "AGPAT1", "PHB2", "KIAA0556", "SLC9A3R1", "LMNA", "SUMO2", "ZNF669", "STOM", "FAM63A", "UBE2C", "FZD4", "IFT122", "RPSA", "SUOX", "FIG4", "ALDH3A2", "TSPAN13", "QARS", "CAPN10", "ZNF419", "DOLPP1", "DDIT3", "H3F3AP4", "EIF3H", "RNF122", "NFE2L1"], "CTCF_endothelial cell of umbilical vein_hg19": ["IPO13", "MAPKBP1", "CLTC", "UBE2L6", "TMEM223", "RPL36", "RPL38", "TMSB10", "ZBTB39", "PCDHGA5", "CAMLG", "STX8", "RPSA", "CDC25B", "SCAMP2", "RNF144A", "MMP14", "DNAJC7", "ZW10", "RPL37A", "MALL", "RPL24", "SRSF4", "POLDIP2", "STX18", "NOL9", "ADIPOR2", "PPM1F", "RBM15B", "ADRBK1", "MKNK2", "ZNF747", "SFN", "CAMTA2", "P4HTM", "S100A10", "CCT4", "ZNF384", "EIF2B2", "FZD4", "PRAF2", "RPL23A", "ADAP1", "XKR8", "EXT2", "RPS28", "P2RX4", "KCNS1", "P4HA1", "SH3D21", "ITGA10", "TOMM7", "RPS20", "LRCH4"], "RXRA_SK-N-SH_hg19": ["LMNA", "HIST1H4C", "IVL"], "FOXP2_PFSK-1_hg19": ["BCAM", "PIH1D1", "PQLC2", "RPL27", "TSKU"], "RXRA_H1-hESC_hg19": ["DHX32", "LAMP1", "CTDSP1", "REC8"], "POLR2A_brain_mm9": ["IPO13", "POLDIP2", "PRKCSH", "PARN", "TSKU", "RBM15B", "CYB5R3", "RUSC1", "PPME1", "RPS18", "SUMO2", "VPS35", "RPL39", "TNPO3", "RASL10A", "PARP2", "PRAF2", "STX8", "RAD23A", "SEMA4G", "GRIP2", "GLTSCR2", "ASRGL1", "XKR8", "ALDH3A2", "RNF144A", "BCAM", "RPS28", "TSPAN13", "ZC3H11A", "R3HDM4", "PLEKHO2", "HIST1H4C"], "E2F4_myocyte_mm9": ["RNASEH2B", "USPL1", "POLDIP2", "RPP30", "STX18", "CLTC", "PHB2", "SLC9A3R1", "RPL7A", "PSMB2", "PSAP", "LMNA", "UIMC1", "UBN1", "LMCD1", "CCT4", "RPL41", "FZD4", "PARP2", "PIH1D1", "ECD", "RPSA", "SPSB3", "EIF3L", "DRG1", "RPS20", "RPL27", "TTLL12", "FAU", "LRCH4", "ANAPC1", "ASF1B"], "BRCA1_HepG2_hg19": ["IPO13", "CUEDC2", "POLDIP2", "STX18", "CLTC", "PARN", "PHB2", "RMND5B", "SLC9A3R1", "RPL7A", "LAMP1", "HEATR2", "RPL14", "RPL36", "FAM63A", "RPL38", "ZIM2", "CCT4", "RPL41", "MUL1", "RPS27", "QARS", "CCDC9", "DMWD", "RPL37A", "EIF3H", "RPL24", "RPS20", "FAU", "CCDC130", "NFE2L1"], "ELK1_GM12878_hg19": ["CUTA", "CUEDC2", "PRKCSH", "NOL9", "PRCP", "CORO1B", "RMND5B", "RPL7A", "HMBOX1", "TMEM223", "TCTN1", "MKNK2", "RPL36", "CAMTA2", "RPL38", "KAT7", "DCAF11", "CCT4", "CAMLG", "RAD23A", "RPSA", "SUOX", "GLTSCR2", "CDC25B", "GAK", "FIG4", "EXT2", "TMEM214", "OAS2", "PSMC1", "ORAI3", "S100A6", "DRG1"], "E2F6_K562_hg19": ["USP13", "TMEM161A", "HILPDA", "PARN", "AGPAT1", "ADIPOR2", "RMND5B", "SEPT9", "TMEM223", "RAB20", "LAMP1", "PPME1", "SUMO2", "PLCG2", "RPL14", "FAM53B", "VPS35", "KAT7", "E2F4", "DCAF11", "SLC12A7", "TMSB10", "RPL39", "CCT4", "TIMM8B", "ZBTB39", "PARP2", "RAD23A", "RPSA", "RPL23A", "ADAP1", "KLF2", "GAK", "CCDC9", "CAPN10", "ZC3H11A", "DDIT3", "DRG1", "RPS20", "RPS21", "UBA52", "ANAPC1"], "CTCF_H1-hESC_hg19": ["IPO13", "MAPKBP1", "CUEDC2", "USPL1", "PRKCSH", "PTPRO", "UBE2L6", "SEPT9", "TMEM223", "PTTG1", "PPME1", "TCTN1", "RPL36", "FAM53B", "RPL38", "LMCD1", "ZNF442", "ZBTB39", "CAMLG", "RPSA", "CDC25B", "RNF144A", "MMP14", "PLSCR3", "DNAJC7", "MALL", "RPL27", "SRSF4", "ASF1B", "NOL9", "PRCP", "PPM1F", "SLC9A3R1", "RBM15B", "ADRBK1", "MKNK2", "ZNF747", "FAM63A", "SFN", "CAMTA2", "P4HTM", "SLC12A5", "GSTM1", "SF3A2", "FZD4", "PRAF2", "RPL23A", "FMO4", "ADAP1", "XKR8", "EXT2", "P2RX4", "KCNS1", "P4HA1", "SH3D21", "ITGA10", "TOMM7", "RPS20", "HIST1H4C"], "ZKSCAN1_HeLa-S3_hg19": ["CYFIP1", "CUEDC2", "POLDIP2", "ABHD4", "POMT1", "PARN", "NOL9", "PHB2", "RPL7A", "LGALS3", "TMEM223", "PSAP", "HEATR2", "RPL14", "CA9", "E2F4", "P4HTM", "NQO1", "CAMLG", "ECD", "RAD23A", "SUOX", "KLF2", "RPS28", "DNAJC7", "SH3D21", "EIF3L", "PSMC1", "H3F3AP4", "RPS20", "ANAPC1", "CGGBP1", "MAP3K11"], "NANOG_H1-hESC_hg19": ["DHX32", "LAMP1", "PRDM14", "TSKU"], "MEF2C_GM12878_hg19": ["KLF7", "PARP2", "RPS20", "KLF2"], "CHD1_GM12878_hg19": ["IPO13", "CUTA", "IFITM1", "NOL9", "PHB2", "CORO1B", "RMND5B", "LAMP1", "PSAP", "KAT7", "SLC12A7", "P4HTM", "RPL39", "ZNF442", "BCKDHA", "SF3A2", "RAD23A", "SUOX", "KLF2", "ALDH3A2", "EXT2", "RPS28", "CCDC9", "EEF1D", "EIF3L", "DMWD", "PSMC1", "S100A6", "TOMM7", "DRG1", "RPL27", "MAP3K11"], "CTCF_GM10248_hg19": ["MAPKBP1", "DGKD", "POMT1", "NOL9", "PPM1F", "TRPM2", "TATDN2", "ALS2CL", "ADRBK1", "MKNK2", "RPL36", "FAM53B", "RPL38", "TMSB10", "P4HTM", "TIMM8B", "CAMLG", "FZD4", "PARP2", "ECD", "ADAP1", "CDC25B", "RNF144A", "EXT2", "RPS28", "P4HA1", "SH3D21", "ITGA10", "H3F3AP4", "TOMM7", "RPS20", "SRSF4"]}