{"H3K4me3_mammary epithelial cell_hg19": ["CYFIP1", "CLTC", "IFT52", "OPHN1", "TCTN1", "VPS35", "CA9", "SLC12A7", "HOXA6", "LMCD1", "BCKDHA", "STX8", "SCAMP2", "RRAGC", "RABEP2", "DNAJC7", "SYF2", "EEF1D", "RPL24", "ANAPC1", "IVL", "CGGBP1", "ASF1B", "CTF1", "POLDIP2", "STX18", "HTRA1", "CORO1B", "RMND5B", "PSMB2", "PODXL", "KCNMB4", "RAB6B", "TIMM8B", "ECD", "IFT122", "FMO4", "SUOX", "KLF2", "XKR8", "FIG4", "KLF7", "CCDC9", "CAPN10", "EIF3L", "ITGA10", "RAB13", "MGP", "R3HDM4", "FAU", "HIST1H4C", "RPS21"], "H2AFZ_H1-hESC_hg19": ["POLDIP2", "ABHD4", "NDUFB5", "DCTN3", "STX18", "AGPAT1", "PSMB2", "RUSC1", "CHST10", "RPL36", "VPS35", "CAMTA2", "DCAF11", "CD34", "ZNF442", "TIMM8B", "NQO1", "RPL41", "TNK1", "IFT122", "MUL1", "SUOX", "PGA3", "ASRGL1", "OAS2", "ITGA10", "ZW10", "S100A6", "TOMM7", "EIF3H", "ANAPC1"], "H3K9ac_NT2-D1_hg19": ["POLDIP2", "NDUFB5", "STX18", "CLTC", "CORO1B", "IFT52", "OPHN1", "RAB6B", "CA14", "TIMM8B", "CRTAP", "GSTM1", "IFT122", "GLTSCR2", "CDC25B", "SCAMP2", "MAPK13", "ALDH3A2", "KAT2A", "NSA2", "KCNS1", "SH3D21", "APOC1", "PXDN", "ANAPC1", "CGGBP1", "MAP3K11", "ATF4", "GLYR1"], "H2AFZ_HeLa-S3_hg19": ["CUTA", "IFITM1", "NDUFB5", "PRKCSH", "DCTN3", "STX18", "HILPDA", "PPAN", "UBE2L6", "PPM1F", "HEATR2", "PLCG2", "CAMTA2", "CA9", "DCAF11", "TIMM8B", "STX8", "SIRT2", "SCAMP2", "FIG4", "C9ORF9", "TMEM214", "QARS", "DOLPP1", "ITGA10", "PQLC2", "RAB13", "SRSF4", "FAU", "ANAPC1"], "H4K20me1_A549_hg19": ["CYFIP1", "RAMP3", "BZW2", "ADIPOR2", "TSPAN32", "PIK3C2B", "RMND5B", "ZMIZ2", "UBN1", "PLCG2", "RPL14", "KCNMB4", "CD34", "TMSB10", "GUCY1A3", "CRTAP", "SPSB3", "TSPAN13", "RRAGC", "RABEP2", "DMWD", "DDIT3", "S100A6", "RPS20", "RPL27", "MXRA7", "UBA52", "GLYR1"], "H3K4me1_K562_hg19": ["MAPKBP1", "HSPB6", "GRIK5", "HILPDA", "RORC", "UBE2L6", "CA9", "TGM5", "MYOZ1", "LMCD1", "TNPO3", "CAMLG", "STX8", "PDE4C", "MUL1", "ASRGL1", "CDC25B", "ALDH3A2", "RNF144A", "KAT2A", "PLSCR3", "PECAM1", "CUTA", "RAMP3", "DIABLO", "DCTN3", "NOL9", "ART1", "CD79A", "RAB20", "PODXL", "FLRT1", "ZNF747", "KCNMB4", "CAMTA2", "APOD", "TAC3", "P4HTM", "NQO1", "GSTM2", "MIIP", "TNK1", "KLF2", "XKR8", "EXT2", "TCN2", "KCNS1", "ITGA10", "PLCD1"], "H3K4me1_H1-hESC_hg19": ["ABHD4", "PTPRO", "PARN", "PLAT", "SEPT9", "ZMAT3", "LMNA", "STAT4", "CD34", "HOXA6", "S100A10", "GSTM2", "SIGLEC15", "VWF", "LMO3", "PDE4C", "FMO4", "ADAP1", "KLF2", "C9ORF9", "BCAM", "KAT2A", "KCNS1", "PLSCR3", "OAS2", "APOC1", "APLNR", "TEK"], "H3K9me3_fibroblast of dermis_hg19": ["MAPKBP1", "RPLP1", "DCTN3", "PPM1F", "SERPINA4", "RPL7A", "PSMB2", "LMNA", "SUMO2", "HEATR2", "KAT7", "TMSB10", "XDH", "NQO1", "RPL41", "PRAF2", "TNK1", "SYT13", "DUSP22", "KLF7", "DNAJC7", "EIF3L", "DDIT3", "S100A6", "DRG1", "TTLL12", "CCDC130", "ATF4"], "H3K4me3_cardiac muscle cell_hg19": ["CYFIP1", "ROCK2", "CLTC", "HTRA1", "AGPAT1", "CORO1B", "PSMB2", "PPP1R13L", "UBN1", "KCNMB4", "TNPO3", "TEAD4", "CRTAP", "GSTM1", "STX8", "FMO4", "SCAMP2", "XKR8", "RABEP2", "DNAJC7", "CTDSP1", "EIF3L", "DOLPP1", "ITGA10", "RAB13", "S100A6", "RPL24", "HIST1H4C", "PLCD1", "CGGBP1"], "H3K4me3_epithelial cell of esophagus_hg19": ["DGKD", "AGPAT1", "CORO1B", "PSMB2", "PPP1R13L", "UBN1", "ZNF747", "NDN", "CAMTA2", "LMCD1", "P4HTM", "ZNF862", "ZNF442", "VAT1", "SLC12A5", "STX8", "RPSA", "FMO4", "GLTSCR2", "KLF2", "HNRNPL", "SPSB3", "MMP14", "RABEP2", "DNAJC7", "CTDSP1", "ITGA10", "RAB13", "S100A6", "CGGBP1"], "H3K4me2_endothelial cell of umbilical vein_hg19": ["IFITM1", "HILPDA", "CORO1B", "IFT52", "RAB20", "OPHN1", "PTTG1", "ZNF747", "NDN", "APOD", "E2F4", "RAB6B", "BCKDHA", "TIMM8B", "GSTM2", "SLC12A5", "ECD", "MBOAT2", "FMO4", "SUOX", "SIRT2", "REC8", "BCAM", "KCNS1", "CAPN10", "SYF2", "EEF1D", "ZNF419", "PQLC2"], "H3K27me3_NT2-D1_hg19": ["DGKD", "RAMP3", "DIABLO", "PTPRO", "SEPT9", "WNT6", "LGALS3", "BPIFA1", "ZMIZ2", "STAT4", "CA9", "CD34", "HOXA6", "JAM3", "ZNF442", "GUCY1A3", "RASL10A", "TNK1", "ARHGEF38", "ADAP1", "KLF2", "MAPK13", "SLC2A9", "P2RX4", "KCNS1", "P4HA1", "CTDSP1", "R3HDM4", "GAS6"], "H3K4me3_keratinocyte_hg19": ["IPO13", "DGKD", "USPL1", "RPLP1", "STX18", "CORO1B", "RMND5B", "IFT52", "OPHN1", "PTTG1", "PPME1", "ADRBK1", "TCTN1", "UBN1", "KCNMB4", "VPS35", "CA9", "ZNF721", "SLC12A7", "RAB6B", "P4HTM", "BCKDHA", "CRTAP", "SLC12A5", "STX8", "ECD", "FMO4", "SUOX", "XKR8", "HNRNPL", "FIG4", "SPSB3", "TCN2", "RRAGC", "RABEP2", "DNAJC7", "CTDSP1", "SYF2", "EEF1D", "ZC3H11A", "RAB13", "APOC1", "HIST1H4C", "RPS21", "ASF1B", "ATF4"], "H3K9me3_ES-E14_mm9": ["MIIP", "FAU", "ANAPC1"], "H3K9me3_skeletal muscle myoblast_hg19": ["TMEM161A", "RPP30", "SLC41A3", "ART1", "WNT6", "RPL7A", "RBM15B", "ALS2CL", "PSMB2", "LMNA", "CFL1", "ZNF669", "STOM", "ZNF442", "BTNL8", "PCDHGA5", "RASL10A", "UBE2C", "TNK1", "MBOAT2", "FIG4", "NSA2", "DNAJC7", "EIF3L", "CD5", "MGP", "APLNR", "S100A6", "CCDC130"], "H3K27me3_HepG2_hg19": ["STX18", "PTPRO", "CLTC", "SEPT9", "IFT52", "ZNF747", "FAM63A", "A2M", "ZIM2", "BCKDHA", "TIMM8B", "RASL10A", "GSTO1", "SCAMP2", "KLF7", "NSA2", "CCDC9", "CAPN10", "SYF2", "OAS2", "MGP", "APOC1", "RPL24", "HIST1H4C", "ANAPC1", "CGGBP1"], "H3K27me3_spleen_mm9": ["USP13", "CYFIP1", "PTPRO", "HTRA1", "PRDM14", "CRMP1", "TSKU", "TRPM2", "RAB20", "ALS2CL", "TMEM246", "PODXL", "PPP1R13L", "LMNA", "KCNMB4", "HOXA6", "TEAD4", "VAT1", "GSTO1", "MBOAT2", "SYT13", "SEMA4G", "MAPK13", "BCAM", "KCNS1", "DMWD", "MALL", "RAB13", "MXRA7", "GAS6"], "H3K4me3_brain microvascular endothelial cell_hg19": ["CYFIP1", "DGKD", "CTF1", "RPLP1", "AGPAT1", "CORO1B", "PSMB2", "PPP1R13L", "SUMO2", "UBN1", "HEATR2", "KCNMB4", "P4HTM", "ZNF862", "ZNF442", "GSTM2", "SLC12A5", "GSTM1", "FMO4", "XKR8", "HNRNPL", "RABEP2", "DNAJC7", "CTDSP1", "EIF3L", "ITGA10", "RAB13", "RPL24", "CGGBP1"], "H3K4me1_GM12878_hg19": ["HSPB6", "POMT1", "HILPDA", "TSKU", "PIK3C2B", "SEPT9", "RBM15B", "TATDN2", "OPHN1", "STAT4", "LAIR2", "S100A10", "JAM3", "IFNA13", "PRAF2", "ARHGEF38", "GP1BA", "FMO4", "ASRGL1", "ALDH3A2", "RNF144A", "EXT2", "SH3D21", "DOLPP1", "DMWD", "RPL37A", "MGP", "APOC1", "RNF122"], "H3K79me2_MEL cell line_mm9": ["MAPKBP1", "TMEM161A", "HSPB6", "STX18", "IFT52", "TMEM223", "CYB5R3", "PSMB2", "LAMP1", "ZMAT3", "CAMTA2", "E2F4", "CLIC1", "TNPO3", "TIMM8B", "CRTAP", "CCDC176", "PARP2", "GSTO1", "NSA2", "MMP14", "SH3D21", "CCDC9", "SGSM2", "NDUFS2", "RPS20", "FAU", "CGGBP1"]}