{"TP63-22573176-HFKS-HUMAN": ["EIF4A1", "MTCH1", "SPARC", "RPLP0", "HSPB1", "HNRNPR", "MAT2B", "PARK7", "UQCR10", "ATP5L", "HK1", "MYL12B", "AKAP12", "PTBP1", "RPS14", "MT2A", "PSMD7", "YWHAQ", "ARHGDIB", "BRD9", "RPS2", "COX8A", "ANXA1", "ANXA2", "MMP1", "TUBB", "CAV1", "PGAM1", "RPS6", "MYOF", "NDUFC2", "MRPL28", "ATP1B3", "HNRNPAB", "PDIA6", "ATP5J2", "RHOB", "EEF1G", "PSMA6", "FABP4", "FABP5", "CD9", "PABPC1", "SLC25A5", "PTMA", "PPIA", "EIF3D", "MT1E"], "RAD21-21589869-MESC-MOUSE": ["IFITM3", "NPM1", "GLO1", "MGST3", "ARHGAP29", "PARK7", "REXO2", "THBS1", "CTGF", "RHOB", "MYL12B", "FBL", "GJA1", "TUBA1B", "RPS15A", "PSMD7", "FABP5", "NHP2", "VIM", "MAPK6", "NES", "PPIA", "RPL19", "SNRPB"], "SUZ12-20075857-MESC-MOUSE": ["CD63", "FHL2", "THBS1", "PRSS23", "FSTL1", "CYR61", "EFEMP1", "POLR2B", "TUBB3", "ITGAV", "MAPK6", "B2M", "HMGN3", "EDN1", "MCAM", "CAV1", "CRIM1", "ARHGAP29", "EEF2", "RHOB", "FKBP1A", "DDAH1", "GNAS", "PTX3", "NES", "RPL28"], "AR-19668381-PC3-HUMAN": ["RAB1A", "HSPB1", "THBS1", "CTGF", "AKAP12", "LDHB", "FBL", "LDHA", "PSMD7", "RARS", "DHX15", "PSMD1", "MAPK6", "SLC38A2", "RPS13", "EDN1", "RPL21", "H2AFZ", "CAV1", "CRIM1", "ARHGAP29", "NDUFC2", "MSN", "ATP1B3", "SRP9", "ZWINT", "FABP5", "VAPA", "UQCRQ", "NCL", "GNAS", "CD9", "PABPC1", "RAN", "TPT1"], "SRY-25088423-EMBRYONIC GONADS-MOUSE": ["CSTB", "CD63", "LRRC59", "ARF1", "RPL34", "SERPINE1", "ODC1", "POMP", "ACTB", "RTN4", "MYL12B", "FBL", "CHCHD2", "LDHA", "XPO1", "POLR2B", "PSMD2", "RPL35", "ACTR3", "SRGN", "TPI1", "HSPA5", "MCAM", "ANXA5", "FN1", "HMGA1", "RPL13A", "MSN", "PNRC2", "EEF1A1", "MYL6", "DDX39B", "SERBP1", "CYCS", "GAPDH", "RPL28"], "RCOR3-21632747-MESC-MOUSE": ["MTCH1", "SLC25A3", "GLO1", "HSPB1", "ATP5G3", "ATP5H", "ACTB", "RTN4", "CTGF", "ACTG1", "RPS14", "RPS17", "GJA1", "XPO1", "RPS16", "TUBA1A", "YWHAQ", "POLR2B", "TUBB3", "BASP1", "RPL18", "SLC38A2", "NPM1", "HSP90AA1", "EDN1", "HSPA5", "H2AFZ", "GLRX5", "HMGA1", "NAP1L1", "SRP9", "PSMA6", "VAPA", "CD9", "VIM", "PABPC1", "ALDOA", "RPS24"], "RBPJ-21746931-IB4-LCL-HUMAN": ["IFITM3", "UFD1L", "CSTB", "ARF1", "POMP", "ATP5A1", "FN1", "NDUFC1", "DEK", "FSTL1", "RPL6", "ACTB", "ATP5L", "RPS26", "FBL", "RPS25", "MORF4L1", "PRDX1", "RPL35", "CD9", "GAPDH", "EIF3D", "CALM2"], "GATA1-21571218-MEGAKARYOCYTES-HUMAN": ["IFITM3", "YWHAE", "CD63", "HSP90AB1", "FHL2", "THBS1", "HIF1A", "ACTB", "RTN4", "HK1", "LDHB", "UBC", "RPL35", "MAPK6", "SLC38A2", "TIE1", "NDUFC2", "EEF1A1", "NGFRAP1", "CKS2", "HYOU1", "PABPC1", "ALDOA", "RPL29", "PTMA"], "RUNX2-22187159-PCA-HUMAN": ["SPARC", "HSP90AB1", "GBE1", "FHL2", "VPS26A", "MAT2B", "ATP5G3", "ENO1", "FSTL1", "ACTB", "CTGF", "TUBA1C", "PSMD7", "BASP1", "RARS", "DHX15", "PLS3", "SEC61B", "SLC38A2", "RPL21", "ANXA2", "CAV1", "ANXA5", "FN1", "MSN", "NAP1L1", "ZWINT", "RHOB", "GNAS", "RLIM", "CKS2", "CD9", "PPIA", "RAN", "RPS24"], "SOX2-21211035-LN229_GBM-HUMAN": ["ENY2", "GBE1", "RPL34", "FHL2", "U2AF1", "MAT2B", "PARK7", "THBS1", "FBL", "MT2A", "XPO1", "PSMD7", "EFEMP1", "YWHAQ", "BASP1", "DHX15", "PLS3", "UQCRFS1", "HMGN3", "HMGN1", "NPM1", "ANXA1", "TIE1", "CRIM1", "MSN", "ZWINT", "FKBP1A", "FABP5", "VAPA", "GNAS", "CYCS", "RPS24"], "TCF4-23295773-U87-HUMAN": ["YWHAE", "OAT", "GBE1", "FHL2", "YBX1", "HIF1A", "FSTL1", "RPL6", "HK1", "AKAP12", "GJA1", "XPO1", "EFEMP1", "POLR2B", "TUBB3", "BASP1", "RARS", "UBC", "MAPK6", "KPNA2", "RPS12", "ANXA2", "ANXA5", "MYOF", "FN1", "CRIM1", "MSN", "PDIA6", "SRP9", "ZWINT", "FABP4", "DDAH1", "FABP5", "VAPA", "UQCRQ", "NDUFAB1", "GNAS", "CD9", "PPIA", "CALM2", "RAN"], "FOXA2-19822575-HepG2-human": ["EIF4A1", "HSP90AB1", "GBE1", "GLO1", "SERPINE1", "ODC1", "YBX1", "ENO1", "HIF1A", "CTGF", "HK1", "AKAP12", "TUBA1C", "RPS19", "PRDX1", "UBC", "PSMD1", "BRD9", "KPNA2", "SLC38A2", "HSP90AA1", "EDN1", "RRM2", "ANXA2", "ANXA5", "FN1", "CRIM1", "RPL13A", "NDUFC2", "DEK", "PNRC2", "RAN", "SNRPB"], "AR-20517297-VCAP-HUMAN": ["CD63", "ENY2", "SPARC", "ANXA2", "GBE1", "CAV1", "MMP2", "RPL13A", "ATP5F1", "DYNLL1", "C14ORF166", "RTN4", "FBL", "MORF4L1", "HNRNPH1", "RPL27A", "SERBP1", "ARHGDIB", "SNRPG", "RPS3", "PTX3", "RPL13AP6", "EIF3D", "HMGN1"], "SMAD4-21799915-A2780-HUMAN": ["OAT", "MGST3", "FHL2", "MAT2B", "THBS1", "HIF1A", "FSTL1", "CYR61", "CTGF", "LDHB", "EFEMP1", "DHX15", "SLC38A2", "ACTR3", "EDN1", "RPL21", "MMP2", "ANXA5", "ATP1B3", "RHOB", "DDAH1", "HNRNPA2B1", "NES", "CALM2", "SNRPB"], "TET1-21490601-MESC-MOUSE": ["CD63", "ENY2", "OAT", "ANXA2", "MMP2", "SERPINE1", "ANXA5", "NDUFC2", "SRP9", "RTN4", "CTGF", "HK1", "HNRNPK", "TUBA1A", "VAPA", "PRDX1", "GNAS", "ALDOA", "CDIPT", "NES", "CALM2"], "SIN3B-21632747-MESC-MOUSE": ["YWHAE", "MTCH1", "SERPINE1", "HMGB2", "PARK7", "ATP5G3", "ENO1", "RPL6", "ACTB", "ACTG1", "PTBP1", "TUBA1C", "TUBB6", "PSMD7", "TUBA1A", "SNRPD2", "RPS19", "TUBB3", "BASP1", "HMGN1", "ACTR3", "SRGN", "HSP90AA1", "EDN1", "RPL21", "PGAM1", "DYNLL1", "SRP9", "EEF1A1", "MORF4L1", "PSMA6", "DDX39B", "NHP2", "SNRPG", "CKS2", "ALDOA", "SNRPC", "GAPDH", "ENY2", "OAT", "GLO1", "RTN4", "ATP5L", "SDCBP", "RPS15A", "POLR2B", "BRD9", "RPL18", "NPM1", "HSPA5", "NAP1L1", "HNRNPAB", "RPS25", "VIM", "CALR", "NES", "EIF3D", "CALM2", "RAN", "RPS24", "TPT1"], "HNF4A-19822575-HepG2-human": ["UFD1L", "GBE1", "RPL34", "SERPINE1", "FHL2", "HNRNPR", "PARK7", "ATP5G3", "YBX1", "RPL6", "ACTB", "CTGF", "ACTG1", "AKAP12", "PTBP1", "TUBA1C", "RPS14", "MT2A", "RPS16", "PSMD7", "RPS19", "YWHAQ", "RARS", "PSMD1", "ITGAV", "KPNA2", "RPS12", "ACTR3", "EDN1", "ANXA2", "RPL23", "GLRX5", "ANXA5", "RPS6", "NDUFC2", "RPS3A", "ATP5J2", "MORF4L1", "PSMA6", "DDAH1", "CSNK2B", "SNRPG", "RPL29", "SLC25A5", "SNRPC", "SNRPB", "CSTB", "RAB1A", "GLO1", "ODC1", "U2AF1", "HIF1A", "RTN4", "HSPD1", "LDHA", "RPS15A", "GNG5", "PRDX1", "UBC", "RPS3", "RPS2", "RPL18", "SLC38A2", "HSPA5", "PTGES3", "FN1", "CRIM1", "ARHGAP29", "FKBP1A", "RPS26", "RPS25", "HNRNPK", "NACA", "RPL27A", "NDUFAB1", "CD9", "CYCS", "EIF3D", "CALM2", "RAN", "TPT1"], "TP63-23658742-EP156T-HUMAN": ["OAT", "SERPINE1", "RPL11", "FHL2", "ICAM2", "MAT2B", "ENO1", "THBS1", "HIF1A", "CYR61", "RTN4", "CTGF", "MYL12B", "AKAP12", "PSMD7", "EFEMP1", "ARHGDIB", "SLC38A2", "ACTR3", "SRGN", "EDN1", "ANXA1", "ANXA2", "FN1", "NDUFC1", "ATP1B3", "HNRNPAB", "ZWINT", "EEF1G", "NGFRAP1", "FABP5", "VAPA", "SERBP1", "PPIA", "EIF3D", "RPS23"], "TP53-23651856-MEF-MOUSE": ["LRRC59", "ENY2", "SLC25A3", "HSP90AB1", "RPL31", "CD81", "FHL2", "RPS27L", "PARK7", "THBS1", "PRSS23", "CYR61", "HK1", "PTBP1", "SDCBP", "FBL", "GJA1", "TUBB6", "SNRPD2", "RPS19", "UBC", "ARHGDIB", "DHX15", "PLS3", "RPL18", "MAPK6", "MARCKSL1", "RRM2", "ANXA1", "MMP2", "ANXA5", "CRIM1", "NDUFC2", "MSN", "PDIA6", "ATP5J2", "EEF1G", "FABP5", "SERBP1", "NDUFAB1", "CANX", "NES", "PTMA", "PPIA"], "TET1-21451524-MESC-MOUSE": ["HSPA8", "ARF1", "CAV1", "PTGES3", "GLRX5", "PGAM1", "SERPINE1", "POMP", "RTN4", "CKS1B", "RPS26", "FBL", "MYL6", "TUBA1B", "XPO1", "EFEMP1", "TUBA1A", "PPIA"]}