{"SP4 (human)": ["HYOU1"], "MYC::MAX (human)": ["DDX39B"], "REST (human)": ["DDX39B"], "SMAD3 (human)": ["SERPINE1"], "PLAG1 (human)": ["DDX39B"], "NR1H2::RXRA (human)": ["DDX39B"], "NFYB (human)": ["ACTB"], "INSM1 (human)": ["DDX39B"], "MIZF (human)": ["DDX39B"], "EBF1 (mouse)": ["RPL28"], "RXR::RAR_DR5 (human)": ["DDX39B"], "CTCF (human)": ["DDX39B"], "RREB1 (human)": ["DDX39B"], "RXRA::VDR (human)": ["DDX39B"], "CBX5 (human)": ["RPS27L"], "RORA_2 (human)": ["DDX39B"], "NHLH1 (human)": ["DDX39B"], "TLX1::NFIC (human)": ["DDX39B"], "IRF1 (human)": ["DDX39B"], "EWSR1-FLI1 (human)": ["DDX39B"]}