{"H3K4me2 IMR90": ["UFD1L", "RPLP0", "FHL2", "HMGB2", "PARK7", "ATP5G3", "YBX1", "PRSS23", "C14ORF166", "CTGF", "PTBP1", "TUBA1C", "CHCHD2", "TUBA1B", "TUBB6", "MT2A", "PSMD7", "SNRPD2", "TUBB3", "PSMD2", "UQCRFS1", "SEC61B", "KPNA2", "HMGN3", "RPS13", "COX8A", "HSP90AA1", "ANXA1", "RPL21", "GLRX5", "HNRNPA1P10", "ATP1B3", "ATP5F1", "DYNLL1", "EEF1A1", "EEF1G", "NCL", "CANX", "NHP2", "SRSF2", "MATR3", "ALDOA", "RPL29", "SLC25A5", "PFN1", "SNRPC", "PTMA", "RPL28", "CSTB", "ENY2", "DDX5", "OAT", "GLO1", "ODC1", "POMP", "ATP5A1", "RPL36A", "VPS26A", "UQCR10", "ATP5H", "ATP5L", "SDCBP", "LDHB", "ATP5B", "POLR2B", "UBC", "BRD9", "RBBP7", "CDIPT", "RPL17", "HSPA8", "MARCKSL1", "RRM2", "TUBB4B", "ZWINT", "RPS26", "RPS25", "FABP5", "UQCRQ", "NDUFAB1", "GNAS", "RLIM", "CD9", "CYCS", "UBA1", "SLIRP", "EIF3D", "RAN", "RPS23"], "H3K4me3 Penis Foreskin Fibroblast Primary Cells": ["UFD1L", "CSTB", "MTCH1", "GLO1", "ODC1", "POMP", "ATP5A1", "FHL2", "HMGB2", "ICAM2", "VPS26A", "UQCR10", "ATP5L", "MYL12B", "MT2A", "EFEMP1", "SNRPD2", "POLR2B", "BASP1", "RARS", "PLS3", "UQCRFS1", "ITGAV", "BRD9", "SEC61B", "MAPK6", "HSP90AA1", "NDUFC2", "NDUFC1", "ATP5F1", "REXO2", "PDIA6", "EEF1A1", "PSMA6", "FABP4", "FABP5", "UQCRQ", "HNRNPA2B1", "GNAS", "RLIM", "CYCS", "SLIRP", "ALDOA", "SLC25A5", "SNRPB"], "H3K4me1 H1 Derived Mesenchymal Stem Cells": ["IFITM3", "MTCH1", "OAT", "SPARC", "RPL31", "ENO1", "ATP5H", "THBS1", "PRSS23", "FSTL1", "HSPD1", "ATP5L", "MYL12B", "AKAP12", "PTBP1", "TUBB6", "EFEMP1", "POLR2B", "BASP1", "PRDX1", "BRD9", "RPL18", "MAPK6", "SLC38A2", "RPS13", "TPI1", "RRM2", "MMP1", "PTGES3", "CRIM1", "HMGA1", "ATP5F1", "HNRNPAB", "PDIA6", "ZWINT", "RHOB", "RPS26", "MORF4L1", "FABP5", "NCL", "NHP2", "MATR3", "SNRPC", "RAN", "RPS23"], "H3K9me3 H1 Derived Mesenchymal Stem Cells": ["HK1"], "H3K9ac Adipose Derived Mesenchymal Stem Cell Cultured Cells": ["YWHAE", "SERPINE1", "MT1X", "YBX1", "RPL9", "CYR61", "CTGF", "ACTG1", "AKAP12", "TUBA1C", "CHCHD2", "TUBB6", "MT2A", "SNRPD2", "TUBB3", "TMSB4X", "DHX15", "PSMD1", "UQCRFS1", "ITGAV", "HMGN1", "HSP90AA1", "RPS8", "MMP1", "PGAM1", "HNRNPA1P10", "NDUFC2", "SRP9", "RHOB", "EEF1A1", "EEF1G", "PSMA6", "MYL6", "NGFRAP1", "CANX", "ALDOA", "SLC25A5", "RAB1A", "GLO1", "ODC1", "ATP5A1", "RPL36A", "RPS27L", "VPS26A", "UQCR10", "ATP5H", "ATP5L", "LDHB", "POLR2B", "BRD9", "RPS2", "RPL18", "RPL19", "MARCKSL1", "CRIM1", "NAP1L1", "EEF2", "TUBB4B", "ZWINT", "RPS25", "FABP5", "UQCRQ", "SERBP1", "NDUFAB1", "RLIM", "CD9", "CYCS", "SLIRP", "RAN", "RPS23"], "H3K4me1 Chondrocytes from Bone Marrow Derived Mesenchymal Stem Cell Cultured Cells": ["UFD1L", "GLO1", "ATP5A1", "FHL2", "HMGB2", "VPS26A", "UQCR10", "ATP5H", "HSPD1", "TUBA1C", "TUBA1B", "TUBB6", "MT2A", "PSMD7", "SNRPD2", "SEC61B", "KPNA2", "B2M", "HMGN3", "COX8A", "MARCKSL1", "HSP90AA1", "RRM2", "PGAM1", "HNRNPA1P10", "ZWINT", "EEF1A1", "RPS25", "NGFRAP1", "MORF4L2", "NDUFAB1", "CANX", "SRSF2", "ALDOA", "SLC25A5", "SNRPC", "EIF3D"], "H3K4me3 Breast Myoepithelial Cells": ["IFITM3", "MTCH1", "SERPINE1", "ICAM2", "PARK7", "C14ORF166", "TUBB6", "MT2A", "PSMD7", "LGALS1", "SNRPD2", "BASP1", "PSMD2", "ARHGDIB", "KPNA2", "B2M", "HMGN3", "RPS12", "HMGN1", "RPL21", "RPS8", "ATP1B3", "NGFRAP1", "NHP2", "MATR3", "SNRPC", "RPL28", "LRRC59", "ENY2", "GLO1", "MGST3", "VPS26A", "ATP5H", "ATP5L", "SDCBP", "LDHB", "ATP5B", "UBC", "FN1", "MRPL28", "ZWINT", "RPS26", "RPS25", "UQCRQ", "CYCS", "UBA1", "RPS23", "UFD1L", "GBE1", "HMGB2", "ATP5G3", "YBX1", "PRSS23", "CYR61", "AKAP12", "PTBP1", "TUBA1C", "TUBA1B", "TUBA1A", "TMSB4X", "RARS", "DHX15", "UQCRFS1", "ITGAV", "SEC61B", "COX8A", "SRGN", "HSP90AA1", "EDN1", "H2AFZ", "MMP2", "GLRX5", "PGAM1", "HNRNPA1P10", "NDUFC2", "NDUFC1", "ATP5F1", "DYNLL1", "REXO2", "SRP9", "EEF1G", "CANX", "CKS2", "PABPC1", "SLC25A5", "GAPDH", "CSTB", "RAB1A", "ODC1", "POMP", "ATP5A1", "RPL36A", "RPS27L", "U2AF1", "UQCR10", "FSTL1", "HSPD1", "POLR2B", "BRD9", "RBBP7", "CDIPT", "MAPK6", "MARCKSL1", "RRM2", "DEK", "TUBB4B", "PNRC2", "FABP5", "HNRNPA2B1", "NDUFAB1", "CD9", "PTX3", "SLIRP", "EIF3D", "RAN"], "H3K9ac Bone Marrow Derived Mesenchymal Stem Cell Cultured Cells": ["UFD1L", "GBE1", "FHL2", "MT1X", "TUBA1C", "CHCHD2", "TUBB6", "MT2A", "TUBA1A", "SNRPD2", "BASP1", "RARS", "DHX15", "UQCRFS1", "HMGN3", "GLRX5", "NDUFC2", "NDUFC1", "ATP1B3", "ATP5F1", "PDIA6", "EEF1A1", "EEF1G", "PSMA6", "CANX", "NHP2", "SRSF2", "MATR3", "ALDOA", "SLC25A5", "SNRPC", "GAPDH", "MT1E", "CSTB", "GLO1", "ODC1", "POMP", "ATP5A1", "VPS26A", "UQCR10", "ATP5H", "HSPD1", "ATP5L", "SDCBP", "LDHB", "POLR2B", "UBC", "RBBP7", "CDIPT", "RPL19", "RRM2", "NAP1L1", "TUBB4B", "ZWINT", "RPS25", "FABP5", "UQCRQ", "NDUFAB1", "RLIM", "CD9", "UBA1", "EIF3E", "SLIRP", "RAN"], "H3K27me3 IMR90": ["ARHGAP29"], "H3K4me3 Mesenchymal Stem Cell Derived Adipocyte Cultured Cells": ["UFD1L", "MTCH1", "HMGB2", "C14ORF166", "CYR61", "CTGF", "FBL", "RPS14", "CHCHD2", "TUBA1B", "MT2A", "TUBA1A", "SNRPD2", "TUBB3", "RARS", "ARHGDIB", "RPL35", "UQCRFS1", "SEC61B", "KPNA2", "HMGN3", "RPS13", "RPS12", "HMGN1", "COX8A", "SRGN", "HSP90AA1", "TPI1", "RPL23", "GLRX5", "HNRNPA1P10", "NDUFC1", "ATP1B3", "ATP5F1", "PDIA6", "EEF1A1", "EEF1G", "NCL", "CANX", "NHP2", "CKS2", "SRSF2", "MATR3", "ALDOA", "RPL29", "SLC25A5", "PFN1", "SNRPC", "PTMA", "GAPDH", "RPL28", "SNRPB", "CSTB", "ENY2", "GLO1", "ODC1", "POMP", "ATP5A1", "VPS26A", "U2AF1", "UQCR10", "ATP5H", "HSPD1", "GNG5", "POLR2B", "UBC", "BRD9", "RBBP7", "CDIPT", "MARCKSL1", "RRM2", "HMGA1", "MRPL28", "TUBB4B", "HNRNPAB", "ZWINT", "RPS26", "RPS25", "UQCRQ", "HNRNPA2B1", "NDUFAB1", "CD9", "CYCS", "UBA1", "SLIRP", "NES", "EIF3D", "RAN", "RPS23"], "H3K36me3 Brain Germinal Matrix": ["MRPL28"], "H3K4me1 Neurosphere Cultured Cells Ganglionic Eminence Derived": ["UFD1L", "ARF1", "SPARC", "GBE1", "FHL2", "MT1X", "RPL9", "CYR61", "CTGF", "CHCHD2", "TUBB6", "SNRPD2", "TUBB3", "SEC61B", "RPS13", "EDN1", "MMP2", "GLRX5", "PGAM1", "MYOF", "PDIA6", "RHOB", "MYL6", "ALDOA", "PPIA", "CSTB", "ENY2", "POMP", "U2AF1", "UQCR10", "ATP5H", "THBS1", "HSPD1", "POLR2B", "UBC", "BRD9", "RPS2", "RPL18", "MARCKSL1", "FN1", "MRPL28", "TUBB4B", "HNRNPAB", "ZWINT", "PNRC2", "RPS26", "RPS25", "UQCRQ", "GNAS", "CYCS", "EIF3D"], "H3K4me2 H1 BMP4 Derived Mesendoderm Cultured Cells": ["RPL34", "SERPINE1", "ICAM2", "MT1X", "RPL9", "TUBB6", "MT2A", "PSMD7", "EFEMP1", "SNRPD2", "TUBB3", "BASP1", "PSMD1", "KPNA2", "RPS13", "RPL21", "RPS6", "ATP1B3", "PDIA6", "NHP2", "RPL29", "PFN1", "SNRPC", "PPIA", "LRRC59", "ENY2", "GLO1", "VPS26A", "ATP5L", "SDCBP", "LDHA", "HSPA5", "MCAM", "CAV1", "CRIM1", "ARHGAP29", "EEF2", "ZWINT", "RPS26", "HNRNPK", "UQCRQ", "CYCS", "HYOU1", "CALM2", "UFD1L", "SLC25A3", "GBE1", "HMGB2", "HMGB1", "PRSS23", "CYR61", "TUBA1C", "TUBA1B", "XPO1", "TUBA1A", "RARS", "UQCRFS1", "SEC61B", "COX8A", "HSP90AA1", "EDN1", "MMP2", "GLRX5", "PGAM1", "ANXA5", "NDUFC2", "NDUFC1", "RPS3A", "ATP5F1", "REXO2", "EEF1G", "PSMA6", "PABPC1", "ALDOA", "RAB1A", "ODC1", "POMP", "ATP5A1", "RPL36A", "RPS27L", "U2AF1", "UQCR10", "THBS1", "FSTL1", "POLR2B", "BRD9", "RBBP7", "MAPK6", "MARCKSL1", "DEK", "TUBB4B", "PNRC2", "HNRNPA2B1", "NDUFAB1", "PTX3", "SLIRP", "EIF3D"], "H3K4me3 Bone Marrow Derived Mesenchymal Stem Cell Cultured Cells": ["UFD1L", "MTCH1", "FHL2", "MT1X", "ATP5G3", "C14ORF166", "CTGF", "ACTG1", "FBL", "CHCHD2", "TUBA1B", "PSMD7", "SNRPD2", "PSMD2", "ARHGDIB", "UQCRFS1", "SEC61B", "KPNA2", "HMGN3", "RPS13", "RPS12", "COX8A", "HSP90AA1", "RPL21", "ATP1B3", "ATP5F1", "DYNLL1", "EEF1G", "PSMA6", "NGFRAP1", "NCL", "CANX", "NHP2", "MATR3", "ALDOA", "SLC25A5", "SNRPC", "PTMA", "RPL28", "CSTB", "ENY2", "GLO1", "ODC1", "ATP5A1", "RPL36A", "VPS26A", "U2AF1", "UQCR10", "ATP5H", "HSPD1", "ATP5L", "SDCBP", "LDHB", "POLR2B", "BRD9", "RBBP7", "CDIPT", "MARCKSL1", "RRM2", "MCAM", "NAP1L1", "ZWINT", "RPS26", "RPS25", "FABP5", "UQCRQ", "HNRNPA2B1", "NDUFAB1", "GNAS", "CD9", "CYCS", "UBA1", "SLIRP", "NES", "EIF3D", "RAN", "RPS23"], "H3K9me3 IMR90": ["HK1"], "H3K4me3 Chondrocytes from Bone Marrow Derived Mesenchymal Stem Cell Cultured Cells": ["UFD1L", "MTCH1", "HMGB2", "ICAM2", "ATP5G3", "CTGF", "AKAP12", "CHCHD2", "TUBA1B", "MT2A", "PSMD7", "LGALS1", "SNRPD2", "TUBB3", "RARS", "PSMD2", "ARHGDIB", "DHX15", "UQCRFS1", "SEC61B", "KPNA2", "B2M", "HMGN3", "COX8A", "SRGN", "HSP90AA1", "EDN1", "GLRX5", "PGAM1", "NDUFC1", "ATP5F1", "DYNLL1", "PDIA6", "SRP9", "EEF1G", "PSMA6", "DDAH1", "CANX", "NHP2", "ALDOA", "SLC25A5", "SNRPC", "RPL28", "PPIA", "CSTB", "ENY2", "GLO1", "ODC1", "ATP5A1", "VPS26A", "U2AF1", "UQCR10", "ATP5H", "HSPD1", "ATP5B", "POLR2B", "BRD9", "CDIPT", "RPL19", "MARCKSL1", "RRM2", "ZWINT", "PNRC2", "RPS26", "RPS25", "NDUFAB1", "CYCS", "SLIRP", "EIF3D", "RPS23"], "H3K27me3 Neurosphere Cultured Cells Ganglionic Eminence Derived": ["CAV1"], "H3K4me1 Penis Foreskin Fibroblast Primary Cells": ["IFITM3", "SRGN", "MMP1", "ATP5A1", "HMGA1", "ARHGAP29", "MT1X", "PARK7", "ATP5H", "DEK", "DYNLL1", "PNRC2", "RPS26", "MORF4L1", "TUBA1C", "TUBA1B", "NGFRAP1", "SEC61B", "RBBP7"], "H3K4me2 Muscle Satellite Cultured Cells": ["UFD1L", "HMGB2", "ATP5G3", "C14ORF166", "TUBA1C", "CHCHD2", "TUBA1B", "TUBB6", "PSMD7", "SNRPD2", "TUBB3", "RARS", "ARHGDIB", "UQCRFS1", "SEC61B", "KPNA2", "B2M", "HMGN1", "HSP90AA1", "RPL21", "GLRX5", "HNRNPA1P10", "ATP5F1", "EEF1A1", "EEF1G", "PSMA6", "NCL", "CANX", "NHP2", "SRSF2", "MATR3", "ALDOA", "SLC25A5", "SNRPC", "CSTB", "ENY2", "DDX5", "GLO1", "POMP", "ATP5A1", "VPS26A", "UQCR10", "HSPD1", "ATP5L", "LDHB", "POLR2B", "BRD9", "RBBP7", "CDIPT", "MARCKSL1", "MCAM", "ZWINT", "RPS25", "FABP5", "UQCRQ", "NDUFAB1", "CYCS", "SLIRP", "EIF3D", "RPS23"], "H3K36me3 Peripheral Blood Mononuclear Primary Cells": ["TMSB4X"]}