{"GTCTACC,MIR-379": ["EIF4G2"], "AGTCAGC,MIR-345": ["PTGES3"], "AGTCTAG,MIR-151": ["RAN"], "CACGTTT,MIR-302A": ["MORF4L1"], "AGGAGTG,MIR-483": ["XPO1"], "GTCGATC,MIR-369-5P": ["DHX15"], "TCTAGAG,MIR-517": ["HMGN3"], "GCTGAGT,MIR-512-5P": ["PTMA"], "GGGATGC,MIR-324-5P": ["RAN"], "CAGTCAC,MIR-134": ["SLC25A5"], "AGTTCTC,MIR-146A,MIR-146B": ["EIF4G2"], "GACAGGG,MIR-339": ["ARHGAP29"], "TAGAACC,MIR-182": ["CRIM1"], "GTACAGG,MIR-486": ["DYNLL1"], "ACCAATC,MIR-509": ["ATP5L"], "GGCACAT,MIR-455": ["EDN1"], "ACATATC,MIR-190": ["ACTR3"], "ACAACCT,MIR-453": ["HSPD1"], "CCCACAT,MIR-299-3P": ["ITGAV"], "CCATCCA,MIR-432": ["DYNLL1"]}