{"POLR2A_bone marrow_mm9": ["IFITM3", "GBE1", "MGST3", "RPL11", "THBS1", "CKS1B", "MYL12B", "FBL", "RPS17", "LDHA", "XPO1", "RPS15A", "PSMD7", "RPS3", "BRD9", "HMGN1", "TMA7", "NDUFC1", "ATP1B3", "PDIA6", "ZWINT", "PSMA6", "MYL6", "UQCRQ", "CD9", "PTMA", "SNRPB"], "CTCF_fibroblast of lung_hg19": ["SPARC", "RPLP0", "PARK7", "RPL9", "HK1", "AKAP12", "RPS16", "PSMD7", "TUBA1A", "RPS19", "RARS", "PSMD1", "HMGN3", "RPS12", "EDN1", "PGAM1", "ANXA5", "MYOF", "NDUFC2", "NDUFC1", "RPS3A", "ATP5F1", "DYNLL1", "REXO2", "SRP9", "NGFRAP1", "MORF4L2", "RPL29", "LRRC59", "RAB1A", "RPL11", "RPL36A", "U2AF1", "MAT2B", "OAZ1", "LDHB", "RPS3", "RPL18", "CDIPT", "CAV1", "MSN", "FKBP1A", "HNRNPK", "FABP5", "NACA", "UQCRQ", "RPL27A", "HNRNPA2B1", "NDUFAB1", "GNAS", "HYOU1", "EIF3E", "CALM2"], "POLR2A_A549_hg19": ["EIF4A1", "DDX5", "CD81", "RPL34", "SERPINE1", "U2AF1", "PARK7", "HMGB1", "THBS1", "PRSS23", "MYL12B", "FBL", "ATP5B", "TUBA1C", "CHCHD2", "RPS16", "RPS15A", "RARS", "ITGAV", "RPL18", "RPL19", "ACTR3", "HSP90AA1", "ANXA1", "H2AFZ", "RPS8", "PGAM1", "HMGA1", "MRPL28", "RPS3A", "HNRNPAB", "PDIA6", "ZWINT", "EEF1A1", "PSMA6", "VAPA", "DDX39B", "UQCRQ", "NDUFAB1", "UBA1", "EIF3E", "SLIRP", "SNRPC", "RPL28", "PPIA", "EIF3D", "EIF4G2", "TPT1"], "GABPA_MEL cell line_mm9": ["LRRC59", "PRDX1", "UBC", "ARHGDIB", "ENO1", "ALDOA"], "POLR2A_GM19193_hg19": ["CSTB", "HSP90AB1", "SERPINE1", "HMGB2", "PARK7", "YBX1", "ATP5H", "OAZ1", "ATP5L", "FBL", "TUBA1C", "CHCHD2", "RPS16", "RPS15A", "PSMD2", "COX8A", "EDN1", "ATP1B3", "TUBB4B", "SRP9", "ATP5J2", "PSMA6", "UQCRQ", "HNRNPA2B1", "CALR", "SLIRP", "ALDOA", "SNRPC", "RPS23"], "HDAC2_H1-hESC_hg19": ["CD63", "HSP90AB1", "U2AF1", "PARK7", "FSTL1", "SDCBP", "TUBA1C", "TUBA1B", "TUBB6", "MT2A", "XPO1", "PSMD7", "RPS19", "POLR2B", "RPL18", "HMGN3", "HMGN1", "HSPA8", "RPL21", "ANXA5", "MYOF", "FN1", "NDUFC2", "DEK", "FKBP1A", "EEF1A1", "RPS26", "DDX39B", "UQCRQ", "MORF4L2", "CKS2", "MATR3", "VIM", "CALR", "CALM2", "TPT1", "MT1E"], "POLR2A_GM12891_hg19": ["OAT", "CD81", "GBE1", "ODC1", "POMP", "HSPB1", "U2AF1", "MT1X", "YBX1", "UQCR10", "ATP5H", "ATP5L", "PTBP1", "FBL", "TUBA1C", "CHCHD2", "TUBB6", "RPS16", "PSMD7", "YWHAQ", "BASP1", "RARS", "PSMD2", "MAPK6", "COX8A", "MARCKSL1", "HSPA5", "ANXA2", "GLRX5", "ANXA5", "DYNLL1", "ZWINT", "ATP5J2", "RHOB", "HNRNPA2B1", "NDUFAB1", "CKS2", "UBA1", "SLIRP"], "CTCF_GM13976_hg19": ["CD63", "LRRC59", "RAB1A", "RPL11", "RPLP0", "RPL36A", "MAT2B", "MYL12B", "RPS17", "TUBB6", "RARS", "BRD9", "RPS2", "MAPK6", "HMGN3", "SLC38A2", "EDN1", "RPS3A", "DYNLL1", "REXO2", "HNRNPAB", "RHOB", "HNRNPK", "FABP5", "MORF4L2", "NDUFAB1", "GNAS", "SNRPG", "HYOU1"], "FOXP2_PFSK-1_hg19": ["HSP90AA1", "HMGB2", "RLIM", "HNRNPAB", "SLC38A2"], "POLR2A_HeLa-S3_hg19": ["CD81", "HNRNPR", "PARK7", "YBX1", "HMGB1", "CTGF", "FBL", "RPS17", "CHCHD2", "PSMD7", "RARS", "PSMD2", "UQCRFS1", "ITGAV", "HMGN1", "COX8A", "EDN1", "MYOF", "NDUFC2", "ATP1B3", "EEF1G", "PSMA6", "HNRNPH1", "SNRPG", "CKS2", "PABPC1", "CSTB", "RAB1A", "OAT", "ODC1", "RPS27L", "VPS26A", "MAT2B", "UQCR10", "ATP5H", "THBS1", "OAZ1", "ATP5L", "MYL12B", "POLR2B", "MARCKSL1", "HSPA5", "PTGES3", "HMGA1", "DEK", "ZWINT", "PNRC2", "FKBP1A", "UQCRQ", "CYCS", "HYOU1", "EIF3E", "CALR", "SLIRP", "NES"], "CTCF_keratinocyte_hg19": ["LRRC59", "OAT", "HSP90AB1", "RPL11", "RPLP0", "RPL36A", "U2AF1", "MAT2B", "CYR61", "ACTB", "HSPD1", "RPS17", "RARS", "RPS3", "PSMD1", "ITGAV", "B2M", "HMGN3", "EDN1", "ANXA1", "CAV1", "PGAM1", "ANXA5", "MYOF", "ARHGAP29", "NDUFC2", "RPS3A", "ATP1B3", "DYNLL1", "REXO2", "TUBB4B", "HNRNPAB", "SRP9", "MYL6", "NGFRAP1", "HNRNPK", "FABP5", "MORF4L2", "HNRNPA2B1", "NDUFAB1", "GNAS", "HYOU1", "EIF3E", "RPL29", "RPL28", "EIF3D"], "TAL1_K562_hg19": ["UFD1L", "CD63", "MTCH1", "ENY2", "CD81", "GBE1", "POMP", "ATP5G3", "ATP5H", "C14ORF166", "PTBP1", "RPS14", "RPS16", "YWHAQ", "DHX15", "RPL35", "RPL19", "ACTR3", "EDN1", "DYNLL1", "TUBB4B", "ZWINT", "PNRC2", "ATP5J2", "RHOB", "RPS26", "RPS25", "RPL29"], "POLR2AphosphoS2_K562_hg19": ["YWHAE", "UFD1L", "CSTB", "LRRC59", "RAB1A", "OAT", "CD81", "ODC1", "HSPB1", "MT1X", "PARK7", "UQCR10", "RPL9", "ATP5L", "FBL", "TUBB6", "MT2A", "RPS16", "TUBA1A", "SNRPD2", "YWHAQ", "RARS", "PSMD1", "UQCRFS1", "RBBP7", "COX8A", "SRGN", "MARCKSL1", "RRM2", "PGAM1", "ANXA5", "NDUFC1", "ATP1B3", "DYNLL1", "EEF2", "RHOB", "FKBP1A", "VAPA", "NDUFAB1", "NHP2", "RLIM", "CD9", "RPL13AP6", "CALR", "PABPC1", "SLIRP", "GAPDH", "PPIA"], "POLR2A_GM18526_hg19": ["CSTB", "RAB1A", "OAT", "CD81", "HMGB2", "PARK7", "OAZ1", "FBL", "TUBA1C", "CHCHD2", "RPS16", "BASP1", "PSMD2", "PSMD1", "ITGAV", "HMGN1", "SRGN", "ANXA2", "PTGES3", "ZWINT", "ATP5J2", "PSMA6", "UQCRQ", "SERBP1", "NDUFAB1", "EIF3D", "RPS23", "MT1E"], "REST_HL-60_hg19": ["POLR2B", "RARS", "ANXA5"], "POLR2A_HGPS cell_hg19": ["CSTB", "RAB1A", "ARF1", "U2AF1", "PARK7", "ATP5H", "ATP5L", "PTBP1", "BASP1", "PSMD1", "ITGAV", "BRD9", "RPS13", "RPL19", "PTGES3", "RPS6", "MRPL28", "ZWINT", "PSMA6", "CYCS", "UBA1", "SLIRP", "NES", "RPL28", "EIF3D", "TPT1", "RPS23"], "TEAD4_MCF-7_hg19": ["DDX5", "HSPB1", "EIF4G2", "CTGF", "MYL12B"], "MXI1_HepG2_hg19": ["CSTB", "RAB1A", "DDX5", "ODC1", "PARK7", "HMGB1", "RPL9", "C14ORF166", "SDCBP", "TUBA1C", "RPS16", "POLR2B", "PSMD2", "PSMD1", "RPL19", "HSPA5", "RPS8", "PGAM1", "FN1", "DYNLL1", "PDIA6", "RPS26", "FABP5", "HNRNPH1", "UBA1", "EIF3E", "ALDOA", "TPT1", "MT1E"], "SIN3A_H1-hESC_hg19": ["IFITM3", "CD63", "MTCH1", "DDX5", "OAT", "HSP90AB1", "RPL34", "SERPINE1", "YBX1", "OAZ1", "CTGF", "MYL12B", "TUBA1C", "XPO1", "RPS16", "YWHAQ", "PSMD2", "RPL35", "UQCRFS1", "RPS2", "RPL18", "B2M", "SLC38A2", "RPL17", "RPL19", "MARCKSL1", "MYOF", "HNRNPAB", "PNRC2", "FKBP1A", "RPS26", "RPS25", "VAPA", "DDX39B", "CKS2", "ALDOA", "EIF3D", "CALM2", "RAN", "TPT1"], "POLR2A_cortical plate_mm9": ["UFD1L", "LRRC59", "SERPINE1", "RPL11", "HMGB1", "ATP5H", "CYR61", "MYL12B", "LDHB", "FBL", "BLOC1S5", "RARS", "RPL35", "BRD9", "MAPK6", "MCAM", "FN1", "CRIM1", "TMA7", "PDIA6", "CD9", "EIF3E", "VIM", "NES", "SNRPB", "RPS23"]}