{"H3K4me3_mammary epithelial cell_hg19": ["ODC1", "POMP", "RPS27L", "MAT2B", "PARK7", "YBX1", "UQCR10", "PRSS23", "ACTG1", "TUBA1B", "TUBB6", "GNG5", "SNRPD2", "RPS19", "YWHAQ", "PSMD1", "ITGAV", "EDN1", "RRM2", "PGAM1", "MRPL28", "NAP1L1", "ZWINT", "RHOB", "RPS25", "DDX39B", "NACA", "RPL27A", "GNAS", "MATR3", "SLIRP", "PTMA", "CALM2"], "H3K4me3_K562_hg19": ["DDX5", "GBE1", "MGST3", "SERPINE1", "POMP", "RPS27L", "U2AF1", "MT1X", "PARK7", "ENO1", "UQCR10", "ACTB", "ATP5L", "TUBA1B", "MT2A", "GNG5", "SNRPD2", "RPS19", "YWHAQ", "UBC", "ARHGDIB", "ITGAV", "BRD9", "RPS2", "MAPK6", "RRM2", "RPS8", "GLRX5", "MYOF", "ARHGAP29", "MRPL28", "NAP1L1", "ATP5F1", "DYNLL1", "EEF2", "PNRC2", "HNRNPK", "RPL27A", "CD9", "HYOU1", "MATR3", "PFN1", "SNRPC", "CALM2", "RPS23"], "H3K27ac_astrocyte_hg19": ["UFD1L", "HSPA5", "RPLP0", "MT1X", "PARK7", "UQCR10", "ATP5H", "TUBB4B", "THBS1", "ZWINT", "ACTG1", "EEF1G", "RBBP7", "CDIPT", "RPL28", "RAN", "RPS13"], "H2AFZ_HeLa-S3_hg19": ["UFD1L", "LRRC59", "RPL23", "DYNLL1", "ZWINT", "PSMA6", "RPS14", "NGFRAP1", "SNRPD2", "RPS19", "YWHAQ", "RARS", "DHX15", "SNRPG", "RPS3", "PSMD1", "MATR3", "SLIRP", "HMGN1"], "H3K9ac_H1-hESC_hg19": ["HSPA8", "ENY2", "DDX5", "OAT", "ODC1", "POMP", "PARK7", "UQCR10", "TUBB4B", "PRSS23", "RPS25", "TUBA1C", "RBBP7", "CDIPT", "B2M", "GAPDH", "RPS13", "MT1E"], "H3K27me3_HepG2_hg19": ["SRGN", "UFD1L", "DDX5", "H2AFZ", "RPL23", "MYOF", "U2AF1", "PARK7", "UQCR10", "C14ORF166", "ATP5J2", "AKAP12", "RPS25", "RPS14", "TUBB3", "NACA", "SERBP1", "EIF3E", "TPT1", "RPS12"], "H3K4me3_CH12.LX_mm9": ["UFD1L", "DDX5", "MGST3", "POMP", "HSPB1", "RPS27L", "VPS26A", "ATP5G3", "HMGB1", "UQCR10", "PRSS23", "CKS1B", "ATP5L", "ACTG1", "MYL12B", "ATP5B", "LGALS1", "YWHAQ", "TUBB3", "BRD9", "SEC61B", "RPS12", "HMGN1", "HSP90AA1", "RRM2", "H2AFZ", "GLRX5", "ANXA5", "MYOF", "TMA7", "TUBB4B", "RPS25", "MYL6", "NCL", "CSNK2B", "SNRPG", "CYCS", "HYOU1", "VIM", "SNRPC", "GAPDH"], "H2AFZ_H1-hESC_hg19": ["SRGN", "SPARC", "GBE1", "RPL23", "RPS6", "POMP", "FHL2", "MT1X", "ATP5G3", "ATP5L", "LDHB", "PSMA6", "FABP5", "RPS19", "RPL27A", "EIF3E", "SLIRP", "RPS23"], "H3K4me3_brain_mm9": ["IFITM3", "MCAM", "MGST3", "SERPINE1", "MYOF", "FN1", "ARHGAP29", "HSPB1", "MSN", "THBS1", "MYL12B", "TUBB6", "XPO1", "EFEMP1", "SNRPD2", "YWHAQ", "UQCRFS1", "BRD9"], "H3K4me3_T-cell acute lymphoblastic leukemia_hg19": ["ACTR3", "SRGN", "UFD1L", "CD63", "ENY2", "SERPINE1", "MYOF", "FN1", "MRPL28", "NDUFC1", "UQCR10", "ATP5F1", "TUBB4B", "CKS1B", "RPS25", "SNRPD2", "UQCRQ", "BRD9"], "H3K4me3_liver_mm9": ["ENY2", "HSP90AB1", "MGST3", "THBS1", "FSTL1", "MYL12B", "AKAP12", "RPS14", "TUBB6", "XPO1", "EFEMP1", "TUBA1A", "YWHAQ", "ARHGDIB", "BRD9", "SRGN", "ANXA1", "MYOF", "CRIM1", "ARHGAP29", "PNRC2", "MYL6", "HNRNPK", "NES", "GAPDH"], "H3K4me3_bone marrow_mm9": ["IFITM3", "SRGN", "ENY2", "OAT", "MGST3", "MYOF", "PNRC2", "AKAP12", "TUBB6", "XPO1", "HNRNPK", "TUBA1A", "YWHAQ", "ARHGDIB", "UQCRFS1", "BRD9", "SLIRP", "GAPDH"], "H3K4me3_bone marrow macrophage_mm9": ["SRGN", "ENY2", "OAT", "MGST3", "SERPINE1", "FN1", "FHL2", "ARHGAP29", "HSPB1", "CYR61", "MYL12B", "LDHB", "XPO1", "TUBA1A", "SNRPD2", "TUBB3", "ARHGDIB", "BRD9", "NES"], "H3K4me3_megakaryocyte_mm9": ["UFD1L", "MCAM", "MGST3", "ANXA5", "FHL2", "TMA7", "ATP5G3", "UQCR10", "TUBB4B", "PRSS23", "FSTL1", "HSPD1", "RPS25", "NCL", "CYCS", "BRD9", "SEC61B", "VIM", "NES", "PTMA", "RPL28"], "H3K79me2_endothelial cell of umbilical vein_hg19": ["IFITM3", "PGAM1", "ATP5A1", "MRPL28", "UQCR10", "ATP5H", "TUBB4B", "CTGF", "ACTG1", "RHOB", "MYL12B", "NGFRAP1", "TMSB4X", "PTX3", "HYOU1", "UBA1", "SEC61B", "MT1E"], "H3K4me3_SK-N-SH_hg19": ["EDN1", "PGAM1", "MRPL28", "NAP1L1", "MT1X", "PRSS23", "EFEMP1", "GNG5", "RPS19", "YWHAQ", "CKS2", "ITGAV", "MATR3", "RPS2", "MAPK6", "SNRPC", "PTMA", "MT1E"], "H3K4me2_B cell_hg19": ["COX8A", "CD63", "ANXA2", "MRPL28", "U2AF1", "MT1X", "UQCR10", "TUBB4B", "PRSS23", "RTN4", "RPS25", "TUBA1C", "UQCRQ", "GNAS", "GAPDH", "RPL28", "RPS12"], "H3K27me3_erythroblast_mm9": ["SRGN", "MMP2", "ANXA5", "MYOF", "FN1", "FHL2", "CRIM1", "ARHGAP29", "THBS1", "PRSS23", "FSTL1", "CTGF", "HK1", "AKAP12", "LDHB", "NGFRAP1", "EFEMP1", "TUBA1A", "DDAH1", "BASP1", "TMSB4X", "CD9", "PLS3", "VIM"], "H3K4me1_erythroblast_mm9": ["ENY2", "ANXA5", "FN1", "ICAM2", "ARHGAP29", "EEF2", "TUBB4B", "PDIA6", "RHOB", "MYL12B", "LDHB", "TUBB6", "POLR2B", "TMSB4X", "CYCS", "PLS3", "ITGAV", "BRD9", "VIM", "SLC25A5", "PFN1", "PTMA", "EIF3D", "RPS13"], "H3K27ac_CD14-positive monocyte_hg19": ["IFITM3", "DDX5", "ODC1", "ATP1B3", "MT1X", "PARK7", "UQCR10", "PNRC2", "FBL", "RPS25", "NCL", "SEC61B", "RBBP7", "RPS2", "SLIRP", "RPL18", "RPS12", "MT1E"]}