{"AGTCAGC,MIR-345": ["PTGES3"], "GTCTACC,MIR-379": ["EIF4G2"], "GTAAACC,MIR-299-5P": ["MAT2A"], "CTCTAGA,MIR-526C,MIR-518F,MIR-526A": ["SLC25A3"], "GTGTCAA,MIR-514": ["VAT1"], "AGTTCTC,MIR-146A,MIR-146B": ["EIF4G2"], "TCTAGAG,MIR-517": ["HMGN3"], "GTGTGAG,MIR-342": ["WHSC1"], "AAGTCCA,MIR-422B,MIR-422A": ["WHSC1"], "CTCTATG,MIR-368": ["SET"], "GTCAACC,MIR-380-5P": ["HMGN2"], "CTCAAGA,MIR-526B": ["PSME3"], "TAGAACC,MIR-182": ["ZFP36L2"], "ACCAATC,MIR-509": ["INSIG1"], "ACATATC,MIR-190": ["ACTR3"], "TCGATGG,MIR-213": ["GANAB"], "GGGGCCC,MIR-296": ["ZFP36L2"], "CGCTGCT,MIR-503": ["EIF4G1"], "ACAACCT,MIR-453": ["HSPD1"], "TAGGTCA,MIR-192,MIR-215": ["MSN"]}