{"HOXC9-25013753-NEUROBLASTOMA BE2-C-HUMAN": ["POLR2J3", "ZNF880", "AKIRIN1", "C10ORF32", "HAUS6", "KIAA0556", "C16ORF93", "CHSY1", "CHN1", "ZNF30", "E4F1", "HOXC9", "ZNF268", "RNF111", "HSPA1A"], "SPI1-22790984-ERYTHROLEUKEMIA-MOUSE": ["HIST1H2BN", "GSDMD", "ATP8B4", "NR1D2", "TICAM1", "MPO", "MFSD10", "BST1", "RNF126", "SLC22A15", "ALOX5AP", "C3AR1", "TAC4", "MYO1F"], "CREB1-20920259-GC1-SPG-MOUSE": ["POM121", "NCF4", "PREX1", "CYB5R4", "ADAMTS3", "CHST12", "TAC4", "E4F1", "PROM1", "NPDC1", "PPP1R16B", "GSDMD", "AKIRIN1", "HAUS6", "SCRIB", "ARFGAP3", "MMP9", "MFSD10", "DUSP7", "TPST2", "SUPV3L1", "DUSP23", "CH25H", "SELM", "CDK2AP2", "YPEL4", "ABCG1", "LRP11"], "TEAD4-22529382-TROPHECTODERM-MOUSE": ["RAP1GAP2", "ATP8B4", "GCA", "ARG1", "COL23A1", "TPST2", "SOCS2", "CYB5R4", "TPO", "ADAMTS3", "RNF125", "CHST12", "NUP85", "CHN1", "TBXAS1", "PLBD1", "GSE1", "PROM1", "RNF111"], "VDR-23849224-CD4+-HUMAN": ["HIST1H2BN", "RPL39L", "POLR2J3", "DUSP2", "C17ORF97", "ENDOG", "GCA", "PINX1", "RANBP9", "SUPV3L1", "GOLGA4", "RNF125", "NUP85", "TNFSF8", "TIGD1"], "ZFX-18555785-MESC-mouse": ["CD63", "POM121", "TTYH2", "PYCRL", "CEBPE", "KEAP1", "NUP85", "E4F1", "CTSA", "ENDOG", "SEMA4D", "GCA", "GADD45A", "MGMT", "SNAI3", "KLHL21", "SCRIB", "PUS7", "HSPBAP1", "DUSP7", "TPST2", "SUPV3L1", "LTB4R2", "CDK2AP2", "DEGS1", "ELMO3"], "PPARG-20887899-3T3-L1 PREADIPOCYTE CELLS-MOUSE": ["AGPAT9", "TTYH2", "SNX10", "RETN", "ENO2", "ZC3H12D", "GOLGA4", "CHST12", "GSE1", "SLC26A11", "CAMP", "TCP11", "SRGN", "CDK18", "ANKRD34A", "ANXA3", "GADD45A", "COL23A1", "MBOAT1", "ZBTB34", "ACVR2A", "CH25H", "RNF125", "RAB13", "ALOX5AP", "TBXAS1", "PLBD1", "ABCG1"], "MYC-18358816-MESC-mouse": ["ENDOG", "TTYH2", "ST8SIA1", "LEAP2", "SNAI3", "FBXL19", "KLHL21", "NR1D2", "KBTBD3", "SUPV3L1", "SOCS2", "FBXL8", "ERCC3", "NUP85", "CYP20A1", "TAC4", "RAC3", "DEGS1", "ELMO3", "MYO1G", "HSPA1A"], "E2F1-18555785-MESC-mouse": ["HIST1H2BN", "COL18A1", "DCLRE1A", "TTYH2", "PYCRL", "KEAP1", "SOCS2", "CHST12", "SLC26A11", "E4F1", "TIMP1", "TCP11", "CTSA", "NQO2", "ENDOG", "GCA", "ATP6AP1", "ST8SIA1", "GADD45A", "SNAI3", "FBXL19", "IGFBP3", "KLHL21", "PUS7", "HSPBAP1", "ACVR2A", "DUSP7", "KBTBD3", "RNF125", "CYP20A1", "CDK2AP2", "DEGS1", "PLP2", "LRP11"], "CREM-20920259-GC1-SPG-MOUSE": ["FAM13B", "KEAP1", "PREX1", "GOLGA4", "SLC22A15", "ADAMTS3", "EP300", "RNF111", "TCP11", "DUSP2", "PRPF40B", "ZBTB34", "HAUS6", "SCRIB", "ARFGAP3", "DUSP7", "TPST2", "SUPV3L1", "DUSP23", "CH25H", "RNF126", "FAM173A", "DNLZ", "PLBD1", "SGK3", "CD63", "POM121", "AGPAT9", "PELI2", "ZDHHC23", "PRKX", "UGCG", "CYB5R4", "CHSY1", "CHST12", "CHN1", "STOM", "GSE1", "TAC4", "E4F1", "AKIRIN1", "GCA", "SNAI3", "KLHL21", "RANBP9", "NR1D2", "NSG1", "ACVR2A", "SNHG3", "CDK2AP2", "LRP11"], "TRIM28-19339689-MESC-mouse": ["NPDC1", "EOMES", "DCLRE1A", "DUSP2", "ENDOG", "SNAI3", "IGFBP3", "KLHL21", "KEAP1", "NR1D2", "ARFGAP3", "SOX21", "ACVR2A", "SOCS2", "FBXL8", "LTB4R2", "CYP20A1", "TAC4", "NEFL", "CPNE2", "ABCG1", "MAP3K5", "HSPA1A"], "YAP1-20516196-MESC-MOUSE": ["COL18A1", "AGPAT9", "TTYH2", "ST8SIA1", "GADD45A", "MGMT", "IGFBP3", "COL23A1", "KRT13", "RANBP9", "DMBX1", "UGCG", "ADAMTS3", "GSE1", "TAC4", "TNFSF8", "CPNE2", "DGKI"], "REST-21632747-MESC-MOUSE": ["NPDC1", "COL18A1", "FGG", "TTC7B", "MIAT", "OLFM4", "CUZD1", "SOX21", "ACVR2A", "SUPV3L1", "BST1", "CYB5R4", "RNF125", "TBXAS1", "GSE1", "TAC4", "NEFL", "LRP11"], "FLI1-20887958-HPC-7-MOUSE": ["PPP1R16B", "DCLRE1A", "NCF4", "TICAM1", "MPO", "SNHG3", "CYB5R4", "IL18RAP", "ERCC3", "FAM173A", "MICAL1", "ALOX5AP", "ADAM1A", "CCDC63", "TAC4", "SLC26A11", "MYO1F"], "SMARCA4-23332759-OLIGODENDROCYTES-MOUSE": ["NPDC1", "GCA", "GADD45A", "IGFBP3", "PELI2", "FAM129A", "ZDHHC11", "OLFM4", "ACVR2A", "RASGRP3", "GOLGA4", "TPO", "ADAMTS3", "CHSY1", "ERCC3", "CD8A", "NEFL", "DGKI", "IMPG1"], "MYC-19030024-MESC-mouse": ["HIST1H2BN", "CD63", "DCLRE1A", "KEAP1", "SOCS2", "HECTD3", "NUP85", "MICAL1", "GSE1", "RAC3", "EP300", "PPP1R16B", "ATP6AP1", "FBXL19", "SCRIB", "HSPBAP1", "DUSP7", "KBTBD3", "SUPV3L1", "RNF125", "LTB4R2", "CYP20A1", "RAB13", "LCN2", "CDK2AP2", "DEGS1", "PLP2", "YPEL4", "MYO1G"], "SIN3B-21632747-MESC-MOUSE": ["ITGAM", "CEBPE", "PINX1", "FAM129A", "SNX10", "CUZD1", "SOCS2", "PREX1", "CYB5R4", "CHSY1", "GSE1", "TAC4", "NEFL", "CPNE2", "HOXC9", "RNF111", "TCP11", "NPDC1", "CTSA", "EOMES", "SRGN", "GSDMD", "ANKRD34A", "AKIRIN1", "MGMT", "FGG", "OLFM4", "HSPBAP1", "SNHG3", "DUSP7", "RNF126", "RNF125", "ALOX5AP", "CDK2AP2", "PLBD1", "ELMO3", "ABCG1", "LRP11"], "KDM5B-21448134-MESC-MOUSE": ["CYFIP1", "FAM13B", "LEAP2", "SOX21", "GOLGA4", "HECTD3", "NUP85", "GSE1", "EP300", "UTP20", "HOXC9", "RNF111", "EOMES", "RAP1GAP2", "AKIRIN1", "MGMT", "ARG1", "COL23A1", "KLHL21", "RANBP9", "HAUS6", "HSPBAP1", "ACVR2A", "SUPV3L1", "FBXL8", "TBXAS1", "DGKI"], "DMRT1-23473982-TESTES-MOUSE": ["SEMA4D", "AGPAT9", "ST8SIA1", "FBXL19", "FAM129A", "TTC7B", "PRPF40B", "HAUS6", "TICAM1", "PREX1", "BST1", "GOLGA4", "CHST12", "CDK2AP2", "SLC26A11", "HOXC9", "RNF111"], "TP63-17297297-HaCaT-human": ["IGFBP3"]}