{"HNF1B (human)": ["IL18R1"], "SP4 (human)": ["CYFIP1", "C17ORF62"], "NFE2L2 (human)": ["PROM1"], "IRF9 (human)": ["CYB5R4"], "FOXF1 (mouse)": ["DMBX1", "CHN1"], "CEBPE (human)": ["MMP8"], "SND1 (mouse)": ["CCR6"], "Zfx (mouse)": ["GADD45A"], "VDR (human)": ["C19ORF54"], "CPEB1 (human)": ["ZNF30"], "MYOD1 (human)": ["C10ORF32"], "ESR2 (mouse)": ["SOCS2"], "NR4A2 (human)": ["MICAL1"], "SMAD3 (mouse)": ["COL18A1"], "POU3F1 (human)": ["ANXA3", "PRKX"], "TBX5 (human)": ["ANKRD36B"], "FOXM1 (human)": ["ZDHHC11"], "NME2 (human)": ["GSDMD"], "SOX2 (human)": ["FAM19A1"], "NCOA1 (human)": ["DUSP7"]}