{"H3K79me2 H9": ["CTSA", "DCLRE1A", "ZNF195", "CHI3L1", "SLC26A11", "MIAT", "CD24", "TIGD1"], "H3K36me3 Colon Smooth Muscle": ["HECTD3", "TAC4"], "H3K36me3 CD4 Naive Primary Cells": ["ELMO3"], "H3K9me3 H9": ["XIST", "TIMP1"], "H3K79me2 H1": ["TRAPPC2", "C16ORF93", "HECTD3", "NUP85", "UTP20", "CD24", "SOX21", "SNHG3"], "H3K9me3 Bone Marrow Derived Mesenchymal Stem Cell Cultured Cells": ["KIAA0556"], "H3K36me3 Brain Cingulate Gyrus": ["C16ORF93", "S100P"], "H3K36me3 IMR90": ["CROCCP2", "ELMO3", "ARFGAP3"], "H3K9me3 Mobilized CD34 Primary Cells": ["ATP6AP1", "CD24"], "H3K36me3 Brain Substantia Nigra": ["C16ORF93"], "H3K9me3 Peripheral Blood Mononuclear Primary Cells": ["PCDHA10"], "H3K36me3 Fetal Lung": ["C16ORF93", "EP300"], "H3K27me3 CD4+ CD25+ CD127- Treg Primary Cells": ["ZNF204P", "BST1", "ADAMTS3", "IGFBP3", "PTGER2", "FGG", "CCDC63", "SCGB3A1", "CTSG", "RNASE3"], "H3K9me3 Neurosphere Cultured Cells Cortex Derived": ["ZNF880"], "H3K36me3 Brain Inferior Temporal Lobe": ["C16ORF93"], "H3K23ac H1": ["KBTBD3", "EOMES", "HIST1H2BN", "GSDMD", "DUSP2", "AGPAT9", "ERCC3", "NUP85", "KLHL21", "MSMO1", "SOX21", "ACVR2A"], "H3K9me3 Penis Foreskin Fibroblast Primary Cells": ["CTSG", "PCDHA10"], "H3K36me3 H1": ["SEMA4D", "CROCCP2", "SCGB3A1", "XIST", "CD24"], "H3K9me3 Rectal Smooth Muscle": ["PCDHA10"], "H3K9me3 Fetal Heart": ["KBTBD3", "HIST1H2BN", "CHN1", "FAM129A", "MSMO1", "RNF111", "PCDHA10"]}