{"AAAGACA,MIR-511": ["SOCS2"], "CTATGCA,MIR-153": ["SGK3"], "ACACTGG,MIR-199A,MIR-199B": ["ACVR2A"], "CACTTTG,MIR-520G,MIR-520H": ["PCDHA10"], "ACCATTT,MIR-522": ["FAM19A1"], "GTCTTCC,MIR-7": ["PLP2"], "ATGAAGG,MIR-205": ["CHN1"], "GAGCTGG,MIR-337": ["DGKI"], "GCAAAAA,MIR-129": ["EP300"], "AACTGGA,MIR-145": ["ACVR2A"], "ATGTTAA,MIR-302C": ["TTC7B"], "AAGCACA,MIR-218": ["ZDHHC23", "PCDHA10"], "GGGACCA,MIR-133A,MIR-133B": ["PREX1"], "TAATAAT,MIR-126": ["PCDHA10"], "ACTGAAA,MIR-30A-3P,MIR-30E-3P": ["EP300"], "ATGCTGC,MIR-103,MIR-107": ["RNF125"], "TTGCACT,MIR-130A,MIR-301,MIR-130B": ["GADD45A", "SOX21"], "CACCAGC,MIR-138": ["TTC7B"], "TTTTGAG,MIR-373": ["GOLGA4"], "CTGAGCC,MIR-24": ["FBXL19"]}