{"RFX5_K562_hg19": ["SRGN", "C16ORF93", "CCDC167", "AKIRIN1", "CYB5R4", "MS4A3", "ATP6AP1", "ZNF195", "IL10RA", "E4F1", "TICAM1"], "RFX5_GM12878_hg19": ["TRAPPC2", "AKIRIN1", "GOLGA4", "CYB5R4", "PYCRL", "ERCC3", "ZNF195", "GADD45A", "NUP85", "UTP20"], "ETS1_A549_hg19": ["GOLGA4", "NUP85", "UTP20", "E4F1"], "TAF7_H1-hESC_hg19": ["CYB5R4", "NUP85", "FAM173A", "PELI2", "E4F1", "LRP11"], "GABPA_HepG2_hg19": ["TRAPPC2", "KIAA0556", "C16ORF93", "ANKRD34A", "CYFIP1", "FBXL8", "ZNF808", "CYB5R4", "FAM13B", "HAUS6", "HSPBAP1", "ZNF268"], "PBX3_A549_hg19": ["CD63", "ATP6AP1", "ZNF195", "PRPF40B", "E4F1", "MSMO1", "HOXC9", "YPEL4", "TIGD1"], "POLR2AphosphoS5_G1E_mm9": ["HIST1H2BN", "ATP6AP1", "TEX30", "FAM129A", "KLHL21", "SUPV3L1", "ERCC3", "NUP85", "FAM173A", "CYP20A1", "TAC4", "EP300", "DEGS1"], "E2F4_GM12878_hg19": ["RPL39L", "C16ORF93", "DUSP2", "POM121", "PYCRL", "FAM129A", "HAUS6", "HSPBAP1", "MAP3K5", "MFSD10"], "SP1_GM12878_hg19": ["TPST2", "TRAPPC2", "ZNF195", "GADD45A", "ZNF367"], "CHD7_H1-hESC_hg19": ["C17ORF97", "RNF125", "MS4A3", "FAM173A", "FBXL19", "IL10RA", "CD24", "CUZD1"], "BCL3_A549_hg19": ["ERCC3", "C10ORF32", "E4F1", "ARFGAP3", "ZNF268", "TIGD1"], "GABPA_GM12878_hg19": ["TRAPPC2", "POLR2J3", "ZNF880", "POM121", "ZNF195", "HAUS6", "MFSD10", "KIAA0556", "ZNF808", "ERCC3", "FAM173A", "DNLZ", "ZNF268"], "ATF2_H1-hESC_hg19": ["KIAA0556", "IL10RA", "DNLZ", "CDK2AP2", "C10ORF32", "HSPBAP1", "CUZD1", "ZNF268"], "POLR2A_H1-hESC_hg19": ["CTSA", "EOMES", "NQO2", "ATP6AP1", "PYCRL", "MGMT", "MIAT", "PYGL", "PCDHA10", "SUPV3L1", "ZNF808", "CHSY1", "ERCC3", "CHST12", "NUP85", "ZNF83"], "TAF1_GM12891_hg19": ["ZNF880", "AKIRIN1", "CHSY1", "ERCC3", "FAM173A", "IL10RA", "PINX1", "HAUS6", "UTP20", "SNHG3"], "FLI1_megakaryocyte_mm9": ["PPP1R16B", "SRGN", "FAM13B", "ERCC3", "TEX30", "DNLZ", "TAC4", "HAUS6", "SCRIB", "SNHG3"], "BRCA1_GM12878_hg19": ["EOMES", "NUP85", "NCF4", "CDK2AP2", "E4F1", "RNF111", "SNHG3"], "POLR2A_endothelial cell of umbilical vein_hg19": ["HIST1H2BN", "CD63", "FAM13B", "PELI2", "MSMO1", "PYGL", "RASGRP3", "KIAA0556", "PREX1", "UGCG", "GOLGA4", "CYB5R4", "NUP85", "UTP20", "CPNE2", "TIGD1", "MAP3K5", "SRGN", "RPL39L", "AKIRIN1", "ATP6AP1", "FBXL19", "C10ORF32", "HAUS6", "C17ORF62", "PUS7", "TICAM1", "C12ORF75", "SUPV3L1", "FBXL8", "RNF126", "ERCC3", "DNLZ"], "CTCF_testis_mm9": ["CTSA", "SOCS2", "AKIRIN1", "TEX30", "CHST12", "GADD45A", "SELM", "L3HYPDH", "ACVR2A", "SNHG3"], "KAT2A_MEL cell line_mm9": ["ARL14EP", "POM121", "DNLZ", "HAUS6", "SCRIB", "E4F1", "RNF111"]}