{"H4K20me1_HepG2_hg19": ["NPDC1", "HIST1H2BN", "ZNF782", "AKIRIN1", "ENDOG", "FAM13B", "SCRIB", "MPO", "ACVR2A", "KIAA0556", "C16ORF93", "CH25H", "CHN1", "TAC4", "S100P", "PROM1", "CD24", "DGKI", "RNF111"], "H2AFZ_skeletal muscle myoblast_hg19": ["RPL39L", "CSTA", "PYCRL", "ZNF195", "PINX1", "KLHL21", "C10ORF32", "HAUS6", "C17ORF62", "SOX21", "DKFZP566F0947", "ADAMTS3", "ZNF83", "CCDC63", "C3AR1", "SLC26A11", "TIMP1", "HOXC9", "DGKI"], "H2AFZ_HeLa-S3_hg19": ["POLR2J3", "C17ORF97", "PYCRL", "FAM13B", "KLHL21", "MBOAT1", "ZDHHC23", "C10ORF32", "KEAP1", "AZU1", "DUSP23", "C19ORF54", "RAB13", "MNDA", "DEGS1", "S100P", "RNF111"], "H3K27ac_endothelial cell of umbilical vein_hg19": ["TRAPPC2", "GSDMD", "RPL39L", "GCKR", "ENDOG", "AGPAT9", "HAUS6", "C17ORF62", "KBTBD3", "KIAA0556", "ZNF808", "ADAMTS3", "ZNF83", "LOC220729", "C3AR1", "TIMP1", "ABCG1"], "H3K4me3_astrocyte_hg19": ["RPL39L", "POLR2J3", "AGPAT9", "MGMT", "MBOAT1", "ZDHHC23", "SNX10", "ACVR2A", "KBTBD3", "C16ORF93", "PREX1", "SLC22A15", "FAM173A", "CPNE2", "GGTA1P", "CD24", "PF4V1"], "H3K4me3_CD14-positive monocyte_hg19": ["HIST1H2BN", "CCDC167", "POM121", "CSTA", "MS4A3", "AGPAT9", "PELI2", "PYGL", "ZNF808", "ADAMTS3", "CHN1", "EP300", "UTP20", "RPL39L", "POLR2J3", "ZNF782", "ATP8B4", "ST8SIA1", "MGMT", "COL23A1", "C10ORF32", "PRPF40B", "SCRIB", "PUS7", "C12ORF75", "KBTBD3", "RNF125", "FAM173A", "RAB13", "CCDC63", "CDK2AP2", "ZNF514", "SGK3", "BPI", "GGTA1P"], "H4K20me1_H1-hESC_hg19": ["EOMES", "HIST1H2BN", "AGPAT9", "ZNF195", "FBXL19", "PTGER2", "NCF4", "HAUS6", "C12ORF75", "SOX21", "HCK", "RNF125", "NUP85", "FAM173A", "S100P", "CD24", "MAP3K5"], "H3K36me3_A549_hg19": ["HIST1H2BN", "COL18A1", "DCLRE1A", "CUZD1", "ACRC", "UGCG", "TCEAL3", "P2RY2", "EP300", "PF4V1", "TRAPPC2", "RPL39L", "ANKRD34A", "ENDOG", "SEMA4D", "FGG", "SEPT1", "NR1D2", "SCRIB", "TPST2", "DUSP23", "FAM173A", "CYP20A1", "ELMO3", "CD24", "IL18R1", "MYO1G", "DKFZP586I1420"], "H4K20me1_keratinocyte_hg19": ["ZNF782", "CYFIP1", "CD63", "CROCCP2", "IL10RA", "PTGER2", "MFSD10", "KIAA0556", "UGCG", "FBXL8", "CHSY1", "HECTD3", "CEACAM6", "TAC4", "NEFL", "ELMO3", "GGTA1P", "TIGD1", "LTF"], "H3K27ac_HCT116_hg19": ["TRAPPC2", "CCDC167", "ZDHHC23", "C10ORF32", "HAUS6", "SNX10", "SCRIB", "UGCG", "SLC22A15", "C19ORF54", "P2RY2", "TBXAS1", "CCDC63", "CDK2AP2", "EP300", "ELMO3", "TIMP1", "TIGD1", "MAP3K5"], "H3K4me3_CH12.LX_mm9": ["HIST1H2BN", "CCDC167", "DCLRE1A", "AGPAT9", "CHSY1", "P2RY2", "MICAL1", "CHN1", "UTP20", "SLC26A11", "L3HYPDH", "NPDC1", "GSDMD", "GCA", "MGMT", "FBXL19", "COL23A1", "MBOAT1", "PRPF40B", "NR1D2", "SCRIB", "TPST2", "KBTBD3", "DUSP23", "FBXL8", "CH25H", "ERCC3", "RASA4", "SELM", "FAM173A", "DNLZ", "SGK3", "CYSTM1", "PLP2", "YPEL4", "LRP11"], "H3K9ac_ES-E14_mm9": ["RAP1GAP2", "POM121", "TEX30", "FAM129A", "SCRIB", "KBTBD3", "DUSP23", "HCK", "PREX1", "UGCG", "FBXL8", "ERCC3", "P2RY2", "CHN1", "RAB13", "PLBD1", "BPI", "CPNE2", "MAP3K5"], "H2AFZ_endothelial cell of umbilical vein_hg19": ["RPL39L", "POLR2J3", "ATP6AP1", "IL10RA", "PCDHA10", "RASGRP3", "UGCG", "ZNF808", "RNF126", "SLC22A15", "RASA4", "ZNF83", "RAB13", "CCDC63", "SLC26A11", "CD24", "ABCG1"], "H3K36me3_HeLa-S3_hg19": ["TRAPPC2", "DUSP2", "ENDOG", "ZNF195", "CROCCP2", "NR1D2", "ACRC", "UGCG", "RNF126", "C19ORF54", "HECTD3", "TCEAL3", "ELMO3", "SLC26A11", "PLP2", "ZNF367", "GYG1", "IL18R1", "ABCG1"], "H3K4me3_H1-hESC_hg19": ["EOMES", "RPL39L", "POM121", "IL10RA", "SCRIB", "TICAM1", "ACVR2A", "C16ORF93", "HCK", "SLC22A15", "ADAMTS3", "RASA4", "CCDC63", "SLC26A11", "CPNE2", "TIMP1", "ZNF367"], "H3K4me2_endothelial cell of umbilical vein_hg19": ["TRAPPC2", "GSDMD", "C17ORF67", "MGMT", "SNAI3", "IL10RA", "ZDHHC23", "SNX10", "MIAT", "ACVR2A", "C16ORF93", "BST1", "C3AR1", "ZNF514", "SLC26A11", "HOXC9", "CD24"], "H4K20me1_GM12878_hg19": ["EOMES", "DUSP2", "GCKR", "IGFBP3", "KRT13", "ACVR2A", "DUSP23", "UGCG", "CH25H", "CHSY1", "HECTD3", "CEACAM6", "CCDC63", "TAC4", "SLC26A11", "CPNE2", "CEACAM8", "PROM1", "TIGD1"], "H3K27ac_mammary epithelial cell_hg19": ["RPL39L", "CYFIP1", "CD63", "NQO2", "ENDOG", "PRKX", "PYGL", "C17ORF62", "MMP8", "C16ORF93", "FBXL8", "ZNF808", "LOC220729", "ZNF30", "ELMO3", "CPNE2", "TIMP1", "HOXC9", "CD24", "ABCG1"], "H3K4me3_MEL cell line_mm9": ["CCDC167", "PRKX", "PYGL", "ADAMTS3", "NUP85", "ELMSAN1", "P2RY2", "EP300", "UTP20", "E4F1", "CPNE2", "TIGIT", "HOXC9", "RNF111", "SRGN", "GSDMD", "ARL14EP", "DUSP2", "GCA", "ATP6AP1", "ANXA3", "MBOAT1", "ARFGAP3", "HSPBAP1", "TICAM1", "SUPV3L1", "DUSP23", "FBXL8", "RNF126", "ERCC3", "RASA4", "FAM173A", "DNLZ", "CDK2AP2", "BPI", "LRP11"], "H4K20me1_CD14-positive monocyte_hg19": ["ZNF782", "ATP6AP1", "GADD45A", "SCRIB", "MSMO1", "SOCS2", "KIAA0556", "DUSP23", "LTB4R2", "HECTD3", "CHST12", "NUP85", "FAM173A", "CEACAM6", "ALOX5AP", "FXYD7", "SLC26A11", "S100A8"]}