{"TP63-22573176-HFKS-HUMAN": ["PCDHGB6", "CLEC10A", "LGALS2", "CDH3", "PPP1R13L", "PLEK2", "CTNNA2", "HOXC6", "TCF7L1", "SIGLEC15", "GPX3", "EPHX2", "SLC39A11", "GRHL3", "KNCN", "PRM3", "PDIA5", "MLLT11", "BBS10", "AKR1B10", "NHEG1", "HCG22", "TRIP13", "KCTD12", "ULBP2", "RPS21"], "TEAD4-22529382-TROPHECTODERM-MOUSE": ["ARRDC3", "SAAL1", "FOXM1", "DAB1", "CDH3", "DOK5", "ID2", "IQUB", "HMOX1", "SNAI2", "AMOTL2", "INSM2", "GCOM1"], "E2F4-21247883-LYMPHOBLASTOID-HUMAN": ["SH2D4B", "SAAL1", "IFIT5", "BCDIN3D", "GRHL3", "FOXM1", "PRM3", "GPR137C", "LOC642846", "MLLT11", "NET1", "GAN", "RAB34", "INSM2", "KCTD12", "HOXC6"], "GABP-19822575-HepG2-human": ["ZNF583", "ARRDC3", "IFIT5", "BCDIN3D", "FBXO15", "PDIA5", "TMEM101", "BBS10", "ACN9", "SCML1", "PCBP1", "ID2", "KIAA0895", "ZNF528", "PPP1R1B", "TRMT11", "RPS21", "GCOM1"], "ZFX-18555785-MESC-mouse": ["MPP1", "FOXM1", "MLLT11", "CHCHD4", "NET1", "CDH3", "CTSL", "PCBP1", "RAB34", "CKS2", "TRMT11", "TRIP13", "RPS21", "RPRM", "RBM6"], "TAL1-20566737-PRIMARY FETAL LIVER ERYTHROID CELLS-MOUSE": ["VCAN", "GAN", "AQP8", "HAND2", "ODC1", "MYO5C", "HIST1H2BK", "ARRDC3", "RNASE6", "HIST1H2AC"], "RCOR3-21632747-MESC-MOUSE": ["EPHX2", "ARRDC3", "ADIPOQ", "BCDIN3D", "GRHL3", "LHFPL3", "GPR137C", "BBS10", "DAB1", "DOK5", "PPP1R13L", "GAN", "PCBP1", "ID2", "PPP1R1B", "SPRY2", "NMUR2", "INSM2", "RPS21"], "SRY-25088423-EMBRYONIC GONADS-MOUSE": ["BATF3", "SH2D4B", "SATB1", "AQP8", "ODC1", "NCAPG2", "SLC39A11", "POU4F2", "NET1", "CDH3", "PPP1R13L", "CTSL", "NHLH1", "AMOTL2", "RPRM", "HOXC6"], "MYC-18358816-MESC-mouse": ["PARG", "PCDHGB6", "ODC1", "PHOX2B", "PDIA5", "MLLT11", "CHCHD4", "PPP1R13L", "PCBP1", "RAB34", "ID2", "CKS2", "HMOX1", "CALM3", "TRIP13", "RPS21"], "FOXO3-22982991-MACROPHAGES-MOUSE": ["TMEM101", "BBS10", "ACN9", "PLK2", "GPR160", "FRG1", "CKS2", "BCDIN3D", "CALM3", "TRIP13", "RPS21", "RBM6"], "SPI1-23547873-NB4-HUMAN": ["GPX3", "CLEC10A", "ZNF490", "SLC39A11", "RNASE6", "BCDIN3D", "MEFV", "PCOLCE-AS1", "PDIA5", "GPR137C", "FAM90A1", "CHCHD4", "LGALS2", "BBS10", "ACN9", "KIAA0895", "GPR160", "CKS2", "SPRY2", "LOC100506585", "RPS21"], "CREM-20920259-GC1-SPG-MOUSE": ["PLK2", "ODC1", "NCAPG2", "ARRDC3", "SLC39A11", "BCDIN3D", "PRSS23", "SNAP91", "GLDN", "MLLT11", "CHCHD4", "ACN9", "DOK5", "GAN", "CTSL", "PCBP1", "ID2", "GPR160", "FAM154B", "CKS2", "CALM3", "RBM6"], "MECOM-23826213-KASUMI-MOUSE": ["MLLT11", "VCAN", "CYP11A1", "CTSL", "LY75", "CKS2", "RNASE6", "KLRD1", "POU4F2", "GPR18"], "ASH2L-23239880-MESC-MOUSE": ["GINS1", "CHODL", "TMC1", "TCF7L1", "EIF1AY", "LRRN3", "EPHX2", "ADIPOQ", "LY75", "SAAL1", "FBXO15", "GRHL3", "POU4F2", "NET1", "TMEM101", "VCAN", "ACN9", "DOK5", "GAN", "SPRY2", "AMOTL2", "INSM2", "KCTD12"], "TET1-21490601-MESC-MOUSE": ["MLLT11", "DAB1", "OPHN1", "RAB34", "GPR160", "PPP1R1B", "AMOTL2", "GLDN", "CHST2", "PDIA5", "RBM6"], "SIN3B-21632747-MESC-MOUSE": ["IGSF5", "ARRDC3", "LHFPL5", "FBXO15", "MYOM2", "POU4F2", "MLLT11", "TMEM101", "DAB1", "CDH3", "FNDC1", "PPP1R13L", "GAN", "HAND2", "ID2", "FRG1", "PPP1R1B", "CKS2", "HMOX1", "NMUR2", "INSM2", "RPS21", "CHST2"], "FOXA2-19822575-HepG2-human": ["CLEC10A", "ZNF490", "ODC1", "PLA2G2A", "LY75", "SLC39A11", "IGJ", "PRM3", "DAB1", "RRAS", "PCBP1", "IL1RAPL2", "B3GALT1", "MYO5C", "PPP1R1B", "CHI3L2", "TGFBI", "ULBP2", "FRK"], "DMRT1-23473982-TESTES-MOUSE": ["RAMP3", "PARG", "SATB1", "FRG1", "ARRDC3", "RSPO3", "NMUR2", "CALM3", "TGFBI", "POU4F2", "GCOM1"], "EGR1-20690147-ERYTHROLEUKEMIA-HUMAN": ["RAMP3", "SH2D4B", "SLC23A1", "VWCE", "GLDN", "CST3", "C6", "RRAS", "OPHN1", "PPP1R13L", "PCBP1", "KIAA0895", "ISOC1", "C11ORF44", "CPA4", "RBM6", "HOXC6", "MPP1", "TCF7L1", "ATP6V1G2", "NOG", "PHOX2B", "DAB1", "FNDC1", "DOK5", "GAN", "HAND2", "ID2", "PPP1R1B", "SPRY2", "SNAI2", "TRIP13", "KCTD12", "LCT"], "KDM5B-21448134-MESC-MOUSE": ["PARG", "PCDHGB6", "NOG", "NCAPG2", "ARRDC3", "SAAL1", "FBXO15", "PHOX2B", "MYOM2", "POU4F2", "SNAP91", "PDIA5", "TMEM101", "CDH3", "HAND2", "FRG1", "PPP1R1B", "HMOX1", "TRMT11", "TRIP13", "HOXC6"]}