{"NFYB (human)": ["HBA1"], "NFE2L2 (human)": ["SNAP91"], "Lhx3 (mouse)": ["MYOM2"], "Myf (human)": ["C6"], "PDX1 (human)": ["PRAMEF1"], "NFIL3 (human)": ["CX3CR1"], "MXI1 (human)": ["ODC1"], "SND1 (mouse)": ["IL1RAPL2"], "Nr2e3 (mouse)": ["TRIP13"], "NFATC3 (human)": ["NMUR2"], "CPEB1 (human)": ["ADIPOQ"], "HLF (human)": ["CHST2"], "ESR2 (mouse)": ["LY75"], "SMAD3 (mouse)": ["GPX3"], "NR4A2 (human)": ["HLA-DQB1"], "IRF8 (mouse)": ["MLLT11", "MYOCD", "IGSF5", "SATB1", "PCBP1", "LY75", "SPRY2", "LHFPL3", "FAM26F", "MYOM2", "HIST1H2AC", "GPR18"], "NCOA1 (human)": ["KIAA0895"], "FOXM1 (human)": ["NET1"], "RORA_2 (human)": ["HLA-DQB1"], "Arnt (mouse)": ["PLCD4"]}