{"H2AFZ_H1-hESC_hg19": ["EIF5A", "NONO", "ATP5G3", "MKI67", "YWHAZ", "MRPL3", "SPCS1", "UBE2S", "TMX1", "MAP7D1", "OAS3", "PHGDH", "BANF1", "LCP1", "RPS23"], "H3K27ac_astrocyte_hg19": ["SLC43A3", "RPLP0", "ILF2", "LRPPRC", "NME1", "ACTG1", "SLC7A5", "POM121C", "SCD", "PPDPF", "PSME3", "GNAQ", "ZNF747", "CALM3", "RPL37", "RPL39", "RPS13"], "H3K4me3_A549_hg19": ["IFITM2", "RPLP1", "LOC642846", "TMEM123", "KCTD20", "POM121C", "CFL1", "ZNF747", "BANF1", "CHAC1", "WHSC1", "RPS27A", "B2M", "GPX1", "RPS5", "NONO", "C20ORF27", "EEF2", "NME1", "RPS26", "SCD", "PPDPF", "OAS3", "PSME3", "GNAQ", "VDAC1", "RPS21", "RPS23", "ATF4"], "H3K9ac_mammary epithelial cell_hg19": ["RPS5", "TAF10", "C20ORF27", "LRPPRC", "ACTG1", "LOC642846", "GNA13", "TUBA1C", "TUBA1B", "OPHN1", "ZNF706", "POM121C", "PPDPF", "TRMT5", "ZNF747", "RPS21", "RPS23"], "H3K4me1_K562_hg19": ["IFITM3", "TRAM1", "SLC43A3", "GSTP1", "RPL11", "ATP5A1", "SRM", "RPS4X", "NRAS", "LARP1", "KCTD20", "ARHGDIA", "ZNF747", "HMGN3", "RPS5", "MSN", "CDC25B", "XPOT", "UBE2S", "PSAT1", "NCL", "CAPRIN1", "IMPDH2", "TAGLN2", "UBA1", "CALR", "PNPLA2", "RPS23"], "H3K4me2_CD14-positive monocyte_hg19": ["PROSER1", "CNBP", "TAF10", "NME4", "SSRP1", "EEF2", "ILF2", "SRM", "NME1", "OPHN1", "PSAT1", "PPDPF", "FASN", "WHSC1", "RPS2", "FAU"], "H3K4me3_liver_mm9": ["VAT1", "HSP90AB1", "GSTP1", "RPL22", "CXCR4", "NME4", "IL2RG", "ILF2", "CDC25B", "MRPL3", "RPS27", "TRIM28", "OPHN1", "TMX1", "ARHGDIA", "FASN", "TRMT5", "DDIT4", "TAGLN2", "VDAC1", "MCM6", "CHAC1", "SLC29A1", "GAPDH"], "H3K4me3_heart_mm9": ["IFITM3", "EIF5A", "VAT1", "HSPA8", "SLC43A3", "GSTP1", "SRSF1", "CXCR4", "ATP1A3", "NME4", "ILF2", "LRPPRC", "MRPL3", "RPS27", "TRIM28", "TMX1", "FASN", "TRMT5", "DDIT4", "PMAIP1", "MCM6", "CHAC1", "SLC29A1", "GAPDH"], "H3K4me3_thymus_mm9": ["IFITM3", "VAT1", "SLC25A3", "SLC43A3", "GSTP1", "NME4", "ILF2", "PPM1G", "TRIM28", "MAP7D1", "OAS3", "PSME3", "TRMT5", "TAGLN2", "MCM6", "CHAC1"], "H3K9ac_NT2-D1_hg19": ["EIF5A", "SET", "GPX1", "NONO", "PTOV1", "CXCR4", "YWHAZ", "ACTB", "CDC25B", "LOC642846", "SPCS1", "OPHN1", "PCBP1", "PSME3", "GNAQ", "ATF4"], "H3K4me3_CD14-positive monocyte_hg19": ["RPLP1", "GSTP1", "MAZ", "RPL36A", "ATP2A3", "HMGB1", "MKI67", "SRM", "LOC642846", "TUBA1C", "OPHN1", "POM121C", "ZNF747", "RPS2", "GPX1", "TAF10", "NME4", "ARID1A", "EEF2", "PSAT1", "SCD", "CAPRIN1", "PPDPF", "GNAQ", "MATR3", "RPS21", "RPS23", "ATF4"], "H3K27ac_keratinocyte_hg19": ["IFITM3", "TRAM1", "GPX1", "TAF10", "RHOG", "NOLC1", "LRPPRC", "RPS26", "SPCS1", "OPHN1", "POM121C", "UBE2S", "ARHGDIA", "TRMT5", "GNAQ", "R3HDM4"], "H3K4me2_fibroblast of dermis_hg19": ["RPS5", "CXCR4", "ATP1A3", "EEF2", "ILF2", "SEPT2", "SRM", "TUBA1B", "SPCS1", "OPHN1", "ZNF747", "BANF1", "CHAC1", "FAU", "SLC29A1", "RPS21"], "H3K9ac_HeLa-S3_hg19": ["RHOG", "HMGB2", "C20ORF27", "NME4", "ILF2", "SRM", "ACTG1", "LOC642846", "TUBA1B", "OPHN1", "PSME3", "HNRNPA2B1", "CFL1", "R3HDM4", "FAU", "HMGN2", "SLC29A1"], "H3K4me3_G1E-ER4_mm9": ["DDX5", "RPLP1", "NONO", "ATP2A3", "ATP5G3", "ILF2", "ACTB", "LRPPRC", "CDC25B", "ACTG1", "FKBP1A", "RPS4X", "MRPL3", "MAP7D1", "AKT1", "CYCS", "CHAC1", "FAU", "SLC29A1", "RPS13"], "H3K4me3_SK-N-SH_hg19": ["EIF5A", "NONO", "GSTP1", "LEF1", "PTPN11", "ARID1A", "TMEM123", "SPCS1", "MAT2A", "TRIM28", "KCTD20", "UBE2S", "OAS3", "ZNF747", "MATR3", "RPS2"], "H3K9ac_HepG2_hg19": ["EIF5A", "TAF10", "RHOG", "ILF2", "SRM", "PPM1G", "PPDPF", "OAS3", "PSME3", "GNAQ", "ZNF747", "R3HDM4", "HYOU1", "RPS2", "GAPDH", "RPS23"], "H3K27me3_HepG2_hg19": ["DDX5", "LEF1", "PTPRO", "HNRNPU", "RPL8", "YWHAZ", "TMEM123", "GANAB", "MAT2A", "KCTD20", "NACA", "IGLL1", "OAS3", "PSME3", "SERBP1", "ZNF747", "BANF1"], "H3K9ac_keratinocyte_hg19": ["GPX1", "C20ORF27", "NME4", "SRM", "GNA13", "TMEM123", "LARP1", "SPCS1", "OPHN1", "OAS3", "TRMT5", "GNAQ", "R3HDM4", "CHAC1", "RPS21", "GAPDH", "RPS13"], "H3K4me1_myotube_hg19": ["IFITM3", "GPX1", "ITGA4", "NONO", "CXCR4", "IL2RG", "YWHAZ", "PPM1G", "NRAS", "LDHA", "TUBA1B", "RPS27", "KCTD20", "NCL", "ALDOA", "PNPLA2"]}