{"CCAGGGG,MIR-331": ["ZNF652"], "CCACACA,MIR-147": ["ANK1"], "GTATGAT,MIR-154,MIR-487": ["GALC"], "CAGGTCC,MIR-492": ["NCOA1"], "AATGGAG,MIR-136": ["MOSPD1"], "AGGGCCA,MIR-328": ["SLC2A1"], "GTAGGCA,MIR-189": ["MOSPD1"], "AGGTGCA,MIR-500": ["NCOA1"], "CAGGGTC,MIR-504": ["RRAGC"], "GGCAGAC,MIR-346": ["PIK3R3"], "GTGGTGA,MIR-197": ["TAL1"], "GGGATGC,MIR-324-5P": ["KLF3"], "AGGAGTG,MIR-483": ["TMOD1"], "TCTGGAC,MIR-198": ["SLC2A1"], "GACAGGG,MIR-339": ["VAT1"], "AGCGCTT,MIR-518F,MIR-518E,MIR-518A": ["CPEB1"], "AACTGAC,MIR-223": ["LMO2"], "CTAGGAA,MIR-384": ["MOSPD1"], "TTCCGTT,MIR-191": ["AMMECR1"], "GCAAGAC,MIR-431": ["CHST2"]}