{"H3K79me2 H9": ["MLLT11", "MZT2A", "RGAG1", "RPL21P28", "BBS10", "RAB34", "FRG1", "ZNF835", "FBXO15", "TRIP13", "FOXM1"], "H3K9me3 Brain Germinal Matrix": ["NAPSB"], "H3K27me3 Adipose Nuclei": ["MPP1", "MYOCD", "VCAN", "FNDC1", "NHLH1", "RSPO3", "CTNNA2", "FRG1B", "GLDN"], "H3K36me3 Fetal Brain": ["DSTNP2", "MPEG1"], "H3K27me3 Fetal Heart": ["RAMP3", "KIAA1598", "GPR160", "DDIT4L", "SOWAHA", "CPVL", "SNAP91"], "H3K36me3 Colonic Mucosa": ["PCDHGB6", "DSTNP2"], "H3K36me3 Brain Substantia Nigra": ["DSTNP2"], "H3K9me3 Penis Foreskin Fibroblast Primary Cells": ["CHODL"], "H3K36me3 Colon Smooth Muscle": ["DSTNP2"], "H3K36me3 Fetal Lung": ["DSTNP2", "FRG1B", "MIR503"], "H3K36me3 Brain Anterior Caudate": ["RAB34", "DSTNP2"], "H3K36me3 CD8 Memory Primary Cells": ["ZNF583", "ZNF490"], "H3K36me3 Adipose Derived Mesenchymal Stem Cell Cultured Cells": ["DSTNP2", "MIR503"], "H3K23ac H1": ["RPL21P28", "PKIA", "PCBP1", "RAB34", "PPP1R1B", "HIST1H2BK", "FOXM1", "RPS21", "MRAP2", "HIST1H2AC"], "H3K36me3 Brain Cingulate Gyrus": ["DSTNP2"], "H3K36me3 Adipose Nuclei": ["DSTNP2"], "H3K36me3 Brain Mid Frontal Lobe": ["DSTNP2"], "H3K36me3 Pancreatic Islets": ["SCML1"], "H3K9me3 Fetal Heart": ["ID2", "ISOC1", "SPRY2", "TRMT11", "CPVL"], "H3K36me3 CD8 Naive Primary Cells": ["FRG1B"]}