{"GTGCCAT,MIR-183": ["CTNNA2"], "ACTGTAG,MIR-139": ["ARRDC3"], "GAGCCAG,MIR-149": ["AMOTL2"], "ACACTGG,MIR-199A,MIR-199B": ["DDX3Y"], "CTACTGT,MIR-199A": ["ARRDC3"], "GTGCAAA,MIR-507": ["CTNNA2"], "ACCATTT,MIR-522": ["PLK2"], "CCTGTGA,MIR-513": ["CALM3"], "GTCTTCC,MIR-7": ["SATB1"], "ATGAAGG,MIR-205": ["FRK"], "GACAATC,MIR-219": ["RGAG1"], "AGGGCAG,MIR-18A": ["CALM3"], "CCCAGAG,MIR-326": ["PKIA"], "TGTATGA,MIR-485-3P": ["SMPX"], "ATGTAGC,MIR-221,MIR-222": ["KIAA1598"], "ACAGGGT,MIR-10A,MIR-10B": ["ARRDC3"], "ATACCTC,MIR-202": ["LRRN3"], "AAAGGAT,MIR-501": ["CHODL"], "TCTCTCC,MIR-185": ["MLLT11"], "CTCTGGA,MIR-520A,MIR-525": ["TCF7L1"]}