{"UBTF_MEL cell line_mm9": ["PCBP1", "PPP1R1B", "HIST1H2BK", "LY75", "HMOX1", "RBM6"], "POLR2A_GM19193_hg19": ["CHCHD4", "MPP1", "HLA-DRB5", "CCZ1B", "GAN", "PCBP1"], "POLR2A_NB4_hg19": ["GINS1", "PPP1R13L", "GAN", "ZNF490", "KIAA0895", "FRG1B", "ZNF324"], "GATA1_G1E-ER4_mm9": ["GINS1", "MPP1", "LRRN3", "AQP8", "CLEC10A", "HIST1H2BK", "RNASE6", "MLLT11", "TMEM101", "AKR1B10", "RRAS", "GAN", "PCBP1", "CKS2", "SOWAHA", "HIST1H2AC", "RBM6"], "POLR2A_MEL cell line_mm9": ["MPP1", "BATF3", "KDM5D", "PARG", "NCAPG2", "HIST1H2BK", "ARRDC3", "TMEM241", "MLLT11", "CHCHD4", "TMEM101", "ACN9", "AKR1B10", "CAMK4", "PPP1R1B", "PLEK2", "TRIP13", "RBM6"], "RELA_GM19099_hg19": ["CHCHD4", "BBS10", "PPP1R13L", "CAMK4", "ZNF490", "SAAL1", "IFIT5", "HLA-DQA1"], "YY1_NT2-D1_hg19": ["CHCHD4", "TMEM101", "RPL21P28", "LOC100288069", "BCDIN3D", "TRMT11"], "EP300_K562_hg19": ["AQP8", "ZNF490", "IFIT5", "HSPB3", "LOC153684", "TMEM241", "CST3", "TMEM101", "PPP1R13L", "LOC100288069", "PCBP1", "ISOC1", "LOC728613", "GINS1", "ATP6V1G2", "EPHX2", "ARRDC3", "ADIPOQ", "SAAL1", "SLC39A11", "LHFPL5", "BCDIN3D", "TEKT4P2", "RPL21P28", "BBS10", "GPR160", "FRG1", "CALM3", "TRIP13"], "GATA1_MEL cell line_mm9": ["GINS1", "DDX3Y", "KDM5D", "AQP8", "CLEC10A", "HIST1H2BK", "ARRDC3", "TMEM101", "ACN9", "CTSL", "PCBP1", "FAM154B", "CKS2", "TRMT11"], "POU2F2_GM12891_hg19": ["TMEM101", "RPL21P28", "PARG", "ZNF490", "LOC728613"], "REST_myocyte_mm9": ["MLLT11", "ID2", "ODC1", "SAAL1", "LHFPL5", "BCDIN3D", "AMOTL2", "TRMT11"], "MAZ_MEL cell line_mm9": ["ARRDC3", "SLC39A11", "LHFPL5", "BCDIN3D", "TRIP13"], "IRF3_HeLa-S3_hg19": ["ID2", "HIST1H2BK", "ARRDC3", "CKS2", "HIST1H2AC", "GPR137C"], "POLR2A_HepG2_hg19": ["MAGEH1", "PARG", "SLC23A1", "NCAPG2", "HIST1H2BK", "LOC153684", "CST3", "OPHN1", "PPP1R13L", "LOC100288069", "PCBP1", "KIAA0895", "ZNF528", "FAM154B", "ISOC1", "ZNF324", "LOC728613", "GINS1", "MPP1", "EIF1AY", "CCZ1B", "GPX3", "PLK2", "EPHX2", "ARRDC3", "SAAL1", "FBXO15", "HBA1", "FRG1B", "TEKT4P2", "NET1", "RPL21P28", "BBS10", "AKR1B10", "GAN", "ID2", "CKS2", "AMOTL2", "RPS21", "FRK"], "HCFC1_MEL cell line_mm9": ["GINS1", "MLLT11", "TMEM101", "FAM154B", "SAAL1", "RBM6"], "MXI1_CH12.LX_mm9": ["TMEM101"], "RFX5_HepG2_hg19": ["GINS1", "NET1", "PKIA", "FAM154B", "MYO5C", "PDIA5", "TMEM241", "LOC728613"], "MYC_HeLa-S3_hg19": ["PARG", "ODC1", "SLC39A11", "PDIA5", "CHCHD4", "TMEM101", "RPL21P28", "PCBP1", "CKS2", "PLEK2", "TRIP13", "CPVL", "RPS21", "CPA4"], "CTCF_MEL cell line_mm9": ["BATF3", "ATP6V1G2", "PCDHGB6", "LRRN3", "CLEC10A", "SLC23A1", "NCAPG2", "SAAL1", "BCDIN3D", "MLLT11", "TMEM101", "RGAG1", "ACN9", "RRAS", "PPP1R13L", "GAN", "CTSL", "GPR160", "IQUB", "FRG1", "PPP1R1B", "CALM3", "PLEK2"], "POLR2AphosphoS5_PFSK-1_hg19": ["PARG", "SLC39A11"]}