{"H3K9ac_heart_mm9": ["PCDHGB6", "ODC1", "NOG", "TMEM241", "VCAN", "BBS10", "PPP1R13L", "GAN", "CTSL", "PPP1R1B", "HMOX1", "FAM26F", "PLEK2", "RBM6"], "H3K79me2_osteoblast_hg19": ["MAGEH1", "SLC39A11", "FRG1B", "TEKT4P2", "TMEM241", "MLLT11", "CHCHD4", "LOC100288069", "ZNF528", "ISOC1", "KRTAP1-5", "ULBP2", "RPS21", "CPA4"], "H3K4me3_HepG2_hg19": ["ODC1", "HIST1H2BK", "CHCHD4", "LGALS2", "LOC100288069", "KIAA0895", "ZNF528", "KIAA0226L", "FAM154B", "RSPO3", "LOC100506585", "HIST1H2AC", "RPRM", "LOC728613", "BATF3", "TCF7L1", "FGFBP2", "FRG1B", "VCAN", "KIAA1598", "GAN", "CAMK4", "CKS2", "KCTD12", "LINC00466"], "H3K27me3_T-cell acute lymphoblastic leukemia_hg19": ["ZNF583", "EIF1AY", "AQP8", "RNASE6", "IFIT5", "HBB", "RPS4Y1", "MPEG1", "TMEM101", "CAMK4", "KIAA0226L", "B3GALT1", "FRG1", "ZNF559"], "H3K9ac_H1-hESC_hg19": ["PLK2", "ODC1", "LY75", "DDIT4L", "PRSS23", "PRM3", "MZT2A", "OPHN1", "PCBP1", "CAMK4", "KIAA0226L", "ISOC1", "CALM3", "PLEK2", "RPS21"], "H3K79me2_skeletal muscle myoblast_hg19": ["IFIT5", "BCDIN3D", "HSPB3", "TEKT4P2", "TMEM241", "CST3", "TMEM101", "VCAN", "RRAS", "OPHN1", "LOC100288069", "ZNF528", "FAM154B", "SNAI2"], "H2AFZ_mammary epithelial cell_hg19": ["FGFBP2", "ODC1", "DDIT4L", "LHFPL3", "FRG1B", "CHCHD4", "MZT2A", "RGAG1", "GAN", "IL1RAPL2", "CAMK4", "FRG1", "TRIP13", "GCOM1"], "H3K4me3_NT2-D1_hg19": ["PCDHGB6", "EIF1AY", "LY75", "FAM90A1", "OPHN1", "ZNF528", "FAM154B", "INSM2", "TRMT11", "TRIP13", "CPVL", "ULBP2", "ZNF324", "RPS21", "GCOM1"], "H3K4me3_thymus_mm9": ["MPP1", "RAMP3", "PARG", "PCDHGB6", "LY75", "PDIA5", "TMEM241", "CTSL", "PPP1R1B", "PLEK2", "TRMT11", "CHST2", "HIST1H2AC", "GPR18"], "H3K27ac_fibroblast of lung_hg19": ["FLVCR1-AS1", "ODC1", "MIR503", "OPHN1", "PPP1R13L", "LOC100288069", "KIAA0895", "ZNF528", "IQUB", "ISOC1", "HMOX1", "KRTAP1-5", "CPA4", "BATF3", "MYOCD", "SLC39A11", "DDIT4L", "DNAJC15", "FRG1B", "TEKT4P2", "NET1", "RPL21P28", "GAN", "PKIA", "TRMT11", "PLCD4"], "H3K27ac_CH12.LX_mm9": ["MAGEH1", "PLK2", "HIST1H2BK", "SAAL1", "FOXM1", "IGJ", "TMEM241", "CST3", "BBS10", "AKR1B10", "HMOX1", "TRMT11", "TRIP13", "RBM6"], "H3K9ac_HeLa-S3_hg19": ["PARG", "FLVCR1-AS1", "EPHX2", "FRG1B", "CALHM3", "LOC642846", "OPHN1", "GAN", "LOC100288069", "IQUB", "TRMT11", "PLCD4", "GCOM1", "LOC728613"], "H3K4me3_embryonic fibroblast_mm9": ["GINS1", "PCDHGB6", "LY75", "SAAL1", "GLDN", "TMEM241", "DAB1", "PKIA", "RAB34", "PPP1R1B", "PLEK2", "TGFBI", "SOWAHA", "MRAP2"], "H3K9ac_fibroblast of lung_hg19": ["BATF3", "TCF7L1", "LRRN3", "ODC1", "FOXM1", "FRG1B", "OPHN1", "GAN", "PKIA", "ZNF528", "PLEK2", "ULBP2", "FRK", "LOC728613"], "H3K4me3_erythroblast_mm9": ["MAGEH1", "BATF3", "PARG", "GPX3", "AQP8", "LHFPL3", "FOXM1", "PRSS23", "SNAP91", "TMEM241", "CHCHD4", "BBS10", "ACN9", "AKR1B10", "PKIA", "GPR160", "ISOC1", "RSPO3", "CTNNA2"], "H3K4me3_cerebellum_mm9": ["GINS1", "RAMP3", "PLK2", "EPHX2", "HIST1H2BK", "LY75", "SAAL1", "DNAJC15", "TMEM241", "PKIA", "HMOX1", "PLEK2", "MRAP2", "HIST1H2AC"], "H3K36me3_astrocyte_hg19": ["AMY2B", "C14ORF23", "USP9Y", "SAAL1", "DSTNP2", "MIR503", "NET1", "RPL21P28", "SCML1", "NHLH1", "PCBP1", "AMOTL2", "RPS21", "GPR18"], "H3K79me2_myotube_hg19": ["MAGEH1", "PCDHGB6", "HIST1H2BK", "SAAL1", "IFIT5", "FOXM1", "FRG1B", "TEKT4P2", "TMEM241", "TMEM101", "OPHN1", "PPP1R13L", "LOC100288069", "RPS21"], "H3K4me3_T-cell acute lymphoblastic leukemia_hg19": ["EIF1AY", "CCZ1B", "ZNF490", "NOG", "LHFPL5", "CHCHD4", "MZT2A", "PPP1R13L", "ID2", "ZNF528", "AMOTL2", "TRMT11", "TRIP13", "ULBP2"], "H2AFZ_A549_hg19": ["GINS1", "MPP1", "MAGEH1", "GPX3", "FLVCR1-AS1", "NOG", "LY75", "BCDIN3D", "FOXM1", "CALHM3", "CHCHD4", "LOC100288069", "PKIA", "ZNF528", "KIAA0226L", "FRG1", "ISOC1", "HMOX1", "INSM2", "SOWAHA", "PLCD4", "RPRM", "GCOM1", "RBM6"]}