{"CREB1-20920259-GC1-SPG-MOUSE": ["CDKN1A", "TULP4", "ACTR3B", "HIST2H2AA1", "CXCL5", "CTGF", "LIPC", "HIST2H3C1", "PHLDA3", "PRNP", "SECTM1A", "MANBA", "TEX14", "MMP9", "4930506M07RIK", "SULF2", "EREG", "PIK3IP1", "CCNG1", "ATG2A", "HIST1H4H", "EPPK1", "SLC28A2", "MXD4", "SLC25A13"], "ZFX-18555785-MESC-mouse": ["IKBKAP", "TCEAL8", "ZMAT3", "PSAP", "IGF2BP2", "PGPEP1", "PRNP", "SMAD1", "MANBA", "ST14", "SNX24", "PYCR2", "SULF2", "PDRG1", "TTC8", "MDFIC", "RAB34", "EXOC4", "BAX", "S100A4", "NHLRC1", "EPPK1", "KIFC3", "FKBP9", "ZMYND12"], "E2F4-21247883-LYMPHOBLASTOID-HUMAN": ["BCAR3", "NQO1", "DCLRE1C", "FOXG1", "LRRK2", "GBA", "LRP4", "PIK3R3", "PYCR2", "AEN", "GNS", "IPO4", "CYP27B1", "CCND2", "TMEM136", "RAB34", "ATG2A", "UTP20", "ZMYND12", "CTSC", "PHLDA3", "CNTNAP4"], "CREB1-23762244-HIPPOCAMPUS-RAT": ["CDKN1A", "9130023H24RIK", "NRN1", "CTDP1", "YIPF2", "PIK3R3", "KLF4", "ACTR3B", "TCEAL8", "ZMAT3", "EXOC4", "ATG2A", "TPP1", "NEFH", "MXD4", "SLC25A13"], "FLI1-21571218-MEGAKARYOCYTES-HUMAN": ["CDKN1A", "PTPRR", "DCLRE1C", "SERPINE2", "TNFAIP6", "IKBKAP", "IPO4", "HINT2", "LIPC", "PRKG2", "TNFAIP8L2", "CTSE", "PGPEP1", "CTSC", "CHRNB1", "MANBA", "SERPINB2", "VWF", "TYW3", "F2R", "SERPINB7", "MMP9", "PDRG1", "TLR1", "PSRC1", "SDPR", "IL1B", "EXOC4", "NHLRC1", "KIFC3", "SLC25A13", "COLEC12", "CTDP1", "PCOLCE2", "TULP4", "GNS", "P2RY6", "DPP7", "ZMAT3", "CHN2", "P2RY2", "ERBB2", "HMOX1", "CCR1", "SEMA4A", "ST14", "YIPF2", "GZMB", "PYCR2", "MARCH8", "CELA1", "MARCH1", "HIST1H4H", "PLCH1", "LTBR"], "FOXP1-21924763-HESC-HUMAN": ["IFITM3", "CTDP1", "TGFB1I1", "FOXG1", "GBA", "LRP4", "DDX41", "CTGF", "THBS3", "CYP27B1", "DPP7", "SPR", "CCND1", "ALDH3B1", "ERBB2", "CD300LD", "SLC19A2", "PHLDA3", "SEMA4A", "CHRNB1", "CCDC116", "SLC11A1", "DCXR", "LRRC28", "HMGA2", "PYCR2", "CELA1", "YDJC", "SULF2", "TMEM136", "PIK3IP1", "RAB34", "S100A4", "NHLRC1", "LTBR", "ADCK3"], "GATA1-22025678-K562-HUMAN": ["CDH1"], "KDM5B-21448134-MESC-MOUSE": ["PTPRR", "DCLRE1C", "NRN1", "CTDP1", "FOXG1", "LRRK2", "IKBKAP", "PLA2G7", "EDA2R", "VPREB1", "CDH1", "CCL6", "ALX4", "HMOX1", "UTP20", "SMAD1", "NQO1", "CHRNB1", "MANBA", "CCL22", "SNX24", "AEN", "TEX14", "PDGFRL", "SULF2", "MARCH1", "PIK3IP1", "CCNG1", "EXOC4", "PLCH1", "SLC25A13"], "FOXO3-22982991-MACROPHAGES-MOUSE": ["CDKN1A", "CTDP1", "DYX1C1", "TYW3", "TEX14", "9030617O03RIK", "LACC1", "DPP7", "HINT2", "P2RY2", "2410002F23RIK", "CCNG1", "ITGA8", "UTP20", "FNIP2"], "CREM-20920259-GC1-SPG-MOUSE": ["CDKN1A", "PTPRR", "CTDP1", "FOXG1", "LOXL3", "TULP4", "PIK3R3", "ACTR3B", "GNS", "GPR176", "CCND1", "IGF2BP2", "NEFH", "1700086O06RIK", "SLC19A2", "SMAD1", "9130023H24RIK", "YIPF2", "MARCH8", "KLF4", "YDJC", "SULF2", "PDRG1", "4833427G06RIK", "PIK3IP1", "HIST1H4H", "NHLRC1", "GSTM5", "MXD4"], "TP63-22573176-HFKS-HUMAN": ["BCAR3", "LGALS3BP", "UGT1A10", "IL1RN", "FAM69B", "TGFB1I1", "LRP4", "FAIM3", "GNS", "IFIT3", "HINT2", "CDH1", "CTSK", "PSAP", "ANXA8", "SH2D5", "PRNP", "PPP1R14A", "CHRNB1", "SERPINB2", "DYX1C1", "LHFP", "SLC11A1", "DCXR", "AHNAK2", "PLA2G4A", "PYCR2", "PROCR", "GRIN3B", "PSRC1", "RNF128", "SLCO4A1", "EXOC4", "ATG2A", "HIST1H4H", "EPPK1", "KIFC3", "FKBP9", "SMPDL3B"], "ASH2L-23239880-MESC-MOUSE": ["IFITM3", "TNFAIP6", "FAM69B", "IKBKAP", "RND3", "PLA2G7", "LIPC", "CCND1", "GM829", "PGPEP1", "MANBA", "ST14", "9130023H24RIK", "VWF", "HMGA2", "SNX24", "TEX14", "NYX", "PDGFRL", "SULF2", "PSRC1", "KITL", "IL1B", "KIFC3", "ZMYND12"], "EZH2-22144423-EOC-HUMAN": ["ITGA8"], "TET1-21490601-MESC-MOUSE": ["SMAD1", "CDKN1A", "TGFB1I1", "IKBKAP", "ACTR3B", "IPO4", "CTGF", "THBS3", "CHN2", "RAB34", "PSAP", "ERBB2", "NHLRC1", "KIFC3", "ZMYND12", "NEFH"], "RUNX1-21571218-MEGAKARYOCYTES-HUMAN": ["IFITM3", "COLEC12", "DCLRE1C", "CTDP1", "SERPINE2", "LOXL3", "PIK3R3", "IKBKAP", "SLC2A6", "FAM149A", "IPO4", "CTGF", "HSD11B1", "VPREB1", "CCND2", "SPR", "CHN2", "CCL2", "TNFAIP8L2", "CTSE", "PGPEP1", "FNIP2", "XDH", "ZBED5", "RPL39L", "ST14", "PNPLA7", "SLC11A1", "DCXR", "F2R", "FRMD4A", "MARCH8", "TEX14", "MMP8", "MMP9", "YDJC", "RPGRIP1", "MARCH1", "SDPR", "BAX", "S100A4"], "E2F7-22180533-HELA-HUMAN": ["GBA"], "DMRT1-23473982-TESTES-MOUSE": ["SMAD1", "CTDP1", "VWF", "TULP4", "HMGA2", "RND3", "SULF2", "PARP8", "CCND1", "ERBB2", "9030619P08RIK", "SLC26A11", "ANXA8", "KIFC3", "IGF2BP2", "ANK", "MXD4"], "STAT6-21828071-BEAS2B-HUMAN": ["CCL2"], "REST-21632747-MESC-MOUSE": ["CALCB", "9130023H24RIK", "CLEC4N", "FOXG1", "TULP4", "AI607873", "FRMD4A", "TMEM163", "GNS", "SULF2", "CD2", "OLFM1", "9030617O03RIK", "SDPR", "ZMAT3", "KYNU", "EXOC4", "CCL2", "KIFC3", "NEFH", "CNTNAP4"], "SFPI1-20887958-HPC-7-MOUSE": ["CAR2", "MANBA", "PLD4", "PYCR2", "DDX41", "ACTR3B", "AIM2", "PSRC1", "PIK3IP1", "RAB34", "AKR1C13", "ATG2A", "CCL2", "S100A4", "9330151L19RIK", "SH2D5", "CTSC", "SLC19A2", "PHLDA3"]}