{"FOXO3 (human)": ["GPR176"], "SP4 (human)": ["CCND1"], "MIR210 (human)": ["NRN1"], "NFYB (human)": ["EPHX1"], "PDX1 (human)": ["TEX14"], "RUNX1 (mouse)": ["ALX4"], "Pax6 (human)": ["LRP4", "SMPDL3B"], "SND1 (mouse)": ["EPPK1"], "Hand1::Tcfe2a (mouse)": ["CHN2"], "VDR (human)": ["XDH"], "CPEB1 (human)": ["AEN"], "RELA (human)": ["IFITM3", "CD274", "CDKN1A", "IL1RN", "CTDP1", "SERPINE2", "FPR2", "CXCL5", "FAM149A", "CYP27B1", "VPREB1", "DPP7", "ZMAT3", "ERBB2", "CCL2", "SEMA4A", "PPP1R14A", "CHRNB1", "CCL22", "SERPINB7", "AIM2", "SLCO4A1", "RAB34", "LTBR", "SLC25A13", "CNTNAP4"], "MXI1 (human)": ["LGALS3BP"], "SOX10 (human)": ["CHRNB1"], "SMAD3 (mouse)": ["FNIP2"], "FOXA2 (human)": ["OVGP1"], "FOXM1 (human)": ["TYW3"], "TBX5 (human)": ["ALDH3B1"], "HNF1B (mouse)": ["C1RA"], "EWSR1-FLI1 (human)": ["F2R"]}