{"H3K36me3 IMR90": ["IFITM3", "TULP4"], "H3K27me3 Fetal Heart": ["SEMA4A", "GPR176", "CCND1", "FRMD4A"], "H3K9me3 H9": ["TCEAL8", "CALCB"], "H3K9me3 Breast Myoepithelial Cells": ["GBA", "SH2D5"], "H3K36me3 Muscle Satellite Cultured Cells": ["CXCL3", "CXCL5"], "H3K27me3 Brain Cingulate Gyrus": ["IL1RN", "PCOLCE2", "SDPR", "FAM69B", "FAIM3", "MMP9"], "H3K9me3 Mesenchymal Stem Cell Derived Adipocyte Cultured Cells": ["PLD4"], "H3K36me3 Brain Substantia Nigra": ["TULP4", "TMED6"], "H3K36me3 Penis Foreskin Fibroblast Primary Cells": ["IFITM3", "PRKG2"], "H3K36me3 Fetal Lung": ["LOXL3", "HIST1H4H"], "H3K36me3 Stomach Smooth Muscle": ["TNFAIP8L2"], "H3K36me3 Brain Anterior Caudate": ["RAB34", "TNFAIP8L2"], "H3K36me3 Adipose Derived Mesenchymal Stem Cell Cultured Cells": ["TULP4", "TNFAIP8L2"], "H3K36me3 Breast Myoepithelial Cells": ["SLC28A2"], "H3K36me3 CD8 Memory Primary Cells": ["ADCK3"], "H3K36me3 Brain Cingulate Gyrus": ["FOXG1"], "H3K36me3 Brain Mid Frontal Lobe": ["P2RY14", "SLC28A2"], "H3K36me3 CD8 Naive Primary Cells": ["YIPF2", "TULP4"], "H3K9me3 Fetal Heart": ["MANBA", "TYW3", "PIK3R3", "SLC19A2"], "H3K9me3 Colonic Mucosa": ["PLD4", "NEFH", "CXCL5"]}