{"TATTATA,MIR-374": ["PARP8"], "GTGCCAT,MIR-183": ["MXD4"], "CTATGCA,MIR-153": ["YIPF2"], "TGTGTGA,MIR-377": ["HMOX1"], "CATGTAA,MIR-496": ["OLFM1"], "ATATGCA,MIR-448": ["COLEC12"], "CTTGTAT,MIR-381": ["KLF4"], "CTTTGTA,MIR-524": ["OLFM1", "HMGA2"], "AACTGGA,MIR-145": ["MDFIC"], "TAATAAT,MIR-126": ["COLEC12"], "CTTTGCA,MIR-527": ["PHLDA3"], "GCAAAAA,MIR-129": ["CXCL5"], "ACTGCCT,MIR-34B": ["FRMD4A"], "ATGTACA,MIR-493": ["HEMGN"], "GTGCCTT,MIR-506": ["CCND2", "RNF128", "RAB34", "MXD4"], "ACTGAAA,MIR-30A-3P,MIR-30E-3P": ["HMGA2"], "ATGCTGC,MIR-103,MIR-107": ["FRMD4A"], "GTTTGTT,MIR-495": ["RND3"], "ACTTTAT,MIR-142-5P": ["RNF128"], "CAGCTTT,MIR-320": ["EREG"]}