{"MXI1_K562_hg19": ["PPP1R14A", "NQO1", "DPP7", "YIPF2", "CCDC116", "SDPR", "CD80", "ERBB2"], "GABPA_HL-60_hg19": ["YIPF2", "LRRC28", "ERBB2", "PYCR2", "IPO4"], "EP300_K562_hg19": ["HEMGN", "CD274", "CD80", "GBA", "PLD4", "PIK3R3", "DDX41", "RND3", "IPO4", "TCEAL8", "DPP7", "ALX4", "UTP20", "TNFAIP8L2", "CTSC", "NQO1", "MANBA", "YIPF2", "CCDC116", "TYW3", "SNX24", "PYCR2", "YDJC", "PDRG1", "TLR1", "TTC8", "AIM2", "PIK3IP1", "SDPR", "CCNG1", "HIST1H4H", "SLC25A13"], "CREB1_K562_hg19": ["TCEAL8", "YIPF2", "HIST1H4H", "MARCH8", "TPP1", "IKBKAP"], "EGR1_ECC-1_hg19": ["GPR176", "ST14", "SLCO4A1", "RAB34", "DCXR", "HMGA2", "AEN", "KIFC3", "CXCL3", "ZMYND12", "GNS"], "GABPA_CH12.LX_mm9": ["MANBA", "TMEM136", "YIPF2", "EXOC4", "ATG2A", "BAX", "9330151L19RIK"], "POLR2A_K562_hg19": ["LGALS3BP", "DCLRE1C", "FAM69B", "CXCL3", "CCND2", "CTSK", "PGPEP1", "NEFH", "CTSC", "CCDC116", "DCXR", "AEN", "PSRC1", "SLCO4A1", "EXOC4", "S100A4", "KIFC3", "SLC25A13", "CD274", "GBA", "PIK3R3", "GNS", "TCEAL8", "DPP7", "ZMAT3", "PSAP", "ERBB2", "UTP20", "IGF2BP2", "FNIP2", "ZBED5", "SLC19A2", "RPL39L", "SMAD1", "NQO1", "YIPF2", "EPHX1", "AHNAK2", "SNX24", "PYCR2", "KLF4", "TTC8", "CCNG1", "ATG2A", "BAX", "HIST1H4H", "TPP1", "LTBR", "ADCK3", "MXD4"], "CREB1_ECC-1_hg19": ["EXOC4", "HIST1H4H", "TPP1", "IKBKAP", "DDX41"], "eGFP-HDAC8_K562_hg19": ["AIM2", "DCLRE1C", "PSAP", "SMPDL3B", "EREG"], "RELA_GM15510_hg19": ["YIPF2", "ZMAT3", "PSAP", "GBA", "BAX", "AEN", "IKBKAP", "IPO4"], "BRCA1_H1-hESC_hg19": ["BAX", "FAM214A", "IPO4", "PDRG1"], "POLR2A_GM10847_hg19": ["RPL39L", "DPP7", "CCNG1", "HMOX1", "ACTR3B", "ZBED5", "SLC19A2"], "ELK4_HeLa-S3_hg19": ["PROCR", "LACC1", "YIPF2", "GBA", "ERBB2", "PYCR2", "AEN", "PDRG1"], "SRF_MCF-7_hg19": ["CTDP1", "YIPF2", "ADCK3", "RND3", "IPO4"], "MAFK_K562_hg19": ["NQO1", "CD274", "YIPF2", "HIST1H4H", "PYCR2", "TPP1", "IKBKAP", "PGPEP1", "IPO4"], "GABPA_HepG2_hg19": ["PYCR2", "AEN"], "MYC_K562_hg19": ["LGALS3BP", "DCLRE1C", "FAM69B", "IKBKAP", "DDX41", "IPO4", "GPR176", "HINT2", "CCND2", "LIPC", "SPR", "PGPEP1", "NEFH", "CTSC", "CCDC116", "TYW3", "DCXR", "F2R", "AEN", "YDJC", "PDRG1", "EREG", "PSRC1", "SLCO4A1", "RAB34", "FKBP9", "SLC25A13", "PPIC", "CD274", "GBA", "PIK3R3", "ACTR3B", "DPP7", "ZMAT3", "ERBB2", "UTP20", "FNIP2", "ZBED5", "SLC19A2", "PPP1R14A", "NQO1", "YIPF2", "SNX24", "PYCR2", "MARCH8", "PM20D2", "PIK3IP1", "HIST1H4H", "ADCK3", "MXD4"], "KAT2A_MEL cell line_mm9": ["9130023H24RIK", "CTDP1", "GBA", "EXOC4", "1110002L01RIK"], "GABPA_GM12878_hg19": ["DCLRE1C", "YIPF2", "ERBB2", "PYCR2", "IPO4"], "GABPA_HeLa-S3_hg19": ["DCLRE1C", "PSRC1", "YIPF2", "ZMAT3", "ERBB2", "HIST1H4H", "PYCR2", "IKBKAP", "CTSC", "IPO4"]}