{"H3K4me3_K562_hg19": ["BCAR3", "CD274", "DCLRE1C", "IKBKAP", "CXCL3", "SLC2A6", "GNS", "IFIT3", "GPR176", "HINT2", "SCIN", "ERBB2", "UTP20", "TNFAIP8L2", "FNIP2", "NEFH", "ZBED5", "PNPLA7", "YIPF2", "EPHX1", "LRRC28", "SNX24", "MARCH8", "KLF4", "GRIN3B", "TTC8", "PSRC1", "PQLC3", "ATG2A", "MXD4"], "H4K20me1_skeletal muscle myoblast_hg19": ["ST14", "VPREB1", "SLCO4A1", "FAM69B", "CHN2", "TGFB1I1", "TMEM163", "SH2D5", "SULF2", "PDRG1"], "H3K27ac_H1-hESC_hg19": ["IFITM3", "MANBA", "TTC8", "HINT2", "CTDP1", "PIK3R3", "MARCH8", "DDX41", "GNS", "CTGF"], "H3K9ac_K562_hg19": ["YIPF2", "LRRC28", "KLF4", "GNS", "FAM214A", "PROCR", "PM20D2", "GPR176", "DPP7", "PSRC1", "SCIN", "SLCO4A1", "ZMAT3", "PQLC3", "PSAP", "ERBB2", "BAX", "FNIP2", "ZBED5", "SLC19A2", "PPIC"], "H3K36me3_A549_hg19": ["LRRK2", "GBA", "GNS", "IPO4", "THBS3", "TCEAL8", "HINT2", "SPR", "P2RY2", "CCL2", "SH2D5", "XDH", "PHLDA3", "RPL39L", "MANBA", "GPR34", "TYW3", "TEX14", "PPBP", "PDRG1", "TLR1", "PROCR", "HIST1H4H", "FKBP9", "ADCK3", "MXD4", "SLC25A13", "PPIC"], "H3K4me3_NT2-D1_hg19": ["CD274", "MANBA", "YIPF2", "TYW3", "TGFB1I1", "LRRK2", "F2R", "CXCL3", "GNS", "FAM149A", "EREG", "GRIN3B", "RBP4", "DPP7", "HINT2", "SPR", "P2RY2", "FNIP2"], "H3K27me3_A549_hg19": ["COLEC12", "PTPRR", "SERPINE2", "TNFAIP6", "LRP4", "PIK3R3", "FAM149A", "HSD11B1", "CYP27B1", "GPR176", "HINT2", "CNGA4", "NEFH", "CPA5", "MANBA", "MUM1L1", "F2R", "MPEG1", "PDGFRL", "SULF2", "PARP8", "CD2", "MMP12", "MARCH1", "GRIN3B", "RBP4", "SLCO4A1"], "H3K36me3_K562_hg19": ["GBA", "PYCR2", "MARCH8", "AEN", "ACTR3B", "YDJC", "IPO4", "DPP7", "SPR", "LTBR", "PGPEP1", "ZMYND12", "SLC19A2"], "H3K79me2_HepG2_hg19": ["IFITM3", "TCEAL8", "PM20D2", "LACC1", "YIPF2", "ERBB2", "SLC26A11", "FKBP9", "IPO4"], "H3K4me3_foreskin fibroblast_hg19": ["CTDP1", "TNFAIP6", "PCOLCE2", "CXCL5", "EDA2R", "IFIT3", "P2RY6", "EFEMP1", "SPR", "ZMAT3", "P2RY2", "IGF2BP2", "PHLDA3", "RPL39L", "PRNP", "YIPF2", "DCXR", "MUM1L1", "MARCH8", "SULF2", "EREG", "PM20D2", "LACC1", "GRIN3B", "TMEM136", "RAB34", "ITGA8", "S100A4", "ZMYND12", "PPIC"], "H3K27ac_keratinocyte_hg19": ["IFITM3", "LGALS3BP", "RPL39L", "PRNP", "MANBA", "DCLRE1C", "YIPF2", "MARCH8", "GNS", "FAM214A", "IPO4", "TTC8", "PSRC1", "HINT2", "CCND2", "CTSK", "HIST1H4H", "MXD4"], "H2AFZ_T-cell acute lymphoblastic leukemia_hg19": ["NQO1", "CD274", "YIPF2", "DCXR", "CD80", "EPHX1", "PYCR2", "TEX14", "DDX41", "ACTR3B", "IFIT3", "PM20D2", "SLCO4A1", "ERBB2", "UTP20", "PGPEP1", "ZBED5", "CTSC"], "H3K4me3_cardiac fibroblast_hg19": ["PCOLCE2", "LOXL3", "IKBKAP", "CXCL3", "FAM214A", "CTGF", "P2RY6", "EFEMP1", "CTSK", "CHN2", "P2RY2", "FAM198B", "PHLDA3", "PRNP", "PPP1R14A", "PNPLA7", "HMGA2", "SNX24", "MARCH8", "EREG", "TLR1", "OLFM1", "LACC1", "TMEM136", "NHLRC1", "ZMYND12"], "H3K79me2_liver_mm9": ["AKR1C12", "TTC8", "GBA", "ERBB2", "AKR1C13", "F2R", "9330151L19RIK", "IKBKAP", "FNIP2"], "H4K20me1_fibroblast of lung_hg19": ["PTPRR", "PPP1R17", "HINT2", "TGFB1I1", "RAB34", "SH2D5", "NEFH", "SLC25A13", "PARP8"], "H3K36me3_endothelial cell of umbilical vein_hg19": ["CD274", "FAM69B", "GBA", "TULP4", "DDX41", "IPO4", "CTGF", "TCEAL8", "CYP27B1", "DPP7", "HINT2", "SPR", "FAM198B", "CCL2", "SLC26A11", "SH2D5", "TMED6", "NQO1", "VWF", "YIPF2", "TYW3", "F2R", "PDRG1", "SDPR", "BAX", "LTBR"], "H3K36me3_megakaryocyte_mm9": ["IFITM3", "CD274", "CDKN1A", "GBA", "HIST2H2AA1", "IPO4", "CYP27B1", "9030617O03RIK", "PSAP", "HMOX1", "SLC26A11", "9330151L19RIK", "PGPEP1", "SH2D5", "1700086O06RIK", "IFITM6", "9130023H24RIK", "YIPF2", "CCDC116", "MARCH8", "AEN", "NYX", "MPEG1", "PDRG1", "PQLC3", "EXOC4", "ATG2A"], "H3K27ac_endothelial cell of umbilical vein_hg19": ["IFITM3", "RPL39L", "NQO1", "CTDP1", "YIPF2", "TGFB1I1", "SNX24", "CXCL3", "GNS", "FAM214A", "IFIT3", "CTGF", "HINT2", "HMOX1", "HIST1H4H", "NHLRC1", "FNIP2", "ZBED5"], "H3K27ac_mammary epithelial cell_hg19": ["LGALS3BP", "RPL39L", "DCLRE1C", "CTDP1", "MMP8", "SLC2A6", "GNS", "FAM214A", "LACC1", "TTC8", "PSRC1", "HIST1H4H", "PLCH1", "NHLRC1", "XDH", "ZBED5", "CTSC", "SLC19A2"], "H3K79me2_MEL cell line_mm9": ["HEMGN", "PRNP", "MANBA", "9130023H24RIK", "YIPF2", "TYW3", "GBA", "LRRC28", "PLA2G4A", "PIK3R3", "MARCH8", "IKBKAP", "HINT2", "SPR", "ZMAT3", "EXOC4", "ZMYND12", "GSTM5"]}