{"SMARCC2": ["PSAP"], "TP63": ["CDKN1A"], "NR3C1": ["IL1RN", "TGFB1I1"], "VDR": ["CDKN1A"], "GFI1B": ["EFEMP1"], "ESR2": ["ATG2A", "DDX41", "NEFH"], "YY1": ["SMAD1"], "RAD21": ["HIST1H4H", "KLF4"], "CCND1": ["CDKN1A"], "MAX": ["MXD4"], "NR4A1": ["PPBP"], "JUN": ["CDKN1A", "CCND1"], "KAT2A": ["SMAD1"], "POLR2A": ["CDKN1A", "CTDP1"], "CREB1": ["PRKG2"], "ESR1": ["CDKN1A", "CCND1", "KYNU", "ERBB2", "PIK3R3", "EPPK1", "PLA2G7", "S100A8"], "NANOG": ["SLC25A13"], "SMARCA4": ["KLF4"], "SETDB1": ["CDKN1A"], "ATF2": ["CCND1", "SLC25A13"]}