{"HOXC9-25013753-NEUROBLASTOMA BE2-C-HUMAN": ["RFC3", "TESC", "IER5L", "HSPB1", "TUBE1", "HMGB1", "HMMR", "HSPA2", "FOS", "CENPA", "MED12L", "NDC80", "LBH", "CTH", "MSH5", "HIST1H1E", "CPEB2", "DLGAP5", "EZH2", "MDM1", "IER3"], "RUNX1-21571218-MEGAKARYOCYTES-HUMAN": ["CD86", "PLEKHF1", "NCAPG2", "CASC5", "HSPB1", "ADM", "HMGB1", "KIF11", "ERO1L", "LBH", "SGOL1", "RGS1", "RNF19A", "HIST1H1E", "OIP5", "IL12A", "UNC13A", "APOBEC2", "DUSP1", "TESC", "FBXO2", "GPT2", "TSC22D3", "ARID5A", "PRSS16", "MYO7A", "FOS", "NEIL3", "PPP1R3B", "FAM64A", "ALDOC", "MCTP2", "SLC27A4", "C1QB", "PFKFB3", "INSIG1", "RASGRP2", "MED12L", "STX11", "SOCS2", "NLRP5", "STK38L", "STIL", "NFYB", "BNIP3", "NR4A2", "NR4A1", "GRHPR", "MEX3B", "CTH", "ID2", "PXMP2", "BHLHE40", "ID3", "AGRP", "PDCD1", "CD69", "CPEB2", "EZH2"], "FOXP3-21729870-TREG-HUMAN": ["RFC3", "HMGB2", "NCAPG", "FOS", "NR4A2", "CENPE", "GALE", "GPR171", "KNTC1", "CENPN", "TAF3", "BEND5", "TJP3", "FAM84B"], "HNF4A-19822575-HepG2-human": ["TSKS", "CD86", "NCAPG2", "CASC5", "ERO1L", "AKAP12", "SCRN3", "RNF19A", "GPR171", "BBS9", "ENPP1", "UTS2R", "PHYH", "RFC3", "GAS2L3", "PLEKHG2", "HMGCS1", "CKAP2L", "ACTN2", "DUSP1", "TESC", "ARID5A", "CTDSPL", "LIFR", "DNTT", "MYO7A", "PTGR1", "ADAM19", "TANC1", "MSH5", "BLVRB", "TRIB3", "SLC43A1", "IER5L", "NCAPG", "ATP10A", "PPM1E", "CLCN2", "MED12L", "AURKB", "CPN1", "GK5", "SELENBP1", "SOCS2", "NUAK1", "ALDH1B1", "SNX25", "STK38L", "STXBP6", "MBNL3", "HOMER1", "CEP152", "SIAH2", "BNIP3", "PLXDC1", "CENPE", "GALE", "APITD1", "P4HA1", "ID2", "NOSTRIN", "ID3", "SEC24D", "PLCD3", "TAF3", "FAM50B", "MDM1"], "GABP-19822575-HepG2-human": ["ANKRD37", "UNC13A", "BNIP3", "NCAPG", "KIF11", "CLCN2", "RELB", "GRHPR", "DSN1", "APITD1", "ANGPTL6", "SCRN3", "ID2", "RNF19A", "FBXO5", "STXBP6", "SEC24D", "TAF3", "CEP55", "EZH2"], "ZFX-18555785-MESC-mouse": ["ZFP367", "SCHIP1", "INSIG1", "PARD6G", "BRCA2", "COX7A1", "AURKB", "ERO1L", "SYCE2", "CCNB2", "WRN", "SCRN3", "STK38L", "CEP72", "BUB1", "CBR3", "BNIP3L", "STIL", "CKAP2L", "NFYB", "SIAH2", "GPT2", "1190002N15RIK", "ADAM19", "APITD1", "TSPAN13", "SLC27A4", "TMEM45A"], "FOXP1-21924763-HESC-HUMAN": ["TSKS", "IFITM1", "ACSS2", "PFKFB3", "SLC43A1", "NCAPG2", "HMGB2", "HSPB1", "ADM", "KIF11", "CENPA", "PPM1E", "NDRG1", "CLCN2", "MED12L", "AURKB", "TM7SF2", "ANKRD9", "DSN1", "SGOL1", "SNX25", "RNF19A", "BBS9", "ANKRD34A", "DUSP1", "FBXO2", "GPT2", "KIF22", "HSPA2", "FOS", "NR4A1", "PPP1R3B", "BAMBI", "ID2", "PXMP2", "BHLHE40", "MSH5", "ID3", "FAM64A", "PLCD3", "ATF3", "HMX2", "SLC27A4"], "RBPJ-21746931-IB4-LCL-HUMAN": ["GAS2L3", "ACSS2", "DUSP1", "FBXO2", "IL18", "PRSS16", "TTC9B", "MYO7A", "HSPA2", "TM6SF1", "CRIP1", "NDRG1", "NCAPH", "MED12L", "TM7SF2", "APITD1", "RGS1", "ANGPTL6", "CEP72", "TRIB3", "PGLYRP1", "SMTNL2"], "RUNX2-22187159-PCA-HUMAN": ["ANKRD33B", "ETS1", "NDRG1", "NUAK1", "SCRN3", "SNX25", "FAM122C", "BBS9", "CEP72", "STXBP6", "BEND5", "RFC3", "PHC1", "DUSP1", "FBXO2", "BNIP3", "CTDSPL", "PRSS16", "LIFR", "ISG20", "CENPE", "MEX3B", "ID2", "NOSTRIN", "G2E3", "LCORL", "MCTP2", "CPEB2", "PFKP", "FAM84B"], "HOXA2-22223247-E11.5 EMBRYO-MOUSE": ["HMMR"], "YAP1-20516196-MESC-MOUSE": ["SCHIP1", "PARD6G", "ATP10A", "BRCA2", "MKI67", "SIPA1L2", "CRIP1", "NDRG1", "SMC2", "ANKRD9", "1700025G04RIK", "MFSD4", "ENPP1", "STXBP6", "PHC1", "1190002N15RIK", "NDC80", "CENPE", "NEIL3", "PPP1R3B", "P4HA2", "DDIT3", "ID2", "TAF3", "PFKP", "TMEM45A"], "TP63-22573176-HFKS-HUMAN": ["TSKS", "PHTF2", "PFKFB3", "ANKRD33B", "HSPB1", "RASGRP2", "CENPA", "COX6A2", "ETS1", "CRIP1", "HK1", "TM7SF2", "AKAP12", "NUAK1", "CSRP2", "LBH", "MFSD4", "BEND5", "IER3", "ANKRD34A", "UTS2R", "UNC13A", "APOBEC2", "CEP152", "ARID5A", "CTDSPL", "DNTT", "TANC1", "CTRL", "PXMP2", "AGRP", "PFKP", "EZH2", "TMEM45A"], "BCL11B-21912641-STHDH STRIATAL CELLS-MOUSE": ["ID3"], "SMAD4-21799915-A2780-HUMAN": ["P2RY10", "CKAP2L", "SMAGP", "DUSP1", "SCHIP1", "LIFR", "ATP10A", "FOS", "SIPA1L2", "NDRG1", "STX11", "ADAM19", "TANC1", "INSL6", "RGS1", "BAMBI", "CTH", "BHLHE40", "BBS9", "SEC24D", "CPEB2", "CEP55", "EZH2", "MDM1"], "EZH2-22144423-EOC-HUMAN": ["NLRP5"], "SCL-21571218-MEGAKARYOCYTES-HUMAN": ["EGLN3", "ANKRD33B", "TESC", "SIAH2", "INSIG1", "TSC22D3", "PLEK", "CTDSPL", "MYO7A", "HSPA2", "ETS1", "CPN1", "ADAM19", "RDM1", "TANC1", "BHLHE40", "STK38L", "MCTP2", "ITM2A", "EZH2"], "EGR1-19374776-THP-1-human": ["PLEKHG2", "HMMR"], "ERG-20887958-HPC-7-MOUSE": ["ARID5A", "HMGB2", "ATP10A", "TTK", "TM6SF1", "CENPA", "GEM", "AURKB", "SMC2", "4933404O12RIK", "GRHPR", "BZRAP1", "GM5617", "P4HA1", "BAMBI", "G2E3", "CENPN", "CPEB2", "ZFP563", "CEP55", "PF4", "MDM1"], "TP53-23651856-MEF-MOUSE": ["GLS2", "SCHIP1", "PARD6G", "HMMR", "ETS1", "CLCN2", "NCAPH", "MED12L", "STX11", "HK1", "BBS9", "IER3", "FBXO2", "TUBE1", "MYO7A", "KIF22", "FOS", "ADAM19", "NR4A1", "TANC1", "CXCL10", "SLC25A18", "P4HA1", "MSH5", "PLIN3", "TRIB3", "MCTP2", "PLCD3", "CPEB2", "HSPA1B"], "SFPI1-20887958-HPC-7-MOUSE": ["PHYH", "GPT2", "FOS", "BRCA2", "NUP62-IL4I1", "GK5", "RDM1", "GRHPR", "SYCE2", "DEPDC1A", "LBH", "BAMBI", "DDIT3", "BHLHE40", "G2E3", "STK38L", "BBS9", "CPEB2", "ZFP563", "PF4"]}