{"HNF1B (human)": ["GALE", "CD69"], "Esrrb (mouse)": ["SLC31A1", "NFYB"], "NFE2L1 (human)": ["EZH2"], "TBX5 (human)": ["TM7SF2"], "STAT1 (mouse)": ["CXCL10"], "NFE2L2 (human)": ["PRDM9"], "IRF9 (human)": ["PRG4"], "SOX2 (human)": ["TRIB3"], "FOXA2 (human)": ["CENPN", "CYTIP"], "SND1 (mouse)": ["ATP4A", "H2-Q6"], "HNRNPK (human)": ["ID2"], "ESR2 (human)": ["SLC25A18"], "ESR2 (mouse)": ["SOCS2"], "MXI1 (human)": ["PDCD1"], "NR4A2 (human)": ["FBXO2"], "SMAD3 (mouse)": ["ISG20", "RNF19A"], "MIR210 (human)": ["PTGR1"], "NFYB (human)": ["DDIT3"], "RORA_2 (human)": ["PFKFB3"], "NCOA1 (human)": ["SELENBP1", "AKAP12"]}