{"H3K9me3 Brain Germinal Matrix": ["FAM50B"], "H3K36me3 Brain Anterior Caudate": ["ENDOU", "LXN", "APOBEC2", "SIPA1L2"], "H3K36me3 Duodenum Mucosa": ["ENDOU", "AGRP", "SIPA1L2"], "H3K36me3 Peripheral Blood Mononuclear Primary Cells": ["MCTP2"], "H3K36me3 CD4+ CD25- CD45RO+ Memory Primary Cells": ["CTRL"], "H3K36me3 Breast vHMEC": ["SIPA1L2"], "H3K9me3 Brain Hippocampus Middle": ["PCDHB6"], "H3K36me3 Skeletal Muscle": ["SIPA1L2"], "H3K36me3 Adipose Nuclei": ["LXN"], "H3K27me3 Penis Foreskin Keratinocyte Primary Cells": ["ADAM19", "EGLN3", "ACTN2", "STXBP6", "PPM1E"], "H3K36me3 Brain Germinal Matrix": ["SIPA1L2"], "H3K36me3 Duodenum Smooth Muscle": ["SIPA1L2"], "H3K9me3 CD8 Naive Primary Cells": ["HSPA2"], "H3K36me3 Adult Kidney": ["ID2", "SIPA1L2"], "H3K36me3 Stomach Mucosa": ["CTRL"], "H3K27me3 CD4 Naive Primary Cells": ["MFSD4", "BAMBI", "FOS", "PTGR1", "CPN1"], "H3K9me3 Rectal Smooth Muscle": ["UNC13A", "PRDM9"], "H3K36me3 CD3 Primary Cells": ["ARID5A"], "H3K36me3 Bone Marrow Derived Mesenchymal Stem Cell Cultured Cells": ["LXN"], "H3K36me3 CD8 Naive Primary Cells": ["CTRL", "PCDHB8"]}