{"GCTTGAA,MIR-498": ["TSC22D3"], "GCACCTT,MIR-18A,MIR-18B": ["CTDSPL"], "GGCACTT,MIR-519E": ["NR4A2"], "CTCTAGA,MIR-526C,MIR-518F,MIR-526A": ["EGLN3"], "CCACACA,MIR-147": ["CTDSPL"], "TACAATC,MIR-508": ["PHTF2"], "ATAACCT,MIR-154": ["PPM1E"], "GAGCCTG,MIR-484": ["LBH"], "CTGTTAC,MIR-194": ["SOCS2"], "ACAACTT,MIR-382": ["HSPA2"], "TGCAAAC,MIR-452": ["PHC1"], "GACAGGG,MIR-339": ["CTDSPL"], "GTGTTGA,MIR-505": ["CTDSPL"], "ACCAATC,MIR-509": ["INSIG1"], "TACGGGT,MIR-99A,MIR-100,MIR-99B": ["CTDSPL"], "CGTCTTA,MIR-208": ["ETS1"], "CAGTCAC,MIR-134": ["CPEB2"], "AGCGCAG,MIR-191": ["HMGB1"], "AGGAAGC,MIR-516-3P": ["BNIP3L"], "CCATCCA,MIR-432": ["PPM1E"]}