{"MAFF_HepG2_hg19": ["PHTF2", "PRDM9", "HMGCS1", "CKAP2L", "DUSP1", "CEP152", "EAF2", "ADM", "TTK", "CDC25C", "GALE", "P4HA1", "FAM122C", "G2E3", "FBXO5", "SEC24D", "BUB1", "C1QC", "IER3"], "EP300_K562_hg19": ["ANKRD37", "HMGB2", "HSPB1", "KIF11", "BRCA2", "SMC4", "ERO1L", "TM7SF2", "LBH", "EME1", "SCRN3", "RNF19A", "FAM122C", "HIST1H1E", "OIP5", "KNTC1", "IER3", "BNIP3L", "PHYH", "RFC3", "RMI2", "DUSP1", "TESC", "KIF22", "FOS", "NEIL3", "DDIT3", "G2E3", "PLIN3", "BLVRB", "FAM84B", "PFKFB3", "NCAPH", "GK5", "SELENBP1", "SOCS2", "SYCE2", "CCNB2", "BUB1", "STIL", "NFYB", "CEP152", "EAF2", "TUBE1", "ISG20", "CENPE", "APITD1", "P4HA1", "P4HA2", "CTH", "ITM2A", "EZH2"], "CTCF_IMR-90_hg19": ["GPSM2", "PHTF2", "PHYH", "LXN", "SMAGP", "TSC22D3", "NCAPG2", "IER5L", "TUBE1", "HSPA2", "NDRG1", "MED12L", "GEM", "ERO1L", "SOCS2", "P4HA1", "IL12A", "SEC24D", "SMTNL2", "FAM50B"], "STAT1_GM12878_hg19": ["RFC3", "PFKFB3", "CKAP2L", "NFYB", "NCAPG", "HSPB1", "TTK", "HSPA2", "ESCO2", "KIF11", "GK5", "CCNB2", "HMGN5", "RGS1", "DDIT3", "RNF19A", "G2E3", "OIP5", "FBXO5", "CEP55"], "JUND_T47D_hg19": ["IER3"], "CTCF_fibroblast of villous mesenchyme_hg19": ["GPSM2", "PHTF2", "LXN", "ZFAND4", "TSC22D3", "ARID5A", "CASC5", "ADM", "HSPA2", "CENPA", "MED12L", "GEM", "ISG20", "SOCS2", "ADAM19", "SLC25A18", "ALDH1B1", "P4HA1", "BAMBI", "TRIB3", "IL12A", "SMTNL2", "FAM50B", "IER3"], "MAX_H1-hESC_hg19": ["GPSM2", "LXN", "ZFAND4", "INSIG1", "NCAPG", "KIF11", "CENPA", "AURKB", "SMC2", "AKAP12", "SYCE2", "CCNB2", "SGOL1", "ALDH1B1", "SCRN3", "OIP5", "IL12A", "MBNL3", "RFC3", "RMI2", "CEP152", "HSPA2", "PTGR1", "CDC25C", "GEM", "NDC80", "GRHPR", "CENPE", "G2E3", "PTPLAD2", "SLC27A4", "CDKN3"], "RAD21_IMR-90_hg19": ["BNIP3L", "LXN", "TSC22D3", "NCAPG2", "IER5L", "KIF22", "HSPA2", "MED12L", "GEM", "NDC80", "GK5", "ISG20", "GRHPR", "GALE", "CSRP2", "SGOL1", "FAM122C", "IL12A", "STXBP6", "SMTNL2", "MDM1"], "POLR2A_GM19099_hg19": ["ANKRD34A", "GPSM2", "STIL", "RFC3", "RMI2", "PFKFB3", "BNIP3", "IER5L", "HSPB1", "HMMR", "HSPA2", "TM7SF2", "TANC1", "CSRP2", "BAMBI", "IL12A", "ERMAP", "DLGAP5", "EZH2", "MDM1"], "CTCF_small intestine_mm9": ["TSKS", "PHTF2", "RFC3", "UNC13A", "PARPBP", "NFYB", "IER5L", "TM6SF1", "TANC1", "WRN", "APITD1", "LBH", "P4HA1", "NABP2", "HIST1H1E", "CYTIP", "MBNL3", "CPEB2", "HMX2", "TMEM45A"], "MYC_MCF-7_hg19": ["PHTF2", "LXN", "HMGB2", "TTK", "HMGB1", "KIF11", "BRCA2", "MKI67", "PPM1E", "NDRG1", "MED12L", "SMC2", "RELB", "GK5", "RDM1", "DSN1", "SGOL1", "ALDH1B1", "BBS9", "ENPP1", "CEP72", "HIST1H1E", "OIP5", "FBXO5", "STXBP6", "CEP55", "STIL", "NFYB", "GPT2", "EAF2", "TUBE1", "KIF22", "HSPA2", "PTGR1", "NDC80", "GALE", "APITD1", "P4HA1", "CTH", "REL", "G2E3", "BLVRB", "CENPN", "FAM64A", "ALDOC", "LCORL", "TAF3", "SLC27A4"], "POLR2AphosphoS2_GM12878_hg19": ["GAS2L3", "RMI2", "PFKFB3", "PLEKHF1", "SLC31A1", "IER5L", "EAF2", "FOS", "AURKB", "GK5", "GRHPR", "HMGN5", "CSRP2", "ALDH1B1", "G2E3", "PGLYRP1", "TAF3", "ERMAP", "DLGAP5", "CEP55", "CDKN3"], "MBD4_HepG2_hg19": ["ANKRD37", "HMGB2", "NCAPG", "KIF22", "FOS", "KIF11", "SMC4", "NDRG1", "TM7SF2", "ISG20", "DSN1", "P4HA1", "EME1", "SCRN3", "DDIT3", "G2E3", "KNTC1", "FBXO5", "BUB1"], "ARID3A_K562_hg19": ["STIL", "RFC3", "IFITM1", "CEP152", "NCAPG2", "HMGB2", "EAF2", "PRSS16", "FOS", "KIF11", "CDC25C", "GK5", "SOCS2", "SGOL1", "ALDH1B1", "P4HA1", "G2E3", "STK38L", "CD69", "EZH2"], "TAF1_PFSK-1_hg19": ["SLC43A1", "HSPB1", "ADM", "BRCA2", "CLCN2", "TM7SF2", "GK5", "SELENBP1", "CENPE", "LBH", "BAMBI", "G2E3", "FBXO5", "BUB1", "CDKN3"], "CTCF_G1E-ER4_mm9": ["C1QA", "ACSS2", "ITLN1", "IFNZ", "TM7SF2", "SYCE2", "BZRAP1", "HMGN5", "MBNL3", "DLGAP5", "PHYH", "RFC3", "PLEKHG2", "DUSP1", "CEP152", "TSC22D3", "ARHGEF39", "GRHPR", "APITD1", "P4HA1", "BAMBI", "PCDHB6", "NABP2", "BLVRB", "TRIB3", "G530011O06RIK"], "CTCF_GM19238_hg19": ["GPSM2", "BNIP3L", "EGLN3", "PFKFB3", "LXN", "HOMER1", "SMAGP", "TSC22D3", "EAF2", "TUBE1", "HSPA2", "MED12L", "GEM", "ERO1L", "TM7SF2", "SOCS2", "HIST1H1E", "SEC24D", "SMTNL2", "FAM50B", "PCDHB8"], "CTCF_fibroblast of the aortic adventitia_hg19": ["GPSM2", "PHTF2", "LXN", "ZFAND4", "TSC22D3", "NCAPG2", "ARID5A", "TUBE1", "HSPA2", "NDRG1", "MED12L", "GEM", "STX11", "ISG20", "AKAP12", "SOCS2", "ADAM19", "SLC25A18", "P4HA1", "TRIB3", "IL12A", "SEC24D", "SMTNL2", "FAM50B"], "MEF2C_GM12878_hg19": ["BZRAP1", "HIST1H1E"], "EP300_MCF-7_hg19": ["ISG20", "NFYB"]}