{"H3K9ac_T-cell acute lymphoblastic leukemia_hg19": ["ANKRD37", "SLC31A1", "SMAGP", "DUSP1", "TUBE1", "RASGRP2", "NDC80", "GALE", "CTH", "DDIT3", "ID2", "GPR171", "BBS9", "CEP72", "FAM64A", "PLCD3", "TAF3"], "H3K9ac_NT2-D1_hg19": ["ANKRD34A", "CITED1", "SLC31A1", "TTK", "RASGRP2", "NDC80", "SMC2", "GRHPR", "CSRP2", "SGOL1", "EME1", "BBS9", "ENPP1", "IL12A", "FBXO5", "STXBP6", "TAF3", "BUB1"], "H3K79me2_skeletal muscle myoblast_hg19": ["PHC1", "SLC31A1", "HSPB1", "HMGB1", "PTGR1", "CDC25C", "CLCN2", "NDC80", "DSN1", "GALE", "BAMBI", "DDIT3", "REL", "BBS9", "FAM64A", "ERMAP", "SLC27A4", "MDM1"], "H3K9ac_mammary epithelial cell_hg19": ["ANKRD34A", "PFKFB3", "SMAGP", "TTK", "TUBE1", "SMC2", "SGOL1", "EME1", "CTH", "SNX25", "BBS9", "CEP72", "OIP5", "FAM64A", "BUB1", "TMEM45A", "MB21D1"], "H3K4me3_MCF-7_hg19": ["ANKRD34A", "PLEKHG2", "CITED1", "GLS2", "ADM", "SMC4", "PPM1E", "SMC2", "GK5", "SELENBP1", "APITD1", "BAMBI", "PCDHB6", "STXBP6", "TAF3", "CPEB2"], "H3K4me2_GM12878_hg19": ["CITED1", "SMAGP", "IL18", "NDRG1", "CXCL10", "SYCE2", "MEX3B", "CSRP2", "BAMBI", "GPR171", "BLVRB", "ENPP1", "FAM64A", "PTPLAD2", "STXBP6", "PLCD3", "ERMAP"], "H3K27me3_spleen_mm9": ["ANKRD34A", "GPSM2", "ANKRD33B", "HOMER1", "ACTN2", "SMAGP", "TESC", "FBXO2", "PPM1E", "PLXDC1", "NR4A2", "SOCS2", "1700025G04RIK", "MFSD4", "P4HA2", "CTH", "RNF19A", "PLCD3", "CBR3"], "H3K27ac_astrocyte_hg19": ["HOMER1", "HMGCS1", "TUBE1", "KIF22", "CENPA", "NCAPH", "RELB", "GRHPR", "NEIL3", "SGOL1", "EME1", "BBS9", "ENPP1", "IL12A", "TAF3", "BUB1", "TMEM45A", "MB21D1"], "H3K27me3_astrocyte_hg19": ["UTS2R", "UNC13A", "ANKRD33B", "GLS2", "ACTN2", "GPT2", "EAF2", "COX6A2", "PLXDC1", "CRIP1", "SLC25A18", "PPP1R3B", "BLVRB", "PGLYRP1", "MBNL3", "BEND5", "PF4"], "H3K4me3_cardiac mesoderm_hg19": ["SLC43A1", "CASC5", "RASGRP2", "CENPA", "CRIP1", "MED12L", "SMC2", "AKAP12", "NUAK1", "HMGN5", "LBH", "ALDH1B1", "SNX25", "IL12A", "MBNL3", "BEND5", "GAS2L3", "PLEKHG2", "SIAH2", "GPT2", "TSC22D3", "ESCO2", "GRHPR", "NEIL3", "APITD1", "P4HA2", "BAMBI", "REL", "ID3", "TRIB3", "ALDOC", "PTPLAD2", "TAF3", "CPEB2", "ITM2A", "FAM50B"], "H3K4me3_HEK293_hg19": ["UNC13A", "HOMER1", "SIAH2", "FBXO2", "TSC22D3", "ISG20", "GRHPR", "APITD1", "SNX25", "ID3", "IL12A", "STXBP6", "MBNL3", "TAF3", "CPEB2", "BEND5", "HMX2", "FAM50B", "TMEM45A"], "H3K27ac_kidney_mm9": ["LXN", "PHC1", "SIAH2", "EAF2", "NUP62-IL4I1", "CPN1", "GK5", "ISG20", "ANKRD9", "ATP4A", "EME1", "4930555B11RIK", "PLIN3", "CEP72", "CPEB2", "ZFP563", "EMC9", "ZFP473"], "H2AFZ_osteoblast_hg19": ["PFKFB3", "RIPK3", "SMAGP", "TUBE1", "TM6SF1", "COX7A1", "NDRG1", "RDM1", "MEX3B", "NUAK1", "EME1", "SCRN3", "STK38L", "BLVRB", "BBS9", "ENPP1", "PTPLAD2", "PLCD3", "TAF3"], "H3K36me3_endothelial cell of umbilical vein_hg19": ["HSPB1", "ADM", "MKI67", "SMC4", "CENPA", "COX7A1", "SMC2", "GK5", "NUAK1", "EME1", "IER3", "BNIP3L", "HMGCS1", "SLC31A1", "NFYB", "DUSP1", "KIF22", "FOS", "TM6SF1", "GALE", "ID3", "CENPN", "CPEB2", "MDM1", "FAM84B"], "H3K4me3_T-cell acute lymphoblastic leukemia_hg19": ["PHTF2", "P2RY10", "SMAGP", "DUSP1", "TUBE1", "HMMR", "GEM", "SYCE2", "GALE", "MEX3B", "CTH", "ID2", "PXMP2", "BLVRB", "FAM64A", "PLCD3", "ERMAP"], "H4K20me1_fibroblast of lung_hg19": ["UNC13A", "ANKRD33B", "NFYB", "DUSP1", "TESC", "FOS", "TM6SF1", "MKI67", "SMC2", "HK1", "NUAK1", "DDIT3", "ID2", "PLIN3", "PGLYRP1", "CPEB2", "IER3"], "H3K27me3_mammary epithelial cell_hg19": ["UTS2R", "UNC13A", "ANKRD33B", "CITED1", "RIPK3", "TESC", "SLC43A1", "ATP10A", "TTC9B", "HSPA2", "TM6SF1", "RASGRP2", "PPM1E", "PLXDC1", "CRIP1", "CPN1", "NR4A1", "SLC25A18", "WRN", "MFSD4", "BLVRB", "STXBP6", "BEND5", "HMX2"], "H3K79me2_A549_hg19": ["PLEKHF1", "ZFAND4", "INSIG1", "BRCA2", "CLCN2", "ANKRD9", "DSN1", "HMGN5", "EME1", "ERMAP", "PHC1", "FBXO2", "TUBE1", "FOS", "CDC25C", "P4HA2", "ID2", "PLIN3", "ID3", "BLVRB", "TRIB3", "CENPN", "FAM64A", "NUPR1", "SLC27A4", "MDM1"], "H3K4me3_HepG2_hg19": ["ACSS2", "CITED1", "ZFAND4", "TTK", "SMC4", "SMC2", "GK5", "RDM1", "HMGN5", "CSRP2", "SGOL1", "SNX25", "CEP72", "IL12A", "STXBP6", "MBNL3", "ERMAP", "BEND5", "PHC1", "PLEKHG2", "HOMER1", "SMAGP", "TUBE1", "ESCO2", "CDC25C", "MEX3B", "APITD1", "BLVRB", "FAM64A", "ALDOC", "TAF3", "CPEB2", "HMX2"], "H3K79me2_H1-hESC_hg19": ["IFITM1", "ZFAND4", "SLC31A1", "HMMR", "FOS", "CENPA", "CLCN2", "NDC80", "GK5", "ANKRD9", "GRHPR", "CENPE", "DSN1", "EME1", "ID3", "HIST1H1E", "CEP55", "MDM1", "IER3"]}