{"MITF-21258399-MELANOMA-HUMAN": ["C8ORF46", "SUV39H2", "GPSM2", "FEN1", "GMNN", "FHL2", "BRCA1", "CELSR2", "LOXL1", "WISP2", "SGOL1", "TUBB3", "CHEK2", "C1QTNF6", "HEY2", "MYBL2", "SLC39A8", "DLEU2", "JAK2", "MYBL1", "CTSD", "PHLDA1", "ZNF367", "GAS2L3", "ACOT7", "TMEM194A", "LIG1", "TUBB", "MASTL", "TUBG1", "SLC7A5", "TIAM1", "PSRC1", "TUBB2A", "NOS1AP", "MPPED2", "DOK7", "DEPDC1", "FAM64A", "SGK1", "SLC29A1", "CUEDC1", "MCM2", "ASF1B", "RAI14", "FKBP5", "BLM", "SLC26A2", "PCOLCE2", "CDCA4", "SYNPO2", "TYMS", "LRP8", "CENPA", "NCAPH", "CCNB1", "HAUS8", "FIGNL1", "TSPAN5", "PMAIP1", "CTNNAL1", "RIBC2", "E2F8", "CAP2", "GINS1", "RPL39L", "NTRK2", "CDKN2C", "WFS1", "CAV1", "PLK1", "GREB1", "MYO16", "ISG20", "ANLN", "CENPH", "TACC3", "CCNYL1", "CENPM", "TRIP13", "SFXN2", "SPC24"], "TP63-23658742-EP156T-HUMAN": ["RET", "IL20", "SERPINA1", "ZWILCH", "FHL2", "CELSR2", "LOXL1", "RAPGEFL1", "SGOL1", "PTTG1", "MYB", "KNTC1", "JAK2", "ZNF367", "MSMB", "RFC3", "ACOT7", "GPX8", "VRK1", "CDC25C", "ADRA2A", "TRAIP", "RAB31", "DOK7", "COL21A1", "MCM5", "SGK1", "SLC29A1", "CUEDC1", "RBM24", "FOXC1", "CDCA7", "AURKB", "PSMC3IP", "NEURL1B", "C1ORF106", "FIGNL1", "TIFA", "RBBP8", "TSPAN5", "CDH26", "CAP2", "NTRK2", "RRM1", "EGR3", "TFPI2", "CDC7", "ANLN", "XK", "FABP5", "MGP", "CDK1", "MDM1", "CDKN3"], "TCF7-22412390-EML-MOUSE": ["RET", "GPSM2", "FOXC1", "ACOT7", "CDCA5", "GEM", "RAD54B", "TIAM1", "TUBB2A", "CDC45", "CABYR", "CENPI", "NOS1AP", "TIFA", "TSPAN5", "HIST1H4C", "CKLF", "SPC25", "MCM2"], "CREB1-23762244-HIPPOCAMPUS-RAT": ["PCNA", "RNASEH2A", "CDCA2", "MCM7", "ZWILCH", "CDCA4", "PRIM1", "CDCA5", "CCNF", "CDCA8", "BRCA1", "AURKA", "EXO1", "TUBB3", "CHEK1", "CEP55", "WDHD1", "RRM1", "RFC4", "NUP155", "CKAP2L", "UBE2C", "PLK1", "ATAD2", "KIF18A", "RAD51", "TUBB2A", "CABYR", "ESPL1", "MPPED2", "CENPK", "SASS6", "CCNYL1", "KIF2C", "MCM5", "DTL", "GLA", "ASF1B"], "SRY-25088423-EMBRYONIC GONADS-MOUSE": ["RET", "KCNK6", "FEN1", "RNASEH2A", "NCAPG2", "CELSR2", "LOXL1", "SKA1", "LMNB1", "SFR1", "HAUS7", "TIFA", "HEY2", "GTSE1", "CEP55", "CDT1", "NTRK2", "WDHD1", "RRM1", "LIG1", "NPY5R", "IGFBP4", "UBE2C", "PLK1", "MND1", "FANCB", "TUBG1", "GEM", "KLK11", "ADRA2A", "ISG20", "RBP7", "SLC7A5", "PSRC1", "XK", "TUBB2A", "RAB31", "UBE2S", "TMSB15A", "RFWD3", "POLE2", "TACC3", "FAM64A", "SGK1", "PHF19", "EZH2", "RAI14"], "STAT3-22323479-MACROPHAGE-MOUSE": ["MCM3"], "SOX9-22984422-TESTIS-RAT": ["MCM7", "SKA3"], "RAD21-21589869-MESC-MOUSE": ["FEN1", "RNASEH2A", "NCAPG", "CELSR2", "RERG", "DSN1", "TNFAIP8L1", "NEK2", "PHLDA1", "TCF19", "POLQ", "RFC3", "IGFBP4", "NPY1R", "GPX8", "ISG20", "ANLN", "PCP4", "CXCL12", "KIF18B", "FABP5", "UBE2S", "MCM3", "CENPM", "MCM5", "FAM64A", "HIST1H4C", "ITGB3BP", "MAD2L1", "GPR19", "ASF1B"], "JARID1A-20064375-MESC-MOUSE": ["FEN1", "PCNA", "CDCA2", "CDCA5", "CDCA8", "HMMR", "BRCA2", "AURKA", "KIF15", "HINT3", "NUF2", "RAD54L", "CTSD", "GTSE1", "RRM1", "RFC4", "NUP155", "GINS4", "MASTL", "NDC80", "ESPL1", "RFWD3", "CENPK", "CENPL", "SASS6", "KIF2C", "CENPN", "KIF20A", "ITGB3BP"], "REST-21632747-MESC-MOUSE": ["ARHGAP11A", "DIRAS2", "CCNF", "MKI67", "SKA1", "TUBB3", "RBBP8", "PMAIP1", "CDH26", "FAM83D", "MSMB", "TCF19", "NTRK2", "GAS2L3", "FAM46C", "VRK1", "SHCBP1", "MYO16", "ADRA2A", "RBP7", "RIPPLY3", "RAD51", "MELK", "MPPED2", "SGK1", "DTL", "SPC24"], "TP63-22573176-HFKS-HUMAN": ["ARHGAP11A", "RET", "KCNK6", "ZWILCH", "CCNF", "HJURP", "BUB1B", "BRCA1", "FAIM3", "CELSR2", "LOXL1", "PTTG1", "MYB", "TK1", "SKP2", "TIPIN", "TUBB", "GPX8", "KIF23", "VRK1", "TUBG1", "TRAIP", "SLC7A5", "TIAM1", "DEPDC1B", "PSRC1", "DOK7", "C18ORF54", "COL21A1", "MCM5", "SGK1", "SLC29A1", "ITGB3BP", "PTGES", "SLC26A2", "UHRF1", "SYNPO2", "CDCA7", "CENPA", "TMEM164", "AURKA", "PSMC3IP", "C1ORF106", "RACGAP1", "TSPAN5", "CTNNAL1", "RIBC2", "E2F8", "FANCI", "CDT1", "CAV1", "ANLN", "CYP24A1", "KIF18B", "FABP5", "TACC3", "TRIP13", "CKLF", "EZH2"], "GATA1-21571218-MEGAKARYOCYTES-HUMAN": ["CDCA3", "CDCA4", "FHL2", "CASC5", "HSD17B6", "RAPGEFL1", "SKA1", "PTTG1", "RACGAP1", "IMPA2", "MYB", "TNFAIP8L1", "TSPAN5", "EGR3", "CKAP2L", "FAM46C", "RFC2", "C4ORF46", "ADRA2A", "FAM111B", "SLC7A5", "TIAM1", "CENPF", "DEPDC1B", "RAB31", "NOS1AP", "TRIP13", "SGK1", "SLC29A1", "CUEDC1", "DTL", "CKLF", "PRTFDC1", "MDM1"], "SPI1-20176806-THIOMACROPHAGE-MOUSE": ["RET", "TCF19", "GAS2L3", "CDCA5", "DIRAS2", "KIF14", "DONSON", "PRSS23", "AURKB", "RAD54B", "DSN1", "TUBB2A", "RACGAP1", "CHEK1", "CENPK", "BIRC5", "KNTC1", "MYBL1", "PHLDA1", "SPC25", "MDM1", "CDKN3"], "CEBPB-20176806-THIOMACROPHAGE-MOUSE": ["RET", "GAS2L3", "SLC26A2", "FEN1", "CDCA2", "CKAP2L", "CDCA5", "DIRAS2", "CCNF", "CDC6", "PRSS23", "CDC25A", "AURKB", "RBP7", "ANLN", "CCNB1", "FABP5", "MYB", "DTL", "PHLDA1", "PTGES", "MDM1", "CDKN3"], "SFPI1-20887958-HPC-7-MOUSE": ["UHRF1", "CDCA5", "CDCA7", "BRCA2", "RAD54B", "KIF15", "RDM1", "SGOL2", "MYBL2", "FANCI", "TIPIN", "NUP155", "IGFBP4", "RFC2", "GINS3", "CDC7", "VRK1", "TUBG1", "ASPM", "KIF18A", "RAD51", "PSRC1", "TUBB2A", "FABP5", "CCNE2", "SASS6", "TACC3", "G2E3", "CCNYL1", "BIRC5", "MCM5", "SFXN2", "TAF5", "SLC29A1", "MAD2L1"], "TET1-21490601-MESC-MOUSE": ["NECAB1", "CDCA5", "BUB1B", "CELSR2", "LMNB1", "PTTG1", "CHEK2", "PBK", "NEK2", "DLEU2", "RRM1", "ACOT7", "EGR3", "ATAD2", "DONSON", "CDC7", "KIF23", "TUBG1", "ANLN", "CENPF", "DEPDC1B", "RIPPLY3", "UBE2T", "CENPJ", "MPPED2", "DNA2", "PHF19", "GPR19"], "SIN3B-21632747-MESC-MOUSE": ["ARHGAP11A", "KCNK6", "KIF14", "KIF11", "BRCA2", "CELSR2", "LOXL1", "KIF15", "LMNB1", "TUBB6", "HINT3", "EXO1", "TUBB3", "GSG2", "HEY2", "PBK", "NEK2", "JAK2", "CTSD", "RFC5", "TCF19", "RFC2", "VRK1", "CDC25A", "ADRA2A", "ASPM", "RIPPLY3", "MELK", "DBF4", "TUBB2A", "G2E3", "KIF2C", "KIF20A", "CUEDC1", "ASF1B", "CDCA3", "CDCA5", "CDCA7", "CDCA8", "TTK", "SKA1", "CCNB1", "ORC6", "PMAIP1", "FAM83D", "RIBC2", "E2F8", "FANCI", "CDT1", "EGR3", "CENPW", "NUP155", "GINS3", "CDC7", "RAD51", "CYP24A1", "CXCL12", "CENPK", "SASS6", "CDK1", "NCAPD2", "CENPN", "SFXN2", "TAF5", "HIST1H4C", "MDM1"], "SUZ12-20075857-MESC-MOUSE": ["RET", "KCNK6", "PGLYRP2", "DIRAS2", "FHL2", "CELSR2", "AREG", "PRSS23", "RERG", "LOXL1", "RAPGEFL1", "TUBB3", "MYB", "HEY2", "SLC39A8", "DLEU2", "JAK2", "PHLDA1", "NPY5R", "IGFBP4", "GEM", "IL17RB", "ADRA2A", "RBP7", "RIPPLY3", "RAB31", "NOS1AP", "MPPED2", "DOK7", "SGK3", "PGR", "SGK1", "CUEDC1", "RBM24", "RAI14", "FOXC1", "SLC26A2", "HS3ST3A1", "PCOLCE2", "CHRNA5", "SYNPO2", "LRP8", "CALCR", "FAM132B", "TIFA", "TSPAN5", "PMAIP1", "FAM83D", "SLC36A4", "RIBC2", "E2F8", "CAP2", "NTRK2", "CDKN2C", "EGR3", "FAM46C", "CAV1", "TFPI2", "GREB1", "DONSON", "HSPA2", "MYO16", "PKIB", "CYP24A1", "CXCL12", "PHF19"], "DMRT1-23473982-TESTES-MOUSE": ["RAMP3", "BRCA1", "MKI67", "CKS1B", "BRIP1", "DEPTOR", "PMAIP1", "CDH26", "FBXO5", "DLEU2", "TCF19", "NTRK2", "TIPIN", "GAS2L3", "WFS1", "ATAD2", "VRK1", "CDC25A", "RIPPLY3", "XK", "POLE2", "G2E3", "COL6A3", "TAF5", "FKBP4", "CUEDC1", "PTGES", "MAD2L1", "ASF1B", "MDM1"], "FOXP1-21924763-HESC-HUMAN": ["SUV39H2", "KCNK6", "MCM7", "ZWILCH", "NCAPG2", "KIF14", "KIF11", "CELSR2", "RERG", "LOXL1", "SGOL2", "SGOL1", "DEPTOR", "HINT3", "EXO1", "GSG2", "C1QTNF6", "NUF2", "MYB", "SKP2", "MYBL1", "ACOT7", "TUBB", "ELOVL2", "ADRA2A", "SLC7A5", "DEPDC1B", "DBF4", "C18ORF54", "MCM4", "COL6A3", "FAM64A", "FAM72D", "FKBP4", "SGK1", "ASF1B", "PCNA", "CDCA3", "CDCA5", "C12ORF60", "CENPA", "AURKB", "SKA1", "C1ORF112", "DSN1", "PMAIP1", "GINS1", "RRM1", "ATAD2", "SCLT1", "MND1", "FANCB", "HSPA2", "PKIB", "CXCL12", "KIAA0101", "CENPJ", "CENPM", "SFXN2", "GPR19"]}