{"TP63-23658742-EP156T-HUMAN": ["FOXA1", "NRP1", "MFI2", "CHD7", "LRMP", "FYB", "NT5E", "MECOM", "MAN2A1", "SLC16A2", "DLEU7", "TCP11", "SLC15A1", "ANKRD44", "SPNS3", "ABCA4", "HSD3B1", "HPCAL1", "ISLR2", "CORO2A", "ASPRV1", "SORCS2", "MMP10", "CDC25B", "SLC2A9", "CYP26A1", "EPGN", "GJB1", "ZADH2", "TRPV4", "MALL", "BHLHE40", "RBP1", "IRF5", "RAPGEF3", "TRIM56", "HBEGF"], "GFI1B-20887958-HPC-7-MOUSE": ["H2-T23", "HPCA", "ITPR3", "GIMAP6", "DHRS3", "GYS1", "9030617O03RIK", "POR", "TRIM7", "SMPD4", "IRAK2", "MAN2A1", "AGBL3", "PPDPF", "KIT", "BHLHE40", "SNAI1", "E130309D14RIK", "PIM1", "SMYD4", "HOXA5"], "HNF4A-19822575-HepG2-human": ["DOCK6", "FOXA1", "NRP1", "CHD7", "CHD5", "SLC6A1", "AQP3", "MMP20", "ELAVL3", "LIPC", "HOXA3", "PIM1", "MAP3K8", "PGPEP1", "GRASP", "XYLB", "PDGFRB", "PPTC7", "ACTN2", "ANKRD44", "SPNS3", "SOX13", "HPCAL1", "CDC25B", "FOXP1", "DKK4", "POR", "LMX1A", "DOK4", "ZADH2", "IRF5", "FBP1", "RAPGEF3", "GCM1", "COLEC11", "COL13A1", "TSHZ1", "SLC43A1", "IER5L", "LTBP3", "AK7", "STRA8", "NT5E", "PORCN", "CAMK2N1", "TSPAN9", "IRAK2", "RDH16", "SMYD4", "AOC3", "AFAP1L1", "ABCA4", "OPRK1", "PLEKHA6", "FOXN4", "SEMA4G", "CORO2A", "SMAD6", "MEIS2", "DHRS3", "SKI", "SLC2A9", "GJB1", "UROC1", "SNAI1", "THRSP", "CCDC65", "LHX4", "FGFR4", "PTF1A", "CPVL", "CBLN3"], "E2F4-21247883-LYMPHOBLASTOID-HUMAN": ["CHRNA5", "SLC43A1", "IQGAP3", "AK7", "CORO1B", "RPS6KA4", "MUC1", "COTL1", "SMYD4", "MAP3K8", "KCNH1", "GABARAPL2", "DUSP5", "PPTC7", "SOX13", "ISLR2", "FOXN4", "SMAD6", "MEIS2", "HIC1", "REC8", "SKI", "PIGK", "LHX4", "PCNXL2", "SIPA1"], "STAT3-23295773-U87-HUMAN": ["OXNAD1", "COL13A1", "TMTC1", "GIMAP6", "AK7", "RHOBTB1", "NT5E", "MAN2A1", "HIVEP3", "KCNH1", "AOC3", "CR2", "ANKRD44", "MYRIP", "MEIS2", "SORCS2", "FOXP1", "LMX1A", "ZSCAN20", "LHX2", "KIT", "BHLHE40", "PIGK", "PMP22", "RARB", "PRTN3", "PCNXL2", "IDO1"], "SPI1-23547873-NB4-HUMAN": ["TSHZ1", "SLC43A1", "CHD7", "LRMP", "RETN", "GIMAP6", "AQP3", "PPP1R18", "FYB", "TMEM191C", "COTL1", "CD37", "HOXA1", "MAP3K8", "SLC16A2", "CD300LF", "TCP11", "STRA6", "DUSP5", "CD72", "ANKRD44", "SPNS3", "PBX2", "PPBP", "OTOP2", "MEIS2", "FOXP1", "CCDC88B", "POR", "ZSCAN20", "BHLHE40", "IRF5", "PRTN3", "RAPGEF3", "SIPA1"], "FOXP1-21924763-HESC-HUMAN": ["COL13A1", "SLC43A1", "CHD7", "HPCA", "LTBP3", "RETN", "FSTL3", "ELAVL3", "ZFYVE28", "GYS1", "MUC1", "TRIM7", "TSPAN9", "MICALL2", "PIM1", "PMEPA1", "SLC17A7", "S1PR5", "XYLB", "PACSIN1", "KCNH1", "STRA6", "KDM6B", "RTBDN", "PRRT3", "SOX13", "HPCAL1", "ISLR2", "PBX2", "MEIS2", "DHRS3", "TLE6", "HIC1", "CDC25B", "FOXP1", "POR", "PDP2", "CLPS", "BHLHE40", "PMP22", "THRSP", "CCDC65", "CBLN3"], "TAL1-20887958-HPC-7-MOUSE": ["PDGFRB", "DUSP5", "H2-BL", "CXCR4", "ATP11B", "LRMP", "GIMAP6", "DHRS3", "EPOR", "REC8", "POR", "LHX2", "MAN2A1", "KIT", "MICALL2", "E130309D14RIK", "PIM1", "S1PR5"], "E2F1-18555785-MESC-mouse": ["DOCK6", "ROBO4", "IER5L", "CXCR4", "LRMP", "AQP3", "ELAVL3", "9030617O03RIK", "SMPD4", "NRIP1", "PIM1", "GRASP", "XYLB", "TCP11", "CD97", "GABARAPL2", "GCA", "ACTN2", "HPCAL1", "INHBB", "FOXN4", "POR", "KIT", "STAC2", "PIGK", "TRIM56", "HBEGF"], "HOXA2-22223247-E11.5 EMBRYO-MOUSE": ["TSHZ1", "HOXA1"], "TP63-22573176-HFKS-HUMAN": ["DOCK6", "BRSK1", "NRP1", "COLEC11", "ITPR3", "AQP3", "FSTL3", "PRSS50", "IRAK2", "PMEPA1", "SMYD4", "S1PR2", "S1PR5", "KDM6B", "KSR1", "ABCA4", "HPCAL1", "CIDEA", "PLEKHA6", "ATP11B", "SEMA4G", "CORO2A", "SMAD6", "OTOP2", "ASPRV1", "MEIS2", "MMP10", "AJAP1", "CCDC88B", "SLC2A9", "POR", "PDP2", "KLHDC8A", "LHX2", "RBP1", "IRF5", "THRSP", "PRTN3", "CCDC65", "FBP1", "TRIM56", "PTGES"], "FLI1-21571218-MEGAKARYOCYTES-HUMAN": ["DOCK6", "OXNAD1", "CHD5", "ZFYVE28", "LIPC", "GJA4", "COTL1", "MAP3K8", "DLGAP3", "PGPEP1", "DLEU7", "KDM6B", "DUSP5", "CR2", "KSR1", "ANKRD44", "BTN1A1", "HPCAL1", "MYRIP", "SORCS2", "TLE6", "HIC1", "TCERG1L", "IRF5", "ALPK3", "HOXB1", "RHCG", "HBEGF", "BRSK1", "COLEC11", "MFI2", "HPCA", "CXCR4", "TMTC1", "ITPR3", "IQGAP3", "FYB", "TSPAN9", "IRAK2", "NRIP1", "MICALL2", "RDH16", "SLC17A7", "HIVEP3", "AFAP1L1", "ABCA4", "PLEKHA6", "INHBB", "SMAD6", "ASPRV1", "DHRS3", "EPOR", "SKI", "SNAI1", "RADIL", "FGFR4", "SIPA1"], "SMARCA4-23332759-OLIGODENDROCYTES-MOUSE": ["DOCK6", "RHOBTB1", "FYB", "LIPC", "MECOM", "MAN2A1", "NRIP1", "HIVEP3", "DLEU7", "CD97", "GCA", "PPTC7", "ANKRD44", "SOX13", "HPCAL1", "GFRA1", "MEIS2", "FOXP1", "LMX1A", "TCERG1L", "ZADH2", "BHLHE40", "PIGK", "PMP22", "THRSP", "CPVL", "RHCG", "IDO1"], "KDM5B-21448134-MESC-MOUSE": ["DOCK6", "FOXA1", "NRP1", "MFI2", "ZFP503", "GREB1L", "CLEC14A", "LTBP3", "FYB", "TRIM7", "SMPD4", "MECOM", "HOXA3", "HOXA2", "SMYD4", "CD97", "CR2", "ARG1", "SPNS3", "ISLR2", "INHBB", "ATP11B", "1110034G24RIK", "CORO2A", "MEIS2", "DHRS3", "HIC1", "PDP2", "LHX2", "STAC2", "E130309D14RIK", "PMP22", "HOXB4", "HOXB3", "HOXB2", "LHX4", "PCNXL2", "HOXB8", "HOXB6", "HOXB5"], "RUNX1-21571218-MEGAKARYOCYTES-HUMAN": ["DOCK6", "CHD7", "ELAVL3", "ZFYVE28", "RPS6KA4", "TRIM7", "MECOM", "GJA4", "COTL1", "PIM1", "ACP5", "MAP3K8", "PGPEP1", "GRASP", "TCP11", "KCNH1", "KDM6B", "CD97", "DUSP5", "KSR1", "HPCAL1", "SORCS2", "MMP10", "HIC1", "POR", "LMX1A", "ZADH2", "HOXB1", "TRIM56", "PTGES", "HBEGF", "TSHZ1", "ITPR3", "LTBP3", "IQGAP3", "AK7", "FYB", "FSTL3", "MUC1", "TSPAN9", "NRIP1", "SLC17A7", "HIVEP3", "RXRG", "CD72", "GCA", "PLEKHA6", "OTOP2", "ASPRV1", "DHRS3", "EPOR", "SKI", "PDP2", "UROC1", "LHX2", "CD5", "BHLHE40", "SNAI1", "PMP22", "CCDC65", "PCNXL2"], "ERG-20887958-HPC-7-MOUSE": ["GABARAPL2", "DUSP5", "CHD7", "HPCAL1", "ITPR3", "HIC1", "CDC25B", "PDP2", "TRIM7", "ZADH2", "AGBL3", "PIGK", "SMYD4", "PRTN3", "GRASP", "XYLB", "RAPGEF3"], "RUNX1-22412390-EML-MOUSE": ["CD97", "AOC3", "PDGFRB", "POPDC3", "CD72", "ATP11B", "FYB", "SMPD4", "KLHDC8A", "NRIP1", "HOXB4", "CD37", "ALPK3", "THRSP", "MAP3K8", "CD300LF", "PACSIN1"], "FOXP1-22492998-STRATIUM-MOUSE": ["FOXP1"], "STAT6-21828071-BEAS2B-HUMAN": ["KDM6B"], "CREM-20920259-GC1-SPG-MOUSE": ["CHRNA5", "CHD7", "H2-Q7", "CHD5", "RHOBTB1", "TMEM191C", "FSTL3", "ELAVL3", "ZFYVE28", "GYS1", "MUC1", "BAIAP2L1", "SMPD4", "MAN2A1", "COTL1", "PIM1", "PMEPA1", "SLC17A7", "CD300LF", "SULT4A1", "TCP11", "KDM6B", "GABARAPL2", "DUSP5", "PRRT3", "AFAP1L1", "GCA", "PPTC7", "ANKRD44", "ATP11B", "SEMA4G", "HIC1", "RGMA", "POR", "LMX1A", "ZSCAN20", "DOK4", "LHX2", "AGBL3", "TRPV4", "KIT", "STAC2", "SNAI1", "RADIL", "GM13889"]}