{"MYC::MAX (human)": ["TCF19"], "REST (human)": ["TCF19"], "SMAD3 (human)": ["MKI67"], "PLAG1 (human)": ["TCF19"], "NR1H2::RXRA (human)": ["TCF19"], "RXR::RAR_DR5 (human)": ["TCF19"], "INSM1 (human)": ["TCF19"], "MIZF (human)": ["TCF19"], "MYCN (human)": ["UHRF1"], "CTCF (human)": ["TCF19"], "HNRNPK (human)": ["RBM24", "TMEM164"], "TLX1::NFIC (human)": ["TOP2A", "TCF19"], "RXRA::VDR (human)": ["TCF19"], "RREB1 (human)": ["TCF19"], "NME2 (human)": ["RRM1"], "RORA_2 (human)": ["TCF19"], "NFYB (human)": ["TOP2A", "CHEK2", "CDK1"], "NHLH1 (human)": ["TCF19"], "IRF1 (human)": ["TCF19"], "EWSR1-FLI1 (human)": ["TCF19"]}