{"H2BK120ac IMR90": ["ARHGAP11A", "FEN1", "IL20", "ZWILCH", "HJURP", "BRCA2", "LOXL1", "SMC2", "CDC20", "SGOL2", "PTTG1", "SFR1", "EXO1", "C1QTNF6", "CHEK1", "FBXO5", "JAK2", "GAS2L3", "RFC2", "DYNLT3", "PDZK1", "RAB31", "C18ORF54", "COL6A3", "SGK3", "RAI14", "FKBP5", "SLC26A2", "CDCA2", "C12ORF60", "HMMR", "NCAPH", "TMEM164", "AURKB", "C1ORF112", "RAD51AP1", "KIAA1524", "ORC6", "RACGAP1", "TIFA", "PMAIP1", "CTNNAL1", "SLC36A4", "RPL39L", "CDKN2C", "RRM2", "C5ORF34", "NDC80", "ISG20", "CENPE", "PKIB", "CENPF", "KIF18A", "KIF18B", "CABYR", "UBE2S", "POLE2", "CENPL", "CENPN", "HIST1H4C", "FRK", "PHF19", "GPR19"], "H3K79me2 IMR90": ["ZWILCH", "FOXM1", "SMC2", "KIF15", "SGOL1", "EXO1", "CHEK2", "NUF2", "CHEK1", "KNTC1", "CHAC2", "PHLDA1", "DLGAP5", "RFC5", "RFC3", "TIPIN", "BORA", "LIG1", "RFC2", "ACYP1", "CDC25A", "TRAIP", "NEIL3", "DEPDC1B", "C18ORF54", "MCM4", "KIF20A", "RBM24", "CDCA3", "NCAPG", "HMMR", "TYMS", "ACAT2", "C1ORF112", "RAD51AP1", "KIAA1524", "ORC1", "RAD54L", "PMAIP1", "STIL", "RRM2", "PLK1", "TUBB4B", "NDC80", "DHFR", "CENPE", "RAD51", "LOC81691", "CENPI", "KIF4A", "CENPK", "CKLF", "CENPQ", "SPC25", "MAD2L1", "MDM1"], "H3K23ac H1": ["SUV39H2", "NECAB1", "FEN1", "ZWILCH", "CCNF", "CDCA7", "HMMR", "FOXM1", "AURKA", "SMC2", "ORC6", "GSG2", "RAD54L", "ANKRD32", "FBXO5", "SLC36A4", "BARD1", "HELLS", "TIPIN", "RFC4", "C4ORF46", "TMEM64", "IL17RB", "TPX2", "RAD51", "FABP5", "C18ORF54", "KIF2C", "NCAPD2", "DNA2"], "H2BK120ac H1": ["RET", "SUV39H2", "KCNK6", "FEN1", "MCM7", "ZWILCH", "GMNN", "CCNF", "BRCA2", "FOXM1", "FAIM3", "LOXL1", "SMC2", "RDM1", "TUBB6", "SGOL1", "SFR1", "IMPA2", "GSG2", "CHEK1", "HEY2", "NUSAP1", "OIP5", "ZNF367", "RFC4", "LIG1", "NPY5R", "IGFBP4", "MASTL", "CDC25A", "TIAM1", "DEPDC1B", "PSRC1", "RAB31", "MPPED2", "C18ORF54", "MCM4", "COL21A1", "DNA2", "PRTFDC1", "PTGES", "MCM2", "RAI14", "NECAB1", "RNASEH2A", "RAMP3", "CDCA2", "CDCA3", "UHRF1", "CDCA7", "HMMR", "TYMS", "SKA3", "ACAT2", "C1ORF112", "CCNB1", "CDC45", "ORC6", "POLD1", "TSPAN5", "E2F8", "GINS1", "PLK4", "FANCI", "POLQ", "RRM1", "EGR3", "UBE2C", "PLK1", "ATAD2", "CDC7", "HSPA2", "C9ORF40", "NDC80", "BMP5", "ANLN", "CENPF", "KIF18B", "FABP5", "UBE2S", "PRC1", "NCAPD2", "TRIP13", "HIST1H4C", "ZNF850", "MAD2L1", "MDM1"], "H3K4me1 Adipose Nuclei": ["TOP2A", "KCNK6", "FEN1", "MCM7", "ZWILCH", "LOXL1", "SMC2", "TUBB6", "SGOL1", "CA2", "CHEK2", "NUF2", "MYB", "GTSE1", "GEN1", "WDHD1", "TMEM194A", "BORA", "RFC2", "NPY1R", "C4ORF46", "MASTL", "CDC25A", "PSRC1", "NOS1AP", "MCM3", "DEPDC1", "ITGB3BP", "SLC26A2", "CDCA3", "CDCA4", "CDCA5", "AURKA", "PSMC3IP", "RAD51AP1", "DSN1", "ORC1", "POLD1", "CTNNAL1", "FANCI", "RRM2", "CENPW", "UBE2C", "ATAD2", "SCLT1", "CDC7", "HSPA2", "ISG20", "ANLN", "UBE2S", "CENPK", "NCAPD2", "CENPN", "ZNF850"], "H3K9me3 Bone Marrow Derived Mesenchymal Stem Cell Cultured Cells": ["FEN1", "ORC1", "ZWILCH", "GLA"], "H3K4me1 Pancreatic Islets": ["SUV39H2", "FOXM1", "SMC2", "SGOL2", "SGOL1", "GSG2", "CHEK1", "HEY2", "RFC5", "HELLS", "RFC4", "BORA", "VRK1", "CCNA2", "DBF4", "G2E3", "DEPDC1", "DNA2", "ITGB3BP", "FKBP5", "CDCA4", "SYNPO2", "CDCA5", "TTK", "HMMR", "SKA3", "AURKB", "SKA1", "C1ORF112", "BRIP1", "ORC1", "FIGNL1", "TSPAN5", "PMAIP1", "CTNNAL1", "STIL", "C5ORF34", "CENPW", "NUP155", "ATAD2", "SCLT1", "GGH", "MND1", "DHFR", "TPX2", "CENPF", "NCAPD2", "HIST1H4C", "CKLF", "GPR19", "MDM1"], "H4K8ac H9": ["ZWILCH", "GMNN", "CHEK1", "NUSAP1", "KNTC1", "CHAC2", "SKP2", "PHLDA1", "WDHD1", "ZNF165", "IGFBP4", "GEM", "CDC25A", "DEPDC1B", "C18ORF54", "FAM64A", "DNA2", "NECAB1", "BLM", "SLC26A2", "CDCA5", "CDCA7", "C12ORF60", "NCAPG", "HMMR", "SKA3", "ACAT2", "C1ORF112", "RAD51AP1", "CCNB1", "ORC6", "ORC1", "PMAIP1", "PLK4", "FANCI", "CDC7", "CDC6", "HSPA2", "NDC80", "ISG20", "ANLN", "PKIB", "KIF18B", "CABYR", "LOC81691", "UBE2S", "PHF19", "GPR19", "RET", "KCNK6", "MCM7", "BRCA2", "FOXM1", "WISP2", "LMNB1", "SGOL1", "HINT3", "SFR1", "EXO1", "GSG2", "NUF2", "ZNF367", "RFC4", "RFC2", "C4ORF46", "MASTL", "CCNA2", "PSRC1", "DEPDC1", "KIF2C", "MCM5", "MNS1", "CUEDC1", "DTL", "ITGB3BP", "PRTFDC1", "MCM2", "PCNA", "UHRF1", "PRIM1", "TTK", "TYMS", "LRP8", "CENPA", "AURKA", "RAD54B", "PSMC3IP", "RBBP8", "RAD54L", "SLC36A4", "NTRK2", "RRM2", "GINS3", "ATAD2", "CENPE", "RAD51", "FABP5", "POLE2", "CENPK", "CENPL", "NCAPD2", "TRIP13", "GLA", "SPC24", "ZNF850", "MAD2L1"], "H2BK5ac H9": ["SUV39H2", "NCAPG2", "GMNN", "BRCA1", "RAPGEFL1", "SMC2", "SFR1", "EXO1", "CHEK2", "GSG2", "CHEK1", "MYB", "TNFAIP8L1", "KNTC1", "GTSE1", "WDHD1", "HELLS", "RFC3", "RFC4", "TIAM1", "PSRC1", "MCM4", "DNA2", "PRTFDC1", "PTGES", "NECAB1", "CDCA2", "UHRF1", "IGSF1", "CDCA7", "HMMR", "TYMS", "AURKA", "RAD51AP1", "CDC45", "ORC6", "HAUS8", "BUB1", "RRM1", "RRM2", "SPAG5", "UBE2C", "PLK1", "GINS4", "ATAD2", "DONSON", "CDC7", "TMEM64", "HSPA2", "NDC80", "PKIB", "CENPH", "UBE2S", "CENPL", "NCAPD2", "CENPQ"], "H3K36me3 H1 BMP4 Derived Mesendoderm Cultured Cells": ["NEURL1B", "SLC26A2", "POLD1", "CHEK1", "BUB1B", "IL17RB"], "H3K9me3 Fetal Heart": ["ZWILCH", "C12ORF60", "HMMR", "SMC2", "KIF15", "RAD51AP1", "KIAA1524", "SGOL1", "ORC6", "ORC1", "NUF2", "RBBP8", "TSPAN5", "ANKRD32", "CAP2", "WDHD1", "NUP155", "C4ORF46", "NDC80", "TPX2", "PKIB", "RFWD3", "CENPK", "NCAPD2", "NAF1", "CENPN", "DTL", "CENPQ", "ITGB3BP"], "H2BK15ac IMR90": ["ARHGAP11A", "SERPINA3", "FEN1", "IL20", "MCM7", "ZWILCH", "CCNF", "HJURP", "BRCA2", "PRSS23", "LOXL1", "SMC2", "SGOL2", "PTTG1", "SFR1", "EXO1", "CHEK2", "C1QTNF6", "CHEK1", "FBXO5", "JAK2", "PHLDA1", "TMEM194A", "IGFBP4", "CKAP2L", "GPX8", "PDZK1", "GEM", "SLC7A5", "NEIL3", "PSRC1", "RAB31", "BIRC5", "SGK3", "RAI14", "FKBP5", "CDCA4", "SYNPO2", "SDC2", "HSD17B6", "HMMR", "C1ORF112", "RAD51AP1", "NEURL1B", "KIAA1524", "BRIP1", "CDC45", "ORC6", "RACGAP1", "ORC1", "RBBP8", "PMAIP1", "CTNNAL1", "CAP2", "BARD1", "RPL39L", "CDC7", "TMEM64", "HSPA2", "NDC80", "ISG20", "PKIB", "KIF18A", "KIF18B", "POLE2", "CDK1", "NCAPD2", "HIST1H4C", "SPC24", "FRK", "PHF19", "GPR19"], "H2BK20ac H9": ["RET", "FEN1", "SERPINA1", "MCM7", "ZWILCH", "GMNN", "BRCA1", "KIF11", "BRCA2", "FOXM1", "KIF15", "RDM1", "EXO1", "IMPA2", "PBK", "MYBL2", "SLC39A8", "KNTC1", "JAK2", "PHLDA1", "ZNF367", "RFC5", "ZNF165", "RFC3", "RFC4", "LIG1", "C4ORF46", "GEM", "PSRC1", "DBF4", "NOS1AP", "DEPDC1", "MCM4", "COL21A1", "MCM5", "FAM64A", "KIF20A", "FKBP4", "PRTFDC1", "MCM2", "RAI14", "HS3ST3A1", "CDCA2", "CHRNA5", "CDCA5", "CDCA7", "C12ORF60", "HMMR", "NCAPH", "TMEM164", "AURKA", "C1ORF106", "DSN1", "CCNB1", "CDC45", "ORC1", "TSPAN5", "PMAIP1", "BUB1", "SLC36A4", "RIBC2", "CAP2", "BARD1", "GINS1", "PLK4", "EGR3", "GINS3", "ATAD2", "MND1", "TMEM64", "HSPA2", "NDC80", "ISG20", "TPX2", "ANLN", "KIF18A", "FABP5", "CENPH", "UBE2S", "PRC1", "RFWD3", "CENPK", "CENPM", "NCAPD2", "HIST1H4C", "CKLF", "CENPQ", "ZNF850", "MAD2L1", "CDKN3"], "H3K9ac CD8 Naive Primary Cells": ["CCNF", "HJURP", "CASC5", "LOXL1", "CDC20", "DEPTOR", "CHEK2", "CHEK1", "NUSAP1", "OIP5", "CHAC2", "FBXO5", "PHLDA1", "GTSE1", "GEN1", "ZNF165", "TMEM194A", "ACYP1", "NEIL3", "DEPDC1B", "CCNE2", "C18ORF54", "FKBP4", "ASF1B", "BLM", "SLC26A2", "CDCA2", "CHRNA5", "CDCA4", "CDCA5", "CDCA8", "SKA3", "KIAA1524", "DSN1", "BRIP1", "CCNB1", "ORC1", "FIGNL1", "TSPAN5", "FAM83D", "BARD1", "PLK4", "FANCI", "RPL39L", "CDT1", "EGR3", "CDC7", "FANCB", "KIF18B", "LOC81691", "UBE2T", "GPR19", "ARHGAP11A", "SUV39H2", "NCAPG2", "BRCA1", "KIF11", "BRCA2", "FOXM1", "CKS1B", "KIF15", "SGOL1", "HEY2", "PBK", "DLGAP5", "HELLS", "RFC4", "CKAP2L", "RFC2", "DYNLT3", "CCNA2", "PSRC1", "ESPL1", "MCM3", "SGK3", "MCM5", "ITGB3BP", "PRTFDC1", "PCNA", "CENPA", "AURKB", "AURKA", "RAD54B", "SLC36A4", "POLQ", "SPAG5", "FAM46C", "GINS3", "ATAD2", "DONSON", "C9ORF40", "RAD51", "PRC1", "RFWD3", "CENPJ", "CCNYL1", "CENPM", "CENPN", "TRIP13", "ZNF850", "CDKN3"], "H3K79me1 H9": ["SUV39H2", "FEN1", "NCAPG2", "MKI67", "SMC2", "KIF15", "SGOL2", "SGOL1", "CHEK2", "GSG2", "NUF2", "NUSAP1", "ANKRD32", "OIP5", "TK1", "PHLDA1", "RFC5", "WDHD1", "HELLS", "RFC4", "TMEM194A", "BORA", "RFC2", "C4ORF46", "VRK1", "SGK223", "NEIL3", "TUBB2A", "C18ORF54", "KIF20A", "SLC29A1", "PRTFDC1", "FKBP5", "NECAB1", "RNASEH2A", "CDCA4", "CDCA7", "CDCA8", "NCAPG", "LRP8", "NCAPH", "C1ORF112", "AURKA", "PSMC3IP", "RAD51AP1", "DSN1", "ORC6", "ORC1", "POLD1", "PMAIP1", "BUB1", "BARD1", "CDT1", "POLQ", "NUP155", "UBE2C", "GINS3", "GINS4", "GGH", "CDC6", "HSPA2", "C9ORF40", "SHCBP1", "NDC80", "PKIB", "RAD51", "CXCL12", "LOC81691", "CENPI", "CENPK", "CENPQ", "ZNF850", "SPC25", "MAD2L1", "CDKN3"], "H2AK5ac H1": ["FEN1", "MCM7", "ZWILCH", "GMNN", "MCM10", "BRCA1", "CELSR2", "RAPGEFL1", "CKS1B", "TUBB6", "GSG2", "CHEK1", "KNTC1", "TK1", "PHLDA1", "HELLS", "ACOT7", "RFC4", "LIG1", "MASTL", "CDC25C", "CDC25A", "TRAIP", "DEPDC1B", "BIRC5", "MCM4", "KIF20A", "SLC29A1", "PRTFDC1", "RAI14", "FKBP5", "RNASEH2A", "CDCA3", "CDCA4", "UHRF1", "SYNPO2", "PRIM1", "SDC2", "CDCA7", "NCAPG", "HMMR", "TYMS", "SKA3", "NCAPH", "ACAT2", "C1ORF112", "AURKA", "KIAA1524", "C1ORF106", "ORC6", "ORC1", "POLD1", "RAD54L", "PMAIP1", "SLC36A4", "BARD1", "GINS1", "PLK4", "STIL", "RRM1", "C5ORF34", "SPAG5", "NUP155", "UBE2C", "PLK1", "GINS4", "ATAD2", "TMEM64", "HSPA2", "NDC80", "ISG20", "PKIB", "RAD51", "KIF18B", "CABYR", "LOC81691", "FABP5", "CENPH", "CENPM", "NCAPD2", "CENPN", "TRIP13", "CKLF", "CENPQ", "SPC24", "ZNF850", "GPR19", "MDM1"], "H3K79me2 H1": ["TOP2A", "MCM7", "ZWILCH", "CDCA5", "NCAPG", "HMMR", "BRCA1", "TYMS", "ACAT2", "CKS1B", "KIF15", "RAD51AP1", "C1ORF106", "HAUS8", "NUF2", "ANKRD32", "CHAC2", "TK1", "BUB1", "PHLDA1", "RFC4", "C5ORF34", "UBE2C", "RFC2", "TUBB4B", "NDC80", "CXCL12", "FABP5", "CENPK", "TRIP13", "KIF20A", "FKBP4", "GLA", "CENPQ"], "H3K79me1 IMR90": ["ARHGAP11A", "GMNN", "MCM10", "CELSR2", "SMC2", "PTTG1", "EXO1", "CHEK1", "ANKRD32", "OIP5", "CHAC2", "DLEU2", "GTSE1", "RFC4", "RFC2", "GPX8", "C4ORF46", "ACYP1", "SGK223", "DBF4", "TUBB2A", "C18ORF54", "G2E3", "DEPDC1", "KIF2C", "FAM64A", "KIF20A", "RBM24", "ITGB3BP", "PRTFDC1", "RAI14", "RNASEH2A", "CDCA3", "CDCA5", "CDCA8", "TTK", "TYMS", "RAD51AP1", "CDC45", "FIGNL1", "PMAIP1", "CAP2", "C5ORF34", "SPAG5", "GINS3", "PLK1", "SCLT1", "CDC6", "C9ORF40", "TUBB4B", "SHCBP1", "NDC80", "TPX2", "CENPE", "PKIB", "KIF18A", "RAD51", "LOC81691", "CENPH", "KIF4A", "CENPL", "SASS6", "SFXN2", "CKLF", "MAD2L1"], "H3K14ac IMR90": ["ZWILCH", "SMC2", "TUBB6", "PTTG1", "TUBB3", "CHEK2", "CHEK1", "ANKRD32", "CHAC2", "GEN1", "LIG1", "ACYP1", "DEPDC1B", "C18ORF54", "KIF20A", "RAI14", "FKBP5", "SLC26A2", "CDCA4", "CDCA5", "C12ORF60", "NCAPG", "HMMR", "SKA3", "NCAPH", "ACAT2", "C1ORF112", "RAD51AP1", "PGBD1", "KIAA1524", "BRIP1", "CCNB1", "ORC6", "RACGAP1", "ORC1", "PMAIP1", "PLK4", "FANCI", "C5ORF34", "NUP155", "CDC7", "NDC80", "ISG20", "DHFR", "PKIB", "KIF18A", "KIF18B", "LOC81691", "UBE2T", "HIST1H4C", "GPR19", "ARHGAP11A", "FEN1", "MCM7", "SPIN4", "FOXM1", "SGOL2", "SGOL1", "SFR1", "C1QTNF6", "NUF2", "PBK", "JAK2", "CEP55", "HELLS", "RFC4", "CKAP2L", "DYNLT3", "MASTL", "TUBG1", "SLC7A5", "TUBB2A", "BIRC5", "SGK3", "SYNPO2", "HSD17B6", "AURKB", "RAD54B", "PSMC3IP", "CDC45", "RBBP8", "BUB1", "CTNNAL1", "SLC36A4", "SPAG5", "SCLT1", "DONSON", "CENPE", "RAD51", "CENPH", "PRC1", "CENPJ", "CENPK", "CENPL", "NCAPD2", "CENPN", "TRIP13", "CKLF", "SPC24", "MAD2L1"], "H3K4me1 Penis Foreskin Fibroblast Primary Cells": ["RET", "GPSM2", "SERPINA3", "IL20", "KIF14", "CASC5", "MCM10", "RERG", "SMC2", "KIF15", "SERPINA5", "RDM1", "PTTG1", "IMPA2", "CA2", "CHEK1", "MYB", "HEY2", "TNFAIP8L1", "ANKRD32", "NEK2", "CHAC2", "SKP2", "MYBL1", "RFC5", "HELLS", "ZNF165", "BORA", "LIG1", "RFC2", "ELOVL2", "NPY1R", "C4ORF46", "WDR76", "IL17RB", "ADRA2A", "TRAIP", "RBP7", "TIAM1", "DEPDC1B", "CCDC74B", "MPPED2", "DOK7", "C18ORF54", "MNS1", "DNA2", "KIF20A", "SGK1", "SMTNL2", "ITGB3BP", "PRTFDC1", "NECAB1", "RAMP3", "CHRNA5", "SDC2", "C12ORF60", "CDCA8", "TTK", "RAD51AP1", "KIAA1524", "CALCR", "ORC1", "RBBP8", "RAD54L", "RIBC2", "E2F8", "CAP2", "STIL", "FAM46C", "GINS3", "TFPI2", "GINS4", "GREB1", "GGH", "HSPA2", "NDC80", "DHFR", "KIF18A", "CYP24A1", "CXCL12", "MGP", "CENPK", "CENPL", "RLN2", "SFXN2", "CKLF", "CENPQ", "FRK", "ZNF850", "GPR19"]}