{"GCTTGAA,MIR-498": ["RBM24"], "GGCCAGT,MIR-193A,MIR-193B": ["CELSR2"], "GGCACTT,MIR-519E": ["RRM2"], "GTGCCAT,MIR-183": ["RAI14"], "ACTGTAG,MIR-139": ["TSPAN5"], "CAATGCA,MIR-33": ["DONSON"], "GTGCAAA,MIR-507": ["RBM24"], "CCCAGAG,MIR-326": ["C1ORF106"], "TTGGAGA,MIR-515-5P,MIR-519E": ["DONSON"], "AGGCACT,MIR-515-3P": ["LRP8"], "TCTGGAC,MIR-198": ["RAD54B"], "TTGGGAG,MIR-150": ["MYB"], "CTGTTAC,MIR-194": ["DEPDC1B"], "CCAGGGG,MIR-331": ["EGR3"], "TCTATGA,MIR-376A,MIR-376B": ["RAPGEFL1"], "ATGTAGC,MIR-221,MIR-222": ["RBM24"], "ATAGGAA,MIR-202": ["FAM46C"], "AGGGCAG,MIR-18A": ["IL17RB"], "TCTCTCC,MIR-185": ["BRCA1"], "GGGCATT,MIR-365": ["SGK3"]}