{"POLR2A_olfactory bulb_mm9": ["PCNA", "HS3ST3A1", "HJURP", "LRP8", "TMA16", "NEURL1B", "DEPTOR", "HINT3", "TUBB3", "HAUS7", "HEY2", "FAM83D", "CTSD", "PLK4", "RFC5", "CENPW", "TEX30", "ELOVL2", "PLK1", "GINS4", "ATAD2", "DONSON", "TMEM64", "GEM", "HAUS1", "SLC7A5", "TUBB2A", "FABP5", "UBE2S", "RFWD3", "MCM6", "TAF5", "FKBP4", "HIST1H4C", "CKLF", "ASF1B", "FKBP5", "RHNO1"], "CTCF_HepG2_hg19": ["GPSM2", "MCM10", "BRCA1", "RERG", "LMNB1", "SGOL2", "HINT3", "CHEK2", "HEY2", "CHAC2", "TK1", "JAK2", "MYBL1", "PHLDA1", "GTSE1", "WDHD1", "ELOVL2", "NPY1R", "GPX8", "TUBG1", "GEM", "IL17RB", "PCP4", "TUBB2A", "ESPL1", "MPPED2", "DEPDC1", "COL21A1", "SMTNL2", "RBM24", "ITGB3BP", "RAI14", "BLM", "PCNA", "SDC2", "CDCA7", "CDCA8", "HSD17B6", "PSMC3IP", "PGBD1", "C1ORF106", "HAUS7", "FAM83D", "FANCI", "NTRK2", "CENPW", "GINS4", "MND1", "HSPA2", "TPD52L1", "DHFR", "KIF18B", "LOC81691", "FABP5", "CCNYL1", "CDKN3"], "UBTF_MEL cell line_mm9": ["NCAPG", "MKI67", "SKA3", "RAPGEFL1", "TMA16", "LMNB1", "DEPTOR", "GSG2", "HEY2", "TSPAN5", "MYBL2", "NEK2", "SLC39A8", "DLEU2", "JAK2", "PHLDA1", "E2F8", "CDKN2C", "FAM46C", "DONSON", "TMEM64", "TUBB4B", "TICRR", "CCNA2", "ASPM", "DBF4", "RAB31", "NOS1AP", "CCNYL1", "MCM6", "DNA2", "SFXN2", "TAF5", "FKBP4", "CUEDC1", "MAD2L1", "FKBP5"], "USF1_A549_hg19": ["ARHGAP11A", "GPSM2", "FEN1", "NCAPG2", "GMNN", "KIF11", "BRCA2", "FOXM1", "LMNB1", "SGOL1", "CHEK2", "NUF2", "TK1", "DLEU2", "MYBL1", "CTSD", "TMEM194A", "NPY1R", "GEM", "ASPM", "DBF4", "RAB31", "DEPDC1", "DNA2", "ITGB3BP", "MCM2", "RAI14", "BLM", "SLC26A2", "CDCA5", "NCAPH", "AURKA", "RAD51AP1", "CCNB1", "RACGAP1", "RRM1", "NUP155", "UBE2C", "PLK1", "TUBB4B", "ISG20", "ANLN", "CENPF", "CYP24A1", "PRC1", "CENPL", "CENPM", "TRIP13", "SFXN2", "TAF5", "HIST1H4C"], "MYC_A549_hg19": ["ARHGAP11A", "SUV39H2", "ERCC6L", "CHRNA5", "BUB1B", "BRCA2", "C1ORF226", "HAUS8", "POLD1", "PMAIP1", "FBXO5", "TK1", "SKP2", "SLC36A4", "PHLDA1", "CDT1", "WDHD1", "RFC4", "BORA", "PLK1", "ATAD2", "C9ORF40", "CDC25A", "ISG20", "CENPF", "DEPDC1B", "TUBB2A", "UBE2S", "RFWD3", "POLE2", "TACC3", "FAM64A", "TRIP13", "SFXN2", "DTL", "MCM2", "ASF1B", "RAI14", "FKBP5"], "POLR2AphosphoS2_HepG2_hg19": ["HMMR", "NCAPH", "AURKB", "LMNB1", "PSMC3IP", "ORC1", "RBBP8", "RAD54L", "PMAIP1", "TK1", "CAP2", "GEN1", "HELLS", "STIL", "CENPW", "NUP155", "UBE2C", "RFC2", "GINS3", "ATAD2", "DONSON", "MND1", "ACYP1", "MASTL", "TUBB4B", "IL17RB", "NDC80", "CCNA2", "PSRC1", "RFWD3", "CENPK", "CDK1", "G2E3", "BIRC5", "SGK3", "NCAPD2", "NAF1", "ASF1B"], "CTCF_GM13976_hg19": ["ARHGAP11A", "GPSM2", "PCNA", "CDCA7", "CDCA8", "HSD17B6", "CENPA", "RERG", "PSMC3IP", "TUBB6", "HINT3", "FIGNL1", "TIFA", "TK1", "JAK2", "GTSE1", "CEP55", "FANCI", "RPL39L", "NTRK2", "WDHD1", "NPY1R", "MND1", "HSPA2", "TPD52L1", "TUBG1", "GEM", "IL17RB", "PCP4", "TUBB2A", "RAB31", "FABP5", "CCDC74B", "MPPED2", "TRIP13", "PRTFDC1", "RAI14"], "RAD21_IMR-90_hg19": ["BLM", "PCNA", "SPIN4", "SYNPO2", "NCAPG2", "HSD17B6", "RERG", "LOXL1", "SGOL1", "SFR1", "ORC1", "EXO1", "HAUS7", "TIFA", "RBBP8", "CHAC2", "JAK2", "CAP2", "RFC2", "ELOVL2", "HSPA2", "ACYP1", "TUBG1", "GEM", "NDC80", "ISG20", "CABYR", "KIF4A", "CENPL", "COL21A1", "COL6A3", "NAF1", "SMTNL2", "CKLF", "SPC24", "PTGES", "MDM1"], "ETS1_GM12878_hg19": ["ZWILCH", "NCAPG2", "GGH", "HIST1H4C", "ZNF850", "SPC25"], "EGR1_GM12878_hg19": ["BUB1B", "BRCA2", "KIF15", "LMNB1", "RDM1", "HINT3", "EXO1", "NUF2", "TK1", "GEN1", "WDHD1", "ZNF165", "RFC4", "BORA", "ELOVL2", "MASTL", "DBF4", "TUBB2A", "ESPL1", "CCDC74B", "BIRC5", "MCM4", "KIF2C", "NAF1", "ITGB3BP", "PTGES", "MCM2", "RNASEH2A", "PRIM1", "NCAPH", "AURKA", "BRIP1", "POLD1", "FIGNL1", "PMAIP1", "SLC36A4", "FANCI", "POLQ", "RRM1", "CENPW", "FAM46C", "ATAD2", "SCLT1", "DONSON", "MND1", "TUBB4B", "NDC80", "DHFR", "KIF18A", "UBE2S", "CENPJ", "SASS6", "SFXN2", "HIST1H4C", "PHF19"], "EP300_HepG2_hg19": ["SERPINA3", "PGLYRP2", "SERPINA1", "SERPINA5", "PTTG1", "IMPA2", "CHEK2", "HEY2", "NEK2", "OIP5", "TK1", "PHLDA1", "GTSE1", "ZNF367", "CEP55", "HELLS", "ACOT7", "TMEM194A", "BORA", "LIG1", "C4ORF46", "KIF23", "PDZK1", "IL17RB", "TRAIP", "MCM3", "BIRC5", "MNS1", "CUEDC1", "RAI14", "SLC26A2", "CDCA2", "PRIM1", "AURKB", "AURKA", "RAD51AP1", "KIAA1524", "C1ORF106", "CCNB1", "HAUS8", "RBBP8", "FAM83D", "GINS1", "RRM1", "NUP155", "GINS4", "GREB1", "GGH", "CDC6", "HSPA2", "CENPE", "KIF18A", "UBE2T", "CENPK", "CCNYL1", "HIST1H4C", "CKLF", "EZH2", "CDKN3"], "ATF3_A549_hg19": ["CDCA5", "CASC5", "HMMR", "BRCA1", "CENPA", "AURKA", "LMNB1", "PSMC3IP", "RAD51AP1", "RDM1", "GSG2", "NUF2", "ANKRD32", "NEK2", "KNTC1", "TK1", "PHLDA1", "GINS1", "FANCI", "ZNF165", "CAV1", "TFPI2", "ATAD2", "C4ORF46", "CDC7", "ISG20", "SLC7A5", "LOC81691", "PRC1", "CENPK", "BIRC5", "TAF5", "HIST1H4C", "DTL", "CKLF", "GLA", "ITGB3BP"], "YY1_SK-N-SH_hg19": ["SUV39H2", "CASC5", "BUB1B", "KIF11", "GSG2", "NUSAP1", "PBK", "OIP5", "SKP2", "GTSE1", "GEN1", "RFC3", "TIPIN", "GPX8", "HAUS1", "ASPM", "DEPDC1B", "TUBB2A", "G2E3", "BIRC5", "KIF20A", "MCM2", "PCNA", "RNASEH2A", "SYNPO2", "PRIM1", "CDCA5", "C12ORF60", "TTK", "RAD51AP1", "PGBD1", "KIAA1524", "RACGAP1", "RAD54L", "PMAIP1", "FAM83D", "GINS1", "POLQ", "RRM1", "C5ORF34", "SPAG5", "DONSON", "MND1", "TUBB4B", "KIF18A", "LOC81691", "CENPK", "CENPL", "SASS6", "SPC25", "MDM1"], "SMC3_GM12878_hg19": ["BUB1B", "CDCA8", "HSD17B6", "SKA3", "RERG", "LMNB1", "PGBD1", "CCNB1", "SGOL1", "HAUS8", "SFR1", "TIFA", "KNTC1", "FBXO5", "TK1", "FAM83D", "BUB1", "PLK4", "RFC5", "STIL", "TIPIN", "CAV1", "GINS4", "ATAD2", "MND1", "HSPA2", "TPD52L1", "GEM", "HAUS1", "PKIB", "PCP4", "ESPL1", "CENPK", "KIF2C", "MCM5", "CKLF", "SPC25"], "CTCF_medulloblastoma_hg19": ["SUV39H2", "GPSM2", "BLM", "PCNA", "CDCA7", "CDCA8", "MCM10", "HSD17B6", "RERG", "RAD54B", "PSMC3IP", "HINT3", "SFR1", "HAUS7", "CHEK2", "TK1", "FAM83D", "JAK2", "PHLDA1", "GTSE1", "FANCI", "NTRK2", "WDHD1", "NPY1R", "MND1", "TPD52L1", "GEM", "TRAIP", "TIAM1", "PCP4", "KIF18B", "TUBB2A", "LOC81691", "ESPL1", "CCDC74B", "MPPED2", "SMTNL2", "CDKN3"], "POLR2A_small intestine_mm9": ["ARHGAP11A", "GPSM2", "PCNA", "RAMP3", "HS3ST3A1", "CDCA4", "TYMS", "AREG", "TMEM164", "TUBB6", "DEPTOR", "PMAIP1", "FAM83D", "DLGAP5", "RIBC2", "RFC5", "RFC3", "SPAG5", "UBE2C", "FAM46C", "GINS4", "DONSON", "TMEM64", "CDC25C", "CDC25A", "SLC7A5", "TUBB2A", "CABYR", "FABP5", "UBE2S", "RFWD3", "MCM6", "FKBP4", "SMTNL2", "HIST1H4C", "SLC29A1", "CKLF", "ASF1B"], "NR2F2_HepG2_hg19": ["SASS6", "HIST1H4C", "SKP2", "ZNF367"], "ESRRA_HepG2_hg19": ["CDT1", "PGLYRP2", "ACAT2"], "JUND_T47D_hg19": ["AGR2", "CUEDC1", "CAP2"], "NANOG_H1-hESC_hg19": ["WDHD1", "STIL", "CDC45", "SKA3"]}