{"H3K27me3_brain_mm9": ["PCOLCE2", "CDCA4", "SYNPO2", "IGSF1", "FHL2", "PRSS23", "NEURL1B", "TUBB6", "CALCR", "FAM132B", "TIFA", "JAK2", "MYBL1", "CTNNAL1", "RIBC2", "GINS1", "SMIM13", "ACOT7", "CDKN2C", "BORA", "NPY5R", "GINS3", "TFPI2", "GREB1", "GEM", "RIPPLY3", "RAB31", "MPPED2", "DOK7", "SGK3", "RBM24", "PHF19", "RAI14"], "H3K4me2_T-cell acute lymphoblastic leukemia_hg19": ["KCNK6", "RNASEH2A", "ZWILCH", "FHL1", "KIF14", "HMMR", "BRCA1", "CELSR2", "CKS1B", "KIF15", "NEURL1B", "HAUS8", "SFR1", "CHEK2", "TK1", "ZNF165", "SPAG5", "DYNLT3", "WDR76", "GEM", "TUBB2A", "NOS1AP", "C18ORF54", "CENPL", "SASS6", "FAM64A", "MNS1", "TRIP13", "HIST1H4C", "SLC29A1", "PRTFDC1", "ZNF850", "PTGES", "ASF1B"], "H3K4me3_erythroblast_mm9": ["NECAB1", "PCOLCE2", "SYNPO2", "FHL1", "CDCA8", "FOXM1", "CELSR2", "PRSS23", "RAPGEFL1", "RAD54B", "NEURL1B", "TUBB6", "DEPTOR", "ORC6", "SFR1", "TUBB3", "IMPA2", "POLD1", "C1QTNF6", "TNFAIP8L1", "PMAIP1", "SLC36A4", "CEP55", "CDKN2C", "RFC4", "BORA", "WFS1", "GGH", "HSPA2", "RIPPLY3", "RAB31", "CABYR", "UBE2T", "DOK7", "CENPK", "CENPN", "FAM64A", "DNA2", "CUEDC1", "DTL", "ITGB3BP", "MDM1", "RAI14"], "H3K4me3_ES-Bruce4_mm9": ["RAMP3", "SPIN4", "SYNPO2", "PRIM1", "CDCA5", "FHL1", "SKA3", "ACAT2", "AURKA", "RAD51AP1", "HINT3", "TIFA", "NUSAP1", "FAM83D", "GINS1", "RPL39L", "ARHGEF39", "TFPI2", "GPX8", "SHCBP1", "GEM", "MYO16", "RAD51", "TUBB2A", "ESPL1", "CENPK", "MCM3", "TAF5", "SMTNL2", "CUEDC1", "CKLF", "MAD2L1"], "H3K4me3_kidney epithelial cell_hg19": ["ARHGAP11A", "NECAB1", "KCNK6", "CDCA2", "MCM7", "CHRNA5", "KIF14", "CASC5", "PRSS23", "TMEM164", "LMNB1", "PGBD1", "TUBB6", "CA2", "MYB", "CAP2", "RPL39L", "ZNF165", "RFC4", "TMEM64", "CDC25A", "ADRA2A", "ESPL1", "UBE2S", "NOS1AP", "MPPED2", "CENPM", "SGK3", "NCAPD2", "HIST1H4C", "PRTFDC1", "GPR19"], "H3K4me1_T-cell acute lymphoblastic leukemia_hg19": ["GPSM2", "KCNK6", "ERCC6L", "SLC26A2", "CDCA3", "FHL1", "KIF14", "CELSR2", "RDM1", "NEURL1B", "HAUS8", "HAUS7", "MYBL2", "FAM83D", "WDHD1", "LIG1", "DYNLT3", "KIF23", "MASTL", "GEM", "TUBB2A", "LOC81691", "KIAA0101", "NOS1AP", "SASS6", "NCAPD2", "MNS1", "TRIP13", "KIF20A", "HIST1H4C", "SLC29A1", "PRTFDC1", "GPR19"], "H3K36me3_cardiac mesoderm_hg19": ["TOP2A", "RNASEH2A", "CDCA2", "MCM7", "CDCA3", "ZWILCH", "CDCA5", "CCNF", "TYMS", "CELSR2", "AURKB", "CDC20", "CCNB1", "C1ORF226", "PTTG1", "CA2", "LOC100128361", "POLD1", "GSG2", "RAD54L", "NEK2", "E2F8", "GINS1", "RPL39L", "UBE2C", "PLK1", "HSPA2", "TUBB4B", "SGK223", "PSRC1", "TUBB2A", "ESPL1", "UBE2S", "RFWD3", "C18ORF54", "MCM3", "NCAPD2", "MCM5", "FAM64A", "RBM24", "MCM2"], "H3K27ac_small intestine_mm9": ["FEN1", "PGLYRP2", "ZWILCH", "SPIN4", "CDCA4", "SDC2", "HJURP", "CASC5", "BRCA2", "RAPGEFL1", "ACAT2", "SMC2", "ORC6", "HINT3", "SFR1", "EXO1", "ANKRD32", "CTSD", "GINS1", "FANCI", "SMIM13", "RFC3", "NUP155", "TEX30", "TMEM64", "BMP5", "DHFR", "RAD51", "CCNE2", "POLE2", "CENPK", "TACC3", "TAF5"], "H3K27ac_MCF-7_hg19": ["NECAB1", "FEN1", "SERPINA1", "CASC5", "KIF15", "LMNB1", "RAD51AP1", "KIAA1524", "C1ORF106", "SFR1", "EXO1", "TUBB3", "PBK", "RBBP8", "SLC39A8", "FBXO5", "RFC3", "RFC4", "ATAD2", "NPY1R", "CDC7", "MASTL", "NDC80", "PKIB", "DEPDC1B", "PSRC1", "LOC81691", "UBE2T", "MGP", "G2E3", "MCM4", "KIF20A", "FRK"], "H4K20me1_B cell_hg19": ["SUV39H2", "BLM", "UHRF1", "CDCA8", "NCAPG", "SKA3", "TUBB6", "CA2", "CHEK2", "POLD1", "HEY2", "TNFAIP8L1", "PMAIP1", "DLEU2", "MYBL1", "PHLDA1", "ACOT7", "RRM2", "EGR3", "TMEM194A", "LIG1", "RFC2", "TUBB4B", "UBE2S", "MCM3", "CCNYL1", "CENPN", "CENPQ", "EZH2", "MAD2L1"], "H3K4me1_A549_hg19": ["NECAB1", "IL20", "SERPINA1", "SDC2", "FHL1", "PMCH", "GMNN", "DIRAS2", "HSD17B6", "BRCA2", "ARHGAP36", "RERG", "RDM1", "C1ORF226", "DEPTOR", "PTTG1", "HAUS7", "CHEK1", "PBK", "MSMB", "GAS2L3", "NPY5R", "GINS3", "NPY1R", "ACYP1", "SYTL5", "TPD52L1", "C9ORF40", "SHCBP1", "GEM", "IL17RB", "ESPL1", "CENPI", "TMSB15A", "POLE2", "RLN2", "CENPM", "COL21A1", "DNA2", "SGK1", "HIST1H4C", "CKLF", "PRTFDC1", "ZNF850", "GPR19"], "H3K4me3_brain microvascular endothelial cell_hg19": ["NECAB1", "KCNK6", "CDCA2", "MCM7", "PCOLCE2", "CHRNA5", "SPIN4", "SYNPO2", "CASC5", "LMNB1", "C1ORF106", "TUBB6", "MYB", "SLC39A8", "JAK2", "MYBL1", "GEN1", "ACOT7", "RFC4", "NPY1R", "MND1", "MASTL", "CDC25A", "ADRA2A", "FAM111B", "CYP24A1", "DBF4", "ESPL1", "NOS1AP", "SGK3", "NCAPD2", "KIF20A", "RBM24", "PRTFDC1"], "H3K36me3_astrocyte_hg19": ["HS3ST3A1", "MCM7", "CDCA5", "PMCH", "BUB1B", "MKI67", "RAPGEFL1", "ACAT2", "SMC2", "CCNB1", "HINT3", "NEK2", "CTNNAL1", "GEN1", "WFS1", "SCLT1", "GGH", "TUBB4B", "GEM", "HAUS1", "DHFR", "FAM111B", "MELK", "TUBB2A", "UBE2S", "SASS6", "DEPDC1", "MCM5", "CENPN", "FAM64A", "GLA", "MDM1", "RAI14"], "H3K27ac_myotube_hg19": ["CDCA2", "SPIN4", "SYNPO2", "CDCA7", "HSD17B6", "BRCA1", "SKA3", "NCAPH", "TMEM164", "LMNB1", "PGBD1", "KIAA1524", "C1ORF106", "POLD1", "MYBL1", "CTSD", "RFC3", "GAS2L3", "CENPW", "WFS1", "DYNLT3", "DONSON", "HSPA2", "ACYP1", "TPX2", "SLC7A5", "TUBB2A", "LOC81691", "CENPL", "KIF20A", "TAF5"], "H3K27me3_spleen_mm9": ["RET", "GPSM2", "NECAB1", "KCNK6", "FOXC1", "HS3ST3A1", "PCOLCE2", "SYNPO2", "FHL2", "CELSR2", "AREG", "PRSS23", "NEURL1B", "TUBB6", "HEY2", "IGFBP4", "ELOVL2", "TPD52L1", "ADRA2A", "CYP24A1", "CXCL12", "RAB31", "CCNE2", "NOS1AP", "MPPED2", "DOK7", "SGK1", "CUEDC1", "PTGES", "RAI14"], "H3K9me1_K562_hg19": ["KCNK6", "FEN1", "SYNPO2", "NCAPG2", "FHL2", "BUB1B", "NCAPG", "BRCA2", "ARHGAP36", "NCAPH", "RDM1", "C1ORF226", "SGOL1", "PTTG1", "NUF2", "PBK", "TSPAN5", "FANCI", "ZNF165", "EGR3", "C5ORF34", "NUP155", "FAM46C", "PLK1", "KIF18B", "RAB31", "CENPL", "TACC3", "CENPN", "DNA2", "GLA", "CENPQ", "ZNF850"], "H3K4me3_T-cell acute lymphoblastic leukemia_hg19": ["ZWILCH", "HMMR", "BRCA1", "CELSR2", "CKS1B", "HAUS8", "SFR1", "CHEK2", "ANKRD32", "TMEM194A", "LIG1", "SPAG5", "DYNLT3", "FANCB", "MASTL", "TUBG1", "TUBB4B", "WDR76", "GEM", "TIAM1", "DBF4", "TUBB2A", "UBE2T", "NOS1AP", "SASS6", "NCAPD2", "FAM64A", "TRIP13", "SFXN2", "HIST1H4C", "CKLF", "ITGB3BP", "PRTFDC1"], "H3K36me3_keratinocyte_hg19": ["MCM7", "CDCA4", "CDCA5", "RAPGEFL1", "ACAT2", "PSMC3IP", "RAD51AP1", "HINT3", "CA2", "LOC100128361", "GSG2", "CHEK1", "PMAIP1", "NEK2", "FBXO5", "TK1", "PHLDA1", "WDHD1", "RFC4", "UBE2C", "TFPI2", "GPX8", "DONSON", "GGH", "C4ORF46", "VRK1", "C9ORF40", "TUBB4B", "ISG20", "DHFR", "FAM111B", "SGK223", "TUBB2A", "TACC3", "MCM5", "CENPN", "SFXN2", "GLA", "CENPQ"], "H4K20me1_H1-hESC_hg19": ["FEN1", "RNASEH2A", "CDCA3", "ZWILCH", "TMPRSS3", "CDCA5", "CCNF", "C12ORF60", "CELSR2", "ACAT2", "ORC6", "HAUS8", "ORC1", "IMPA2", "GSG2", "HEY2", "KNTC1", "NTRK2", "TMEM194A", "CENPW", "LIG1", "UBE2C", "GINS4", "GREB1", "TUBG1", "MYO16", "ISG20", "RAD51", "CYP24A1", "CXCL12", "TUBB2A", "KIF2C", "CENPN", "FAM64A", "KIF20A"], "H3K4me1_G1E_mm9": ["NECAB1", "KCNK6", "CHRNA5", "SPIN4", "ACAT2", "RAD54B", "PGBD1", "SGOL2", "TUBB6", "DEPTOR", "HAUS7", "CHEK1", "HEY2", "TNFAIP8L1", "CHAC2", "BUB1", "DLGAP5", "CEP55", "FANCI", "STIL", "ACOT7", "TEX30", "IGFBP4", "DONSON", "PDZK1", "CDC25C", "ISG20", "RBP7", "NEIL3", "TUBB2A", "CABYR", "NOS1AP", "DOK7", "G2E3", "SFXN2", "SGK1", "HIST1H4C", "SPC25", "CDKN3"]}