{"SIN3B-21632747-MESC-MOUSE": ["OSCP1", "KDM5B", "CALCOCO1", "WNT2B", "CPNE4", "PRICKLE1", "THBS3", "FAM134B", "CDH3", "CAMK2N1", "MB", "SALL4", "BMF", "SOX9", "ERC2", "JUNB", "TNS3", "CD55", "SLC12A5", "PAQR5", "BIK", "UBE2QL1", "L1CAM", "SYT17", "BST2", "CCNG2", "ID1", "IGDCC3", "DDIT4", "AHRR", "YPEL5", "ABCG1"], "CREB1-20920259-GC1-SPG-MOUSE": ["KDM5B", "EGR1", "BTG2", "CALCOCO1", "SLC12A5", "JUP", "PLK2", "SEMA4C", "CORO2A", "L1CAM", "LIMA1", "FAM134B", "MYO1B", "SALL4", "ID1", "RFX5", "DDIT4", "TIMP3", "BMF", "JUNB", "ABCG1", "MXD4"], "E2F4-21247883-LYMPHOBLASTOID-HUMAN": ["BCAR3", "NQO1", "CAMK1D", "NVL", "PIK3R3", "GRHL3", "HIST2H2BE", "GOLGA8B", "RASD1", "CREB3L4", "DDIT4", "BLNK", "ID3", "BMF", "CD55", "CCDC83", "YPEL3"], "CREB1-23762244-HIPPOCAMPUS-RAT": ["TSPYL2", "KDM5B", "EGR1", "BTG2", "CALCOCO1", "JUP", "CPNE4", "PLK2", "ABCC5", "PIK3R3", "PNRC1", "TSPAN31", "CCNG2", "ID1", "RFX5", "DDIT4", "ID3", "BMF", "JUNB", "MXD4"], "FLI1-21571218-MEGAKARYOCYTES-HUMAN": ["OSCP1", "CYFIP2", "KDM5B", "CALCOCO1", "PELI2", "ARHGAP18", "GHR", "EPB41L5", "PRR5-ARHGAP8", "FAM110C", "ST3GAL5", "ATP6V0A4", "ITGB6", "SOX9", "ERC2", "JUNB", "TNS3", "CD55", "LYN", "EGR1", "JUP", "SEMA4C", "MYO1B", "RILPL2", "ELF5", "DDIT4", "ID3", "CMPK2", "AHRR", "SNAI2", "YPEL5", "YPEL3", "IRF9", "ABCG1", "MATN2"], "STAT3-22323479-MACROPHAGE-MOUSE": ["SEMA4C"], "KDM5B-21448134-MESC-MOUSE": ["CYFIP2", "KDM5B", "NQO1", "RNF43", "MME", "NVL", "ABCC5", "CORO2A", "RUNDC3B", "PNRC1", "CDH3", "RAB26", "FAM110C", "PSD3", "PMP22", "BLNK", "SOX9", "TNS3", "ATP9A"], "REST-21632747-MESC-MOUSE": ["PCSK2", "SLC12A5", "WNT2B", "NVL", "CPNE4", "BIK", "UBE2QL1", "L1CAM", "TRERF1", "SYT17", "MMP16", "ENC1", "BLNK", "ID3", "N4BP3", "ERC2", "YPEL5", "TNS3"], "E2F1-18555785-MESC-mouse": ["COX19", "BTG2", "TFPI", "RND3", "TSPAN31", "RASD1", "CDH3", "SALL4", "SLC26A11", "ACAD11", "JUNB", "TNS3", "ATP9A", "HIST1H2AC", "TSPYL2", "LYN", "NQO1", "EGR1", "JUP", "BIK", "PLK2", "KLHL24", "PNRC1", "EFNA1", "BST2", "MYO1B", "PLCB4", "B3GNT5", "ID1", "DDIT4", "ID3", "MATN2"], "HOXA2-22223247-E11.5 EMBRYO-MOUSE": ["ARHGAP18"], "MECOM-23826213-KASUMI-MOUSE": ["CYFIP2", "BTG2", "DUSP2", "ARL15", "ABCC5", "ID1", "DDIT4", "ST8SIA4", "L1CAM", "JUNB", "FAM107B", "TSPAN31"], "AR-20517297-VCAP-HUMAN": ["PCSK2", "PSCA", "ARHGEF37", "CRISP3", "ID2B", "RND3", "PNRC1", "SYTL2", "OAS1", "FAM110C", "APOD", "RIN2", "ZNF641", "MATN2"], "KLF4-18555785-MESC-mouse": ["COX19", "CALCOCO1", "CAMK1D", "NVL", "CPNE4", "ARL15", "GDPD3", "PPL", "THBS3", "NUAK1", "CDH3", "B3GNT5", "ID3", "AHRR", "JUNB", "CCDC83", "MXD4"], "RUNX1-21571218-MEGAKARYOCYTES-HUMAN": ["OSCP1", "BTG2", "CALCOCO1", "RWDD2A", "CPNE4", "PELI2", "IFI6", "ARHGAP18", "PIK3R3", "GDPD3", "PRICKLE1", "FAM107B", "GHR", "EPB41L5", "MKNK2", "ST3GAL5", "BMF", "ATP6V0A4", "JUNB", "TNS3", "CD55", "LYN", "EGR1", "CAMK1D", "PAQR5", "ABCC5", "MX1", "UBE2QL1", "GRHL3", "RAB27B", "TRERF1", "SYTL2", "EFNA1", "GOLGA8B", "RILPL2", "NBEA", "DDIT4", "PMP22", "ID3", "AHRR", "YPEL5", "YPEL3", "ABCG1"], "ERG-20887958-HPC-7-MOUSE": ["EGR1", "DUSP2", "KLHL24", "HIST2H2BE", "FAM107B", "RASA4", "RAB26", "CCNG2", "SERHL", "CMPK2", "HIST1H2BG", "IRF9", "ABCG1"], "CREM-20920259-GC1-SPG-MOUSE": ["OSCP1", "KDM5B", "BTG2", "NVL", "PELI2", "PIK3R3", "PRICKLE1", "FAM107B", "FAM134B", "MKNK2", "ST3GAL5", "BMF", "JUNB", "CD55", "LYN", "EGR1", "DUSP2", "CAMK1D", "JUP", "PLK2", "ABCC5", "SEMA4C", "KLHL24", "RUNDC3B", "PNRC1", "SYT17", "NBEA", "CCNG2", "ID1", "RFX5", "GPR160", "YPEL5", "YPEL3", "MXD4"], "FOXP1-22492998-STRATIUM-MOUSE": ["PCSK2"], "STAT6-21828071-BEAS2B-HUMAN": ["RAB27B"], "TET1-21451524-MESC-MOUSE": ["LYN", "OSCP1", "COX19", "TCF7L1", "SLC12A5", "SEPP1", "TRERF1", "FAM107B", "EFEMP1", "MMP16", "RASA4", "BMF", "ATP9A"], "TP63-17297297-HaCaT-human": ["DDIT4"]}