{"FOXO3 (human)": ["IFIT1"], "NR2C2 (human)": ["CSTA"], "Hand1::Tcfe2a (mouse)": ["BTG2"], "PBX1 (human)": ["LYN"], "Nr2e3 (mouse)": ["TRERF1"], "USF2 (human)": ["COX19", "HIST2H2AA4", "NVL", "IFIT1", "DCAF4", "PPL", "FAM134B", "RASD1", "CAMK2N1", "S100A14", "CD55", "SGCG", "ZNF641", "BIK", "ANKRD30A", "MX1", "IFI44", "CORO2A", "L1CAM", "SYTL2", "EFNA1", "PLCB4", "RILPL2", "CMPK2", "AHRR", "IRF9", "ABCG1"], "NFIL3 (human)": ["ZNF641"], "RUNX1 (mouse)": ["RFX5"], "Klf4 (mouse)": ["PLK2", "STON1"], "NFATC3 (human)": ["MYO1B", "SGCG"], "IRF7 (human)": ["L1CAM"], "MYOD1 (human)": ["ASB9", "SEMA4C"], "GABPA (human)": ["NQO1", "TMC4"], "NR4A2 (human)": ["PAQR5"], "SOX10 (human)": ["PLCB4", "ID3"], "CPEB1 (human)": ["BIK"], "NFATC2 (human)": ["WNT2B", "RFX5"], "Zfx (mouse)": ["SEPP1"], "FOXM1 (human)": ["NBEA"], "HLF (human)": ["ZNF641"]}