{"H3K36me3 CD34 Primary Cells": ["GDPD3"], "H3K36me3 Treg Primary Cells": ["MIR21"], "H3K36me3 CD34 Cultured Cells": ["MIR21"], "H3K36me3 Mesenchymal Stem Cell Derived Adipocyte Cultured Cells": ["MIR21"], "H3K9me3 Bone Marrow Derived Mesenchymal Stem Cell Cultured Cells": ["LOC284379", "TFPI"], "H3K36me3 Skeletal Muscle": ["GDPD3", "MIR21"], "H3K36me3 CD4+ CD25+ CD127- Treg Primary Cells": ["MIR21"], "H3K36me3 Brain Hippocampus Middle": ["GDPD3", "MIR21", "IRF9"], "H3K36me3 CD4+ CD25int CD127+ Tmem Primary Cells": ["GDPD3", "JUNB", "CLEC2D"], "H3K9me3 Adult Liver": ["LOC284379", "FTX"], "H3K36me3 Stomach Smooth Muscle": ["IL1R1", "MIR21"], "H3K36me3 Breast Myoepithelial Cells": ["HCAR3", "GDPD3", "MIR21"], "H3K36me3 Brain Germinal Matrix": ["MIR21"], "H3K36me3 CD8 Memory Primary Cells": ["BTG2", "YPEL3"], "H3K36me3 Chondrocytes from Bone Marrow Derived Mesenchymal Stem Cell Cultured Cells": ["ID1"], "H3K36me3 Stomach Mucosa": ["ID1", "GDPD3"], "H3K36me3 CD4 Memory Primary Cells": ["MIR21"], "H3K36me3 Pancreatic Islets": ["MIR21"], "H3K36me3 Bone Marrow Derived Mesenchymal Stem Cell Cultured Cells": ["MIR21"], "H3K36me3 CD8 Naive Primary Cells": ["MIR21", "JUNB"]}