{"AAGGGAT,MIR-188": ["NBEA"], "ATCTTGC,MIR-31": ["CAMK1D"], "TCTAGAG,MIR-517": ["RND3"], "GTAAGAT,MIR-200A": ["FGF13"], "AGTTCTC,MIR-146A,MIR-146B": ["MMP16"], "ACAACCT,MIR-453": ["IFIT1"], "GTGTGAG,MIR-342": ["NBEA"], "GTGTCAA,MIR-514": ["MYO1B"], "GGCAGAC,MIR-346": ["PIK3R3"], "AAGTCCA,MIR-422B,MIR-422A": ["GOLT1A"], "AGGAGTG,MIR-483": ["MXD4"], "CAAGGAT,MIR-362": ["PSD3"], "ACAACTT,MIR-382": ["MMP16"], "TCTGGAC,MIR-198": ["TCF7L1"], "CTCAAGA,MIR-526B": ["CDK6"], "TAGAACC,MIR-182": ["FAM107B"], "TCCCCAC,MIR-491": ["N4BP3"], "CTAGGAA,MIR-384": ["SYTL2"], "CAGTCAC,MIR-134": ["PSD3"], "CCATCCA,MIR-432": ["YPEL5"]}