{"HNF1B (human)": ["ZSCAN20", "RGMA"], "Esrrb (mouse)": ["LGI4", "NAGS"], "CBX5 (human)": ["GREB1L"], "Arnt (mouse)": ["MYRIP", "ASPRV1"], "EBF1 (mouse)": ["PRRT3"], "NR2C2 (human)": ["MAP3K8"], "PDX1 (human)": ["HBEGF"], "SP4 (human)": ["MICALL2"], "SOX9 (human)": ["MECOM", "GIMAP6"], "SND1 (mouse)": ["H2-Q8", "LHX4"], "NFATC3 (human)": ["GYS1", "RGMA"], "ESR2 (human)": ["ZSCAN20"], "HLF (human)": ["RARB"], "MAFB (human)": ["HOXB1"], "CPEB1 (human)": ["ZMYM3"], "SOX10 (human)": ["CR2", "GJB1"], "MXI1 (human)": ["PRTN3", "DHRS3"], "MIR210 (human)": ["MEIS2", "STRA6"], "FOXM1 (human)": ["SLFN5"], "NCOA1 (human)": ["MECOM"]}