{"POLR2A_thymus_mm9": ["COX19", "EGR1", "PAQR5", "BIK", "PLK2", "SNHG8", "RND3", "BST2", "RASD1", "ENC1", "ID3", "HIST1H2BG", "TNS3", "CLHC1", "MATN2"], "TCF12_MCF-7_hg19": ["ACAD11"], "EP300_K562_hg19": ["RWDD2A", "PSCA", "NVL", "IFI6", "PIK3R3", "FTX", "TFPI", "RND3", "YBEY", "CREB3L4", "MB", "MKNK2", "ST8SIA4", "ST3GAL5", "BMF", "APOD", "ACAD11", "LOC100131564", "CD55", "ZNF641", "NQO1", "CAMK1D", "SLC12A5", "ARL15", "SNHG8", "MIR21", "BST2", "VMP1", "CDK6", "RILPL2", "CCNG2", "SERHL", "RFX5", "GPR160", "HIST1H2BG", "CCDC83", "IRF9"], "POLR2A_ES-Bruce4_mm9": ["TSPYL2", "PLK2", "HILPDA", "RND3", "TSPAN31", "BST2", "VMP1", "RASD1", "CDH3", "CCNG2", "ID1", "DDIT4", "ENC1", "ID3", "N4BP3"], "GABPA_MEL cell line_mm9": ["NQO1"], "JUN_K562_hg19": ["KDM5B", "COX19", "BTG2", "OXTR", "CALCOCO1", "CCDC146", "PIK3R3", "TFPI", "FAM214A", "TSPAN31", "YBEY", "CREB3L4", "MKNK2", "ST3GAL5", "N4BP3", "JUNB", "LOC100131564", "CD55", "LINC00152", "RNF43", "JUP", "MX1", "SNHG8", "HIST2H2BE", "PNRC1", "VMP1", "ID1", "DDIT4", "YPEL5", "IRF9", "ABCG1"], "ESRRA_HepG2_hg19": ["KLHL24"], "MAX_H1-hESC_hg19": ["BCAR3", "KDM5B", "NQO1", "CPNE4", "ABCC5", "SNHG8", "MIR21", "FTX", "RUNDC3B", "VMP1", "LIMA1", "CDK6", "RILPL2", "SERHL", "RFX5", "HIST1H2BG", "FGF13", "TNS3", "LOC100131564", "CD55", "HIST1H2AC", "IRF9"], "POLR2A_bone marrow macrophage_mm9": ["LYN", "BTG2", "DUSP2", "PLK2", "HILPDA", "SNHG8", "KLHL24", "RND3", "TSPAN31", "DDIT4", "ENC1", "PMP22", "SOX9", "YPEL5", "JUNB"], "MAX_C2C12_mm9": ["DUSP2", "NVL", "PLK2", "HILPDA", "SNHG8", "ARHGAP18", "VMP1", "LIMA1", "SERHL", "ID1", "CREBRF", "ID3", "JUNB", "CLEC2D", "CLHC1"], "CTCF_kidney_hg19": ["TSPYL2", "BCAR3", "COX19", "PELI2", "PIK3R3", "SYTL2", "C6ORF165", "NBEA", "CA5B", "CREB3L4", "GPR160", "PSD3", "TNS3", "ZNF862", "CCDC83"], "eGFP-GATA2_K562_hg19": ["CSTA", "NVL", "HILPDA", "ARHGAP18", "RAB27B", "SEPP1", "BST2", "LIMA1", "CCNG2", "ID1", "HIST1H2BG", "LOC100131564", "CD55", "IRF9"], "TRIM28_U2OS_hg19": ["NQO1", "CPNE4", "ARL15", "SNHG8", "ARHGAP18", "RAB27B", "IFIT1", "PNRC1", "IFI44L", "VMP1", "MB", "LOC100131564", "CD55", "IRF9", "RPRM"], "IRF1_K562_hg19": ["KDM5B", "COX19", "RWDD2A", "NVL", "HILPDA", "IFI6", "PIK3R3", "DDX60", "IFIT1", "DCAF4", "EPB41L5", "SLC26A11", "N4BP3", "JUNB", "LOC100131564", "TSPYL2", "NQO1", "RNF43", "SLC12A5", "JUP", "MX1", "KLHL24", "SYTL2", "BST2", "VMP1", "CDK6", "RILPL2", "OAS1", "SERHL", "ID1", "DDIT4", "CMPK2", "C19ORF66", "FGF13"], "SIRT6_H1-hESC_hg19": ["KDM5B", "ARL15", "SNHG8", "TMC4", "TRERF1", "VMP1", "GRB14", "YBEY", "CCNG2", "ST8SIA4", "ATP6V0A4", "S100A14", "HIST1H2BG", "C19ORF66", "LOC100131564"], "MAX_HeLa-S3_hg19": ["KRT80", "NVL", "HILPDA", "IFI6", "GDPD3", "FAM134B", "YBEY", "S100A16", "CREB3L4", "N4BP3", "ACAD11", "TNS3", "CD55", "NQO1", "ABCC5", "SEMA4C", "SNHG8", "KLHL24", "VMP1", "NBEA", "OAS1", "RFX5", "SNAI2", "C19ORF66", "YPEL5", "IRF9", "MXD4"], "JUND_T47D_hg19": ["MIR21"], "TBP_HeLa-S3_hg19": ["LYN", "KDM5B", "COX19", "RWDD2A", "ABCC5", "MX1", "IFI44", "MID2", "EPB41L5", "RASD1", "RFX5", "MKNK2", "SOX9", "ACAD11"], "CHD1_GM12878_hg19": ["TSPYL2", "CYFIP2", "RNF43", "OXTR", "CALCOCO1", "CAMK1D", "NVL", "SEMA4C", "KLHL24", "BST2", "GOLGA8B", "CA5B", "EFHD1", "SOX9", "HIST1H2BG"], "REST_HL-60_hg19": ["CPNE4"]}