{"H2AFZ_GM12878_hg19": ["ARL15", "ZG16B", "HILPDA", "SNHG8", "ZNF804A", "RAB27B", "FAM134B", "GOLGA8B", "YBEY", "RASA4", "MB", "ID1", "SNAI2", "ACAD11", "CCDC83", "YPEL3"], "H4K20me1_mammary epithelial cell_hg19": ["CYFIP2", "ZNF804A", "MIR21", "FTX", "L1CAM", "NUAK1", "RASD1", "ERBB4", "FAM110C", "DDIT4", "ENC1", "SNAI2", "SOX9", "JUNB", "HIST1H2AC", "LOC100288911"], "H3K27me3_astrocyte_hg19": ["PCSK2", "LYN", "MME", "BIK", "NTN4", "TNFRSF11B", "RUNDC3B", "FAM134B", "SALL4", "B3GNT5", "GPR160", "ST8SIA4", "ATP6V0A4", "PRSS8", "N4BP3", "RPRM", "MATN2"], "H2AFZ_HeLa-S3_hg19": ["OSCP1", "RNF43", "RWDD2A", "ARL15", "PLK2", "HILPDA", "GDPD3", "DDX60", "EPB41L4A-AS1", "LIMA1", "YBEY", "RFX5", "PRSS8", "C19ORF66", "ACAD11", "CCDC83"], "H2AFZ_skeletal muscle myoblast_hg19": ["RNF43", "TCF7L1", "CSTA", "PAQR5", "TFPI", "CORO2A", "RUNDC3B", "YBEY", "S100A16", "CREB3L4", "RFX5", "BMF", "SLC26A11", "APOD", "CCDC83", "YPEL3"], "H2AFZ_B cell_hg19": ["DUSP2", "HILPDA", "SNHG8", "NTN4", "STON1", "ZNF804A", "PRICKLE1", "RUNDC3B", "VMP1", "EPB41L4A-AS1", "LIMA1", "NUAK1", "RASD1", "SNAI2", "ACAD11", "CCDC83", "MXD4"], "H3K9ac_K562_hg19": ["CYFIP2", "BTG2", "CALCOCO1", "SLC12A5", "RWDD2A", "BIK", "PELI2", "HILPDA", "GDPD3", "IFIT1", "DCAF4", "FAM214A", "TSPAN31", "BST2", "LIMA1", "EPB41L5", "PLCB4", "CREB3L4", "CCNG2", "ASB9", "ST3GAL5", "CMPK2", "YPEL3", "ZNF641"], "H3K79me2_endothelial cell of umbilical vein_hg19": ["EGR1", "IFI44", "KLHL24", "TSPAN31", "BST2", "LIMA1", "EPB41L5", "GRB14", "CREB3L4", "CCNG2", "ID1", "SLC26A11", "ZNF862", "ATP9A", "YPEL3", "IRF9"], "H3K36me3_A549_hg19": ["GDPD3", "FTX", "TFPI", "THBS3", "TSPAN31", "NUAK1", "YBEY", "CREB3L4", "ENC1", "S100A14", "DRD1", "ACAD11", "JUNB", "ANKRD30A", "PLK2", "MIR21", "RAB27B", "LHFPL2", "HIST2H2BE", "GOLGA8B", "ID1", "DDIT4", "ID3", "YPEL3", "MXD4", "LOC100288911"], "H3K4me3_NT2-D1_hg19": ["PCSK2", "EGR1", "CALCOCO1", "RWDD2A", "ARHGEF37", "NVL", "ARL15", "ZNF804A", "RAB27B", "RUNDC3B", "LIMA1", "GOLGA8B", "ST8SIA4", "EFHD1", "CMPK2", "DRD1", "ZNF467"], "H3K27ac_MCF-7_hg19": ["KDM5B", "PSCA", "NVL", "ARL15", "ZG16B", "TSPAN31", "YBEY", "CREB3L4", "MB", "CCNG2", "ID3", "S100A14", "LOC100131564", "ABCG1", "ZNF750"], "H3K9ac_NT2-D1_hg19": ["MME", "NVL", "ZNF804A", "MIR21", "RAB27B", "SYTL2", "SYT17", "EFNA1", "VMP1", "CDK6", "ST8SIA4", "CMPK2", "SLIT2", "ZNF467", "MXD4"], "H3K27ac_fibroblast of lung_hg19": ["OSCP1", "SRPX", "PSCA", "NVL", "TNFRSF11B", "TFPI", "IFIT1", "FAM214A", "IFI44L", "LIMA1", "C6ORF165", "YBEY", "EFHD1", "ACAD11", "JUNB", "ZNF641", "NQO1", "EGR1", "ARL15", "MIR21", "RAB27B", "TRERF1", "HIST2H2BE", "VMP1", "MMP16", "CCNG2", "ID3", "RIN2", "MXD4"], "H3K36me3_H1-hESC_hg19": ["TSPYL2", "HILPDA", "SNHG8", "MIR21", "LHFPL2", "FTX", "TRERF1", "TSPAN31", "MB", "ID1", "DDIT4", "ENC1", "ID3", "SLC26A11", "ACAD11", "IRF9"], "H3K4me2_keratinocyte_hg19": ["ARHGEF37", "GOLT1A", "MX1", "ZNF804A", "DDX60", "FAM214A", "IFI44L", "SYTL2", "VMP1", "LIMA1", "MMP16", "RASA4", "CCNG2", "GPR160", "DDIT4", "SNAI2", "ABCG1"], "H3K79me2_mammary epithelial cell_hg19": ["CALCOCO1", "ARHGEF37", "DCAF4", "LIMA1", "CREB3L4", "ID1", "RFX5", "SNAI2", "SLIT2", "C19ORF66", "JUNB", "ZNF862", "CD55", "YPEL3", "IRF9"], "H4K20me1_fibroblast of lung_hg19": ["EGR1", "CPNE4", "PLK2", "LHFPL2", "FTX", "L1CAM", "GHR", "NUAK1", "DDIT4", "ENC1", "SNAI2", "NDP", "ACAD11", "HIST1H2AC", "LOC100288911"], "H3K4me1_spleen_mm9": ["TCF7L1", "CALCOCO1", "MME", "ARHGEF37", "PAQR5", "BIK", "L1CAM", "IFIT1", "THBS3", "SYTL2", "TSPAN31", "LIMA1", "NBEA", "GPR160", "TIMP3", "RPRM"], "H3K4me3_CH12.LX_mm9": ["OSCP1", "CALCOCO1", "RWDD2A", "NVL", "PRICKLE1", "DDX60", "IFIT1", "RND3", "PPL", "TSPAN31", "GHR", "LIMA1", "FAM134B", "GRB14", "ST3GAL5", "SLC26A11", "CD55", "TSPYL2", "JUP", "ARHGEF37", "PAQR5", "ABCC5", "SNHG8", "MIR21", "KLHL24", "L1CAM", "VMP1", "RASA4", "CCNG2", "SERHL", "GPR160", "CCDC83", "MXD4"], "H3K4me1_lung_mm9": ["OSCP1", "NQO1", "SRPX", "SLC12A5", "NVL", "PAQR5", "MX1", "IFI44", "RAB27B", "L1CAM", "TSPAN31", "BST2", "GRB14", "MMP16", "B3GNT5", "ERC2", "CCDC83"]}