{"TCF4-23295773-U87-HUMAN": ["IPO13", "KDELR1", "SLC7A11", "NR3C1", "IKZF2", "RCSD1", "WASH2P", "DUSP10", "CPT2", "RGS1", "MFSD5", "CASP2", "KIF21B", "CCR4", "PLEKHG1", "CAMK1D", "KLF13", "CDKAL1", "TTC7A", "RUNX2", "SLC9A8", "ZC3H11A", "IRF2", "ITGA6", "B4GALT6", "ZNF510", "DGKH", "TBC1D19", "TTYH3", "WBP1", "EPB41", "GATA3", "POMZP3", "PSMA8", "C1ORF106", "STK33", "SOCS1", "NFIL3", "ADAMTS19", "MICAL1", "CLPTM1", "ST3GAL6", "E2F7", "MYPOP", "SMURF2", "STYX", "GBF1", "HS3ST4", "ISG20", "ALDH4A1", "NFKBIA", "MYO1B", "ASXL2", "LRRN1", "CD69", "SMAP2", "IL7R", "DFNA5"], "TEAD4-22529382-TROPHECTODERM-MOUSE": ["PFKFB2", "LDB1", "IKZF2", "RCSD1", "TRAM2", "CABIN1", "UBASH3B", "FLRT3", "STAT4", "DHX37", "MACROD2", "CCDC92", "MTA2", "E2F7", "PLEKHG1", "CAMK1D", "NCOA5", "PLEKHA2", "CDKAL1", "CCDC117", "KLHL24", "RUNX2", "NCEH1", "RNF125", "STIM1", "GPAM", "ID2", "IRF2", "FAT1", "NMT2", "ITGA6", "SMAP2", "DGKH", "FKBP5"], "SUZ12-20075857-MESC-MOUSE": ["KCNK6", "MOCS3", "KDELR1", "NR3C1", "RCSD1", "ANTXR2", "NAGPA", "AQP3", "ETS1", "PPP1R9B", "DUSP10", "UBASH3B", "TRIM68", "FAM65B", "KIF21B", "CCDC92", "GRASP", "OSR2", "CAMK1D", "CHST7", "TSC22D3", "LIX1L", "ARID5A", "DUSP6", "AIM1", "PITPNM1", "PEX6", "IRF2", "TLR9", "IGSF8", "SLFN5", "DLX2", "TNXB", "TSHZ3", "ZBTB48", "LEF1", "TCF7", "DTX1", "AEBP1", "GATA3", "FBXO46", "AAAS", "EVPL", "GRAMD4", "STRN4", "ZFP36L2", "EFNB2", "CYP27B1", "STK33", "SOCS1", "NFIL3", "ADAMTS19", "PTK2B", "ST3GAL6", "RBM38", "MYPOP", "PLEKHA2", "AMFR", "XRCC3", "FZD6", "GBF1", "SORBS3", "PARP12", "ABHD15", "MYO1B", "NCEH1", "ATG16L2", "STK17B", "ID2", "LRRN1", "DFNA5"], "AR-19668381-PC3-HUMAN": ["PRR5", "SPPL2B", "IKZF2", "NAGPA", "ETS1", "CABIN1", "SCAMP4", "KIF21B", "KLF13", "TSC22D3", "LIX1L", "SLC30A1", "TTC7A", "DEXI", "RUNX2", "MESDC1", "AIM1", "FRMD6", "ZFP41", "CRISPLD1", "IRF2", "RHOU", "CD226", "SCG2", "TTYH3", "EPB41", "LEF1", "DTX1", "ZFP36L2", "RELB", "RECQL4", "STK33", "SOCS1", "MBD3", "USP20", "CKM", "WFS1", "AMFR", "FZD6", "SUPT5H", "USF2", "HS3ST4", "DNAJC17", "ISG20", "ALDH4A1", "XAB2", "KLHL6", "ID2", "SPAG1", "NMT2", "CTNNB1", "CD69", "UBE2M"], "MTF2-20144788-MESC-MOUSE": ["KCNK6", "DLX2", "TNXB", "TSHZ3", "LEF1", "DTX1", "AEBP1", "GATA3", "NR3C1", "RCSD1", "ANTXR2", "AAAS", "AQP3", "PPP1R9B", "EFNB2", "SOCS1", "UBASH3B", "NFIL3", "ADAMTS19", "ST3GAL6", "CCDC92", "STARD3", "OSR2", "CAMK1D", "CHST7", "PLEKHA2", "AMFR", "TSC22D3", "KCNJ14", "XRCC3", "FZD6", "GBF1", "FBXL15", "PARP12", "AIM1", "FRMD6", "PITPNM1", "ID2", "PEX6", "AKT1S1", "IRF2", "LRRN1", "UBE2M", "DGKH"], "RCOR3-21632747-MESC-MOUSE": ["PRR5", "IGSF8", "KCNK6", "TSHZ3", "TCF7", "FBXO46", "IKZF2", "AAAS", "NAGPA", "RELB", "PPP1R9B", "MFSD5", "MICAL1", "GRAP2", "STAT4", "CLPTM1", "HIST1H1D", "PTK2B", "ST3GAL6", "CTSD", "GRASP", "E2F7", "HIST1H1B", "HIST1H1C", "ATHL1", "PLEKHG1", "KLF13", "SLC30A1", "SHISA7", "KCTD6", "CLK2", "NFKBIA", "MYO1B", "ZBTB6", "RNF125", "PIK3IP1", "GPAM", "CD8A", "REEP3", "ID2", "TAF8", "SCG2", "ASF1B", "BIRC3", "FKBP5"], "RUNX2-22187159-PCA-HUMAN": ["MOCS3", "BTG1", "ID2B", "NR3C1", "TRAM2", "ETS1", "FAM110A", "GGTLC1", "DUSP10", "KIAA0895", "MACROD2", "CLIC2", "BBS5", "GBP5", "OSR2", "EGFL7", "CAMK1D", "DUSP6", "DNAJC3", "SGK223", "AIM1", "CRISPLD1", "SLC9A8", "ZC3H11A", "TLR9", "ITGA6", "ZNF510", "DGKH", "FKBP5", "EPB41", "PRICKLE3", "GATA3", "GRAMD4", "TP53INP2", "STAT4", "CLPTM1", "PTK2B", "YTHDF3", "AMFR", "PILRB", "ERAL1", "PARP12", "ISG20", "NCEH1", "TRIM39", "GPAM", "KLHL6", "STK17B", "ID2", "ASXL2", "RPA4", "FAT1", "TAF8", "CTNNB1"], "REST-21632747-MESC-MOUSE": ["IPO13", "LDB1", "PLA2G6", "AAAS", "NAGPA", "ETS1", "HIST1H1E", "PTK2B", "CPXM1", "E2F7", "KLF13", "ATG9A", "FBXL15", "VPS37B", "SHISA7", "CLK2", "ACAP3", "XAB2", "RNF125", "SNHG11", "STK17B", "TLR9", "CTNNB1", "LRRN1", "B4GALT6", "SCG2"], "SOX2-21211035-LN229_GBM-HUMAN": ["PRR5", "TBC1D19", "RAB5B", "TTYH3", "BTG1", "WBP1", "TSHZ3", "SLA", "SLC7A11", "NR3C1", "FAIM3", "ETS1", "ARHGAP4", "CABIN1", "PSMA8", "MT2A", "ADAMTS19", "KIAA0895", "ST3GAL6", "CCR4", "RBM38", "STARD3", "EGFL7", "CAMK1D", "YTHDF3", "CKM", "KCNJ14", "IFI44", "SLC30A1", "CDKAL1", "PARP12", "DNAJC3", "XAB2", "TMEM2", "KATNAL1", "STIM1", "GPAM", "CD8A", "STK17B", "ID2", "ASXL2", "LRRN1", "RHOU", "CD226", "CORO7", "MAP3K11", "DFNA5", "FKBP5"], "FOXO3-22982991-MACROPHAGES-MOUSE": ["CRTC2", "CHIC2", "DHRS11", "LDB1", "AP5Z1", "BRAT1", "SLC7A11", "RPAP1", "MED18", "DCAF17", "STK36", "MFSD5", "ZKSCAN8", "ARFIP2", "FAM3A", "ST3GAL6", "ARGLU1", "DDX17", "RHBDD3", "STK11IP", "ENTPD4", "EAF1", "ARPC4", "GPAM", "SLC9A8", "NMT2", "CTNNB1", "ZSCAN26"], "TRIM28-19339689-MESC-mouse": ["CDC42SE1", "DLX2", "TTYH3", "FBXO46", "ANTXR2", "AAAS", "ETS1", "ZFP36L2", "PPP1R9B", "EFNB2", "CASKIN2", "AMH", "MTA2", "GRASP", "SAC3D1", "CD55", "RBM38", "OSR2", "CAMK1D", "KLF13", "SF3A2", "NCOA5", "ENTPD4", "ARID5A", "SLC30A1", "FBXL15", "VPS37B", "ERAL1", "USF1", "DUSP6", "FRMD6", "TRAF4", "KATNAL1", "TRIM39", "SLC9A8", "ID2", "NMT2", "CTNNB1", "RHOU", "PCNXL3", "MAP3K11", "SLC27A4"], "YAP1-20516196-MESC-MOUSE": ["BTG1", "TSHZ3", "LEF1", "GATA3", "SLC7A11", "ANTXR2", "CABIN1", "PPP1R9B", "DUSP10", "CPT2", "UBASH3B", "NFIL3", "GRAP2", "HIST1H1D", "ARGLU1", "E2F7", "HIST1H1B", "HIST1H1C", "CAMK1D", "CDKAL1", "SUPT5H", "FRMD6", "PIK3IP1", "HNRNPH1", "ID2", "IRF2", "FAT1", "TNFSF8", "IL7R"], "OLIG2-23332759-OLIGODENDROCYTES-MOUSE": ["BTG1", "LEF1", "GATA3", "SLC7A11", "NR3C1", "ETS1", "EFNB2", "DUSP10", "SOCS1", "UBASH3B", "NFIL3", "FLRT3", "CD55", "OSR2", "PLEKHG1", "KLF13", "SMURF2", "TSC22D3", "SLC30A1", "VPS37B", "RUNX2", "TMEM2", "RAD51D", "GPAM", "CD8A", "STK17B", "REEP3", "ID2", "IRF2", "NMT2", "B4GALT6"], "ASH2L-23239880-MESC-MOUSE": ["PRR5", "BTG1", "LDB1", "DGKA", "MED18", "CABIN1", "HINT3", "HCFC1R1", "KIF21B", "CCR4", "OSR2", "PLEKHG1", "DBNL", "CAMK1D", "KLF13", "DUSP6", "DNAJC3", "TMEM2", "ZFP41", "KATNAL1", "STIM1", "BBS12", "TEP1", "RHOU", "MALAT1", "TSHZ3", "IDUA", "LEF1", "PRICKLE3", "FBXO46", "AAAS", "EFNB2", "MTA1", "MICAL1", "PTK2B", "SNRPB2", "ST3GAL6", "CLSPN", "MTA2", "CD55", "E2F7", "STK11IP", "PLEKHA2", "EAF1", "NFKBIA", "XAB2", "CCS", "ZBTB6", "REEP3", "TAF8", "CTNNB1", "CORO7", "SLC26A6"], "SMARCA4-23332759-OLIGODENDROCYTES-MOUSE": ["DLX2", "BTG1", "SPPL2B", "GATA3", "NR3C1", "IKZF2", "ETS1", "STRN3", "DUSP10", "UBASH3B", "FLRT3", "ST3GAL6", "ARGLU1", "PLEKHG1", "KLF13", "STK11IP", "VPS37B", "KLHL24", "SORBS3", "DUSP6", "NFKBIA", "RAD51D", "KATNAL1", "STIM1", "GPAM", "CD8A", "REEP3", "ID2", "IRF2", "FAT1", "LRRN1"], "KDM5B-21448134-MESC-MOUSE": ["ST6GALNAC1", "CABIN1", "LIMD2", "RAVER1", "CASP2", "MACROD2", "DDX17", "OSR2", "CDKAL1", "CCDC117", "DUSP6", "PLA2G15", "TMEM2", "HNRNPH1", "TEP1", "INCENP", "HNRNPUL2", "ZC3H11A", "ITGA6", "B4GALT6", "ASF1B", "DGKH", "IGSF8", "DLX2", "RAB5B", "LEF1", "GATA3", "RPAP1", "STRN3", "EFNB2", "KDELC1", "HECTD3", "C9", "CLPTM1", "NCKAP1L", "CLSPN", "MTA2", "ARGLU1", "MYPOP", "SMURF2", "PLEKHA2", "EAF1", "STYX", "FZD6", "GBF1", "ERAL1", "SUPT5H", "CLK2", "NFKBIA", "XAB2", "PIK3IP1", "ASXL2", "FAT1", "TAF8", "CTNNB1"], "SMAD4-21799915-A2780-HUMAN": ["SH2D2A", "IKZF2", "RCSD1", "TRAM2", "CABIN1", "C1ORF106", "GGTLC1", "STK33", "DUSP10", "HINT3", "RGS1", "C9", "KIAA0895", "MACROD2", "BBS5", "CD55", "E2F7", "CAMK1D", "ZNF460", "IFI44", "DUSP6", "MYO1B", "TMEM2", "CRISPLD1", "BBS12", "REEP3", "IRF2", "FAT1", "ITGA6", "TNFSF8", "SCG2", "DFNA5"], "STAT3-23295773-U87-HUMAN": ["PFKFB2", "CHIC2", "TSHZ3", "KDELR1", "EPB41", "DTX1", "NR3C1", "IKZF2", "RPAP1", "MED18", "C1ORF106", "DCAF17", "STK33", "DUSP10", "UBASH3B", "HECTD3", "ADAMTS19", "GRAP2", "TP53INP2", "KIAA0895", "STAT4", "PTK2B", "ARGLU1", "EGFL7", "USP20", "STK11IP", "AMFR", "FZD6", "MYO1B", "AIM1", "KLHL6", "REEP3", "ID2", "ASXL2", "ITGA6", "TNFSF8", "SLC27A4", "DFNA5"], "SUZ12-18974828-MESC-MOUSE": ["DLX2", "TNXB", "TSHZ3", "LEF1", "DTX1", "AEBP1", "GATA3", "SLC7A11", "RCSD1", "ANTXR2", "TRAM2", "EFNB2", "CYP27B1", "NFIL3", "ADAMTS19", "ST3GAL6", "OSR2", "CAMK1D", "CHST7", "AMFR", "TSC22D3", "FZD6", "PARP12", "IRF2", "LRRN1"], "TP63-17297297-HaCaT-human": ["ITGA6", "GATA3", "EVPL"]}