{"SP4 (human)": ["SLC30A1"], "MYC::MAX (human)": ["TNXB", "TRAM2"], "REST (human)": ["TNXB"], "SMAD3 (human)": ["TMEM2"], "PLAG1 (human)": ["TNXB"], "NR1H2::RXRA (human)": ["TNXB"], "RXR::RAR_DR5 (human)": ["TNXB"], "INSM1 (human)": ["TNXB"], "Tcfcp2l1 (mouse)": ["TSHZ3"], "MIZF (human)": ["TNXB"], "MYCN (human)": ["STRN4"], "CTCF (human)": ["TNXB"], "HNRNPK (human)": ["ID2"], "RXRA::VDR (human)": ["TNXB"], "CBX5 (human)": ["ANAPC2"], "RREB1 (human)": ["TNXB"], "NHLH1 (human)": ["TNXB"], "TLX1::NFIC (human)": ["TNXB"], "IRF1 (human)": ["TNXB"], "EWSR1-FLI1 (human)": ["TNXB"]}