{"H3K27me3 Colonic Mucosa": ["PRR5", "TMEM200B", "PPM1M", "PRICKLE3", "AEBP1", "NR3C1", "RCSD1", "RASAL3", "AQP3", "ARHGAP4", "EFNB2", "CYP27B1", "STK33", "ADAMTS19", "FAM65B", "CPXM1", "ST3GAL6", "GRASP", "OSR2", "EGFL7", "CHST7", "CKM", "TSC22D3", "SORBS3", "MYO1B", "AIM1", "CRISPLD1", "CD8A", "MT1G", "TNFSF8", "LRRN1", "DFNA5", "MT1E"], "H3K27me3 H1 Derived Mesenchymal Stem Cells": ["CD8A", "ADAMTS19", "LEF1", "GATA3", "CCR4", "HS3ST4"], "H3K27me3 H9": ["KCNK6", "TMEM200B", "IDUA", "PPM1M", "MT1X", "MT2A", "UBASH3B", "NFIL3", "KIF21B", "MACROD2", "MTA2", "BBS5", "GRASP", "OSR2", "ARSA", "CKM", "PLEKHA2", "TSC22D3", "LIX1L", "VPS37B", "SORBS3", "ABHD15", "ATG16L2", "PIK3IP1", "ATP13A2", "ZP3", "DFNA5", "BIRC3"], "H3K4me3 Penis Foreskin Fibroblast Primary Cells": ["CRTC2", "LOC100505812", "KDELR1", "DGKA", "IKZF2", "WASH2P", "MT2A", "FAM3A", "FAM65B", "KIF21B", "MACROD2", "CCDC92", "DDX17", "OSR2", "RSAD2", "YOD1", "SLC30A1", "CDKAL1", "TTC7A", "SLFN12", "RNF125", "CRISPLD1", "STIM1", "CD8A", "TEP1", "SLC9A8", "ULK3", "MT1F", "MT1G", "MT1H", "TP53", "DGKH", "FKBP5", "TBC1D19", "EPB41", "LY96", "DTX1", "RPAP1", "PGBD1", "C1ORF106", "STK36", "ADAMTS19", "ST3GAL6", "CLSPN", "ZBED6", "HIST1H3C", "MYPOP", "RHBDD3", "STK11IP", "XRCC3", "EAF1", "STYX", "LOC155060", "PILRB", "KLHL24", "DNAJC17", "ZBTB6", "ATG16L2", "ZNF37A", "ID2", "ZNF30", "NMT2", "LRRN1", "SLC26A6", "DDX11L2", "USP35", "PRR5", "MOCS3", "RCSD1", "NAGPA", "MED18", "CABIN1", "CPT2", "CPXM1", "LINC00339", "CIC", "GPRASP1", "BBS5", "HIST1H1B", "ZNF641", "HIST1H1C", "PLEKHG1", "CAMK1D", "NCOA5", "TSC22D3", "LIX1L", "GMIP", "DNAJC3", "PITPNM1", "BBS12", "INCENP", "IRF2", "ITGA6", "ZP3", "B4GALT6", "ZNF510", "LEF1", "FAM214A", "POMZP3", "STRN3", "DCAF17", "TP53INP2", "STAT4", "ZNF501", "SAMD1", "ZNF225", "ZNF100", "ZNF460", "CKM", "USF2", "HS3ST4", "USF1", "ALDH4A1", "CCS", "GPAM", "STK17B", "SPAG1", "NUCB1", "ATP13A2", "HSD17B7P2", "DFNA5", "GRINA"], "H3K9me3 Brain Cingulate Gyrus": ["IFI44", "ZNF501"], "H3K27me3 Duodenum Mucosa": ["EGFL7", "TMEM200B", "FZD6", "AEBP1", "RCSD1", "ETS1", "SORBS3", "STK33", "AIM1", "CRISPLD1", "MT1G", "FAM65B", "MT1H", "GRASP", "E2F7", "DFNA5"], "H3K27me3 Mobilized CD34 Primary Cells": ["KCNK6", "TMEM200B", "LEF1", "TCF7", "DTX1", "FTX", "KIAA0895L", "AQP3", "EFNB2", "C1ORF106", "SOCS1", "NFIL3", "ADAMTS19", "FAM3A", "MACROD2", "AMH", "ZNF324", "GRASP", "PRR22", "LINC00494", "PLEKHG1", "CKM", "TSC22D3", "LOC155060", "BMX", "SORBS3", "HS3ST4", "SHISA7", "SGK223", "MYO1B", "CD8A", "RPA4", "FAT1", "SPAG1", "MT1G", "MT1H", "DFNA5", "DGKH"], "H3K9me3 Brain Inferior Temporal Lobe": ["HIST1H3I"], "H3K27me3 CD4 Memory Primary Cells": ["MYO1B", "PLEKHG1", "CKM", "TMEM200B", "LEF1", "FAT1", "MT1G", "ST3GAL6", "MT1H", "IKZF2", "B4GALT6", "DFNA5"], "H3K27me3 CD8 Naive Primary Cells": ["CKM", "TMEM200B", "FZD6", "MYO1B", "CRISPLD1", "ADAMTS19", "FAT1", "MT1G", "CPXM1", "MT1H", "MACROD2", "B4GALT6", "DFNA5"], "H3K27me3 CD8 Memory Primary Cells": ["CKM", "TMEM200B", "AEBP1", "IKZF2", "C1ORF106", "KDELC1", "CD8A", "ADAMTS19", "CPXM1", "MT1H", "B4GALT6", "GRASP", "DFNA5"], "H3K27me3 CD34 Primary Cells": ["ST6GALNAC1", "ADAMTS19", "LEF1", "DTX1", "GRASP"], "H3K27me3 Breast Myoepithelial Cells": ["OSR2", "BTG2", "EGFL7", "STK33", "CAMK1D", "CKM", "ADAMTS19", "LEF1", "HIST1H3I", "DDX11L2", "CABIN1"], "H3K27me3 Brain Substantia Nigra": ["SLFN12", "ATHL1", "C1ORF106", "MYO1B", "EGFL7", "STK33", "CKM", "MT1G", "CPXM1", "AQP3", "ETS1"], "H3K36me3 Brain Anterior Caudate": ["USP20"], "H3K9me3 Fetal Lung": ["ZNF501"], "H3K9me3 IMR90": ["SF3A2", "ZFP41", "MT1G", "VPS37B"], "H3K27me3 Brain Mid Frontal Lobe": ["ATHL1", "STK33", "CKM"], "H3K27me3 Mesenchymal Stem Cell Derived Adipocyte Cultured Cells": ["KCNK6", "STK33", "CRISPLD1", "CKM", "CD8A", "ADAMTS19", "SLA", "TNFSF8", "RASAL3", "FAIM3", "CCR4"], "H3K27me3 CD3 Primary Cells": ["PGBD1", "STK33", "FRMD6", "KDELC1", "SPAG1", "ST3GAL6", "MT1H", "MACROD2", "ZNF324", "MT1E"]}