{"CCACACA,MIR-147": ["NR3C1"], "TATCTGG,MIR-488": ["YTHDF3"], "GCGCTTT,MIR-518B,MIR-518C,MIR-518D": ["TBC1D10B"], "CAGGTCC,MIR-492": ["PFKFB2"], "CCAGGTT,MIR-490": ["DDX17"], "AGGAGTG,MIR-483": ["MTA2"], "CAGTCAC,MIR-134": ["TAPBP"], "GTGTGAG,MIR-342": ["KLF13"], "AAGTCCA,MIR-422B,MIR-422A": ["STIM1"], "GGCAGAC,MIR-346": ["PPP1R9B"], "GTCAGGA,MIR-378": ["MAP3K11"], "GTAAGAT,MIR-200A": ["FLRT3"], "GACAGGG,MIR-339": ["USF2"], "TAGAACC,MIR-182": ["ZFP36L2"], "TCTGATC,MIR-383": ["STRN3"], "ACATATC,MIR-190": ["YTHDF3"], "CTAGGAA,MIR-384": ["ARFIP2"], "TAGGTCA,MIR-192,MIR-215": ["TCF7"], "GGCACAT,MIR-455": ["ETS1"], "TCTAGAG,MIR-517": ["TP53INP2"]}