{"GABPA_HL-60_hg19": ["CRTC2", "MOCS3", "LOC100505812", "WASH2P", "MED18", "CPT2", "ARFIP2", "LINC00339", "ZNF324", "STARD3", "DBNL", "TSC2", "VPS37B", "DUSP6", "ZFP41", "SNHG11", "INCENP", "DMWD", "PEX6", "AKT1S1", "ASF1B", "SLFN5", "TBC1D19", "ZNF791", "HHLA3", "RPAP1", "AAAS", "WDR24", "STK36", "CLPTM1", "PTK2B", "SNRPB2", "ZNF501", "C16ORF58", "ZNF225", "SF3A2", "ZNF460", "USP20", "YTHDF3", "ZNF580", "STK11IP", "B3GAT3", "EAF1", "USF1", "XAB2", "ZBTB6", "KLHL6", "NUCB1", "RGL2", "ZNF850", "UBE2M"], "CTCF_IMR-90_hg19": ["CDC42SE1", "PRR5", "KDELR1", "FBXO46", "AAAS", "AQP3", "DCAF17", "HINT3", "FLRT3", "MICAL1", "BBS5", "E2F7", "TBC1D10B", "DBNL", "USP20", "NCOA5", "AMFR", "TSC22D3", "SLC30A1", "TMEM110", "NFKBIA", "RAD51D", "NCEH1", "TRAF4", "ATG16L2", "PIK3IP1", "SNHG11", "CD8A", "TEP1", "ULK3", "NMT2", "NUCB1", "ITGA6", "MALAT1", "SCG2", "IRF9", "BIRC3"], "MYC_A549_hg19": ["IPO13", "ZNF791", "MOCS3", "EPB41", "SPPL2B", "PRICKLE3", "FTX", "ZFP36L2", "CABIN1", "CAMSAP2", "DCAF17", "DFNB59", "ZNF628", "DHX37", "CASP2", "C16ORF58", "LINC00339", "CD55", "SF3A2", "GATSL3", "NCOA5", "B3GAT3", "AMFR", "XRCC3", "PILRB", "ISG20", "RAD51D", "TRAF4", "C9ORF69", "SNHG11", "ULK3", "CTNNB1", "ZP3", "ASF1B", "BIRC3", "FKBP5"], "CHD7_H1-hESC_hg19": ["TBC1D19", "ZNF791", "BTG1", "ATF6B", "HHLA3", "LENG8", "SLC7A11", "AAAS", "AQP3", "CABIN1", "PGBD1", "CYP27B1", "HINT3", "ATP5D", "SWI5", "ARFIP2", "HIST1H3I", "GPRASP1", "BBS5", "E2F7", "ZNF460", "CDKAL1", "VPS37B", "TTC7A", "SUPT5H", "NEAT1", "ZFY", "RNF125", "GPAM", "TEP1", "SPAG1", "NUCB1", "CORO7", "SLC26A6", "IRF9", "MAP3K11", "BIRC3", "RAD9A"], "RELA_GM19099_hg19": ["IPO13", "CRTC2", "TBC1D19", "BTG1", "HHLA3", "FBXO46", "ANTXR2", "AAAS", "MED18", "RELB", "FAM110A", "DCAF17", "RGS1", "ZNF628", "ATP5D", "CASP2", "ARFIP2", "SNRPB2", "ZNF225", "SAC3D1", "VASP", "SRGN", "NCOA5", "STK11IP", "TSC2", "YOD1", "PILRB", "SUPT5H", "ISG20", "XAB2", "C9ORF69", "SNHG11", "HNRNPH1", "ZC3H11A", "IRF2", "CTNNB1", "RGL2", "ZNF850", "ANAPC2"], "BCL11A_H1-hESC_hg19": ["IRF2", "HIST1H1D", "CCDC92", "DUSP6", "HIST1H1B"], "RXRA_SK-N-SH_hg19": ["HCFC1R1", "NEAT1", "HIST1H2AC", "IRF9"], "ELK1_K562_hg19": ["PFKFB2", "TBC1D19", "BTG1", "ATF6B", "ZBTB48", "KIAA0895L", "RPAP1", "WDR24", "MED18", "CABIN1", "FAM110A", "DCAF17", "DFNB59", "HINT3", "CASP2", "SNRPB2", "VASP", "EGFL7", "DBNL", "NCOA5", "YTHDF3", "B3GAT3", "CCS", "ZFP41", "TRAF4", "GPAM", "ZNF37A", "SNHG11", "BBS12", "HNRNPH1", "SLC9A8", "ULK3", "CTNNB1", "SMAP2", "RGL2", "TP53", "SLC26A6", "DGKH"], "CTCF_keratinocyte_hg19": ["KCNK6", "LOC100505812", "LDB1", "KDELR1", "SLC7A11", "AQP3", "HINT3", "UBASH3B", "MFSD5", "HCFC1R1", "BBS5", "STARD3", "ARSA", "NCOA5", "TSC22D3", "ANKRD20A11P", "TSC2", "NEAT1", "KCTD6", "RAD51D", "FRMD6", "TRAF4", "SNHG11", "BBS12", "CD8A", "ULK3", "ITGA6", "B4GALT6", "SCG2", "IRF9", "ANAPC2", "BIRC3", "PLEC", "FKBP5", "PFKFB2", "CDC42SE1", "TBC1D19", "RAB5B", "PRICKLE3", "FBXO46", "AAAS", "EVPL", "DCAF17", "NFIL3", "FLRT3", "HECTD3", "ADAMTS19", "MICAL1", "ATP5D", "USP20", "AMFR", "CLK2", "NFKBIA", "NCEH1", "ATG16L2", "PIK3IP1", "STK17B", "NMT2", "NUCB1", "SLC26A6"], "RXRA_H1-hESC_hg19": ["P2RY11", "TP53INP2", "TCF7", "NEAT1"], "REST_myocyte_mm9": ["BTG1", "ZBTB48", "WBP1L", "RPAP1", "ETS1", "FAM214A", "ZFP36L2", "SWI5", "FAM3A", "HIST1H1E", "BBS5", "HIST1H1C", "KLF13", "NCOA5", "YTHDF3", "MAP1S", "ARID5A", "NEAT1", "DEXI", "RUNX2", "CLK2", "MESDC1", "FRMD6", "GPAM", "BBS12", "HNRNPH1", "STK17B", "ID2", "TAF8", "PCYOX1L", "NMT2", "CTNNB1", "ULK1", "MALAT1", "SCG2", "ANAPC2", "SLC27A4", "FKBP5"], "MYC_H1-hESC_hg19": ["USP35", "GHDC", "MOCS3", "KIAA0895L", "CHTF18", "FAIM3", "FAM134C", "MT2A", "HINT3", "CPXM1", "CIC", "GPRASP1", "ZNF641", "NCOA5", "MAP1S", "CCDC117", "NEAT1", "SNHG11", "ULK3", "MT1H", "TP53", "ZNF510", "IRF9", "CDC42SE1", "RAB5B", "ZBTB48", "PLA2G6", "WDR24", "PSMA8", "KDELC1", "FLRT3", "ADAMTS19", "ZNF628", "ATP5D", "DHX37", "SNRPB2", "C16ORF58", "ARGLU1", "YTHDF3", "STK11IP", "PLEKHA2", "B3GAT3", "RNF26", "ERAL1", "KLHL24", "ALDH4A1", "GPAM", "RPA4", "ALDH16A1", "CTNNB1", "LRRN1", "PCNXL3", "SLC26A6", "MAP3K11"], "CTCF_medulloblastoma_hg19": ["CDC42SE1", "DHRS11", "KDELR1", "PRICKLE3", "FBXO46", "AAAS", "AQP3", "DCAF17", "HINT3", "FLRT3", "MFSD5", "ZNF501", "ZNF324", "BBS5", "ARSA", "CHST7", "NCOA5", "AMFR", "TSC22D3", "ANKRD20A11P", "BMS1P5", "KCTD6", "NFKBIA", "MYO1B", "TMEM2", "RAD51D", "NCEH1", "CRISPLD1", "PIK3IP1", "SNHG11", "CD8A", "ULK3", "NMT2", "SCG2", "SLC26A6", "IRF9", "ANAPC2", "BIRC3"], "MYC_HeLa-S3_hg19": ["IPO13", "LOC100505812", "SPPL2B", "SLC7A11", "NAGPA", "CABIN1", "MT2A", "HINT3", "HCFC1R1", "ARFIP2", "OSR2", "NCOA5", "ANKRD20A11P", "TYK2", "NEAT1", "ACAP3", "RAD51D", "STIM1", "C9ORF69", "SNHG11", "HNRNPH1", "INCENP", "HNRNPUL2", "SLC9A8", "PEX6", "AKT1S1", "ULK3", "TXNIP", "MALAT1", "ZP3", "TP53", "IRF9", "SLC27A4", "BIRC3", "TBC1D19", "PRICKLE3", "AAAS", "EVPL", "METTL21B", "ZFP36L2", "DCAF17", "ZNF628", "DHX37", "SNRPB2", "C16ORF58", "CD55", "SF3A2", "ZNF460", "B3GAT3", "ERAL1", "KLHL24", "CLK2", "ISG20", "NCEH1", "ZNF37A", "CTNNB1", "RAD9A"], "RFX5_HepG2_hg19": ["IPO13", "GHDC", "BTG2", "CRTC2", "CHIC2", "KDELR1", "SPPL2B", "SLC7A11", "AAAS", "CHTF18", "WDR24", "MED18", "FAM134C", "PGBD1", "SOCS1", "STK36", "FLRT3", "ZNF501", "BBS5", "HIST1H1B", "ZNF100", "DBNL", "GATSL3", "ENTPD4", "B3GAT3", "ATG9A", "PILRB", "CCDC117", "KLHL24", "SUPT5H", "PLA2G15", "ALDH4A1", "C9ORF69", "HNRNPH1", "LOC374443", "CTNNB1", "IRF9", "ANAPC2"], "ESRRA_HepG2_hg19": ["DLX2", "TP53INP2", "KLHL24"], "JUND_T47D_hg19": ["SLFN12", "HCFC1R1", "MALAT1", "GATA3"], "CTCF_testis_mm9": ["GHDC", "CRTC2", "KDELR1", "SPPL2B", "RPAP1", "PLA2G6", "AAAS", "FAM214A", "MED18", "PGBD1", "UBASH3B", "SWI5", "DHX37", "ARFIP2", "SNRPB2", "DDX17", "ATHL1", "TSC2", "CCDC117", "DEXI", "KCTD6", "ABHD15", "DNAJC3", "ACAP3", "TMEM2", "RAD51D", "ZBTB6", "ZFP41", "KATNAL1", "ASXL2", "SPAG1", "PCYOX1L", "RBM42", "ALDH16A1", "CTNNB1", "RHOU", "SMAP2", "B4GALT6"], "ZEB1_HepG2_hg19": ["KIFC2", "ULK3", "PCYOX1L", "FBXL15", "SLC7A11"], "EP300_H1-hESC_hg19": ["KCNK6", "MOCS3", "SLC7A11", "NAGPA", "MED18", "FAM110A", "MT2A", "BBS5", "CTSD", "CAMK1D", "ENTPD4", "NEAT1", "SHISA7", "DUSP6", "KCTD6", "DNAJC3", "KATNAL1", "BBS12", "HNRNPUL2", "MALAT1", "TP53", "IRF9", "MT1E", "PFKFB2", "ZNF791", "BRAT1", "DNAJB2", "C1ORF106", "ATP5D", "SNRPB2", "HIST1H3I", "ZNF501", "MBD3", "RHBDD3", "AMFR", "ARPC4", "PILRB", "HS3ST4", "ALDH4A1", "ZBTB6", "ATG16L2", "GPAM", "ID2", "PCYOX1L", "CTNNB1", "LRRN1", "SMAP2", "RGL2", "RAD9A"]}