{"H2AFZ_astrocyte_hg19": ["KCNK6", "TBC1D19", "ZNF791", "PPM1M", "SPPL2B", "ZBTB48", "LENG8", "KIAA0895L", "TFPI", "C1ORF106", "ATP5D", "FAM65B", "SNRPB2", "ZNF501", "C16ORF58", "MTA2", "ARGLU1", "E2F7", "NCOA5", "RSAD2", "STK11IP", "MAP1S", "ATG9A", "SLC30A1", "SUPT5H", "RUNX2", "ISG20", "DNAJC3", "GPAM", "C9ORF69", "SNHG11", "BBS12", "PEX6", "ULK3", "MT1F", "ATP13A2", "BIRC3", "DGKH"], "H3ac_myocyte_mm9": ["MOCS3", "ATF6B", "SPPL2B", "DGKA", "ZBTB48", "AAAS", "ETS1", "FAM214A", "CABIN1", "EFNB2", "RECQL4", "DCAF17", "SOCS1", "HINT3", "ZKSCAN8", "ARFIP2", "EXO5", "ZBED6", "MTA2", "BBS5", "E2F7", "DBNL", "MAP1S", "EAF1", "VEGFB", "USF2", "USF1", "CLK2", "ALDH4A1", "KATNAL1", "GPAM", "INCENP", "ASXL2", "ATP13A2", "RHOU", "SLC26A6", "ANAPC2"], "H2AFZ_HeLa-S3_hg19": ["ZNF791", "SPPL2B", "BRAT1", "ANTXR2", "TRAM2", "PGBD1", "FAM3A", "SNRPB2", "C16ORF58", "MTA2", "ZNF225", "ZNF324", "ARGLU1", "E2F7", "DBNL", "KLF13", "ENTPD4", "GBF1", "TSC2", "TYK2", "CCDC117", "ERAL1", "TTC7A", "RUNX2", "ALDH4A1", "XAB2", "TMEM2", "GPAM", "BBS12", "IRF2", "ASXL2", "ATP13A2", "ZP3", "TP53", "SLC26A6", "ANAPC2", "BIRC3", "DGKH"], "H3K36me3_astrocyte_hg19": ["WBP1", "PPM1M", "AEBP1", "FTX", "TFPI", "ANTXR2", "ACRC", "MED18", "ZFP36L2", "RECQL4", "CYP27B1", "SOCS1", "HINT3", "HCFC1R1", "ATP5D", "SAMD1", "MTA2", "SAC3D1", "DBNL", "SF3A2", "WFS1", "PLEKHA2", "B3GAT3", "ATG9A", "KCNJ14", "EAF1", "LOC155060", "SLC30A1", "CCDC117", "SUPT5H", "ZFY", "ACAP3", "TEP1", "REEP3", "RBM42", "GPR18", "MAP3K11", "ANAPC2"], "H3K4me3_skeletal muscle myoblast_hg19": ["RAB5B", "ZNF791", "LOC100505812", "SPPL2B", "FAM134C", "RAVER1", "STK36", "ARFIP2", "ZNF501", "ARSA", "GATSL3", "ZNF460", "USP20", "STK11IP", "TSC22D3", "ANKRD20A11P", "IFI44", "TSC2", "PILRB", "TYK2", "SUPT5H", "DNAJC17", "ISG20", "SLFN12", "AIM1", "CCS", "CRISPLD1", "STIM1", "ATG16L2", "MT1F", "RBM42", "MT1G", "SLC26A6", "DDX11L2", "ASF1B", "BIRC3", "RAD9A"], "H3K4me1_K562_hg19": ["GHDC", "CHIC2", "ST6GALNAC1", "DHRS11", "KDELR1", "MT1X", "CHTF18", "FAIM3", "AQP3", "MT2A", "MFSD5", "BBS5", "CCR4", "ZNF641", "PLEKHG1", "CAMK1D", "VPS37B", "CLDN15", "KIFC2", "BBS12", "SLC9A8", "TLR9", "MT1F", "MT1G", "B4GALT6", "IRF9", "BIRC3", "DGKH", "FKBP5", "CDC42SE1", "TSHZ3", "PPM1M", "LY96", "AAAS", "GRAMD4", "RELB", "PSMA8", "PGBD1", "CYP27B1", "LOC100128288", "ZNF628", "SNRPB2", "NCKAP1L", "ST3GAL6", "ZNF501", "SAC3D1", "RBM38", "YTHDF3", "B3GAT3", "ARPC4", "FBXL15", "ISG20", "ALDH4A1", "CCS", "NCEH1", "UBXN11", "ATG16L2", "PIK3IP1", "ZNF37A", "ATP13A2", "CORO7", "ZNF850"], "H3K4me3_brain_mm9": ["DGKA", "LENG8", "ANTXR2", "AQP3", "STK33", "HINT3", "KDELC1", "HCFC1R1", "FAM3A", "ST3GAL6", "BBS5", "CTSD", "CD55", "HIST1H2AC", "ATHL1", "OSR2", "LRRC45", "GATSL3", "GBF1", "FBXL15", "CCDC117", "DEXI", "ABHD15", "CCS", "NCEH1", "BBS12", "TEP1", "PEX6", "SPAG1", "NMT2", "ALDH16A1", "ZSCAN26", "SCG2", "GRINA", "RAD9A"], "H3K36me3_A549_hg19": ["SPPL2B", "SLA", "MT1X", "NR3C1", "MT2A", "HINT3", "HCFC1R1", "GPRASP1", "ATG9A", "SLC30A1", "CDKAL1", "VPS37B", "ACAP3", "SNHG11", "TEP1", "ULK3", "ZP3", "TP53", "ANAPC2", "PFKFB2", "ZNF791", "WBP1", "LENG8", "FTX", "TFPI", "AGPAT1", "METTL21B", "ACRC", "ZFP36L2", "POMZP3", "RELB", "DNAJB2", "DHX37", "SAMD1", "SAC3D1", "SF3A2", "P2RY11", "ZNF580", "PLEKHA2", "B3GAT3", "KCNJ14", "EAF1", "GBF1", "VEGFB", "LOC155060", "ERAL1", "USF1", "CLK2", "ISG20", "ALDH4A1", "RPA4", "ALDH16A1", "NUCB1", "RGL2", "MAP3K11", "ZNF850"], "H2AFZ_B cell_hg19": ["IGSF8", "IDUA", "SPPL2B", "SH2D2A", "PRICKLE3", "MT1X", "PLA2G6", "WDR24", "PSMA8", "RECQL4", "DUSP10", "ZNF628", "KIAA0895", "SWI5", "SNRPB2", "ZNF225", "CTSD", "CCR4", "VASP", "LINC00494", "MYPOP", "RSAD2", "STK11IP", "ATG9A", "ABHD14B", "PILRB", "DUSP6", "SLC9A8", "PEX6", "ULK3", "MT1F", "ULK1", "CD226", "CORO7", "IL7R"], "H3K9ac_ES-E14_mm9": ["SLFN5", "RAB5B", "DHRS11", "RCSD1", "TFPI", "ETS1", "RELB", "RECQL4", "DCAF17", "STK33", "SOCS1", "NFIL3", "SWI5", "ARFIP2", "CHP1", "EXO5", "ST3GAL6", "MTA2", "BBS5", "CD55", "E2F7", "HIST1H2AC", "USP20", "ENTPD4", "HS3ST4", "DUSP6", "ACAP3", "TMEM2", "CCS", "FAM222A", "TRIM39", "GPAM", "BBS12", "HNRNPH1", "RHOU", "MAP3K11", "ANAPC2", "RAD9A"], "H3K4me3_placenta_mm9": ["DGKA", "RCSD1", "PLA2G6", "AQP3", "EVPL", "MED18", "ARHGAP4", "LIMD2", "STK33", "DUSP10", "SOCS1", "HINT3", "KDELC1", "UBASH3B", "FLRT3", "MICAL1", "DHX37", "ST3GAL6", "HIST1H3I", "BBS5", "HIST1H3C", "CD55", "HIST1H2AC", "TIGD3", "OSR2", "CAMK1D", "LIX1L", "TSC2", "USF1", "SHISA7", "FRMD6", "KIFC2", "SNHG11", "BBS12", "TAF8", "PCYOX1L", "NMT2", "ITGA6", "DFNA5", "DGKH"], "H3K4me3_heart_mm9": ["DHRS11", "DGKA", "SLC7A11", "ANTXR2", "AQP3", "MED18", "HINT3", "UBASH3B", "HCFC1R1", "FAM3A", "HIST1H2AC", "TIGD3", "GBP5", "ATHL1", "OSR2", "CAMK1D", "KLF13", "RSAD2", "CDKAL1", "SHISA7", "PLA2G15", "SNHG11", "BBS12", "TEP1", "ZC3H11A", "PEX6", "ZSCAN26", "BIRC3", "SLFN5", "DLX2", "EVPL", "FAM214A", "EFNB2", "STK33", "KDELC1", "FLRT3", "CASKIN2", "DHX37", "PTK2B", "ST3GAL6", "HIST1H3I", "CD55", "VASP", "GATSL3", "XRCC3", "GBF1", "ISG20", "CCS", "SPAG1", "TAF8", "NMT2", "ALDH16A1", "SMAP2", "RAD9A"], "H2AFZ_A549_hg19": ["BTG2", "ST6GALNAC1", "FAM134C", "CPT2", "ARFIP2", "FAM65B", "BBS5", "TIGD3", "ARSA", "DBNL", "CHST7", "RSAD2", "ENTPD4", "CDKAL1", "MESDC1", "PITPNM1", "C9ORF69", "BBS12", "TEP1", "ZC3H11A", "LOC374443", "TXNIP", "ZNF510", "ANAPC2", "RAB5B", "ZNF791", "IDUA", "HHLA3", "LENG8", "TFPI", "PLA2G6", "RELB", "STRN3", "PGBD1", "SWI5", "DHX37", "CLSPN", "C16ORF58", "ARGLU1", "RHBDD3", "USP20", "EAF1", "SUPT5H", "DNAJC17", "CLK2", "XAB2", "ZNF37A", "HSD17B7P2", "SLC26A6", "MAP3K11", "GRINA", "RAD9A"], "H4K20me1_GM12878_hg19": ["CDC42SE1", "BTG2", "BTG1", "TMEM200B", "SPPL2B", "BRAT1", "CHTF18", "CABIN1", "SOCS1", "HECTD3", "TP53INP2", "TBC1D10C", "ARFIP2", "HIST1H1E", "FAM65B", "CIC", "PRR22", "TBC1D10B", "MBD3", "LRRC45", "MAP1S", "YOD1", "SLC30A1", "SHISA7", "DUSP6", "XAB2", "ATG16L2", "PITPNM1", "STK17B", "TXNIP", "MT1G", "ITGA6", "MT1H", "GPR18", "DDX11L2"], "H3K4me3_ES-E14_mm9": ["MOCS3", "DHRS11", "SPPL2B", "DGKA", "WBP1L", "IKZF2", "RCSD1", "ETS1", "CABIN1", "LIMD2", "HINT3", "ARFIP2", "EXO5", "BBS5", "DBNL", "TSC2", "TYK2", "ACAP3", "FRMD6", "RNF125", "STIM1", "BBS12", "TEP1", "RHOU", "ANAPC2", "ASF1B", "SLFN5", "TTYH3", "ATF6B", "LENG8", "EVPL", "PGBD1", "RECQL4", "MTA1", "NFIL3", "SWI5", "CLPTM1", "ST3GAL6", "HIST1H3I", "ZBED6", "CD55", "WFS1", "PLEKHA2", "EAF1", "GBF1", "ARPC4", "ERAL1", "HS3ST4", "DNAJC17", "PARP12", "XAB2", "CCS", "ZBTB6", "TRIM39", "SPAG1", "MAP3K11", "DFNA5", "RAD9A"], "H3K4me3_cerebellum_mm9": ["GHDC", "DHRS11", "RCSD1", "ANTXR2", "DUSP10", "HINT3", "KDELC1", "HCFC1R1", "HIST1H1D", "FAM3A", "ST3GAL6", "KIF21B", "CLSPN", "HIST1H3I", "CCDC92", "CD55", "E2F7", "HIST1H2AC", "KLF13", "MAP1S", "CDKAL1", "FBXL15", "CCDC117", "PLA2G15", "ACAP3", "CCS", "RAD51D", "BBS12", "TEP1", "ZC3H11A", "PEX6", "SPAG1", "NMT2", "ALDH16A1", "ULK1", "CORO7", "SCG2", "IRF9"], "H3K9ac_H1-hESC_hg19": ["IPO13", "SLFN5", "TBC1D19", "ZNF791", "ZBTB48", "LEF1", "AAAS", "WASH2P", "FAM110A", "FAM134C", "STK36", "FLRT3", "ARFIP2", "ZNF501", "MTA2", "E2F7", "RBM38", "USP20", "YTHDF3", "ATG9A", "PILRB", "ERAL1", "SUPT5H", "NEAT1", "DNAJC17", "MESDC1", "DNAJC3", "UBXN11", "GPAM", "TEP1", "LOC374443", "MT1F", "RBM42", "ULK1", "SLC26A6", "ANAPC2", "RAD9A", "MT1E"], "H3K4me3_brown adipose tissue_mm9": ["GHDC", "DHRS11", "LENG8", "SLC7A11", "ANTXR2", "FAM214A", "PGBD1", "STK33", "HINT3", "KDELC1", "FLRT3", "CASKIN2", "DHX37", "HIST1H1D", "FAM3A", "SNRPB2", "NCKAP1L", "ST3GAL6", "THEM6", "BBS5", "CD55", "TIGD3", "LRRC45", "GBF1", "IFI44", "CDKAL1", "FBXL15", "ISG20", "PLA2G15", "BBS12", "SLC9A8", "SPAG1", "NMT2", "ALDH16A1", "ZSCAN26", "SMAP2", "ASF1B", "RAD9A"], "H3K4me3_kidney_mm9": ["GHDC", "DHRS11", "DTX1", "LENG8", "SLC7A11", "ANTXR2", "FAM214A", "STK33", "DUSP10", "SOCS1", "HINT3", "KDELC1", "FLRT3", "HIST1H1D", "FAM3A", "ST3GAL6", "KIF21B", "HIST1H3I", "HIST1H2AC", "VASP", "TIGD3", "EGFL7", "NCOA5", "LIX1L", "GBF1", "IFI44", "FBXL15", "DEXI", "ISG20", "PLA2G15", "BBS12", "PEX6", "SPAG1", "NMT2", "ALDH16A1", "RHOU", "CORO7"], "H3K79me2_MEL cell line_mm9": ["PPM1M", "SLC7A11", "RPAP1", "TRAM2", "ZFP36L2", "RELB", "ARHGAP4", "CABIN1", "DUSP10", "STK36", "HCFC1R1", "ZKSCAN8", "TBC1D10C", "FAM3A", "CHP1", "EXO5", "SNRPB2", "NCKAP1L", "SAMD1", "TIGD3", "YTHDF3", "STK11IP", "AMFR", "ATG9A", "YOD1", "CDKAL1", "FBXL15", "USF2", "DNAJC17", "ABHD15", "TAPBP", "NFKBIA", "STIM1", "KLHL6", "BBS12", "MALAT1", "RAD9A"]}