{"H3K9me3 CD4 Memory Primary Cells": ["MAN2A1"], "H3K9me3 Rectal Mucosa": ["RDH16"], "H2BK5ac H1": ["BRSK1", "NRP1", "ROBO4", "CHRNA5", "NEXN", "LTBP3", "TNFRSF13C", "GYS1", "BAIAP2L1", "SMPD4", "MAN2A1", "NRIP1", "COTL1", "PIM1", "PMEPA1", "SMYD4", "HOXA1", "PGPEP1", "S1PR5", "SLC16A2", "XYLB", "DLEU7", "KDM6B", "CD97", "RTBDN", "PDGFRB", "CD72", "GCA", "HPCAL1", "PPBP", "MYRIP", "ASPRV1", "DHRS3", "REC8", "FOXP1", "PDP2", "CD5", "PPDPF", "SNAI1", "THRSP", "WDPCP", "HOXB1", "FGFR4", "CPVL", "FBP1", "CBLN3", "TRIM56", "PTGES"], "H3K36me3 Treg Primary Cells": ["KDM6B"], "H4K8ac IMR90": ["DOCK6", "NRP1", "ROBO4", "OXNAD1", "CLEC14A", "RPS6KA4", "GYS1", "SMPD4", "ZMYM3", "HOXA3", "PIM1", "PMEPA1", "ACP5", "PGPEP1", "SLC16A2", "SULT4A1", "XYLB", "KDM6B", "CD97", "GABARAPL2", "PPTC7", "KSR1", "ANKRD44", "ATP11B", "TLE6", "FOXP1", "POR", "DOK4", "ZADH2", "PPDPF", "RBP1", "PIGK", "RARB", "WDPCP", "RAPGEF3", "TRIM56", "POPDC3", "SLFN5", "NYAP1", "CHRNA5", "SLC43A1", "NEXN", "ITPR3", "LTBP3", "IQGAP3", "AURKC", "AK7", "CORO1B", "FSTL3", "MUC1", "PORCN", "TSPAN9", "IRAK2", "MICALL2", "SMYD4", "HIVEP3", "S1PR5", "PRRT3", "GCA", "PLEKHA6", "PBX2", "CORO2A", "DHRS3", "AGBL3", "TRPV4", "DCHS1", "CAMK1", "PCNXL2", "NAGS", "SIPA1"], "H3K18ac IMR90": ["DOCK6", "NRP1", "POPDC3", "MFI2", "SLC43A1", "NEXN", "CLEC14A", "ITPR3", "LTBP3", "AQP3", "AK7", "CORO1B", "CLGN", "RPS6KA4", "GYS1", "PORCN", "LIPC", "SMPD4", "ZMYM3", "TSPAN9", "IRAK2", "MAN2A1", "NRIP1", "PIM1", "SMYD4", "S1PR2", "PGPEP1", "SLC16A2", "GRASP", "KDM6B", "ANKRD44", "SOX13", "PBX2", "ATP11B", "CORO2A", "DHRS3", "ZADH2", "AGBL3", "PPDPF", "RBP1", "PIGK", "DCHS1", "CAMK1", "PCNXL2", "CBLN3", "RAPGEF3", "TRIM56"], "H3K9me3 Bone Marrow Derived Mesenchymal Stem Cell Cultured Cells": ["ACTN2"], "H3K9me3 Duodenum Mucosa": ["RDH16"], "H3K27ac H1 Derived Mesenchymal Stem Cells": ["SLFN5", "OXNAD1", "TSHZ1", "NEXN", "LTBP3", "AK7", "MUC1", "SMPD4", "ZMYM3", "HIVEP3", "SLC16A2", "KDM6B", "GCA", "PBX2", "ATP11B", "SMAD6", "DHRS3", "TLE6", "CDC25B", "FOXP1", "ZADH2", "AGBL3", "PIGK", "WDPCP", "PCNXL2", "TRIM56"], "H3K27ac Mobilized CD34 Primary Cells": ["FOXA1", "OXNAD1", "GIMAP6", "CLGN", "ZFYVE28", "RPS6KA4", "GYS1", "TRIM7", "SMPD4", "ZMYM3", "CD37", "ENPP4", "PGPEP1", "GRASP", "HOXA4", "KDM6B", "GABARAPL2", "PPTC7", "ATP11B", "TLE6", "CDC25B", "POR", "ZSCAN20", "ZADH2", "PPDPF", "KIT", "PIGK", "IRF5", "WDPCP", "RAPGEF3", "TRIM56", "SLFN5", "CHRNA5", "TSHZ1", "ITPR3", "LTBP3", "AK7", "CORO1B", "MUC1", "PORCN", "MAN2A1", "MICALL2", "SMYD4", "HIVEP3", "CD300LF", "PRRT3", "CD72", "GCA", "PLEKHA6", "PBX2", "CORO2A", "SMAD6", "DHRS3", "AGBL3", "BHLHE40", "SNAI1", "CCDC65"], "H4K5ac IMR90": ["DOCK6", "NRP1", "ROBO4", "OXNAD1", "CLEC14A", "GYS1", "SMPD4", "HOXA3", "ACP5", "PGPEP1", "SLC16A2", "GRASP", "SULT4A1", "XYLB", "KDM6B", "CD97", "GABARAPL2", "DUSP5", "ANKRD44", "ATP11B", "FOXP1", "POR", "DOK4", "ZADH2", "RBP1", "PIGK", "WDPCP", "RAPGEF3", "TRIM56", "POPDC3", "NYAP1", "MFI2", "SLC43A1", "LTBP3", "PSORS1C2", "MUC1", "PORCN", "TSPAN9", "IRAK2", "NRIP1", "MICALL2", "SMYD4", "GCA", "PLEKHA6", "PBX2", "DHRS3", "AGBL3", "DCHS1", "CAMK1", "PCNXL2", "NAGS"], "H3K27ac CD4 Naive Primary Cells": ["OXNAD1", "CHD7", "GIMAP6", "AQP3", "ZFYVE28", "RPS6KA4", "GYS1", "SMPD4", "ZMYM3", "COTL1", "PMEPA1", "ACP5", "CD37", "ENPP4", "MAP3K8", "PGPEP1", "GRASP", "HOXA4", "DUSP5", "CR2", "PPTC7", "HPCAL1", "ATP11B", "HIC1", "FOXP1", "POR", "ZSCAN20", "DOK4", "PPDPF", "PIGK", "HOXB4", "HOXB2", "WDPCP", "TRIM56", "SLFN5", "TSHZ1", "SLC43A1", "ITPR3", "LTBP3", "AK7", "NT5E", "PORCN", "CAMK2N1", "IRAK2", "MAN2A1", "NRIP1", "MICALL2", "SMYD4", "HIVEP3", "S1PR2", "PRRT3", "CD72", "GCA", "PBX2", "CORO2A", "DHRS3", "CCDC88B", "PDP2", "AGBL3", "DCHS1", "CCDC65", "PCNXL2", "CBLN3"], "H3K27ac H9": ["OXNAD1", "SLC15A1", "CXCR4", "NEXN", "PBX2", "CORO2A", "IQGAP3", "FOXP1", "BAIAP2L1", "ZSCAN20", "KLHDC8A", "MAN2A1", "PPDPF", "COTL1", "SMYD4", "WDPCP", "PCNXL2", "S1PR2", "FGFR4", "PGPEP1", "SIPA1", "PTGES", "STRA6"], "H3K27ac IMR90": ["FOXA1", "OXNAD1", "CHD7", "CLEC14A", "CLGN", "RPS6KA4", "GYS1", "BAIAP2L1", "TRIM7", "SMPD4", "ZMYM3", "PIM1", "PGPEP1", "SLC16A2", "SULT4A1", "XYLB", "KCNH1", "KDM6B", "CD97", "GABARAPL2", "PPTC7", "ANKRD44", "SOX13", "ATP11B", "GFRA1", "TLE6", "FOXP1", "POR", "ZSCAN20", "DOK4", "PPDPF", "KIT", "RBP1", "PIGK", "RARB", "WDPCP", "ABCG4", "RAPGEF3", "TRIM56", "POPDC3", "SLFN5", "NYAP1", "CHRNA5", "SLC43A1", "NEXN", "ITPR3", "LTBP3", "AK7", "RHOBTB1", "CORO1B", "MUC1", "PORCN", "TSPAN9", "IRAK2", "MAN2A1", "NRIP1", "MICALL2", "SMYD4", "S1PR5", "PRRT3", "AFAP1L1", "GCA", "PBX2", "INHBB", "CORO2A", "DHRS3", "AGBL3", "TRPV4", "RADIL", "DCHS1", "LHX4", "CAMK1", "PCNXL2", "CBLN3", "SIPA1"], "H3K56ac H1": ["CHRNA5", "NEXN", "ITPR3", "CLGN", "PSORS1C2", "RPS6KA4", "GYS1", "MUC1", "CAMK2N1", "MAN2A1", "NRIP1", "COTL1", "PIM1", "SMYD4", "MAP3K8", "S1PR2", "S1PR5", "STRA6", "KDM6B", "DUSP5", "SLC15A1", "GCA", "ACTN2", "HPCAL1", "CORO2A", "SMAD6", "SORCS2", "DHRS3", "CDC25B", "FOXP1", "POR", "AGBL3", "PPDPF", "KIT", "BHLHE40", "RBP1", "SNAI1", "PIGK", "WDPCP", "PCNXL2", "HOXB1", "FGFR4", "CPVL", "ABCG4", "CBLN3", "RAPGEF3", "SIPA1", "TRIM56"], "H3K4ac IMR90": ["NRP1", "POPDC3", "SLFN5", "BMP10", "ROBO4", "OXNAD1", "SLC43A1", "NEXN", "CLEC14A", "AQP3", "GYS1", "PORCN", "BAIAP2L1", "SMPD4", "ZMYM3", "CAMK2N1", "TSPAN9", "IRAK2", "NRIP1", "MICALL2", "SMYD4", "PGPEP1", "KDM6B", "CD97", "ANKRD44", "PBX2", "ATP11B", "DHRS3", "FOXP1", "ZADH2", "PPDPF", "PIGK", "NAGS", "CBLN3", "SIPA1", "TRIM56"], "H3K56ac IMR90": ["POPDC3", "SLFN5", "DUSP5", "OXNAD1", "ATP11B", "ITPR3", "SMAD6", "MEIS2", "IQGAP3", "DHRS3", "FOXP1", "RPS6KA4", "GYS1", "ZADH2", "BHLHE40", "PIGK", "COTL1", "SMYD4", "WDPCP", "PCNXL2", "TRIM56"], "H3K27ac Brain Hippocampus Middle": ["NRP1", "ROBO4", "OXNAD1", "CHD7", "CHD5", "TNFRSF13C", "AQP3", "CLGN", "SOX3", "TRIM7", "SMPD4", "ZMYM3", "GJA4", "PMEPA1", "ACP5", "CD37", "LRAT", "HOXA1", "ENPP4", "SLC16A2", "SULT4A1", "XYLB", "DLEU7", "KDM6B", "CR2", "PPTC7", "ACTN2", "HPCAL1", "ISLR2", "ATP11B", "GFRA1", "MYRIP", "SORCS2", "TLE6", "RGMA", "DOK4", "ZADH2", "PPDPF", "KIT", "PIGK", "IRF5", "WDPCP", "RHCG", "ABCG4", "FBP1", "TRIM56", "POPDC3", "SLFN5", "CHRNA5", "MFI2", "SLC43A1", "GREB1L", "CXCR4", "NEXN", "ITPR3", "AK7", "PSORS1C2", "NT5E", "PORCN", "TSPAN9", "IRAK2", "MAN2A1", "SMYD4", "HIVEP3", "RXRG", "PACSIN1", "PRRT3", "GCA", "OPRK1", "CORO2A", "SMAD6", "ASPRV1", "EPOR", "PDP2", "AGBL3", "STAC2", "SNAI1", "RADIL", "DCHS1", "PCNXL2", "CPVL", "CBLN3"], "H3K27ac CD8 Naive Primary Cells": ["OXNAD1", "TSHZ1", "SLC43A1", "CHD7", "AK7", "ZFYVE28", "GYS1", "PORCN", "TRIM7", "SMPD4", "ZMYM3", "IRAK2", "NRIP1", "PMEPA1", "SMYD4", "CD37", "HOXA1", "ENPP4", "PGPEP1", "S1PR5", "GRASP", "HOXA4", "KDM6B", "DUSP5", "CD72", "GCA", "PPTC7", "HPCAL1", "CORO2A", "DHRS3", "HIC1", "CCDC88B", "POR", "PDP2", "ZADH2", "AGBL3", "PPDPF", "PIGK", "HOXB2", "WDPCP", "PCNXL2", "CBLN3", "TRIM56"], "H3K36me3 CD8 Naive Primary Cells": ["KDM6B"]}