{"STAT6-21828071-BEAS2B-HUMAN": ["NOG"], "ZFX-18555785-MESC-mouse": ["YRDC", "SMO", "ELOVL4", "CKAP2L", "USP10", "CEP72", "FNIP1", "PSMA7", "CLK3", "POLG", "RPGR"], "RUNX2-22187159-PCA-HUMAN": ["KDM5B", "NRN1", "INSIG2", "USP10", "BNIP3", "STARD8", "SLC39A10", "PTPRK", "PLD6", "NDRG1", "HK2", "VEGFA", "NUDT11", "CENPE", "RYBP", "SERTAD2", "CEP72", "BIRC7", "ABCG1"], "RBPJ-21746931-IB4-LCL-HUMAN": ["CDC23", "ANKRD35", "PLK1", "CEP72", "PRSS36", "LOC153684", "NDRG1", "NUBP1", "VRTN", "GPR146"], "JARID1A-20064375-MESC-MOUSE": ["EIF2B3", "CDC23", "PAK1IP1", "SLC39A6", "PFDN2", "MED27", "LYAR", "UTP14A", "WDR46", "NUBP1", "DHODH"], "FOXO3-22982991-MACROPHAGES-MOUSE": ["YRDC", "USP10", "PAK1IP1", "MED27", "LYAR", "GTF2E1", "NUBP1", "DHODH"], "TP63-22573176-HFKS-HUMAN": ["UBE2F", "C17ORF67", "ARG2", "PFKFB3", "ANKRD35", "POP1", "HCG26", "LOC652276", "SLC39A10", "IFFO2", "MED27", "CBFA2T3", "PSMA7", "HK2", "FAM188A", "PROCR", "MXI1", "SLC39A6", "PFDN2", "RGAG4", "ABCG1", "GPR146", "UMODL1"], "HOXA2-22223247-E11.5 EMBRYO-MOUSE": ["OTX1"], "MECOM-23826213-KASUMI-MOUSE": ["UBE2F", "UVRAG", "SDHAF1", "MXI1", "CBFA2T3", "NDRG1", "HK2", "CLK3", "VEGFA"], "REST-21632747-MESC-MOUSE": ["TMEFF1", "SBK1", "RYBP", "CD300A", "ADM", "MED27", "CCL17", "GTF2E1", "HK2", "LRRC16B", "UMODL1"], "BCL11B-21912641-STHDH STRIATAL CELLS-MOUSE": ["RLF"], "YAP1-20516196-MESC-MOUSE": ["UVRAG", "GADD45B", "ELOVL4", "SLC2A1", "SLC39A10", "SLC2A3", "LHFPL2", "CBFA2T3", "NDRG1", "CENPE", "RYBP", "SERTAD2", "FAM174A"], "SMARCA4-23332759-OLIGODENDROCYTES-MOUSE": ["PFKFB3", "SGMS1", "USP54", "PLK1", "CABLES1", "LPAR4", "PTPRK", "LHFPL2", "MED27", "NUBP1", "RYBP", "SERTAD2", "BHLHE40", "LGMN"], "SRY-25088423-EMBRYONIC GONADS-MOUSE": ["BATF3", "ARG2", "NRN1", "INSIG2", "BNIP3", "PLK1", "SLC2A1", "SLC39A10", "ZFP82", "YRDC", "RYBP", "SDHAF1", "ALDOC", "OTX1", "CCL17", "RGAG4", "CRLF1", "GPR146"], "ERG-20887958-HPC-7-MOUSE": ["UBE2F", "BATF3", "SMO", "SERTAD2", "POP1", "FAM174A", "CABLES1", "HIST1H4C", "NUBP1", "ABCG1"], "BP1-19119308-Hs578T-human": ["VEGFA"], "FOXP1-22492998-STRATIUM-MOUSE": ["RLF"], "SETDB1-19884257-MESC-mouse": ["UVRAG", "ANKRD37", "NRN1", "SLC39A10", "PLD6", "LHFPL2", "GTF2E1", "CLK3", "LRRC16B", "PROCR", "CENPE", "PAX9", "OTX1"], "TET1-21451524-MESC-MOUSE": ["SBK1", "RYBP", "SMO", "ANKRD35", "SERTAD2", "IFFO2", "ALDOC", "CCR7", "OTX1"], "SOX9-25088423-EMBRYONIC GONADS-MOUSE": ["YRDC", "PFKFB3", "BNIP3", "SLC2A1", "ZFP82", "OTX1", "NDRG1", "GPR146"]}