{"MYC::MAX (human)": ["HCG26"], "NFE2L1 (human)": ["MXI1"], "HNRNPK (human)": ["CLK3"], "PLAG1 (human)": ["HCG26"], "NR1H2::RXRA (human)": ["HCG26"], "RXRA::VDR (human)": ["HCG26"], "REST (human)": ["HCG26"], "MIZF (human)": ["HCG26"], "EBF1 (mouse)": ["SLC2A3"], "RXR::RAR_DR5 (human)": ["HCG26"], "CTCF (human)": ["HCG26"], "RREB1 (human)": ["HCG26"], "CPEB1 (human)": ["ADIPOQ"], "HLF (human)": ["HCG26"], "ESR2 (mouse)": ["SBK1"], "INSM1 (human)": ["HCG26"], "NHLH1 (human)": ["HCG26"], "EWSR1-FLI1 (human)": ["HCG26"], "IRF1 (human)": ["HCG26"], "TLX1::NFIC (human)": ["HCG26"]}