{"H3K9me3 H9": ["FOXO4", "LPAR4"], "H2BK120ac IMR90": ["KDM5B", "C17ORF67", "USP54", "SLC39A10", "SLC2A3", "ADM", "GTF2E1", "PROCR", "CENPE", "LGALS1", "SERTAD2", "HIST1H4C", "ABCG1"], "H3K9me3 Mesenchymal Stem Cell Derived Adipocyte Cultured Cells": ["PAX9"], "H3K27me3 CD4+ CD25int CD127+ Tmem Primary Cells": ["TMEFF1", "SMO", "VWCE", "PTPRK", "GPR144"], "H3K9me3 Colonic Mucosa": ["NUDT11", "RGAG4", "GPR144"], "H3K9me3 H1 Derived Mesenchymal Stem Cells": ["MAFB", "GPR144"], "H3K27me3 CD4+ CD25- CD45RO+ Memory Primary Cells": ["TMEFF1", "ELOVL4", "LGMN"], "H3K36me3 Brain Substantia Nigra": ["GPR146"], "H3K27me3 CD34 Primary Cells": ["SLC2A14", "DDC", "NRN1", "ELOVL4", "BNIP3", "STARD8", "SLC16A9", "CRLF1", "LGMN"], "H3K36me3 Brain Anterior Caudate": ["GPR146"], "H3K36me3 Chondrocytes from Bone Marrow Derived Mesenchymal Stem Cell Cultured Cells": ["GPR146"], "H3K27me3 CD8 Memory Primary Cells": ["C11ORF74", "NRN1", "SMO", "PAX9", "CABLES1", "ADM", "CBFA2T3", "CRLF1", "LGMN"], "H3K27me3 CD4+ CD25+ CD127- Treg Primary Cells": ["SMO", "CABLES1", "KIAA1804", "PAM", "RGAG4", "CRLF1"], "H3K27me3 Fetal Heart": ["EFNA3", "CD300A", "KIAA1804"], "H3K36me3 Brain Cingulate Gyrus": ["GPR146"], "H3K9me3 Neurosphere Cultured Cells Cortex Derived": ["RGAG4"], "H3K27me3 Brain Mid Frontal Lobe": ["FGD5", "SMO", "PAX9", "PRSS36"], "H3K27me3 Neurosphere Cultured Cells Ganglionic Eminence Derived": ["BATF3", "EFNA3", "CCL17"], "H3K9me3 Fetal Heart": ["C7ORF55", "SLC39A6", "FNIP1"], "H3K36me3 Mobilized CD34 Primary Cells": ["HCG26", "CLK3", "GPR146"]}