{"TAATGTG,MIR-323": ["CBFA2T3"], "GTGCCAT,MIR-183": ["PAM"], "GAGCCAG,MIR-149": ["USP10"], "CATGTAA,MIR-496": ["MAFB"], "ATATGCA,MIR-448": ["SERTAD2"], "CACTTTG,MIR-520G,MIR-520H": ["SLC2A3"], "TGTATGA,MIR-485-3P": ["MAFB"], "CTACTGT,MIR-199A": ["ZNF654"], "ACACTGG,MIR-199A,MIR-199B": ["MAFB"], "GGGACCA,MIR-133A,MIR-133B": ["PFKFB3"], "CCCAGAG,MIR-326": ["RPGR"], "ATGAAGG,MIR-205": ["LHFPL2"], "CTTTGCA,MIR-527": ["NDRG1"], "TTTGCAG,MIR-518A-2": ["NDRG1"], "AAAGACA,MIR-511": ["ZNF654"], "GAGCTGG,MIR-337": ["SBK1"], "TAATAAT,MIR-126": ["MAFB"], "ATGCTGC,MIR-103,MIR-107": ["RYBP"], "GACTGTT,MIR-212,MIR-132": ["TMEFF1"], "CAGCTTT,MIR-320": ["MXI1"]}