{"CTCF_HepG2_hg19": ["C11ORF74", "ARG2", "GADD45B", "INSIG2", "FAM78A", "POP1", "PAK1IP1", "SLC39A10", "C12ORF73", "PTPRK", "RPGR", "RYBP", "C7ORF55", "FOPNL", "SLC16A9", "FNIP1", "MCM3AP-AS1"], "POLR2A_bone marrow_mm9": ["UBE2F", "UVRAG", "MAFB", "FAM174A", "BNIP3", "PAK1IP1", "CEP72", "PFDN2", "PSMA7", "HK2", "ABCG1", "LGMN"], "CTCF_HeLa-S3_hg19": ["ARG2", "LOC91450", "POP1", "STARD8", "SLC2A1", "C12ORF73", "PTPRK", "LOC153684", "NDRG1", "RPGR", "FAM188A", "C7ORF55", "SERTAD2", "CA9", "FNIP1", "HIST1H4C", "MCM3AP-AS1"], "CTBP2_H1-hESC_hg19": ["KDM5B", "ANKRD37", "ARG2", "C7ORF55", "USP10", "PLK1", "ENDOD1", "LOC652276", "C12ORF73", "PAM", "RLF", "NDRG1"], "REST_myocyte_mm9": ["UBE2F", "KDM5B", "FAM188A", "GADD45B", "MXI1", "GEMIN5", "PFDN2", "FOPNL", "LYAR", "SNHG3", "VEGFA"], "BCL11A_H1-hESC_hg19": ["PAM"], "CTCF_CH12.LX_mm9": ["BATF3", "GADD45B", "ANKRD35", "ELOVL4", "CKAP2L", "NOG", "SLC2A1", "ENDOD1", "CABLES1", "MED27", "CBFA2T3", "PSMA7", "RPGR", "VEGFA", "MAFB", "RNF169", "BHLHE40", "GEMIN5", "HIST1H4C", "ABCG1"], "CTCF_A549_hg19": ["PFKFB3", "INSIG2", "ENDOD1", "LOC652276", "ADM", "PTPRK", "LOC153684", "RPGR", "FAM188A", "C7ORF55", "SERTAD2", "SLC39A6", "SLC16A9", "OTX1", "BATF3", "ARG2", "LOC91450", "PLK1", "NOG", "VEGFA", "C12ORF45", "MAFB", "RYBP", "NGFRAP1", "BHLHE40", "BIRC7", "MCM3AP-AS1"], "MYOD1_myocyte_mm9": ["UBE2F", "GADD45B", "USP10", "TBC1D8", "ENDOD1", "SLC39A10", "PLD6", "MED27", "NDRG1", "DHODH", "YRDC", "LGALS1", "CEP72", "PFDN2", "LYAR", "POLG", "GPR146"], "NR2F2_HepG2_hg19": ["HIST1H4C"], "EBF1_GM12878_hg19": ["UBE2F", "KDM5B", "LOC91450", "PFKFB3", "LOC652276", "SLC2A3", "ZFP82", "PLD6", "NUBP1", "VEGFA", "FAM188A", "RNF169", "SLC39A6", "CCR7", "HIST1H4C", "POLG"], "CTCF_endothelial cell of umbilical vein_hg19": ["LOC91450", "POP1", "SLC2A1", "PTPRK", "NDRG1", "GTF2E1", "RPGR", "RYBP", "NGFRAP1", "C7ORF55", "SERTAD2", "SDHAF1", "SLC39A6", "FOPNL", "SLC16A9", "FNIP1", "RGAG4", "MCM3AP-AS1"], "ATF3_A549_hg19": ["GADD45B", "C7ORF55", "BNIP3", "PAK1IP1", "SDHAF1", "LOC652276", "ADM", "C12ORF73", "HIST1H4C", "NDRG1", "POLG"], "TCF7L2_HeLa-S3_hg19": ["CKAP2L", "NOG", "LOC652276", "C12ORF73", "MED27", "NDRG1", "FAM188A", "PROCR", "CENPE", "RYBP", "RNF169", "FAM174A", "SDHAF1", "FNIP1", "UTP14A", "POLG"], "YY1_NT2-D1_hg19": ["EIF2B3", "RNF169", "CDC23", "INSIG2", "USP10", "SLC2A1", "LOC652276", "CEP72", "PFDN2", "FOPNL", "MED27", "POLG"], "RXRA_H1-hESC_hg19": ["ADM"], "TEAD4_MCF-7_hg19": ["POLG"], "YY1_K562_hg19": ["EIF2B3", "USP10", "ENDOD1", "LOC652276", "C12ORF73", "MED27", "LOC153684", "RLF", "GTF2E1", "RNF169", "CDC23", "CEP72", "PFDN2", "FOPNL"], "CHD2_K562_hg19": ["UBE2F", "C12ORF45", "EIF2B3", "ARG2", "C7ORF55", "CKAP2L", "SDHAF1", "MXI1", "C12ORF73", "RLF", "DHODH"], "PBX3_A549_hg19": ["KDM5B", "UVRAG", "EIF2B3", "C7ORF60", "GADD45B", "PLK1", "LOC652276", "ADM", "HIST1H4C", "NDRG1", "NUBP1", "CDR2"]}