{"H3K36me3_G1E-ER4_mm9": ["UBE2F", "SGMS1", "INSIG2", "POP1", "CBFA2T3", "NUBP1", "PSMA7", "HK2", "TMA16", "NGFRAP1", "CDC23", "SDHAF1", "RAG2", "HIST1H4C", "UTP14A"], "H3K79me2_myocyte_mm9": ["FAM188A", "YRDC", "LGALS1", "GADD45B", "BHLHE40", "PFDN2", "RLF", "GTF2E1", "LGMN", "VEGFA"], "H3K9ac_NT2-D1_hg19": ["NUDT11", "YRDC", "BATF3", "POP1", "STARD8", "DOCK7", "SLC2A1", "LYAR", "PSMA7", "LRRC16B"], "H3K36me3_CH12.LX_mm9": ["UBE2F", "GADD45B", "INSIG2", "CKAP2L", "USP54", "POP1", "CBFA2T3", "RLF", "WDR46", "NUBP1", "PSMA7", "TMA16", "NGFRAP1", "CDC23", "BHLHE40", "SDHAF1", "ALDOC", "FNIP1", "UTP14A"], "H3K27me3_megakaryocyte_mm9": ["BATF3", "KRTAP4-8", "DOCK7", "NOG", "LPAR4", "PTPRK", "PLD6", "LHFPL2", "MAFB", "NGFRAP1", "LGALS1", "SMO", "CCL17", "ABCG1"], "H3K27ac_liver_mm9": ["UVRAG", "SGMS1", "USP10", "PAK1IP1", "ENDOD1", "FOXO4", "NUBP1", "PSMA7", "CLK3", "DHODH", "YRDC", "LGALS1", "CDC23", "CEP72", "FOPNL", "POLG"], "H3K4me3_myocyte_mm9": ["KDM5B", "ANKRD37", "NRN1", "PAK1IP1", "SDHAF1", "NOG", "MXI1", "FNIP1", "GTF2E1", "TMA16"], "H3K9ac_ES-E14_mm9": ["UBE2F", "BATF3", "ANKRD37", "CDC23", "POP1", "PAK1IP1", "PLK1", "SLC39A6", "LYAR", "GTF2E1", "GPR146"], "H3K27me3_H1-hESC_hg19": ["BATF3", "MAFB", "CD300A", "BNIP3", "STARD8", "CA9", "SLC16A9", "RGAG4", "NDRG1", "CRLF1"], "H3K4me2_endothelial cell of umbilical vein_hg19": ["YRDC", "C17ORF67", "EFNA3", "LOC91450", "NGFRAP1", "ALDOC", "FOXO4", "LYAR", "PSMA7", "DHODH", "LRRC16B"], "H3K27me3_erythroblast_mm9": ["KDM5B", "DDC", "PFKFB3", "SGMS1", "FAM78A", "SLC2A3", "PTPRK", "PLD6", "VEGFA", "TMEFF1", "FGD5", "MAFB", "NGFRAP1", "SLC16A9"], "H3K36me3_GM12878_hg19": ["GADD45B", "HCG26", "CABLES1", "PFDN2", "ALDOC", "LHFPL2", "MIR210HG", "CBFA2T3", "UTP14A", "NUBP1", "HK2", "POLG"], "H3K4me2_CH12.LX_mm9": ["SLC39A6", "FOXO4", "LPAR4", "LYAR", "RGAG4", "WDR46", "CDR2", "CRLF1", "GPR146", "LRRC16B"], "H3K79me3_C2C12_mm9": ["EIF2B3", "LGALS1", "GADD45B", "BHLHE40", "GEMIN5", "PFDN2", "FOPNL", "TMA16", "VEGFA", "FAM216A"], "H3K79me2_CD14-positive monocyte_hg19": ["LILRA6", "LOC652276", "GEMIN5", "CEP72", "ZFP82", "FOXO4", "LYAR", "UTP14A", "NUBP1", "DHODH"], "H3K79me2_osteoblast_hg19": ["C11ORF74", "PROCR", "STARD8", "C17ORF58", "LOC652276", "PFDN2", "UTP14A", "PSMA7", "DHODH", "LGMN"], "H3K36me3_ES-E14_mm9": ["YRDC", "FGD5", "NGFRAP1", "GADD45B", "CKAP2L", "POP1", "SLC39A6", "PFDN2", "RLF", "WDR46", "SNHG3"], "H2AFZ_mammary epithelial cell_hg19": ["UBE2F", "MAFB", "C7ORF55", "PAK1IP1", "ENDOD1", "SLC39A6", "CEP72", "FNIP1", "RLF", "RGAG4", "LRRC16B"], "H3K27ac_osteoblast_hg19": ["NUDT11", "C17ORF67", "ANKRD37", "CDC23", "SGMS1", "C7ORF55", "PAK1IP1", "ENDOD1", "SLC39A6", "LHFPL2"], "H3K4me1_myotube_hg19": ["ARG2", "LOC91450", "LGALS1", "SLC2A1", "ALDOC", "LPAR4", "OTX1", "RLF", "NUBP1", "GPR146", "LRRC16B"]}