{"SPI1-22790984-ERYTHROLEUKEMIA-MOUSE": ["ARHGAP11A", "LYN", "FANCI", "CALCRL", "FRRS1", "AFF3", "MTMR6", "SLC16A13", "NCEH1", "MED30", "ERI1", "GPR160", "TIFA", "CCNYL1", "SLC39A8", "STAM2", "WLS", "MAD2L1"], "CREB1-20920259-GC1-SPG-MOUSE": ["ARHGAP11A", "OAT", "INSIG1", "DOCK8", "LAMA3", "GCNT1", "HMGB1", "NT5C2", "CDC14B", "SGOL2", "MED30", "ERI1", "NFKBIZ", "ST3GAL1", "PLK4", "DUSP4", "STARD3NL", "GDF15", "FBXO32", "FAHD2A", "MTSS1", "SLC16A13", "CENPE", "KIF18A", "EHD4", "SOAT1", "PPP1R3C", "REL", "LPHN2", "SLC25A4", "CENPQ", "SDK2", "ABCG2", "MPHOSPH6", "CDKN3"], "GFI1B-20887958-HPC-7-MOUSE": ["LYN", "DUSP4", "GDF15", "INSIG1", "DOCK8", "HPCA", "GPATCH2", "MGST2", "NT5C2", "ADD3", "WDR76", "DHRS3", "MTMR6", "NCEH1", "MORN2", "GCLM", "MAPRE2", "HOXA5", "CCNJL"], "VDR-23849224-CD4+-HUMAN": ["PLK4", "COX7B", "GK", "CAB39L", "GPATCH2", "NEDD9", "ZNF43", "NMI", "HSD17B11", "FBXO32", "C1ORF112", "SGOL2", "KIF18A", "MED30", "RP2", "NUF2", "TNFSF10", "REL", "HIST1H2BF", "SLC39A8", "STAM2", "ZNF675"], "DCP1A-22483619-CHIP-SEQ-HELA": ["ANG"], "SRY-25088423-EMBRYONIC GONADS-MOUSE": ["INSIG1", "UBA5", "NEDD9", "PYGL", "FAM105A", "CDC14B", "ADCY5", "P2RY6", "MED30", "TIFA", "HEY2", "TNFSF10", "CYP1B1", "ST8SIA6", "ST3GAL1", "HOXA5", "RPRM", "RUNX1T1", "DUSP4", "PTPN18", "SLC14A1", "GDF15", "UPK3A", "ACER2", "ADAM2", "RBP7", "DHRS7", "MORN2", "FAR2", "SLC27A2", "SLC25A4", "SDK2"], "KDM5B-21448134-MESC-MOUSE": ["ARHGAP11A", "TMEM87A", "ABCD3", "FRRS1", "UBA5", "KIF14", "NEDD4L", "PCTP", "HMMR", "AFF3", "NUDT4", "SGOL2", "FAM174B", "ERI1", "PBK", "CLSPN", "PLK4", "FANCI", "ABCC4", "SYT1", "ACSL1", "AXIN2", "ESCO2", "FBXO32", "DHRS3", "CENPE", "EML5", "KIF18A", "ARL4A", "DHRS7", "PPP1R3C", "REL", "PMP22", "HYLS1", "PLCH1", "FAR2", "SLC25A4", "SMPDL3A", "MAPRE2", "SDK2", "ABCG2"], "RCOR3-21632747-MESC-MOUSE": ["ARHGAP11A", "HPCA", "PZP", "KIF14", "NEDD4L", "ARRB1", "FAM105A", "PTHLH", "ADCY5", "ZDBF2", "CALB1", "PODXL", "SNX25", "TSPAN5", "CGA", "ERC2", "ABCC4", "SYT1", "GDF15", "MBOAT1", "FAHD2A", "MTSS1", "ACER2", "FABP6", "RRAGD", "PMP22", "ANG", "BMPR1B", "PTGES"], "E2F1-18555785-MESC-mouse": ["ARHGAP11A", "PRPS1", "COX7B", "LXN", "OAT", "MRPS36", "INSIG1", "GCNT1", "CXCR4", "RPS27L", "PCTP", "TFPI", "IFI30", "NT5C2", "SAT1", "TSKU", "NUDT4", "SOX2", "CCDC91", "FLRT3", "ACADM", "CLSPN", "PLK4", "LYN", "SLC12A2", "MYLIP", "ABCC4", "STARD3NL", "GDF15", "IDH1", "ESCO2", "CENPE", "KIF18A", "ARL4A", "DDAH1", "CENPH", "PPP1R3C", "SEC24D", "CENPQ", "MAPRE2", "SFXN5", "MAD2L1", "MPHOSPH6"], "HOXA2-22223247-E11.5 EMBRYO-MOUSE": ["BAALC", "HMMR"], "TRIM28-19339689-MESC-mouse": ["ABCD3", "CAB39L", "HIGD1A", "ADD3", "CXCL14", "HS6ST3", "SOX2", "SGOL2", "PODXL", "CYP1B1", "CGA", "DUSP4", "PTPN18", "ABCC4", "STARD3NL", "IDH1", "NPY1R", "GGH", "AXIN2", "MTSS1", "ARL4A", "EHD4", "DDAH1", "PPP1R3C", "STAM2", "SLC27A2", "SLC25A4", "MAPRE2", "SDK2", "MEGF9", "ABCG2"], "SIN3B-21632747-MESC-MOUSE": ["ARHGAP11A", "OAT", "FRRS1", "MRPS36", "INSIG1", "DOCK8", "HPCA", "PZP", "KIF14", "GPATCH2", "NEDD9", "ARRB1", "HIGD1A", "PTHLH", "TSKU", "MTMR6", "CALB1", "CCDC91", "PODXL", "HEY2", "PBK", "MFSD1", "QSOX1", "CGA", "ERC2", "HOXA5", "FANCI", "CENPW", "GDF15", "FAHD2A", "SEPT3", "ARL4A", "NCEH1", "NR4A3", "SOAT1", "MORN2", "RRAGD", "REL", "PLBD1", "BMPR1B", "LPHN2", "STAM2", "SLC25A4", "MAPRE2", "SFXN5", "SDK2", "CCNO"], "TP63-22573176-HFKS-HUMAN": ["ARHGAP11A", "LGALS3BP", "CSTA", "ABCD3", "SNORA14A", "RGS16", "SYNPO2", "DOCK8", "NTN4", "NEDD4L", "AFF3", "IFI30", "NT5C2", "HS6ST3", "DOCK10", "TNFSF10", "TSPAN5", "BAALC", "TSPAN2", "ERC2", "MICA", "WLS", "MICB", "LYN", "FANCI", "DUSP4", "EDARADD", "FARP1", "ABCC4", "SLC14A1", "SIGLEC15", "PCDH9", "ACSL1", "TGFB3", "PSG1", "FBXO32", "ACER2", "PSG9", "EML5", "CACNB4", "EHD4", "CCDC88C", "MIR181B1", "STAM2", "SMPDL3A", "SFXN5", "PTGES"], "MYC-19030024-MESC-mouse": ["ARHGAP11A", "PRPS1", "COX7B", "INSIG1", "CXCR4", "RPS27L", "HMGB1", "HMMR", "HSD17B11", "RERG", "TSKU", "CDC14B", "SOX2", "FLRT3", "PODXL", "HEY2", "PBK", "TSPAN5", "ACADM", "FANCI", "DUSP4", "GDF15", "ESCO2", "MTSS1", "KIF18A", "SOAT1", "DDAH1", "CCDC88C", "GCLM", "STAM2", "SFXN5"], "GATA1-22025678-K562-HUMAN": ["CD36", "SDK2"], "RUNX1-21571218-MEGAKARYOCYTES-HUMAN": ["PZP", "PDE3B", "ARRB1", "HMGB1", "TSKU", "DOCK10", "LACTB", "FLJ37201", "SGOL2", "DUSP10", "CCDC91", "NUF2", "TNFSF10", "BAALC", "CYP1B1", "ACADM", "DLEU2", "SAMD12", "DUSP4", "MYLIP", "ABCC4", "MTSS1", "ARL4A", "DDAH1", "TFF3", "FAR2", "STAM2", "MAPRE2", "PTGES", "TMEM87A", "PRPS1", "SYNPO2", "INSIG1", "GCNT1", "NEDD9", "NT5C2", "ERI1", "ST8SIA6", "ATP6V0A4", "ST3GAL1", "LYN", "FANCI", "PTPN18", "GDF15", "GGH", "MICAL2", "FBXO32", "SORL1", "DHRS3", "GPN3", "ACER2", "KIF18A", "NR4A3", "FABP6", "PMP22", "HYLS1", "GCLM", "CENPQ", "SFXN5", "MPHOSPH6"], "RBPJ-22232070-NCS-MOUSE": ["AFF3"], "CREM-20920259-GC1-SPG-MOUSE": ["ARHGAP11A", "CLSTN2", "PDE3B", "KIF14", "HMGB1", "AFF3", "AREG", "RERG", "GLDN", "NUDT4", "CDC14B", "HS6ST3", "SOX2", "DUSP10", "CCDC91", "HEY2", "CYP1B1", "QSOX1", "SLC39A8", "DLEU2", "SPINK4", "DUSP4", "MYLIP", "ABCC4", "STARD3NL", "ACSL1", "ELOVL2", "FAHD2A", "EML5", "ARL4A", "SOAT1", "GPR160", "PLBD1", "SGK3", "PPARG", "MAPRE2", "CCNO", "ABCG2", "OAT", "CHRNA5", "MRPS36", "INSIG1", "UBA5", "NT5C2", "ADD3", "MTMR6", "APH1B", "ERI1", "TSPAN5", "SC5D", "PLK4", "LYN", "FANCI", "GDF15", "FAM46C", "GPN3", "ACER2", "CENPE", "KIF18A", "DAB2", "EHD4", "CCDC88C", "REL", "CCNYL1", "HYLS1", "CHPT1", "GCLM", "SEC24D", "CENPQ", "SDK2", "MPHOSPH6", "CDKN3"], "EGR1-20690147-ERYTHROLEUKEMIA-HUMAN": ["ABCD3", "PDE3B", "ARRB1", "AFF3", "TSKU", "GLDN", "NUDT4", "ACOXL", "DACH1", "GRB14", "SLC39A8", "ACADM", "ERC2", "LMCD1", "PHLDA1", "MYLIP", "ABCC4", "ACSL1", "ELOVL2", "AXIN2", "MTSS1", "ARL4A", "CACNB4", "SOAT1", "DDAH1", "CEACAM5", "CDH12", "PPARG", "LPHN2", "SLC25A4", "MAPRE2", "UGT2B7", "PTGES", "RGS16", "INSIG1", "CXCR4", "NEDD9", "NEDD4L", "NT5C2", "ADD3", "PTHLH", "ADCY5", "OGFRL1", "P2RY6", "APH1B", "PODXL", "SNX25", "TIFA", "TSPAN5", "ST8SIA6", "ATP6V0A4", "CLSPN", "SLC12A2", "GDF15", "FAM46C", "IDH1", "ZNF804B", "ZNF804A", "GGH", "SORL1", "DHRS3", "EHD4", "NR4A3", "REL", "PLCH1", "BMPR1B", "GCLM", "SEC24D", "KCNK2", "SFXN5", "SDK2"], "SOX9-25088423-EMBRYONIC GONADS-MOUSE": ["LXN", "SYT1", "NRK", "IGSF1", "COL12A1", "HMGB1", "ADAM2", "P2RY6", "SOAT1", "DDAH1", "CENPH", "HEY2", "CYP1A1", "SC5D", "CYP1B1", "ST8SIA6", "TSPAN2", "KCNK2", "HOXA5", "SDK2", "RPRM", "RUNX1T1"]}