{"HNF1B (human)": ["KITLG"], "NR2C2 (human)": ["CSTA"], "PBX1 (human)": ["LYN"], "Arnt (mouse)": ["NEDD4L", "CCNJL"], "IRF9 (human)": ["HRASLS2"], "Esrrb (mouse)": ["SYBU"], "Lhx3 (mouse)": ["EDARADD"], "NFIL3 (human)": ["POTEF"], "SND1 (mouse)": ["ACER2"], "SMAD3 (human)": ["TGFB3"], "ESR2 (human)": ["TSPAN2"], "MYOD1 (human)": ["KIR2DL1", "FBXO32"], "GABPA (human)": ["TGFB3"], "Myf (human)": ["ADD3"], "SOX10 (human)": ["LUM", "SLCO4C1"], "IRF7 (human)": ["DDAH1", "ZNF257"], "MAFB (human)": ["ACOXL"], "MIR210 (human)": ["STRA6"], "SOX2 (human)": ["FAM174B", "ACSL1"], "NME2 (human)": ["NAT1"]}