{"H3K36me3 H1 Derived Mesenchymal Stem Cells": ["PTPN18", "NCEH1", "CYP1B1", "PTGES"], "H3K9me3 Brain Substantia Nigra": ["NAT1"], "H2BK12ac H9": ["CCDC167", "TMEM87A", "ZNF253", "CAB39L", "IGSF1", "DOCK8", "HPCA", "PDE3B", "COL12A1", "RPS27L", "HMMR", "IFI30", "ADD3", "GRB14", "SNX25", "NUF2", "TSPAN5", "ATP6V0A4", "DLEU2", "ST3GAL1", "FAM83B", "RPRM", "FANCI", "SYT1", "TGFB3", "HIST1H2AJ", "C9ORF66", "C6ORF141", "WDR76", "ALDH1A3", "PKIB", "ARL4A", "CACNB4", "CENPH", "RRAGD", "SNORD25", "TFF3", "ANG", "SEC24D", "SMPDL3A", "CCNO", "PTGES", "CCNJL"], "H4K91ac H1": ["ZNF253", "PDE3B", "ZNF43", "CDC14B", "GRB14", "NUF2", "NFKBIZ", "PBK", "CYP1B1", "QSOX1", "ACADM", "PHLDA1", "MB21D1", "MYLIP", "ABCC4", "LMO3", "C6ORF141", "ZNF90", "ARL4A", "MMP16", "LPPR5", "STAM2", "SLC27A2", "SMPDL3A", "PTGES", "TMEM87A", "NECAB1", "OAT", "MRPS36", "MGST2", "RPS27L", "HMMR", "HIGD1A", "C1ORF112", "APH1B", "SNX25", "TIFA", "CLSPN", "FAM83B", "RPRM", "PLK4", "LYN", "FANCI", "SLC14A1", "SIGLEC15", "SYT1", "TGFB3", "MBOAT1", "NMI", "GPN3", "SLC16A13", "PKIB", "DHRS7", "KITLG", "EHD4", "SLCO4C1", "SNORD25", "SDK2", "MAD2L1"], "H3K9me3 Th17 Primary Cells": ["HEY2"], "H3K4ac H1": ["CCDC167", "TMEM87A", "NECAB1", "SNORA62", "ZNF253", "SNORD45A", "CHRNA5", "CAB39L", "PDE3B", "HMGB1", "HMMR", "HIGD1A", "NUDT4", "ADCY5", "SNX25", "NFKBIZ", "QSOX1", "SLC39A8", "DLEU2", "PLK4", "LYN", "FANCI", "DUSP4", "MYLIP", "SIGLEC15", "SYT1", "IDH1", "HIST1H2AJ", "NMI", "GPN3", "DAB2", "MMP16", "FABP6", "SNORD25", "LPHN2", "PTGES", "MAD2L1"], "H4K8ac H9": ["LGALS3BP", "TMEM87A", "NECAB1", "SNORA62", "ABCD3", "MRPS36", "CAB39L", "HMMR", "PYGL", "IFI30", "HIGD1A", "C1ORF112", "NUDT4", "SOX2", "NUF2", "CYP1B1", "PHLDA1", "ST3GAL1", "RPRM", "PLK4", "FANCI", "DUSP4", "ZNF100", "ZNF680", "TGFB3", "CENPE", "PKIB", "ZNF90", "ZNF92", "DDAH1", "CYP1A1", "PMP22", "ANG", "SEC24D", "STAM2", "MAPRE2", "ZNF675", "MEGF9", "MAD2L1", "MPHOSPH6"], "H3K9me3 Brain Inferior Temporal Lobe": ["ZNF90"], "H3K4ac H9": ["ZNF253", "ABCD3", "SNORD45A", "CAB39L", "PDE3B", "GPATCH2", "NUDT4", "CDC14B", "SOX2", "GRB14", "NUF2", "PHLDA1", "MB21D1", "ZNF486", "DUSP4", "MYLIP", "ZNF680", "LMO3", "HIST1H2AJ", "HRASLS2", "C6ORF141", "WDR76", "FAHD2A", "ARL4A", "ZNF92", "MMP16", "ZNF714", "TFF3", "PLBD1", "STAM2", "ZNF675", "TMEM87A", "CHRNA5", "RPS27L", "HMMR", "HIGD1A", "C1ORF112", "PODXL", "TSPAN5", "CLSPN", "RPRM", "PLK4", "LYN", "SYT1", "TGFB3", "IDH1", "GPN3", "PKIB", "DHRS7", "NR4A3", "BPIFB1", "CENPH", "SNORD25", "REL", "PCDHB5", "SEC24D", "CENPQ", "SDK2", "MEGF9", "MAD2L1", "MPHOSPH6"], "H3K9me3 Chondrocytes from Bone Marrow Derived Mesenchymal Stem Cell Cultured Cells": ["HEY2", "PCDHB5"], "H3K9me3 Stomach Smooth Muscle": ["ACOXL", "FAR2"], "H2BK5ac H9": ["DUSP4", "TMEM87A", "NECAB1", "ABCC4", "ZNF253", "SIGLEC15", "TGFB3", "CAB39L", "INSIG1", "IGSF1", "MBOAT1", "NEDD4L", "HMMR", "HIGD1A", "PKIB", "MMP16", "CENPH", "MORN2", "CYP1A1", "STAM2", "LMCD1", "CENPQ", "PTGES"], "H3K36me3 CD4+ CD25- CD45RA+ Naive Primary Cells": ["ZNF486"], "H2AK5ac H1": ["TMEM87A", "RGS16", "SYNPO2", "MGST2", "NEDD9", "HMMR", "PYGL", "IFI30", "ADD3", "C1ORF112", "SOX2", "NFKBIZ", "CYP1B1", "QSOX1", "PHLDA1", "STRA6", "ZNF486", "PLK4", "DUSP4", "MYLIP", "TGFB3", "HIST1H2AJ", "SLC16A13", "ACER2", "PKIB", "NCEH1", "CENPH", "TFF3", "LPHN2", "SEC24D", "SMPDL3A", "CENPQ"], "H2AK5ac IMR90": ["ARHGAP11A", "TMEM87A", "CAB39L", "SEMA3A", "GCNT1", "RPS27L", "TFPI", "OGFRL1", "ERI1", "NFKBIZ", "TNFSF10", "QSOX1", "PHLDA1", "HOXA5", "MYLIP", "EPHX4", "NAALADL2", "PKIB", "DHRS7", "EHD4", "NCEH1", "DDAH1", "ZNF714", "SNORD25", "PMP22", "DNAL1"], "H3K4ac IMR90": ["ARHGAP11A", "CCDC167", "ZNF253", "COX7B", "ABCD3", "SNORD45A", "GPATCH2", "PCTP", "PYGL", "SAT1", "NUDT4", "DOCK10", "SGOL2", "NUF2", "NFKBIZ", "TNFSF10", "PBK", "MFSD1", "QSOX1", "ACADM", "DLEU2", "SAMD12", "PHLDA1", "MYLIP", "ZNF680", "STARD3NL", "ELOVL2", "PSG1", "NAALADL2", "C1QTNF9B", "EML5", "ARL4A", "SOAT1", "SGK3", "PPARG", "ANG", "STAM2", "ABCG2", "TMEM87A", "CALCRL", "FRRS1", "SEMA3A", "INSIG1", "MGST2", "RPS27L", "STC1", "HMMR", "HSD17B11", "MTMR6", "C1ORF112", "OGFRL1", "APH1B", "ERI1", "TIFA", "CGA", "FAM83B", "RUNX1T1", "PLK4", "FANCI", "SLC12A2", "SLC14A1", "MBOAT1", "ZNF804A", "NMI", "DHRS3", "GPN3", "SLC16A13", "CENPE", "PKIB", "DHRS7", "DAB2", "EHD4", "NCEH1", "CENPH", "SNORD25", "CHPT1", "CENPQ", "DNAL1", "MEGF9", "MAD2L1", "MPHOSPH6"], "H3K4me1 CD4+ CD25int CD127+ Tmem Primary Cells": ["CCDC167", "LXN", "CHRNA5", "MRPS36", "RGS16", "COL12A1", "RERG", "C1ORF112", "ZDBF2", "ERI1", "TIFA", "TNFSF10", "QSOX1", "ACADM", "RPRM", "FANCI", "ZNF680", "STARD3NL", "ELOVL3", "MICAL2", "MTSS1", "SLC16A13", "DHRS7", "CACNB4", "NR4A3", "SOAT1", "SELL", "CENPH", "MORN2", "SGK3", "STAM2", "CENPQ", "MPHOSPH6"], "H2BK5ac H1": ["CCDC167", "ABCD3", "SNORD45A", "CAB39L", "PZP", "PDE3B", "GPATCH2", "ZNF43", "HMGB1", "PYGL", "IFI30", "ZDBF2", "SOX2", "SGOL2", "DUSP10", "GRB14", "NUF2", "HEY2", "NFKBIZ", "PBK", "CYP1B1", "QSOX1", "SAMD12", "PHLDA1", "ZNF486", "ZNF680", "STARD3NL", "LMO3", "C6ORF141", "ARL4A", "CACNB4", "ZNF92", "MMP16", "ZNF714", "TFF3", "STAM2", "SMPDL3A", "ZNF675", "PTGES", "TMEM87A", "NECAB1", "LXN", "CHRNA5", "MRPS36", "NTN4", "MGST2", "RPS27L", "HMMR", "HIGD1A", "NT5C2", "C1ORF112", "ADCY5", "MED30", "PODXL", "ZNF506", "TIFA", "TSPAN2", "ATP6V0A4", "ST3GAL1", "FAM83B", "RPRM", "PLK4", "LYN", "FANCI", "SLC12A2", "ZNF100", "SIGLEC15", "CENPW", "SYT1", "PCDH9", "GGH", "NMI", "DHRS3", "GPN3", "ACER2", "PKIB", "KIF18A", "DHRS7", "KITLG", "EHD4", "CENPH", "ZNF737", "CYP1A1", "REL", "CCNYL1", "PCDHB5", "SEC24D", "CENPQ", "DNAL1", "MAD2L1", "CCNJL"], "H3K79me1 H1": ["SNORA62", "ABCD3", "OAT", "SNORA14A", "INSIG1", "ZNF43", "ARRB1", "HMMR", "AKAP5", "IFI30", "NT5C2", "MTMR6", "C1ORF112", "SOX2", "ACOXL", "DUSP10", "ERI1", "HEY2", "TSPAN2", "DLEU2", "PHLDA1", "HOXA5", "RPRM", "MB21D1", "ZNF486", "FANCI", "SLC12A2", "ZNF100", "SYT1", "MBOAT1", "ESCO2", "FAHD2A", "GPN3", "CACNB4", "MMP16", "CENPH", "MORN2", "SLC25A4", "MAD2L1"], "H4K5ac IMR90": ["CCDC167", "SNORD45A", "COL12A1", "GPATCH2", "SAT1", "DOCK10", "ZDBF2", "LACTB", "TNFSF10", "CYP1B1", "DLEU2", "SAMD12", "MB21D1", "MYLIP", "ZNF681", "ZNF680", "PSG1", "WDR76", "PLA2G16", "EML5", "SOAT1", "FAR2", "STAM2", "ABCG2", "TMEM87A", "CALCRL", "UBA5", "HMMR", "HIGD1A", "MTMR6", "C1ORF112", "APH1B", "MED30", "PODXL", "FAM83B", "PLK4", "FANCI", "CEP112", "TGFB3", "EPHX4", "NMI", "GPN3", "SLC16A13", "PKIB", "DAB2", "EHD4", "NCEH1", "SNORD25", "REL", "DNAL1", "CCNJL", "ARHGAP11A", "ZNF253", "COX7B", "ABCD3", "CAB39L", "ZNF43", "PCTP", "SGOL2", "NFKBIZ", "MFSD1", "QSOX1", "ACADM", "ELOVL3", "FAHD2A", "NAALADL2", "ARL4A", "DDAH1", "ANG", "SLC25A4", "FRRS1", "LUZP2", "C1QTNF9B-AS1", "SYNPO2", "SEMA3A", "HSD17B11", "OGFRL1", "SNX25", "ZNF506", "TIFA", "RUNX1T1", "SLC12A2", "ZNF100", "PCDH9", "MBOAT1", "ZNF804A", "SORL1", "DHRS3", "CENPE", "DHRS7", "CENPH", "MORN2", "ZNF737", "CCNYL1", "CHPT1", "SEC24D", "KCNK2", "CENPQ", "FRK"]}