{"GGCACAT,MIR-455": ["SEMA4G"], "CCACACA,MIR-147": ["INHBB"], "GTAAACC,MIR-299-5P": ["MAP3K8"], "TACAATC,MIR-508": ["HOXA1"], "CCAGGTT,MIR-490": ["NRIP1"], "AGTTCTC,MIR-146A,MIR-146B": ["RARB"], "ACAACCT,MIR-453": ["HOXA4"], "GTGTGAG,MIR-342": ["HOXB8"], "TAGAACC,MIR-182": ["HOXB4"], "GGGATGC,MIR-324-5P": ["LMX1A"], "GTAAGAT,MIR-200A": ["CHD7"], "AAGTCCA,MIR-422B,MIR-422A": ["NT5E"], "CAAGGAT,MIR-362": ["LHX4"], "GTACAGG,MIR-486": ["PIM1"], "ACCAATC,MIR-509": ["PCDHA10"], "ACATATC,MIR-190": ["CHD7"], "TAGGTCA,MIR-192,MIR-215": ["NRIP1"], "CAGTCAC,MIR-134": ["SMAD6"], "TTCCGTT,MIR-191": ["FOXP1"], "TCTAGAG,MIR-517": ["HOXA4"]}