{"AGTCAGC,MIR-345": ["ABCD3"], "CCACACA,MIR-147": ["STC1"], "AGTCTAG,MIR-151": ["CACNB4"], "GGTAACC,MIR-409-5P": ["FAM46C"], "CACGTTT,MIR-302A": ["DACH1"], "AGGAGTG,MIR-483": ["SYNPO2"], "GTAGGCA,MIR-189": ["MTSS1"], "GTCAACC,MIR-380-5P": ["MICAL2"], "GTGTGAG,MIR-342": ["SEPT3"], "AAGTCCA,MIR-422B,MIR-422A": ["KIF14"], "TCCCCAC,MIR-491": ["STC1"], "GTACAGG,MIR-486": ["AFF3"], "CTCTATG,MIR-368": ["DACH1"], "CCCACAT,MIR-299-3P": ["RUNX1T1"], "GACAGGG,MIR-339": ["PODXL"], "ATGCACG,MIR-517B": ["NR4A3"], "GGGATGC,MIR-324-5P": ["SEPT3"], "ACAACCT,MIR-453": ["NR4A3"], "AGCGCAG,MIR-191": ["HMGB1"], "CCATCCA,MIR-432": ["SOX2"]}