{"POLR2A_lung_mm9": ["RGS16", "SYNPO2", "PDE3B", "NTN4", "RPS27L", "NEDD9", "AKAP5", "IFI30", "SOX2", "OGFRL1", "GRB14", "MFSD1", "TSPAN2", "PLK4", "SLC12A2", "MYLIP", "GDF15", "FAM46C", "DHRS3", "MTSS1", "GPN3", "NCEH1", "HYLS1", "STAM2", "MPHOSPH6"], "USF1_SK-N-SH_hg19": ["LGALS3BP", "CCDC167", "TMEM87A", "ZNF253", "MRPS36", "C1QTNF9B-AS1", "SYNPO2", "INSIG1", "NPL", "HIGD1A", "SOX2", "DACH1", "FAM174B", "ERI1", "MFSD1", "QSOX1", "ST3GAL1", "WLS", "FANCI", "GK", "NPY1R", "FBXO32", "CENPE", "ZNF90", "ARL4A", "ZNF92", "SOAT1", "PPP1R3C", "ZNF737", "CCNYL1", "ZNF799", "MAPRE2", "MEGF9"], "POLR2A_ES-Bruce4_mm9": ["ARHGAP11A", "PLK4", "SLC12A2", "MYLIP", "CENPW", "STARD3NL", "FAM46C", "CAB39L", "RGS16", "SYNPO2", "INSIG1", "PDE3B", "AKAP5", "IFI30", "NUDT4", "SOX2", "ACER2", "PPP1R3C", "FLRT3", "HYLS1", "MTFR2", "STAM2", "MAD2L1", "MPHOSPH6"], "GABPA_MEL cell line_mm9": ["TSPAN5", "GCLM"], "POLR2A_GM19193_hg19": ["PTPN18", "GK", "GDF15", "KIAA1324L", "KIF14", "ZNF804A", "GGH", "NEDD4L", "ESCO2", "HSD17B11", "WDR76", "FAHD2A", "GPN3", "SGOL2", "CACNB4", "DUSP10", "MED30", "NUF2", "NFKBIZ", "SNORD25", "ZNF799", "CENPQ", "DNAL1", "MPHOSPH6"], "POLR2A_IMR-90_hg19": ["PTPN18", "TMEM87A", "COX7B", "LXN", "GDF15", "SYNPO2", "KIF14", "GPATCH2", "GGH", "PYGL", "HSD17B11", "GPN3", "DOCK10", "ZDBF2", "OGFRL1", "SGOL2", "DUSP10", "ERI1", "SNX25", "CCNYL1", "MFSD1", "QSOX1", "PTGES", "MPHOSPH6"], "RELA_GM10847_hg19": ["LYN", "DUSP4", "TMEM87A", "MYLIP", "STARD3NL", "CAB39L", "IDH1", "INSIG1", "NMI", "AFF3", "SAT1", "GPN3", "PKIB", "DUSP10", "NUF2", "TIFA", "NFKBIZ", "REL", "HIST1H2BF", "SLC39A8", "ACADM", "CLSPN", "MAD2L1", "MB21D1"], "USF2_H1-hESC_hg19": ["LYN", "LGALS3BP", "ZNF100", "CCDC167", "ZNF253", "LXN", "STARD3NL", "INSIG1", "IFI30", "FBXO32", "ZNF90", "ZNF92", "SOAT1", "FAM174B", "RP2", "GPR160", "PLBD1", "QSOX1", "SAMD12", "LMCD1", "SFXN5", "FAM83B", "WLS", "ZNF486"], "MAX_K562_hg19": ["ARHGAP11A", "TMEM87A", "ZNF253", "SNORD45A", "C1QTNF9B-AS1", "RGS16", "INSIG1", "DOCK8", "PDE3B", "KIF14", "RPS27L", "NPL", "LACTB", "FAM174B", "ERI1", "TIFA", "NFKBIZ", "MFSD1", "SLC39A8", "LMCD1", "PHLDA1", "GDF15", "ELOVL2", "ELOVL3", "ZNF804B", "NPY1R", "GGH", "MICAL2", "ESCO2", "FBXO32", "WDR76", "GPN3", "ARL4A", "NCEH1", "ZNF92", "CENPH", "RP2", "SYT10", "CCDC88C", "SNORD25", "CCNYL1", "CENPQ", "MAPRE2", "CCNO", "DNAL1", "MEGF9", "MPHOSPH6"], "NANOG_H1-hESC_hg19": ["TSKU", "RPRM"], "NRF1_GM12878_hg19": ["CCDC167", "CAB39L", "RGS16", "INSIG1", "HMGB1", "SAT1", "RERG", "MTMR6", "DUSP10", "HEY2", "CLSPN", "SAMD12", "LMCD1", "PHLDA1", "MB21D1", "ZNF100", "AXIN2", "ESCO2", "FBXO32", "SORL1", "ACER2", "ZNF799", "ANG", "SEC24D", "CDKN3"], "POLR2A_GM18526_hg19": ["OAT", "STARD3NL", "DOCK8", "KIF14", "GGH", "ESCO2", "HSD17B11", "FAHD2A", "GPN3", "OGFRL1", "SGOL2", "KIF18A", "DUSP10", "ZNF92", "MED30", "ZNF726", "NUF2", "PBK", "ZNF799", "SLC25A4", "DNAL1", "MAD2L1", "MPHOSPH6", "ZNF486"], "IRF1_K562_hg19": ["LGALS3BP", "CCDC167", "COX7B", "CAB39L", "PDE3B", "ZNF43", "SAT1", "SGOL2", "DUSP10", "ZNF726", "NUF2", "TNFSF10", "SLC39A8", "CA8", "MYLIP", "ZNF681", "STARD3NL", "FAHD2A", "ZNF92", "SOAT1", "RP2", "ZNF714", "ZNF799", "SLC25A4", "ZNF675", "PTGES", "TMEM87A", "OAT", "CHRNA5", "INSIG1", "HMMR", "ERI1", "TIFA", "PLK4", "ZNF100", "PTPN18", "CENPW", "GDF15", "FAM46C", "MBOAT1", "MICAL2", "NMI", "GPN3", "ACER2", "KIF18A", "DHRS7", "MORN2", "SNORD25", "CENPQ", "ZNF257", "DNAL1", "MEGF9", "MPHOSPH6", "CDKN3"], "POLR2A_GM18951_hg19": ["PTPN18", "ABCC4", "ABCD3", "OAT", "GK", "GDF15", "KIAA1324L", "KIF14", "GGH", "NEDD4L", "ZNF43", "ESCO2", "HSD17B11", "FAHD2A", "GPN3", "SGOL2", "CACNB4", "MED30", "NUF2", "PBK", "CHPT1", "RIMKLA", "SLC25A4", "DNAL1"], "POLR2A_MEL cell line_mm9": ["ARHGAP11A", "COX7B", "ABCD3", "DOCK8", "PDE3B", "NUDT4", "LACTB", "DUSP10", "PBK", "MFSD1", "QSOX1", "SLC39A8", "DLEU2", "MB21D1", "MYLIP", "ABCC4", "STARD3NL", "ELOVL3", "WDR76", "PLA2G16", "EML5", "SOAT1", "SGK3", "PPARG", "STAM2", "SLC25A4", "CCNO", "PRPS1", "MRPS36", "INSIG1", "RPS27L", "NEDD4L", "HIGD1A", "MTMR6", "OGFRL1", "APH1B", "TSPAN2", "RUNX1T1", "FANCI", "SLC12A2", "PTPN18", "CENPW", "TGFB3", "MBOAT1", "GPN3", "ACER2", "CENPE", "KIF18A", "DHRS7", "NCEH1", "SYT10", "HYLS1", "CHPT1", "SEC24D", "MAD2L1", "CDKN3"], "SMC3_GM12878_hg19": ["PLK4", "ZNF100", "ZNF253", "CALCRL", "LXN", "GDF15", "RGS16", "ELOVL3", "RPS27L", "RERG", "DOCK10", "PKIB", "ARL4A", "NCEH1", "SOAT1", "MED30", "FLRT3", "ERI1", "TIFA", "SAMD12", "SLC27A2", "SLC25A4", "DNAL1", "MB21D1"], "MXI1_MEL cell line_mm9": ["CCDC167", "ABCC4", "COX7B", "ABCD3", "OAT", "FAM46C", "TGFB3", "UBA5", "NEDD4L", "HMMR", "PYGL", "GPN3", "DHRS7", "CCDC88C", "TSPAN5", "MFSD1", "SC5D", "QSOX1", "DLEU2", "SEC24D", "PHLDA1", "CENPQ", "CCNO", "MAD2L1"], "JUND_T47D_hg19": ["LMCD1", "NAALADL2"], "POLR2A_limb_mm9": ["LYN", "SLC12A2", "MYLIP", "FARP1", "CALCRL", "LXN", "CENPW", "SYNPO2", "INSIG1", "NRK", "DOCK8", "PDE3B", "RPS27L", "PCTP", "NPL", "AKAP5", "ZDBF2", "DUSP10", "PPP1R3C", "PODXL", "MTFR2", "STAM2", "SLC25A4", "RPRM"], "REST_HL-60_hg19": ["ELOVL2", "HPCA"]}