{"H3K27ac_astrocyte_hg19": ["CCDC167", "TMEM87A", "GPATCH2", "MGST2", "ZNF43", "HSD17B11", "CDC14B", "OGFRL1", "MED30", "NUF2", "MFSD1", "MB21D1", "SYT1", "IDH1", "HIST1H2AJ", "ZNF804A", "GGH", "NMI", "CENPH", "CCNYL1", "BMPR1B", "GCLM", "CENPQ", "DNAL1", "MAD2L1", "MPHOSPH6"], "H3K27ac_osteoblast_hg19": ["LGALS3BP", "TMEM87A", "SNORA62", "CALCRL", "ABCD3", "SYNPO2", "GPATCH2", "ZNF43", "HSD17B11", "IFI30", "DUSP10", "APH1B", "FLRT3", "SNX25", "NUF2", "TNFSF10", "MFSD1", "EDARADD", "TGFB3", "ELOVL3", "NMI", "ESCO2", "CENPH", "PSG5", "CCNYL1", "FRK"], "H3K4me3_bone marrow macrophage_mm9": ["ARHGAP11A", "OAT", "CLSTN2", "RGS16", "SYNPO2", "LAMA3", "GPATCH2", "NTN4", "NPL", "AKAP5", "AREG", "FLRT3", "ST8SIA6", "SAMD12", "RPRM", "RUNX1T1", "SLC14A1", "CEP112", "ELOVL3", "EPHX4", "ACER2", "SYT10", "PLBD1", "SEC24D", "SLC27A2", "MEGF9", "MAD2L1"], "H3K27ac_CD14-positive monocyte_hg19": ["CCDC167", "PRPS1", "ABCD3", "SEMA3A", "GPATCH2", "ZNF43", "NUDT4", "SGOL2", "DACH1", "ZNF726", "NUF2", "SLC39A8", "PLK4", "FANCI", "PTPN18", "GGH", "HTR3D", "ESCO2", "KIF18A", "ARL4A", "CENPH", "CCNYL1", "ZNF799", "ZNF257", "DNAL1"], "H3K9ac_mammary epithelial cell_hg19": ["ARHGAP11A", "LGALS3BP", "ZNF253", "CALCRL", "LAMA3", "LINC00052", "KIF14", "NPY1R", "MBOAT1", "NMI", "HSD17B11", "FAHD2A", "SLC16A13", "EML5", "APH1B", "GRB14", "CENPH", "SNX25", "MORN2", "NUF2", "CENPQ", "DNAL1", "MB21D1", "ZNF486"], "H3K27ac_ES-E14_mm9": ["ABCD3", "LXN", "MRPS36", "CAB39L", "UBA5", "GPATCH2", "RPS27L", "IFI30", "ZDBF2", "ERI1", "RGS22", "CEP112", "IDH1", "SORL1", "MTSS1", "CENPE", "DHRS7", "CENPH", "SLCO4C1", "RRAGD", "HIST1H2BF", "HYLS1", "MTFR2", "SLC25A4", "MPHOSPH6"], "H4K20me1_H1-hESC_hg19": ["SNORA62", "ABCD3", "CLSTN2", "COL12A1", "HIGD1A", "CXCL14", "PTHLH", "HS6ST3", "DOCK10", "SNX25", "HEY2", "CYP1B1", "QSOX1", "ST3GAL1", "RPRM", "CENPW", "ELOVL3", "ZNF804B", "MICAL2", "FBXO32", "ACER2", "NR4A3", "DDAH1", "PPARG", "ANG", "MAPRE2"], "H2AFZ_osteoblast_hg19": ["CCDC167", "PTPN18", "CSTA", "MRPS36", "RGS16", "DOCK8", "ELOVL3", "ZNF804A", "RPS27L", "ZNF43", "NT5C2", "RERG", "EML5", "SGOL2", "NR4A3", "DACH1", "CENPH", "MORN2", "SLCO4C1", "CHPT1", "RGS22", "ZNF257", "ABCG2", "MPHOSPH6"], "H3K4me3_myocyte_mm9": ["FANCI", "CCDC167", "TMEM87A", "CEP112", "SYNPO2", "UBA5", "CXCR4", "NMI", "HSD17B11", "FAHD2A", "GPN3", "CDC14B", "DHRS7", "APH1B", "CENPH", "NUF2", "NFKBIZ", "PMP22", "HYLS1", "CLSPN", "MTFR2", "SAMD12", "CENPQ", "MB21D1"], "H4K20me1_B cell_hg19": ["SNORA62", "MRPS36", "C1QTNF9B-AS1", "HMGB1", "IFI30", "HIGD1A", "NT5C2", "SAT1", "LACTB", "ERI1", "SNX25", "HEY2", "DLEU2", "PHLDA1", "MB21D1", "DUSP4", "SLC12A2", "GDF15", "GPN3", "SNORD25", "HIST1H2BF", "CCNYL1", "CENPQ", "CCNO", "MAD2L1"], "H3K4me3_G1E_mm9": ["TMEM87A", "CLSTN2", "INSIG1", "UBA5", "GPATCH2", "NT5C2", "CXCL14", "LACTB", "APH1B", "ERI1", "HEY2", "TNFSF10", "MFSD1", "SC5D", "QSOX1", "DLEU2", "PTPN18", "FARP1", "STARD3NL", "NMI", "GPN3", "ACER2", "EHD4", "SLCO4C1", "GPR160", "RRAGD", "REL", "HYLS1", "CENPQ", "SDK2", "CCNO"], "H3K27ac_H1-hESC_hg19": ["ARHGAP11A", "CCDC167", "CALCRL", "ABCD3", "CAB39L", "DOCK8", "HMGB1", "CDC14B", "GRB14", "FAM174B", "NFKBIZ", "PBK", "ACADM", "FARP1", "NPY1R", "FAHD2A", "KIF18A", "CENPH", "FABP6", "REL", "SGK3", "GCLM", "SLC25A4", "CENPQ", "DNAL1", "MAD2L1"], "H2AFZ_HeLa-S3_hg19": ["COX7B", "CALCRL", "SYNPO2", "KIF14", "NT5C2", "OGFRL1", "NUF2", "TNFSF10", "MFSD1", "QSOX1", "SLC12A2", "ABCC4", "MBOAT1", "GGH", "NMI", "FBXO32", "FAHD2A", "NAALADL2", "EML5", "SOAT1", "CENPH", "PPP1R3C", "MORN2", "HIST1H2BF", "ZNF675", "DNAL1"], "H2AFZ_CD14-positive monocyte_hg19": ["FANCI", "LGALS3BP", "CSTA", "OAT", "RGS16", "GCNT1", "HRASLS2", "NTN4", "C9ORF66", "ZNF43", "PCTP", "HMGB1", "HIGD1A", "TARP", "NUDT4", "OGFRL1", "DUSP10", "DDAH1", "CENPH", "ZNF726", "CHPT1", "PLCH1", "SEC24D", "FRK"], "H2AFZ_T-cell acute lymphoblastic leukemia_hg19": ["ARHGAP11A", "CCDC167", "COX7B", "RGS16", "KIF14", "NEDD9", "NEDD4L", "ARRB1", "AKAP5", "SAT1", "LACTB", "SGOL2", "DUSP10", "DACH1", "ERI1", "ZNF506", "NUF2", "SLC39A8", "RIMKLA", "PHLDA1", "FANCI", "FAHD2A", "CENPH", "MORN2", "MPHOSPH6", "CDKN3"], "H3K79me2_endothelial cell of umbilical vein_hg19": ["CCDC167", "ZNF253", "CHRNA5", "CAB39L", "C1QTNF9B-AS1", "LAMA3", "CXCR4", "PYGL", "HSD17B11", "LACTB", "GRB14", "NFKBIZ", "MB21D1", "PCDH9", "GK", "ESCO2", "WDR76", "FAHD2A", "GPN3", "SLC16A13", "CENPH", "HIST1H2BF", "SGK3", "SLC25A4", "DNAL1"], "H3K4me3_T-cell acute lymphoblastic leukemia_hg19": ["TMEM87A", "CALCRL", "SNORD45A", "SEMA3A", "NEDD4L", "HMMR", "PYGL", "AKAP5", "FAM105A", "TSKU", "APH1B", "PODXL", "NFKBIZ", "QSOX1", "GK", "ACSL1", "MICAL2", "FBXO32", "WDR76", "FAHD2A", "SEPT3", "SLC16A13", "MORN2", "SNORD25", "CCNO"], "H3K27ac_K562_hg19": ["C1QTNF9B-AS1", "ZNF43", "HMMR", "CDC14B", "LACTB", "MED30", "ZNF726", "NUF2", "QSOX1", "SPINK4", "NPY1R", "MBOAT1", "GGH", "AXIN2", "KIF18A", "DAB2", "EHD4", "NCEH1", "CENPH", "MORN2", "CCNYL1", "CHPT1", "ZNF799", "CENPQ", "MPHOSPH6"], "H3K9ac_myotube_hg19": ["ABCD3", "C1QTNF9B-AS1", "SEMA3A", "KIF14", "GPATCH2", "HSD17B11", "CDC14B", "APH1B", "FAM174B", "PBK", "MFSD1", "QSOX1", "PLK4", "PTPN18", "PCDH9", "GK", "GGH", "NMI", "AXIN2", "FAHD2A", "DHRS3", "CENPE", "REL", "CCNYL1", "FRK", "DNAL1"], "H3K4me3_small intestine_mm9": ["ARHGAP11A", "CALCRL", "CLSTN2", "LAMA3", "NPL", "AKAP5", "HSD17B11", "AREG", "CDC14B", "GRB14", "FLRT3", "TIFA", "PBK", "TSPAN2", "RGS22", "SAMD12", "RPRM", "PPFIA2", "SLC14A1", "CENPW", "ELOVL3", "HIST1H2BF", "MTFR2", "STAM2", "SLC25A4"]}