{"SPI1-22790984-ERYTHROLEUKEMIA-MOUSE": ["CAMK1D", "BTG1", "ATP8A1", "GPR56", "USP2", "CBFA2T3", "RAB32", "MOV10", "FXYD4", "MTHFD1L", "ID1", "ARHGDIB", "RARA", "PDCD4", "ID3", "STK38L", "SPIRE1", "JUNB"], "CREB1-20920259-GC1-SPG-MOUSE": ["ERRFI1", "DOCK5", "FAM49B", "CDKN1A", "PTPRS", "BTG1", "AHNAK", "PIK3R1", "THADA", "CYR61", "ZFP36L2", "CTGF", "PTMS", "PREX1", "MTHFD1L", "PMEPA1", "STK38L", "FLNB", "CHAC1", "JUNB", "GARNL3", "KLF10", "EGR1", "TCF7L2", "PCID2", "DUSP1", "USP2", "FN1", "WDR78", "L1CAM", "BMP7", "MYO1B", "ID1", "ZYX", "RARA", "PKP1"], "FLI1-20887958-HPC-7-MOUSE": ["SLFN5", "CDKN1A", "TES", "GPR56", "EYA2", "CITED2", "ARMC9", "CMBL", "THADA", "WDR78", "CELSR2", "RSPH1", "PALLD", "ZYX", "RARA", "ID3", "CDH24", "TGM2", "S100A10"], "E2F4-21247883-LYMPHOBLASTOID-HUMAN": ["FANK1", "ERRFI1", "PFKFB3", "BTG1", "AHNAK", "ZDHHC7", "ASCL1", "RASGRP1", "PTMS", "IGF1R", "EFNB2", "KIAA0513", "FGGY", "MAN2A2", "KIAA1324", "CHAC1", "CTSD", "PCID2", "CAMK1D", "ANXA2", "PLLP", "USP2", "SAMD4A", "WDR78", "MOV10", "TMEM159", "PACS1", "ID3"], "CREB1-23762244-HIPPOCAMPUS-RAT": ["KLF10", "EGR1", "CDKN1A", "PCID2", "STARD4", "BTG1", "MBNL2", "CITED2", "DUSP1", "USP2", "THADA", "ASCL1", "ZFP36L2", "PTMS", "SMAD7", "EFNB2", "TOM1L2", "ID2", "ID1", "ID3", "CHAC1", "FILIP1L", "JUNB"], "FLI1-21571218-MEGAKARYOCYTES-HUMAN": ["FANK1", "DOCK5", "FAM49B", "CDKN1A", "TES", "BTG1", "ATP8A1", "CITED2", "ZDHHC7", "CELSR2", "C9ORF106", "IGF1R", "PREX1", "EPB41L4A", "RASGEF1B", "ARHGDIB", "GRB10", "ITGB6", "TIMP1", "JUNB", "CTSD", "TNS3", "PRKG1", "C3ORF58", "BCAS1", "KLF10", "STARD4", "CDKL5", "IGFBP5", "DUSP1", "HEG1", "DIO2", "CBFA2T3", "MSL1", "RAB32", "RCN1", "RAB31", "RARA", "C9ORF3", "ZP3", "MFGE8", "SHANK2", "SLC29A3", "RBMS2", "PFKFB3", "DLX3", "AHNAK", "RHOBTB3", "PIK3R1", "THADA", "FSTL4", "ZFP36L2", "SCUBE2", "EFNB2", "KIAA0513", "MTHFD1L", "ST3GAL5", "STK38L", "BAK1", "SASH1", "YARS", "GABBR2", "AKIRIN2", "EGR1", "TGFB1", "GSN", "MAP3K1", "FAM189A2", "SAMD4A", "ASNS", "NBEAL2", "ASS1", "HIPK2", "MYO1B", "RSPH1", "SLC6A9", "SLCO3A1", "ID3", "SNAI2", "SPIRE1", "ZNF778", "AMOTL1", "BCOR"], "SPI1-23547873-NB4-HUMAN": ["DOCK5", "FAM49B", "CDKN1A", "BTG1", "MAML2", "CITED2", "SDC2", "RHOBTB3", "PIK3R1", "CNN2", "MFSD6", "FGGY", "ARHGDIB", "STK38L", "PHGDH", "JUNB", "C3ORF58", "OR1F2P", "YARS", "KLF10", "AKIRIN2", "GSN", "CAMK1D", "MAP3K1", "ANXA1", "DUSP1", "ARMC9", "ARAP2", "NBEAL2", "CBFA2T3", "MSL1", "RAB32", "ID3", "C9ORF3"], "FOXP1-21924763-HESC-HUMAN": ["FANK1", "FAM49B", "OXTR", "BTG1", "SYCP2", "MAML2", "UPK2", "CITED2", "RAB3D", "CELSR2", "CLDN1", "CYR61", "C9ORF106", "CTGF", "PTMS", "IGF1R", "CCND1", "ENC1", "PMEPA1", "CHAC1", "C3ORF58", "GARNL3", "RNF43", "PLLP", "DUSP1", "WDR78", "DKK1", "CLDN9", "PACS1", "RARA", "TYRO3", "MFGE8", "DBN1", "PFKFB3", "AHNAK", "ZFP36L2", "EFNB2", "CNN2", "ABLIM3", "CDH24", "S100A14", "FILIP1L", "SASH1", "YARS", "GABBR2", "EGR1", "TCF7L2", "GSN", "GPR56", "ASNS", "KLHL4", "MYO1B", "ID2", "ID1", "ID3", "AMOTL1"], "TAL1-20887958-HPC-7-MOUSE": ["ERRFI1", "EGR1", "CDKN1A", "TGFB1", "BTG1", "GPR56", "CITED2", "DUSP1", "ARMC9", "SHROOM3", "SEPW1", "THADA", "CBFA2T3", "ZFP36L2", "MSL1", "CNN2", "PALLD", "ENC1", "ZYX", "STAT4", "JUNB"], "KDM5B-21448134-MESC-MOUSE": ["DOCK5", "FAM49B", "DLX3", "ST6GALNAC2", "RAB3D", "DNAJC22", "SGMS2", "HOXC13", "THADA", "RASGRP1", "EFNB2", "MTHFD1L", "GRB10", "FLNB", "TNS3", "SASH1", "BCAS1", "YARS", "GPR39", "AKIRIN2", "RNF43", "PCID2", "STARD4", "MBNL2", "MME", "GPR56", "PLEKHA2", "SFMBT2", "USP2", "FN1", "ASNS", "HIPK2", "TOM1L2", "NR5A2", "PALLD", "PAX9", "RARA", "PDCD4", "CPE", "TRIB2"], "ASH2L-23239880-MESC-MOUSE": ["ERRFI1", "DOCK5", "FAM49B", "BTG1", "CCDC89", "MAML2", "CCDC146", "PTPN21", "SEPW1", "ZDHHC7", "SGMS2", "PIK3R1", "FSTL4", "SELENBP1", "EFNB2", "FGGY", "CCND1", "MTHFD1L", "FAM110B", "ENC1", "SMYD2", "FLNA", "TNS3", "BCAS1", "YARS", "GTF2A1L", "AKIRIN2", "EGR1", "EDN1", "CAMK1D", "MME", "MSX2", "PLEKHA2", "SFMBT2", "HEG1", "FAM189A2", "ASNS", "SMAD7", "TOM1L2", "RCN1", "NR5A2", "TMEM159", "ID4", "RAPGEF2", "BCOR", "RIN2", "RBMS2"], "E2F1-18555785-MESC-mouse": ["DOCK5", "CDKN1A", "PFKFB3", "ST6GALNAC2", "AHNAK", "CITED2", "SEPW1", "CRIP2", "PIK3R1", "CYR61", "ZFP36L2", "CTGF", "CCND1", "MTHFD1L", "DSE", "FLNA", "CHAC1", "TIMP1", "BAK1", "JUNB", "CTSD", "TNS3", "SASH1", "S100A10", "YARS", "KLF10", "EGR1", "STARD5", "CDKL5", "ANXA2", "PLLP", "DUSP1", "FN1", "ASS1", "SMAD7", "MOV10", "MYO1B", "RCN1", "SLC6A9", "TMEM159", "ID2", "B3GNT5", "ID1", "ID3"], "CREM-20920259-GC1-SPG-MOUSE": ["ERRFI1", "FAM49B", "CDKN1A", "PTPRS", "TES", "BTG1", "ST6GALNAC2", "SYCP2", "ATP8A1", "CCDC89", "RAB3D", "ZDHHC7", "CYR61", "PTMS", "CXCL16", "PREX1", "CCND1", "RASGEF1B", "GRB10", "PMEPA1", "JUNB", "KLF10", "PCID2", "STARD4", "CAMK1D", "CDKL5", "IGFBP5", "DUSP1", "HEG1", "USP2", "ARAP2", "CBFA2T3", "MSL1", "TOM1L2", "PACS1", "RHOBTB3", "SEPW1", "CRIP2", "PRICKLE1", "THADA", "FSTL4", "ZFP36L2", "EFNB2", "ABLIM3", "DNAJB3", "SMYD2", "ST3GAL5", "PLXNA1", "STK38L", "FILIP1L", "SASH1", "CACNG4", "YARS", "AKIRIN2", "EGR1", "TCF7L2", "CDKN2B", "MAP3K1", "EYA2", "FN1", "ASNS", "HIPK2", "MOV10", "RSPH1", "TMEM159", "ID2", "ID1", "ID4", "PDCD4"], "REST-21632747-MESC-MOUSE": ["PCSK2", "SYCP2", "RAB3D", "CRIP2", "ABAT", "FSTL4", "ABLIM3", "SLITRK1", "ENC1", "GRB10", "TNS3", "GARNL3", "CDKN2B", "EDN1", "EYA2", "FZD4", "ARAP2", "ASNS", "L1CAM", "MSL1", "MOV10", "NAV3", "ID4", "RAPGEF2", "ID3", "BCOR", "SHANK2"], "MYC-19030024-MESC-mouse": ["CDKN1A", "PFKFB3", "DLX3", "ST6GALNAC2", "CITED2", "CRIP2", "CYR61", "ZFP36L2", "IGF1R", "CCND1", "MTHFD1L", "ENC1", "SMYD2", "GRB10", "PHGDH", "JUNB", "CTSD", "YARS", "KLF10", "TCF7L2", "PCID2", "MAP3K1", "PLLP", "FN1", "SHROOM3", "ASNS", "BMP7", "ASS1", "SMAD7", "RSPH1", "RAB31", "SLC6A9", "ID2", "ID3", "TRIB2"], "SRY-25088423-EMBRYONIC GONADS-MOUSE": ["CLIC3", "ST6GALNAC2", "ATP8A1", "DNAJC22", "SEPW1", "CRIP2", "IFIT1", "RASGRP1", "CELSR2", "ZFP36L2", "PTMS", "LOXL2", "SCUBE2", "CNN2", "MFSD6", "NT5E", "DNAJB3", "S100A14", "CACNG4", "PRKG1", "PLXNA3", "RHBDF1", "KLF10", "PCID2", "GSN", "MAP3K1", "GPR56", "CAV2", "FN1", "KRT7", "L1CAM", "BMP7", "KLK11", "RAB31", "FXYD4", "SLCO3A1", "CLDN9", "CDH11", "SIDT1", "PDCD4", "DBN1"], "SIN3B-21632747-MESC-MOUSE": ["FANK1", "FAM49B", "CDKN1A", "SYCP2", "CCDC89", "CITED2", "HOXC13", "CELSR2", "PTMS", "IGF1R", "PREX1", "GRB10", "ITGB8", "JUNB", "CTSD", "TNS3", "GARNL3", "BCAS1", "EDN1", "MBNL2", "IGFBP5", "MSX2", "DUSP1", "SFMBT2", "USP2", "ARMC9", "ARAP2", "SHROOM3", "MSL1", "RAB32", "PAX9", "RARA", "TYRO3", "SLC29A3", "DNAJC22", "CRIP2", "PRICKLE1", "ASCL1", "MAN2A2", "MTHFD1L", "FLNB", "YARS", "CDKN2B", "MAP3K1", "EYA2", "ASNS", "L1CAM", "BMP7", "RSPH1", "ID2", "ID1", "ZYX", "ID4"], "FOXP1-22492998-STRATIUM-MOUSE": ["PCSK2"], "TET1-21451524-MESC-MOUSE": ["FANK1", "TES", "AHNAK", "CAV2", "UPK2", "DUSP1", "CAV1", "RAB3D", "DNAJC22", "SHROOM3", "ASS1", "ZFP36L2", "CXCL16", "THEG", "EFEMP1", "RAB31", "MALL", "FAM110B", "MGP", "CHAC1", "SLC29A3"], "TP63-17297297-HaCaT-human": ["CDKN1A", "BMP7"]}