{"HNF1B (human)": ["PIK3R1"], "NR2C2 (human)": ["PREX1"], "HNRNPK (human)": ["ID2"], "NFE2L2 (human)": ["SLC29A3"], "NFYB (human)": ["MME", "ID1"], "PDX1 (human)": ["NR5A2"], "NFIL3 (human)": ["NAV3"], "SP4 (human)": ["CCND1", "PLLP"], "TAL1::TCF3 (human)": ["RAPGEF2"], "SOX9 (human)": ["DIO2"], "ESR2 (mouse)": ["TRIB2"], "SMAD3 (human)": ["MFSD6"], "GABPA (human)": ["GABBR2"], "MXI1 (human)": ["C9ORF3"], "Hand1::Tcfe2a (mouse)": ["PREX1", "CDH24"], "SMAD3 (mouse)": ["TGM2"], "NME2 (human)": ["CAMK1D"], "TBX5 (human)": ["CLDN9", "BMP7"], "FOXM1 (human)": ["SLFN5"], "RORA_2 (human)": ["PFKFB3"]}