{"H3K36me3 CD4+ CD25- CD45RO+ Memory Primary Cells": ["MIR29C"], "H3K27ac Duodenum Smooth Muscle": ["FAM49B", "ATP8A1", "IFI6", "CRIP2", "THADA", "TMEM140", "IFIT1", "KIAA0513", "MFSD6", "EPB41L4A", "ZMAT1", "KIAA1324", "SMYD2", "FLNA", "YARS", "GPR39", "EGR1", "CDKN2B", "STARD4", "STARD5", "FAM189A2", "NBEAL2", "KLHL4", "NPNT", "MOV10", "TOM1L2", "RCN1", "RAB31", "SLC6A9", "PACS1", "MALL", "ID4", "SPIRE1", "ZNF778", "RIN2"], "H3K9me3 Brain Cingulate Gyrus": ["PAX9"], "H4K8ac IMR90": ["FANK1", "FAM49B", "OXTR", "PTPRS", "ATP8A1", "CCDC89", "CITED2", "NAB1", "KRT23", "PTPN21", "ZDHHC7", "ABCA12", "TMEM140", "IFIT1", "CLDN1", "CTGF", "PTMS", "MFSD6", "CCND1", "DSE", "GRB10", "PMEPA1", "CTSD", "TGM2", "RHBDF1", "KLF10", "GPR39", "EDN1", "STARD4", "CAMK1D", "ANXA1", "MME", "MSX2", "ANXA3", "DUSP1", "HEG1", "KRT7", "CMBL", "WDR78", "MSL1", "RCN1", "RAB31", "PACS1", "TYRO3", "GPR126", "C9ORF3", "ZP3", "TRIB2", "SLC29A3", "RBMS2", "DBN1", "SLFN5", "PFKFB3", "DNAJC22", "IFI6", "SEPW1", "SGMS2", "PIK3R1", "PRICKLE1", "THADA", "THBS1", "SELENBP1", "KIAA0513", "FGGY", "SMYD2", "STK38L", "FILIP1L", "SASH1", "PLXNA3", "YARS", "OSBPL6", "MAP3K1", "EYA2", "FZD4", "PLEKHA2", "TFPI2", "FN1", "ASNS", "NBEAL2", "MOV10", "PGM5P2", "RSPH1", "SLC6A9", "SLCO3A1", "TMEM159", "ID2", "MGP", "ZYX", "ID4", "ID3", "SNAI2", "SPIRE1", "ZNF778", "AMOTL1", "BCOR"], "H3K9me3 Bone Marrow Derived Mesenchymal Stem Cell Cultured Cells": ["CITED2", "PAX9"], "H3K36me3 Peripheral Blood Mononuclear Primary Cells": ["CITED2", "MIR1287"], "H3K27ac Mobilized CD34 Primary Cells": ["DOCK5", "FAM49B", "TES", "BTG1", "ATP8A1", "CITED2", "NAB1", "ZDHHC7", "IFIT1", "C9ORF106", "PTMS", "IGF1R", "MFSD6", "RASGEF1B", "ARHGDIB", "DSE", "ENC1", "ITGB8", "PHGDH", "CHAC1", "TIMP1", "CTSD", "TNS3", "C3ORF58", "PCID2", "STARD4", "STARD5", "CAMK1D", "CDKL5", "ANXA1", "ANXA2", "DUSP1", "USP2", "CMBL", "WDR78", "CBFA2T3", "MSL1", "RAB32", "TOM1L2", "RCN1", "RAB31", "PACS1", "B3GNT5", "SIDT1", "C9ORF3", "MFGE8", "RBMS2", "SLFN5", "PFKFB3", "CCDC146", "RHOBTB3", "IFI6", "SEPW1", "CRIP2", "SGMS2", "THADA", "RASGRP1", "KIAA0513", "FGGY", "ZMAT1", "MTHFD1L", "STAT4", "SMYD2", "ST3GAL5", "YARS", "EGR1", "TCF7L2", "OSBPL6", "PLEKHA2", "FN1", "SAMD4A", "ASNS", "NBEAL2", "HIPK2", "SMAD7", "MOV10", "RSPH1", "SLCO3A1", "TMEM159", "ID2", "ID1", "ZYX", "ID3", "ZNF778", "AMOTL1"], "H3K4me3 Brain Cingulate Gyrus": ["FAM49B", "OXTR", "TES", "ATP8A1", "CCDC89", "NAB1", "ZDHHC7", "ABAT", "TMEM140", "CLDN1", "CTGF", "IGF1R", "CXCL16", "LOXL2", "CCND1", "LAMP3", "GRB10", "CHAC1", "JUNB", "TNS3", "TGM2", "RNF43", "PCID2", "STARD4", "STARD5", "MSX2", "USP2", "CMBL", "NPNT", "WDR78", "DKK1", "TOM1L2", "MALL", "PKP1", "AJUBA", "PFKFB3", "DLX3", "MAOB", "CCDC146", "DNAJC22", "THADA", "RASGRP1", "PPL", "SCUBE2", "MYCNOS", "FGGY", "ZMAT1", "MAP2", "SMYD2", "STK38L", "CDH24", "PLXNA3", "YARS", "OSBPL6", "CAV2", "FZD4", "TFPI2", "FN1", "ASNS", "BMP7", "MOV10", "PGM5P2", "SLC6A9", "ID2", "ID1", "SNAI2", "SPIRE1", "ZNF778", "AMOTL1", "ST6GALNAC2", "CYR61", "C9ORF106", "WISP2", "PTMS", "MFSD6", "EPB41L4A", "RASGEF1B", "TIMP1", "PRKG1", "GARNL3", "ABCC3", "KLF10", "GPR39", "CAMK1D", "ANXA1", "MME", "ANXA2", "ANXA3", "ZNF75D", "RCN1", "PACS1", "B3GNT5", "GPR126", "C9ORF3", "ZP3", "MFGE8", "RBMS2", "DBN1", "SLFN5", "IFI6", "SEPW1", "CRIP2", "SGMS2", "PRICKLE1", "ASCL1", "THBS1", "SELENBP1", "KIAA0513", "NT5E", "MTHFD1L", "KIAA1324", "STAT4", "GABBR2", "CDKN2B", "PLEKHA2", "FAM189A2", "SAMD4A", "HIPK2", "MYO1B", "GPR143", "RSPH1", "TMEM159", "MGP", "PDCD4"], "H3K27ac CD4 Memory Primary Cells": ["FAM49B", "CLIC3", "ATP8A1", "NAB1", "ZDHHC7", "ABAT", "TMEM140", "IFIT1", "CYR61", "C9ORF106", "PTMS", "IGF1R", "CXCL16", "MFSD6", "RASGEF1B", "LAMP3", "DSE", "ENC1", "PMEPA1", "CHAC1", "TIMP1", "CTSD", "C3ORF58", "TGM2", "PCID2", "STARD4", "STARD5", "CAMK1D", "CDKL5", "ANXA1", "MME", "ANXA2", "USP2", "ARMC9", "ARAP2", "ZNF75D", "RAB32", "TOM1L2", "RCN1", "RAB31", "IFI27", "PACS1", "TYRO3", "SIDT1", "C9ORF3", "MFGE8", "AJUBA", "SLC29A3", "RBMS2", "DBN1", "SLFN5", "CCDC146", "IFI6", "SEPW1", "CRIP2", "PIK3R1", "THADA", "SELENBP1", "KIAA0513", "NT5E", "FGGY", "ZMAT1", "MTHFD1L", "KIAA1324", "STAT4", "SMYD2", "ST3GAL5", "STK38L", "FLNB", "S100A10", "PLXNA3", "OR1F2P", "YARS", "AKIRIN2", "EGR1", "TCF7L2", "CDKN2B", "GSN", "OSBPL6", "FZD4", "PLEKHA2", "FN1", "SAMD4A", "ASNS", "NBEAL2", "HIPK2", "SMAD7", "RSPH1", "SLC6A9", "TMEM159", "ID2", "SPIRE1", "ZNF778", "AMOTL1"], "H3K27ac H9": ["ERRFI1", "FAM49B", "BTG1", "ATP8A1", "CITED2", "SEPW1", "THADA", "THBS1", "ZFP36L2", "CTGF", "PTMS", "FGGY", "EFEMP1", "CCND1", "MTHFD1L", "DSE", "ITGB8", "CHAC1", "SASH1", "C3ORF58", "YARS", "AKIRIN2", "STARD4", "ANXA3", "FZD4", "DUSP1", "CAV1", "USP2", "FN1", "SHROOM3", "ASNS", "KLHL4", "WDR78", "MOV10", "MYO1B", "RCN1", "RSPH1", "SLC6A9", "ZYX", "TYRO3", "PDCD4", "RAPGEF2", "BCOR", "MFGE8", "AJUBA", "DBN1"], "H3K14ac H9": ["FAM49B", "BTG1", "ATP8A1", "NAB1", "ZDHHC7", "CLDN1", "CYR61", "PTMS", "CXCL16", "LOXL2", "MFSD6", "EPB41L4A", "CCND1", "RASGEF1B", "FAM110B", "DSE", "GRB10", "ITGB8", "C3ORF58", "RHBDF1", "KLF10", "PCID2", "STARD4", "STARD5", "MME", "IGFBP5", "ARAP2", "CMBL", "RAB32", "THEG", "RCN1", "RAB31", "PACS1", "B3GNT5", "CDH11", "GPR126", "DBN1", "SLFN5", "RHOBTB3", "SGMS2", "PIK3R1", "THADA", "RASGRP1", "FSTL4", "KLK6", "SELENBP1", "NT5E", "FGGY", "ZMAT1", "MAN2A2", "SMYD2", "ST3GAL5", "STK38L", "FLNA", "CDH24", "AKIRIN2", "TGFB2", "OSBPL6", "CAV1", "FN1", "FAM189A2", "SAMD4A", "ASNS", "KLHL4", "BMP7", "HIPK2", "MOV10", "MYO1B", "RSPH1", "C10ORF82", "SLCO3A1", "TMEM159", "ID4", "CPE", "SPIRE1", "AMOTL1"], "H3K9me3 Brain Mid Frontal Lobe": ["MSX2"], "H3K36me3 CD8 Memory Primary Cells": ["ZFP36L2"], "H3K36me3 Breast vHMEC": ["RAPGEF2"], "H3K4me3 Adult Liver": ["DOCK5", "FAM49B", "PTPRS", "TES", "ST6GALNAC2", "ATP8A1", "NAB1", "ZDHHC7", "CTGF", "PTMS", "IGF1R", "CXCL16", "LOXL2", "MFSD6", "EPB41L4A", "CCND1", "LAMP3", "ITGB8", "CHAC1", "TIMP1", "GPR39", "PCID2", "STARD4", "CAMK1D", "CDKL5", "MME", "MSX2", "ANXA3", "PLLP", "DUSP1", "USP2", "NPNT", "DKK1", "TOM1L2", "RCN1", "RAB31", "IFI27", "PACS1", "B3GNT5", "CDH11", "TYRO3", "RAPGEF2", "C9ORF3", "ZP3", "MFGE8", "RBMS2", "DBN1", "SLFN5", "DLX3", "CCDC146", "DNAJC22", "IFI6", "SEPW1", "PRICKLE1", "THADA", "ASCL1", "RASGRP1", "PPL", "MYCNOS", "KIAA0513", "FGGY", "ZMAT1", "MTHFD1L", "MAP2", "SMYD2", "ST3GAL5", "STK38L", "CDH24", "CACNG4", "S100A10", "PLXNA3", "CDKN2B", "GSN", "OSBPL6", "EYA2", "FZD4", "TFPI2", "ASNS", "MOV10", "RSPH1", "SLC6A9", "SLCO3A1", "TMEM159", "ID1", "MGP", "ID4", "CPE", "SPIRE1", "AMOTL1"], "H3K27ac H1": ["FANK1", "ERRFI1", "DOCK5", "FAM49B", "ATP8A1", "NAB1", "PTPN21", "ZDHHC7", "ABAT", "CELSR2", "C9ORF106", "LOXL2", "EPB41L4A", "CCND1", "RASGEF1B", "DSE", "ENC1", "GRB10", "ITGB8", "CHAC1", "C3ORF58", "GARNL3", "KLF10", "RNF43", "PCID2", "STARD4", "CAMK1D", "CDKL5", "ANXA1", "MME", "ANXA2", "DUSP1", "SFMBT2", "HEG1", "KRT7", "CMBL", "WDR78", "RAB32", "RCN1", "PACS1", "B3GNT5", "SLC29A3", "RBMS2", "PFKFB3", "SDC2", "RHOBTB3", "PIK3R1", "THADA", "THBS1", "SELENBP1", "KIAA0513", "FGGY", "ZMAT1", "MTHFD1L", "SMYD2", "ST3GAL5", "CDH24", "FLNB", "SASH1", "PLXNA3", "EGR1", "OSBPL6", "MAP3K1", "FZD4", "PLEKHA2", "CAV1", "FN1", "FAM189A2", "SAMD4A", "ASNS", "BMP7", "HIPK2", "MOV10", "MYO1B", "GPR143", "RSPH1", "C10ORF82", "SLC6A9", "SLCO3A1", "TMEM159", "ZYX", "PDCD4", "ZNF778"], "H4K5ac IMR90": ["SERPINA3", "ATP8A1", "NAB1", "RAB3D", "ABCA12", "TMEM140", "IFIT1", "CELSR2", "CLDN1", "PTMS", "MFSD6", "DSE", "TIMP1", "CTSD", "KLF10", "GPR39", "EDN1", "STARD4", "ANXA3", "DUSP1", "CMBL", "WDR78", "MSL1", "RAB31", "PACS1", "CDH11", "RARA", "RAPGEF2", "C9ORF3", "TRIB2", "KRT80", "DNAJC22", "IFI6", "SEPW1", "PIK3R1", "PRICKLE1", "THADA", "THBS1", "KIAA0513", "SMYD2", "FLNA", "S100A14", "FILIP1L", "SASH1", "S100A10", "YARS", "AKIRIN2", "TGFB2", "MAP3K1", "FN1", "ASNS", "MOV10", "PGM5P2", "SLC6A9", "SLCO3A1", "TMEM159", "MGP", "ID3", "ZNF778", "AMOTL1"], "H3K9me3 Adipose Derived Mesenchymal Stem Cell Cultured Cells": ["OR1F2P"], "H3K36me3 Duodenum Smooth Muscle": ["MIR1287"], "H3K36me3 Brain Mid Frontal Lobe": ["WISP2"]}