{"CCACACA,MIR-147": ["BCOR"], "GTAAACC,MIR-299-5P": ["NAV3"], "TATCTGG,MIR-488": ["NAV3"], "CAGGTCC,MIR-492": ["DBN1"], "GTCGATC,MIR-369-5P": ["ID4"], "ATAACCT,MIR-154": ["TRIB2"], "TACAATC,MIR-508": ["ABLIM3"], "GGCAGAC,MIR-346": ["FSTL4"], "GCTGAGT,MIR-512-5P": ["PIK3R1"], "CTCTATG,MIR-368": ["MEF2C"], "TACGGGT,MIR-99A,MIR-100,MIR-99B": ["TRIB2"], "GTAGGCA,MIR-189": ["SLITRK1"], "TAGAACC,MIR-182": ["ZFP36L2"], "GTTAAAG,MIR-302B": ["PKP1"], "CCTGAGT,MIR-510": ["CAV1"], "ACAACCT,MIR-453": ["IFIT1"], "GGCACAT,MIR-455": ["EDN1"], "CACGTTT,MIR-302A": ["EYA2"], "TTCCGTT,MIR-191": ["EGR1"], "CCATCCA,MIR-432": ["PRKG1"]}