{"RFX5_K562_hg19": ["KLF10", "ERRFI1", "EGR1", "PCID2", "PTPRS", "BTG1", "MBNL2", "ANXA2", "CITED2", "DUSP1", "CCDC146", "ZDHHC7", "THADA", "CYR61", "SELENBP1", "MOV10", "CCND1", "ID2", "ID1", "ZYX", "C9ORF3"], "POLR2A_HepG2_hg19": ["ERRFI1", "DOCK5", "FAM49B", "CDKN1A", "PTPRS", "BTG1", "MAML2", "CITED2", "NAB1", "RAB3D", "ZDHHC7", "ABAT", "TMEM140", "CYR61", "PTMS", "CCND1", "FAM110B", "TIMP1", "JUNB", "CTSD", "C3ORF58", "ABCC3", "KLF10", "GPR39", "RNF43", "STARD5", "CDKL5", "MBNL2", "PLLP", "ARMC9", "ARAP2", "NPNT", "DKK1", "MSL1", "GPR126", "C9ORF3", "AJUBA", "RBMS2", "SLFN5", "KRT80", "SDC2", "RHOBTB3", "SEPW1", "PIK3R1", "THADA", "PPL", "SELENBP1", "ZMAT1", "STK38L", "CDH24", "S100A14", "BAK1", "S100A10", "PLXNA3", "EGR1", "TCF7L2", "CDKN2B", "IFITM10", "TGFB1", "FN1", "MYO1B", "ID2", "ID1", "ZYX"], "USF1_A549_hg19": ["PTPRS", "BTG1", "CCDC146", "RHOBTB3", "HOXC13", "THADA", "KIAA0513", "FGGY", "ENC1", "ST3GAL5", "JUNB", "CTSD", "SASH1", "KLF10", "TGFB2", "PCID2", "DUSP1", "USP2", "ARMC9", "ASS1", "RAB32", "NR5A2", "RAB31", "ID2", "ID1", "PDCD4", "C9ORF3", "ZP3"], "CEBPB_K562_hg19": ["BTG1", "CITED2", "CRISP3", "HOXC13", "THADA", "TMEM140", "IFIT1", "ZMAT1", "PHGDH", "CHAC1", "S100A14", "TIMP1", "BAK1", "JUNB", "YARS", "MAP3K1", "ANXA1", "DUSP1", "CAV1", "ASNS", "TOM1L2", "SLC6A9", "ID1", "RARA", "SNAI2", "ZNF778", "C9ORF3"], "ZC3H11A_K562_hg19": ["KLF10", "FAM49B", "PCID2", "PFKFB3", "MAML2", "USP2", "PIK3R1", "THADA", "SELENBP1", "CNN2", "MOV10", "PCP4", "RSPH1", "ZMAT1", "MAN2A2", "ABLIM3", "ID1", "STK38L", "BCOR", "MFGE8", "JUNB"], "BCL11A_H1-hESC_hg19": ["RNF43", "TYRO3"], "POLR2A_MEL cell line_mm9": ["ERRFI1", "FAM49B", "BTG1", "CITED2", "NAB1", "RAB3D", "DNAJC22", "ZDHHC7", "THADA", "TMEM140", "CYR61", "ZFP36L2", "PTMS", "SELENBP1", "CNN2", "MFSD6", "SMYD2", "PLXNA1", "CDH24", "S100A14", "CACNG4", "TGM2", "PLXNA3", "YARS", "KLF10", "AKIRIN2", "EGR1", "STARD4", "STARD5", "MBNL2", "MME", "DUSP1", "HEG1", "USP2", "ASNS", "NBEAL2", "WDR78", "CBFA2T3", "MOV10", "TOM1L2", "RCN1", "SLCO3A1", "ID1", "ZYX", "RARA", "PDCD4", "ID3", "SLC29A3"], "NFYA_K562_hg19": ["KLF10", "ERRFI1", "SLFN5", "STARD5", "TES", "CDKL5", "BTG1", "MBNL2", "FZD4", "CCDC146", "IFI6", "ABAT", "THADA", "C9ORF106", "TOM1L2", "RSPH1", "DSE", "PDCD4", "CHAC1", "BAK1", "TRIB2"], "RCOR1_K562_hg19": ["ERRFI1", "FAM49B", "TES", "ATP8A1", "SEPW1", "THADA", "RASGRP1", "SELENBP1", "CNN2", "FGGY", "ABLIM3", "RASGEF1B", "ST3GAL5", "CHAC1", "JUNB", "C3ORF58", "KLF10", "TCF7L2", "TGFB2", "EDN1", "STARD4", "TGFB1", "STARD5", "OSBPL6", "MAP3K1", "ANXA2", "ANXA3", "CAV1", "USP2", "SAMD4A", "NBEAL2", "TMEM159", "IFI27", "PACS1", "SNAI2", "C9ORF3", "ANXA2P2"], "EBF1_GM12878_hg19": ["FAM49B", "PFKFB3", "ST6GALNAC2", "RAB3D", "SEPW1", "ZDHHC7", "RASGRP1", "MTHFD1L", "LAMP3", "DSE", "ENC1", "SMYD2", "FLNB", "SASH1", "C3ORF58", "TGM2", "YARS", "KLF10", "RNF43", "PCID2", "STARD4", "TGFB1", "STARD5", "CAV1", "SAMD4A", "NBEAL2", "TMEM159", "ID2", "C9ORF3", "MFGE8"], "GTF2F1_HeLa-S3_hg19": ["KLF10", "ERRFI1", "TCF7L2", "PCID2", "TES", "MBNL2", "ANXA1", "PLEKHA2", "CAV1", "NBEAL2", "THADA", "THBS1", "SELENBP1", "PCP4", "ABLIM3", "TIMP1", "BAK1", "C9ORF3", "ANXA2P2", "SASH1"], "GABPA_MEL cell line_mm9": ["SLC6A9", "ARHGDIB"], "RFX5_H1-hESC_hg19": ["YARS", "KLF10", "FAM49B", "OXTR", "BTG1", "MSX2", "CITED2", "USP2", "ZDHHC7", "NBEAL2", "PIK3R1", "THADA", "THBS1", "PPL", "ZFP36L2", "MOV10", "PCP4", "DSE", "PDCD4", "CHAC1"], "MYC_NB4_hg19": ["ERRFI1", "PTPRS", "DLX3", "ST6GALNAC2", "MAP3K1", "MAML2", "ARAP2", "PTPN21", "SEPW1", "PIK3R1", "PRICKLE1", "THADA", "RAB31", "ID2", "FAM110B", "ARHGDIB", "PDCD4", "TIMP1", "CTSD", "DBN1"], "ZNF143_HeLa-S3_hg19": ["KLF10", "ERRFI1", "OXTR", "EDN1", "STARD4", "TES", "ST6GALNAC2", "CAV1", "THADA", "THBS1", "CTGF", "ZMAT1", "ABLIM3", "MALL", "RARA", "AMOTL1", "BAK1", "C9ORF3", "ANXA2P2", "TNS3", "S100A10"], "TBL1XR1_K562_hg19": ["ERRFI1", "OXTR", "PFKFB3", "MAML2", "CITED2", "SEPW1", "CYR61", "PTMS", "FGGY", "ABLIM3", "DSE", "SMYD2", "GRB10", "STK38L", "CDH24", "CHAC1", "BAK1", "JUNB", "CTSD", "C3ORF58", "RNF43", "TCF7L2", "TGFB1", "ANXA2", "USP2", "SAMD4A", "NBEAL2", "CBFA2T3", "RAB31", "SLC6A9", "FXYD4", "ID1", "RARA", "PDCD4", "C9ORF3"], "MAX_HeLa-S3_hg19": ["ERRFI1", "KRT80", "PTPRS", "ST6GALNAC2", "MAML2", "CITED2", "RAB3D", "IFI6", "ZDHHC7", "HOXC13", "THADA", "TMEM140", "SELENBP1", "ZMAT1", "ABLIM3", "ITGB8", "TIMP1", "BAK1", "TNS3", "SASH1", "ABCC3", "EDN1", "GPR56", "MSX2", "PLLP", "USP2", "ARAP2", "NBEAL2", "RSPH1", "RAB31", "FXYD4", "SNAI2", "SPIRE1", "ZNF778", "ZP3", "RBMS2"], "MAFK_HepG2_hg19": ["ERRFI1", "SLFN5", "FAM49B", "BTG1", "CITED2", "SDC2", "THADA", "TMEM140", "IFIT1", "CLDN1", "C9ORF106", "FGGY", "CCND1", "DSE", "BAK1", "JUNB", "CTSD", "SASH1", "KLF10", "GPR39", "PCID2", "CDKL5", "MBNL2", "DUSP1", "SHROOM3", "KLK11", "RARA", "CPE", "ZNF778", "ANXA2P2", "AJUBA"], "CTCF_kidney_hg19": ["GPR39", "FAM49B", "PCID2", "EDN1", "OSBPL6", "ATP8A1", "FZD4", "DUSP1", "NBEAL2", "RASGRP1", "THBS1", "CYR61", "TOM1L2", "MTHFD1L", "ABLIM3", "MALL", "PDCD4", "GPR126", "BAK1", "TNS3"], "MYC_K562_hg19": ["ERRFI1", "FAM49B", "PTPRS", "CITED2", "RAB3D", "PTPN21", "ABAT", "TMEM140", "PTMS", "ENC1", "CHAC1", "TIMP1", "CTSD", "C3ORF58", "KLF10", "PCID2", "MBNL2", "PLLP", "DUSP1", "USP2", "CBFA2T3", "RAB32", "RAB31", "IFI27", "TYRO3", "C9ORF3", "ZP3", "MFGE8", "TRIB2", "SLC29A3", "RBMS2", "PFKFB3", "RHOBTB3", "PIK3R1", "PRICKLE1", "THADA", "RASGRP1", "ZFP36L2", "CNN2", "KIAA0513", "FGGY", "MTHFD1L", "ABLIM3", "SMYD2", "CDH24", "BAK1", "PLXNA3", "YARS", "AKIRIN2", "TCF7L2", "TGFB2", "TGFB1", "GSN", "PLEKHA2", "CAV1", "FN1", "ASNS", "NBEAL2", "SLC6A9", "FXYD4", "TMEM159", "ID2", "ID1", "ZNF778", "AMOTL1", "BCOR"]}