{"H2AFZ_astrocyte_hg19": ["ABCC3", "FAM49B", "TGFB2", "CDKN2B", "MAML2", "RAB3D", "USP2", "ARMC9", "ABAT", "THADA", "WDR78", "TMEM140", "ASCL1", "CNN2", "KIAA0513", "MFSD6", "EPB41L4A", "RAPGEF2", "SPIRE1", "ANXA2P2"], "H3K79me2_osteoblast_hg19": ["ABCC3", "KLF10", "GPR39", "SLFN5", "OXTR", "STARD5", "CITED2", "CCDC146", "TFPI2", "CMBL", "TMEM140", "C9ORF106", "WISP2", "MAN2A2", "TMEM159", "ID1", "TYRO3", "ID3", "PHGDH", "JUNB"], "H3K4me3_HepG2_hg19": ["SLFN5", "PTPN21", "SGMS2", "PRICKLE1", "THADA", "PTMS", "SCUBE2", "CNN2", "KIAA0513", "FGGY", "MAP2", "DSE", "KIAA1324", "SMYD2", "ST3GAL5", "S100A14", "TIMP1", "BAK1", "JUNB", "C3ORF58", "TGM2", "S100A10", "GABBR2", "IFITM10", "STARD5", "MAP3K1", "PLEKHA2", "ARMC9", "ARAP2", "WDR78", "SLC6A9", "CLDN9", "ZYX", "RARA", "TYRO3", "MFGE8", "RBMS2"], "H2AFZ_HeLa-S3_hg19": ["RNF43", "OSBPL6", "ST6GALNAC2", "RAB3D", "USP2", "SHROOM3", "WDR78", "CNN2", "EPB41L4A", "TMEM159", "PALLD", "DSE", "TYRO3", "SIDT1", "CPE", "SPIRE1", "BCOR", "ZP3", "SASH1"], "H3K4me2_T-cell acute lymphoblastic leukemia_hg19": ["RNF43", "CDKL5", "CCDC146", "USP2", "ARMC9", "FN1", "CRIP2", "IFIT1", "CELSR2", "C9ORF106", "PTMS", "PREX1", "TOM1L2", "KIAA0513", "RSPH1", "ID2", "ID1", "CDH24", "CHAC1", "ANXA2P2", "OR1F2P"], "H4K20me1_CD14-positive monocyte_hg19": ["YARS", "FANK1", "SLFN5", "DOCK5", "CLIC3", "SFMBT2", "RAB3D", "DNAJC22", "IFI6", "ZDHHC7", "CRIP2", "IFIT1", "MSL1", "TMEM159", "ID2", "ID1", "DSE", "RARA", "SPIRE1", "ZNF778", "DBN1"], "H3K9ac_mammary epithelial cell_hg19": ["GPR39", "FAM49B", "PCID2", "IFITM10", "PFKFB3", "MAOB", "NAB1", "USP2", "IFI6", "KRT23", "THADA", "IFIT1", "CELSR2", "KIAA0513", "RCN1", "RSPH1", "SLCO3A1", "ARHGDIB", "TYRO3", "JUNB"], "H2AFZ_B cell_hg19": ["FAM49B", "OSBPL6", "CDKL5", "USP2", "PTPN21", "NBEAL2", "PRICKLE1", "HOXC13", "MFSD6", "EPB41L4A", "PACS1", "SMYD2", "STK38L", "SNAI2", "SPIRE1", "TIMP1", "ANXA2P2", "CTSD", "OR1F2P"], "H3K9ac_K562_hg19": ["ERRFI1", "ATP8A1", "CITED2", "NAB1", "DNAJC22", "ZDHHC7", "THADA", "TMEM140", "IFIT1", "CELSR2", "CYR61", "PTMS", "KIAA0513", "MFSD6", "FGGY", "ZMAT1", "RASGEF1B", "LAMP3", "ST3GAL5", "CHAC1", "YARS", "KLF10", "AKIRIN2", "ANXA2", "PLLP", "ARMC9", "RAB32", "PACS1", "ZYX", "PDCD4", "ZNF778", "AJUBA"], "H3K79me2_myocyte_mm9": ["KLF10", "DOCK5", "EGR1", "BTG1", "DLX3", "MBNL2", "IGFBP5", "ANXA3", "DUSP1", "SDC2", "THADA", "CYR61", "SMAD7", "EFNB2", "CNN2", "ID1", "SMYD2", "SPIRE1", "JUNB", "AJUBA"], "H3K4me3_C2C12_mm9": ["KLF10", "DOCK5", "EGR1", "RAB3D", "ARMC9", "PTPN21", "ZDHHC7", "WDR78", "TMEM140", "ZFP36L2", "IGF1R", "ZMAT1", "SMYD2", "PKP1", "CPE", "GPR126", "CDH24", "PHGDH", "RIN2", "PLXNA3"], "H3K27ac_A549_hg19": ["PFKFB3", "CLIC3", "ATP8A1", "CITED2", "CRIP2", "PRICKLE1", "THADA", "TMEM140", "IFIT1", "PPL", "KIAA0513", "FGGY", "LAMP3", "TIMP1", "PLXNA3", "STARD4", "STARD5", "MSX2", "EYA2", "PLEKHA2", "USP2", "ARMC9", "ARAP2", "PGM5P2", "TMEM159", "ZYX", "SNAI2", "ZNF778", "ZP3", "TRIB2"], "H3K9me3_skeletal muscle myoblast_hg19": ["PCSK2", "GPR39", "GABBR2", "ERRFI1", "ST6GALNAC2", "SYCP2", "CCDC89", "MAOB", "CAV2", "NPNT", "ASCL1", "RASGRP1", "THBS1", "FSTL4", "WISP2", "RASGEF1B", "MGP", "PAX9", "STK38L", "GPR126"], "H3K4me2_CH12.LX_mm9": ["ANXA3", "FZD4", "CAV1", "RAB3D", "RHOBTB3", "ZDHHC7", "ABAT", "L1CAM", "IFIT1", "MSL1", "MALL", "ID1", "SIDT1", "ST3GAL5", "ITGB8", "CDH24", "RIN2", "TGM2", "PLXNA3"], "H3K4me1_lung_mm9": ["CDKN1A", "ST6GALNAC2", "CCDC89", "MSX2", "RAB3D", "USP2", "ARMC9", "RHOBTB3", "L1CAM", "WISP2", "SCUBE2", "CNN2", "NT5E", "GPR143", "B3GNT5", "PKP1", "CPE", "CDH24", "CHAC1", "FILIP1L", "TRIB2"], "H3K4me2_keratinocyte_hg19": ["GABBR2", "MAOB", "PLEKHA2", "USP2", "ARMC9", "FN1", "SHROOM3", "KRT23", "KLHL4", "TMEM140", "C9ORF106", "PTMS", "KLK6", "CNN2", "FGGY", "ZMAT1", "RAB31", "CPE", "GPR126", "SNAI2", "CHAC1"], "H3K4me3_T-cell acute lymphoblastic leukemia_hg19": ["SLFN5", "PCID2", "CDKL5", "DUSP1", "CCDC146", "USP2", "ARMC9", "FN1", "WDR78", "IFIT1", "CELSR2", "IGF1R", "TOM1L2", "KIAA0513", "RSPH1", "ID2", "ID1", "CDH24", "ZNF778", "CHAC1", "OR1F2P"], "H3K4me3_bone marrow_mm9": ["ERRFI1", "STARD4", "STARD5", "RAB3D", "TFPI2", "ASNS", "SEPW1", "CXCL16", "SELENBP1", "MFSD6", "TMEM159", "ARHGDIB", "PMEPA1", "GPR126", "CHAC1", "MFGE8", "AJUBA", "SLC29A3", "TGM2"], "H3K9me1_endothelial cell of umbilical vein_hg19": ["FANK1", "GSN", "MAML2", "MAOB", "PLEKHA2", "FN1", "SGMS2", "KLHL4", "ZNF75D", "ZFP36L2", "MOV10", "RCN1", "MAP2", "MGP", "ARHGDIB", "RARA", "ST3GAL5", "CHAC1", "MFGE8", "JUNB"], "H3K27ac_cortical plate_mm9": ["AKIRIN2", "SLFN5", "PCID2", "MAOB", "RAB3D", "SEPW1", "ZDHHC7", "CRIP2", "KLHL4", "TMEM140", "CYR61", "FGGY", "DSE", "ZYX", "RIN2", "CTSD", "SASH1", "SLC29A3", "S100A10", "PLXNA3"]}