{"GABPA_HL-60_hg19": ["CCDC88B", "GYS1", "GABARAPL2", "SLFN5", "OXNAD1", "ZSCAN20", "ZADH2", "WDPCP", "IQGAP3"], "EP300_K562_hg19": ["BMP10", "OXNAD1", "MFI2", "IQGAP3", "AURKC", "CORO1B", "RHD", "GYS1", "ZMYM3", "IRAK2", "PMEPA1", "MAP3K8", "XYLB", "KDM6B", "GABARAPL2", "CD72", "KSR1", "DHRS3", "EPOR", "TLE6", "CDC25B", "PIGK", "HOXB4", "RADIL", "HOXB2", "FGFR4", "HOXB6", "HBEGF"], "POLR2AphosphoS5_G1E_mm9": ["OXNAD1", "KRTAP10-4", "TRIM7", "CD5", "CD37"], "CBX3_K562_hg19": ["PDP2", "ZSCAN20", "IRAK2", "MAN2A1", "PGPEP1", "AURKC", "XYLB", "TRIM56", "CDC25B"], "YY1_K562_hg19": ["RPS6KA4", "PPTC7", "PIGK"], "MAX_C2C12_mm9": ["IRAK2", "IER5L", "SNAI1", "SMYD4"], "POLR2A_K562_hg19": ["DOCK6", "OXNAD1", "CHRNA5", "MFI2", "TSHZ1", "IER5L", "CXCR4", "ITPR3", "AQP3", "AURKC", "AK7", "ZFYVE28", "RPS6KA4", "GYS1", "PORCN", "TRIM7", "CAMK2N1", "IRAK2", "MAN2A1", "COTL1", "SMYD4", "CD37", "MAP3K8", "S1PR2", "PGPEP1", "XYLB", "CD97", "GABARAPL2", "DUSP5", "PRRT3", "PPTC7", "ACTN2", "PBX2", "ATP11B", "MEIS2", "EPOR", "TLE6", "POR", "PDP2", "ZSCAN20", "AGBL3", "PPDPF", "PIGK", "WDPCP", "FGFR4", "HOXB6", "SIPA1", "TRIM56"], "MYC_MCF-7_hg19": ["FOXA1", "POPDC3", "CHRNA5", "CLGN", "GYS1", "TRIM7", "SMPD4", "CAMK2N1", "MAN2A1", "SMYD4", "MAP3K8", "S1PR2", "PGPEP1", "XYLB", "PACSIN1", "KCNH1", "CR2", "HPCAL1", "MYRIP", "MEIS2", "HIC1", "CDC25B", "PPDPF", "PIGK", "RADIL", "WDPCP", "CAMK1", "PCNXL2", "TRIM56", "PTGES"], "MAFK_HepG2_hg19": ["SLFN5", "POR", "GJB1", "GCA", "ZSCAN20", "SOX13", "PIGK", "SMAD6", "XYLB", "EPOR", "PCDHA10", "FOXP1"], "NRF1_HeLa-S3_hg19": ["MECOM", "PPTC7"], "MBD4_HepG2_hg19": ["GCA", "SNAI1"], "POLR2A_GM12878_hg19": ["SLFN5", "MFI2", "TSHZ1", "IER5L", "CXCR4", "LRMP", "FSTL3", "ZFYVE28", "RPS6KA4", "MAN2A1", "MICALL2", "SMYD4", "ENPP4", "MAP3K8", "PGPEP1", "GRASP", "PDGFRB", "CD72", "ATP11B", "HIC1", "REC8", "CCDC88B", "POR", "PDP2", "ZSCAN20", "LHX2", "SNAI1", "HOXB4", "WDPCP", "PCNXL2", "TRIM56"], "YY1_NT2-D1_hg19": ["PPTC7", "PIGK"], "GABPA_HepG2_hg19": ["SLFN5", "ZSCAN20", "ANKRD44", "IQGAP3", "TRIM56"], "GABPA_SK-N-SH_hg19": ["GABARAPL2", "ZSCAN20", "WDPCP", "IQGAP3"], "ELK4_HEK293_hg19": ["DUSP5", "OXNAD1", "GCA", "SLC43A1"], "GABPA_GM12878_hg19": ["CCDC88B", "GABARAPL2", "SLFN5", "ZSCAN20", "ENPP4", "WDPCP", "IQGAP3"], "JUND_HepG2_hg19": ["POR", "GCA", "ZMYM3", "ANKRD44", "IER5L", "MAP3K8", "SULT4A1", "XYLB", "MMP10", "RAPGEF3"], "BRCA1_HepG2_hg19": ["MFI2", "SMYD4", "XYLB"], "GABPA_HeLa-S3_hg19": ["GABARAPL2", "SLFN5", "ZSCAN20", "WDPCP", "IQGAP3"]}