{"SPI1-22790984-ERYTHROLEUKEMIA-MOUSE": ["CXCL10", "PEX7", "IL6", "NARF", "GM2A", "CREG1", "ID1", "OSGIN1", "CIDEA"], "RUNX1-21571218-MEGAKARYOCYTES-HUMAN": ["CFD", "PHLPP1", "NARF", "PLEKHB1", "MLC1", "MIA3", "STON2", "CSAD", "INHBC", "STYXL1", "TSKU", "ERO1L", "PEX7", "GM2A", "PPP1R3B", "CTH", "IRF1", "CCL2", "TDH", "ADCK5"], "TEAD4-22529382-TROPHECTODERM-MOUSE": ["PHLPP1", "ITGB4", "RUFY3", "CLIP4", "SEZ6", "MLC1", "CCDC3", "STON2", "EMB", "YPEL2"], "ASH2L-23239880-MESC-MOUSE": ["TGM1", "EGLN3", "DHRS7", "SLC13A4", "ID4", "CIDEA", "EMB", "TBX3", "INMT", "TSKU", "YPEL2"], "VDR-23849224-CD4+-HUMAN": ["PEX7", "PHLPP1", "ENDOG", "NARF", "RUFY3", "RBM12B", "FAM13A", "ECH1", "CLIP4", "ADCK5", "EIF4EBP3"], "FLI1-21571218-MEGAKARYOCYTES-HUMAN": ["NARF", "SEZ6", "LIN7A", "MIA3", "STON2", "CSAD", "STYXL1", "TSKU", "SULT1E1", "ERI2", "CD36", "PRMT6", "GLYATL2", "PDPK1", "RARRES1", "CELA1", "INHBC", "PEX7", "DHRS7", "SPINT1", "PPP1R3B", "IRF1", "RBM12B", "CCDC3", "CCL27"], "MYC-18358816-MESC-mouse": ["PRMT6", "ENDOG", "SLC44A4", "RETSAT", "MLC1", "PFKL", "PPP1R3B", "RBM12B", "WDFY1", "ZFP131", "SNCG", "TDH", "EMB", "ANGPTL4"], "TAL1-20887958-HPC-7-MOUSE": ["CCL7", "PLSCR2", "PDPK1", "CREG1", "VWA1", "CELA1", "IRS3", "FNIP1"], "RUNX2-22187159-PCA-HUMAN": ["PRMT6", "GLYATL2", "ENDOG", "RIPK2", "FAM13A", "OSGIN1", "STAC3", "MIA3", "AVPR1A", "MSLN", "CYP8B1", "TBX3", "ACMSD", "RGS4", "PEX7", "CLIP4", "HACL1", "ANGPTL4", "RPRM"], "MITF-21258399-MELANOMA-HUMAN": ["GPM6A", "PHLPP1", "NARF", "FAM13A", "PLEKHB1", "SEZ6", "STON2", "TSKU", "CNDP1", "ERO1L", "EFEMP1", "GM2A", "AOX1", "EIF4EBP3", "FNIP1", "HAO2", "NQO1", "SLC13A3", "RARRES1", "OSGIN1", "SLC16A10", "INHBC", "FOXP2", "TF", "PPP1R3B", "RUFY3", "ID1", "WDFY1", "VWA1", "ADCK5", "FGF13", "YPEL2"], "YAP1-20516196-MESC-MOUSE": ["SLC44A4", "PPP1R3B", "PLEKHB1", "SEZ6", "ID4", "ACOT1", "ADCK5", "CD36", "TBX3"], "REST-21632747-MESC-MOUSE": ["APON", "CXCL11", "EGLN3", "DHRS7", "PPP1R3B", "LRTM2", "SEZ6", "ID4", "CIDEA", "CCL2", "TDH", "STYXL1"], "FLI1-20887958-HPC-7-MOUSE": ["KIFC2", "PLSCR2", "CREG1", "IRF1", "RBM12B", "AOX1", "ADCK5", "CELA1", "LILRB4"], "SMAD4-21799915-A2780-HUMAN": ["SLC16A10", "LIN7A", "AVPR1A", "TRHDE", "FOXP2", "ACMSD", "RGS4", "EFEMP1", "CCL7", "CTH", "RUFY3", "SLC26A8", "YPEL2"], "TET1-21490601-MESC-MOUSE": ["ABCC3", "TGM1", "ENDOG", "SPINT1", "RETSAT", "CAV2", "IRF1", "GDPD1", "TSKU", "YPEL2"], "SIN3B-21632747-MESC-MOUSE": ["CXCL9", "EGLN3", "LRTM2", "SEZ6", "FMO1", "MLC1", "STON2", "TBX3", "STYXL1", "TSKU", "APON", "MAB21L3", "ID1", "ID4", "VWA1", "CCL2", "TDH"], "ERG-20887958-HPC-7-MOUSE": ["IL6", "ENDOG", "NARF", "CREG1", "IRF1", "CCL2", "CELA1", "EMB", "TBX3"], "DMRT1-23473982-TESTES-MOUSE": ["PHLPP1", "SLC13A4", "STBD1", "ID1", "CLIP4", "ID4", "ZFP618", "SLC16A10", "TBX3"], "TP53-23651856-MEF-MOUSE": ["CXCL10", "SLC13A3", "CXCL11", "ITGB4", "ALDH3B1", "SMOC1", "RARRES1", "SNCG", "FOXP2", "TSKU", "RPRM"], "KDM5B-21448134-MESC-MOUSE": ["GPM6A", "NQO1", "SEZ6", "GDPD1", "MIA3", "CSAD", "TBX3", "FOXP2", "DHRS7", "CTH", "ERI2", "IRF1", "EMB", "FNIP1"]}