{"E2F1 (mouse)": ["GPM6A", "ECH1", "CELA1", "AVPR1A", "FOXP2", "TSKU", "ACMSD", "ERO1L", "TGM1", "PEX7", "CYP26A1", "ERI2", "CLIP4", "WDFY1", "ZFP131", "FGF13"], "NFYB (human)": ["ID1"], "GABPA (human)": ["NQO1"], "LEF1 (mouse)": ["RGS5", "PLSCR2", "CLIP4", "APOA2", "FMO1", "GPR64", "CD36", "EMB", "GLYAT", "PLIN5"], "Arnt (mouse)": ["TGM1"], "IRF9 (human)": ["LILRB4"], "PITX2 (human)": ["NQO1", "CAV2", "NR1I3", "LRTM2", "PLEKHB1", "OMD", "STAC3", "GDPD1", "ADH7", "INHBC", "ACMSD", "RBM12B", "CLDN7", "HACL1", "EIF4EBP3", "CD36", "HAO2", "PLIN5"], "Tal1::Gata1 (mouse)": ["GM2A"], "TBX5 (human)": ["ALDH3B1"], "Pax6 (human)": ["CD36"], "SND1 (mouse)": ["TRHDE"], "NFE2L2 (human)": ["SLC13A4"], "HNRNPK (human)": ["OSGIN1"], "IRF7 (human)": ["SLC44A4"], "SOX9 (human)": ["AVPR1A"], "MXI1 (human)": ["MSLN"], "SMAD3 (mouse)": ["PDPK1"], "NFKB1 (mouse)": ["CXCL9", "RETSAT", "APOA2", "APOA4", "LIN7A", "TRHDE", "FOXP2", "TSKU", "ERO1L", "MAB21L3", "PLSCR2", "ERI2", "IRF1", "SMOC1", "UBD", "WDFY1", "ACOT1", "YPEL2"], "HNF1B (mouse)": ["RIPK2"], "SP1 (mouse)": ["PHLPP1", "TMEM30B", "PDPK1", "ZFP618", "STYXL1", "GM2A", "KIFC2", "SMOC1", "ID1", "ID4", "ZFP131", "SNCG", "FNIP1"]}