{"H3K36me3 Colon Smooth Muscle": ["CCL27"], "H3K36me3 H1 Derived Mesenchymal Stem Cells": ["SLC13A3", "MLC1", "HACL1"], "H3K9me3 Fetal Heart": ["RGS5", "HACL1", "FNIP1"], "H3K36me3 Colonic Mucosa": ["TGM1", "PDPK1"], "H2BK120ac H1": ["NQO1", "CXCL6", "EGLN3", "PHLPP1", "SLC13A4", "TMEM30B", "RIPK2", "ITGB4", "OSGIN1", "APOA2", "CIDEA", "LIN7A", "GM2A", "ALDH3B1", "CTH", "ACOT1"], "H3K9me3 Breast Myoepithelial Cells": ["FGF13"], "H3K4ac H1": ["PRMT6", "ABCC3", "EGLN3", "RIPK2", "ECH1", "CELA1", "CSAD", "TBX3", "STYXL1", "SPINT1", "GM2A", "CTH", "ERI2", "RBM12B", "SLC26A8", "HACL1", "HAO2", "FOXA3"], "H3K9me3 H1 Derived Mesenchymal Stem Cells": ["AVPR1A"], "H3K27ac H1 Derived Mesenchymal Stem Cells": ["PHLPP1", "USP27X", "NARF", "RETSAT", "LIN7A", "MIA3", "CSAD", "TRHDE", "STYXL1", "ACMSD", "ERO1L", "RGS5", "ERI2", "EIF4EBP3", "FNIP1", "SLC17A1", "PRMT6", "NQO1", "RIPK2", "OSGIN1", "FOXP2", "INMT", "MAB21L3", "DHRS7", "CTH", "RUFY3", "RBM12B", "VWA1", "YPEL2"], "H3K4me1 Peripheral Blood Mononuclear Primary Cells": ["RGS5", "DHRS7", "ALDH3B1", "CTH", "RBM12B", "CLIP4", "SLC16A10", "GPT", "MIA3", "FNIP1", "PLIN5"], "H3K4me1 Pancreatic Islets": ["MAB21L3", "EGLN3", "NARF", "SULT1E1", "RIPK2", "ECH1", "SLC16A10", "SLC17A1", "CSAD"], "H3K36me3 Brain Hippocampus Middle": ["TF", "ECH1", "STON2"], "H3K79me2 H1": ["RGS5", "SLC13A3", "FOXA3"], "H3K27ac H9": ["PLEKHB1", "GDPD1", "CSAD", "STYXL1", "RGS5", "EFEMP1", "GM2A", "CREG1", "STBD1", "ERI2", "AOX1", "CCL2", "HACL1", "EIF4EBP3", "EMB", "FNIP1", "PRMT6", "NQO1", "EGLN3", "RIPK2", "APOA2", "PEX7", "IL6", "SPINT1", "CTH", "FABP7", "IRF1", "RBM12B", "VWA1"], "H3K23ac H1": ["CAV2", "CSAD", "STYXL1", "TSKU"], "H3K36me3 H1": ["PPP1R3B", "FOXP2"], "H3K23ac IMR90": ["ABCC3", "NQO1", "RETSAT", "TMEM30B", "CAV2", "MLC1", "MIA3", "CSAD", "STYXL1", "FOXP2", "INMT", "RGS4", "IL6", "DHRS7", "CREG1", "RBM12B", "WDFY1", "SLC26A8", "HACL1"], "H3K27ac iPS DF 6.9": ["RGS5", "NQO1", "EGLN3", "SLC13A4", "RIPK2", "CTH", "SEZ6", "HACL1", "EIF4EBP3", "ANGPTL4", "STYXL1", "FOXA3"], "H3K9me3 IMR90": ["EGLN3", "FGF13", "FOXP2"], "H3K36me3 CD8 Naive Primary Cells": ["SLC13A3"]}