{"CATTTCA,MIR-203": ["ID4"], "TAGCTTT,MIR-9": ["GPM6A"], "TGCACTG,MIR-148A,MIR-152,MIR-148B": ["GPM6A"], "CTCAGGG,MIR-125B,MIR-125A": ["RUFY3"], "CACTGTG,MIR-128A,MIR-128B": ["PDPK1"], "TTGCCAA,MIR-182": ["ABCC3"], "TGCCTTA,MIR-124A": ["WDFY1", "CCL2"], "GGGACCA,MIR-133A,MIR-133B": ["ANGPTL4"], "CTACCTC,LET-7A,LET-7B,LET-7C,LET-7D,LET-7E,LET-7F,MIR-98,LET-7G,LET-7I": ["RUFY3"], "GTGCAAT,MIR-25,MIR-32,MIR-92,MIR-363,MIR-367": ["NOX4"], "CTTTGCA,MIR-527": ["GPR64"], "AGCACTT,MIR-93,MIR-302A,MIR-302B,MIR-302C,MIR-302D,MIR-372,MIR-373,MIR-520E,MIR-520A,MIR-526B,MIR-520B,MIR-520C,MIR-520D": ["YPEL2"], "ACATTCC,MIR-1,MIR-206": ["YPEL2"], "AAGCCAT,MIR-135A,MIR-135B": ["CREG1"], "GTGCCAA,MIR-96": ["GPM6A"], "CAGTGTT,MIR-141,MIR-200A": ["TRHDE"], "GTATTAT,MIR-369-3P": ["SEZ6"], "TACTTGA,MIR-26A,MIR-26B": ["RGS4"], "ATGCTGC,MIR-103,MIR-107": ["RGS4"], "CACTGCC,MIR-34A,MIR-34C,MIR-449": ["GPR64"]}