{"MXI1_GM12878_hg19": ["RIPK2", "ADCK5", "EIF4EBP3"], "CREB1_K562_hg19": ["RGS5"], "CREB1_HepG2_hg19": ["SEZ6"], "POLR2A_GM19193_hg19": ["PHLPP1", "RIPK2", "OSGIN1", "ADCK5"], "STAT1_GM12878_hg19": ["FAM13A", "GDPD1", "EIF4EBP3"], "GABPA_CH12.LX_mm9": ["PRMT6", "PEX7", "PDPK1"], "MAX_GM12878_hg19": ["CXCL10", "RIPK2", "FOXA3"], "CHD7_K562_hg19": ["RGS5", "ERI2", "FAM13A", "CIDEA"], "REST_K562_hg19": ["SLC13A3", "SLC13A4", "RETSAT", "OSGIN1", "SEZ6", "HACL1", "STYXL1"], "FLI1_megakaryocyte_mm9": ["ERI2", "LILRB4"], "GABPA_HL-60_hg19": ["PRMT6", "RGS5", "ERI2", "HACL1", "CSAD", "STYXL1"], "POLR2A_GM18526_hg19": ["RIPK2", "ECH1", "STYXL1"], "ELK1_GM12878_hg19": ["PRMT6", "CTH", "ID1", "STYXL1"], "POLR2A_NB4_hg19": ["CFD", "PFKL", "IRF1", "WDFY1"], "MYC_K562_hg19": ["NARF", "FAM13A", "CSAD", "STYXL1", "TSKU", "ERO1L", "RGS5", "CREG1", "HACL1", "EIF4EBP3", "FNIP1", "NQO1", "SLC13A3", "ENDOG", "PDPK1", "RIPK2", "OSGIN1", "PEX7", "PFKL", "DHRS7", "IRF1", "ID1", "WDFY1", "FGF13", "HRASLS", "FOXA3"], "TBP_HeLa-S3_hg19": ["MIA3", "STYXL1"], "SIN3A_GM12878_hg19": ["WDFY1", "EIF4EBP3"], "MXI1_MEL cell line_mm9": ["PFKL", "DHRS7", "ZFP874B"], "CHD2_K562_hg19": ["RETSAT", "GM2A", "ID1"], "JUN_K562_hg19": ["PRMT6", "ENDOG", "RETSAT", "RIPK2", "CAV2", "AKR1C1", "ECH1", "GDPD1", "RGS5", "PEX7", "GM2A", "ID1", "WDFY1", "FNIP1"]}