{"H3ac_C2C12_mm9": ["DHRS7", "USP27X", "ZFP874B", "ERI2", "FAM13A", "ECH1", "GDPD1", "NOX4", "HACL1", "IDNK"], "H3K9ac_skeletal muscle myoblast_hg19": ["ABCC3", "RGS5", "RPS6KA6", "RETSAT", "PDPK1", "CTH", "ADCK5", "HACL1", "MIA3", "FGF13"], "H3K4me2_myotube_hg19": ["NEU2", "RGS5", "FER1L5", "GM2A", "CREG1", "ERI2", "CIDEA", "AOX1", "HACL1", "RPRM"], "H4K20me1_CD14-positive monocyte_hg19": ["CFD", "SLC13A3", "NARF", "GM2A", "KIFC2", "PDPK1", "CREG1", "RUFY3", "ID1", "ADCK5"], "H3K27ac_HepG2_hg19": ["RGS5", "TF", "RETSAT", "ECH1", "ACOT1", "LIN7A", "MIA3", "CSAD", "CYP8B1", "TSKU"], "H2AFZ_CD14-positive monocyte_hg19": ["RGS5", "NARF", "KIFC2", "CREG1", "LRTM2", "CLDN7", "OSGIN1", "CCL2", "ADCK5", "CSAD"], "H3K36me3_CH12.LX_mm9": ["PRMT6", "PHLPP1", "ENDOG", "PIRA2", "USP27X", "PDPK1", "ECH1", "STAC3", "GPT", "IRS3", "CXCL10", "PLSCR2", "RUFY3", "ERI2", "IRF1", "SMOC1", "ADCK5", "EIF4EBP3", "ANGPTL4", "FNIP1"], "H3K4me3_SK-N-MC_hg19": ["PEX7", "ID1", "ID4", "SLC16A10", "MIA3", "CSAD", "TRHDE"], "H4K20me1_B cell_hg19": ["PRMT6", "SLC13A3", "IL6", "ENDOG", "KIFC2", "PDPK1", "CREG1", "ADCK5", "HACL1", "STYXL1"], "H3K27ac_mammary epithelial cell_hg19": ["PRMT6", "PEX7", "PFKL", "EGLN3", "ENDOG", "RETSAT", "CTH", "HACL1", "EIF4EBP3", "YPEL2"], "H3K27ac_embryonic fibroblast_mm9": ["PHLPP1", "VNN1", "RETSAT", "RIPK2", "CAV2", "ALDH3B1", "ID4", "NOX4", "CELA1", "ADH7"], "H2AFZ_endothelial cell of umbilical vein_hg19": ["NQO1", "CXCL11", "RPS6KA6", "MMP7", "GM2A", "CREG1", "CTH", "IRF1", "SMOC1", "FNIP1"], "H2AFZ_fibroblast of lung_hg19": ["PFKL", "DHRS7", "MMP7", "RETSAT", "GM2A", "CCL7", "CTH", "MLC1", "INHBC", "STYXL1"], "H3K4me3_A549_hg19": ["ABCC3", "MMP7", "NARF", "PDPK1", "RARRES1", "SLC16A10", "MSLN", "TRHDE", "FOXP2", "CYP26A1", "IL6", "GM2A", "CREG1", "CTH", "VWA1", "HACL1", "SLC17A1", "HRASLS", "RPRM", "PLIN5"], "H3K4me3_MEL cell line_mm9": ["NQO1", "PHLPP1", "USP27X", "RETSAT", "ECH1", "OSGIN1", "TSKU", "TGM1", "CXCL10", "PEX7", "PFKL", "DHRS7", "CREG1", "CTH", "STBD1", "IRF1", "VWA1", "ACOT1", "IDNK", "ANGPTL4", "GSTM7"], "H3K79me2_liver_mm9": ["CXCL11", "RIPK2", "RUFY3", "STBD1", "SMOC1", "CES1F", "WDFY1", "GPT", "FNIP1", "ERO1L"], "H4K20me1_T-cell acute lymphoblastic leukemia_hg19": ["CYP26A1", "SLC13A3", "IL6", "NR1I3", "SMOC1", "ID1", "CLIP4", "HACL1", "MIA3", "STYXL1"], "H3K27ac_astrocyte_hg19": ["PFKL", "MMP7", "NARF", "RETSAT", "FABP7", "IRF1", "OSGIN1", "MLC1", "MIA3", "FGF13"], "H3K27ac_K562_hg19": ["PEX7", "PHLPP1", "RETSAT", "GM2A", "IRF1", "FAM13A", "ECH1", "OSGIN1", "HACL1", "STON2"], "H3K27ac_bone marrow macrophage_mm9": ["ABCC3", "PEX7", "PHLPP1", "ENDOG", "RETSAT", "CCL7", "RIPK2", "ALDH3B1", "ECH1", "ANGPTL4"]}