{"HOXC9-25013753-NEUROBLASTOMA BE2-C-HUMAN": ["PPP1R15A", "LGALS3BP", "NRP1", "HSPB1", "HMMR", "AQP1", "ADAMTS5", "CCND1", "DPYSL2", "NUSAP1", "TCP11L2", "PHGDH", "SCN3A", "DUSP5", "ANGPT2", "ELOVL6", "FOS", "COQ10B", "RUNX1", "PKIB", "ARMCX1", "EHD3", "CCDC80", "LOX", "MTHFD2", "KIFC1", "TRIM59", "TNIK", "HSPA1A"], "CREB1-20920259-GC1-SPG-MOUSE": ["ARHGAP11A", "ZFAND2A", "SLC2A5", "CYR61", "ADAMTS5", "FADS2", "RGS2", "MYC", "NEK1", "TCP11L2", "CHAC1", "FADS1", "DUSP5", "PRKCB", "DUSP1", "IFRD1", "MYOF", "FOS", "COQ10B", "GEM", "RUNX1", "CCNA2", "TUBB2A", "MTHFD2", "KIFC1", "DDIT3", "PTRH1", "COL13A1", "NFIL3", "RACGAP1", "WBP5", "PROM1", "MYH10", "SLC38A2", "SLC25A25", "PLK4", "PRNP", "EGR1", "UBE2C", "NR4A2", "NR4A1", "FAM111A", "RAD51", "PDE10A", "SELM", "MAFF", "PNPLA3", "FOSB", "ALDH18A1", "RHEBL1", "CDKN3"], "STAT3-18555785-MESC-MOUSE": ["TNFAIP8", "COL13A1", "CLEC2L", "CPXM2", "ZFAND2A", "HSPB1", "STMN4", "LDB2", "CST7", "SLC7A1", "PRSS23", "CORO1A", "ALDH1B1", "MYC", "STMN1", "BLNK", "FAM43A", "GBP4", "DUSP5", "MYOF", "LY86", "EMP1", "AMPD3", "KLF4", "GPRC5A", "KLHL6", "FASN", "CD9", "BCAT1", "B4GALT6", "HSPA1B"], "VDR-23849224-CD4+-HUMAN": ["PPP1R15A", "SLC20A1", "HMGB2", "IRS2", "IL2RG", "SMC2", "LIMD2", "GLIPR1", "RACGAP1", "DPYSL2", "RAC2", "AP1S2", "NEK1", "TCP11L2", "SLC38A2", "CCRN4L", "PLK4", "DUSP1", "CKAP2", "ABCA7", "KIF22", "COQ10B", "NR4A2", "CCNA2", "NR4A1", "RAD51", "KIFC1", "DDIT3", "TMBIM1", "FOSB", "VIM", "CD69"], "CREB1-23762244-HIPPOCAMPUS-RAT": ["PPP1R15A", "SLC20A1", "ZFAND2A", "AURKA", "RBM3", "FADS2", "SENP5", "NFIL3", "CHEK1", "NEK1", "CHAC1", "MYH10", "SLC25A25", "CDR2", "ARRDC4", "EGR1", "CD74", "UBE2C", "DUSP1", "OSBPL3", "IFRD1", "FOS", "KLF4", "GRHL1", "COQ10B", "NR4A2", "COL1A1", "NR4A1", "RAB30", "RAD51", "NR4A3", "TUBB2A", "PDE10A", "DDIT3", "FASN", "MAFF", "PNPLA3", "PTRH1", "FOSB", "VIM", "RHEBL1", "ATF3"], "FLI1-21571218-MEGAKARYOCYTES-HUMAN": ["PTPRR", "TES", "SPARC", "CLEC10A", "STAB2", "SLA", "IRS2", "PLAT", "CLEC9A", "MKI67", "LOXL1", "SMC2", "LIMD2", "RBM3", "STK10", "FADS2", "SENP5", "TMEM43", "PTTG1", "RGS1", "DPYSL2", "GJA4", "ARHGDIB", "STAB1", "RAC2", "AP1S2", "CTSE", "TMEM14A", "FADS1", "DUSP5", "EGFL7", "PRKCB", "DUSP1", "IFRD1", "F2R", "IRAK3", "AMPD3", "FOS", "SERPINB7", "ITFG1", "RUNX1", "SERPINB6", "TLR1", "ACTA2", "SLC7A5", "RAB30", "COL4A2", "SDPR", "COL6A2", "DDIT3", "ASPG", "COL6A3", "TAGLN2", "TRIM59", "TNIK", "KIF20B", "MYL9", "ATF3", "COLEC12", "CSF1R", "RTN1", "CST3", "ARHGAP22", "PLAC8", "P2RY6", "CCNB1", "RACGAP1", "WBP5", "LPXN", "IGFBP7", "FAM43A", "HIVEP2", "PROM1", "BUB1", "S100A11", "EGR1", "TGFB1", "OSBPL3", "ABCA7", "PLXDC2", "KAZALD1", "NR4A2", "PKIB", "EHD3", "ARHGAP30", "RAD51", "NR4A3", "PDE10A", "ALOX5AP", "GNB4", "RGS10", "TRIM35", "CD9", "FOSB", "CRYL1", "SIGLEC5"], "TET1-21490601-MESC-MOUSE": ["PLVAP", "TNFAIP8", "HSPB8", "USP18", "PVR", "FADS2", "PTTG1", "NFIL3", "FAM43A", "HIVEP2", "SCD1", "CCRN4L", "TGFB1", "TRPC6", "ANXA5", "ELOVL6", "IRAK3", "KAZALD1", "CENPF", "ARHGAP31", "NR4A3", "COL4A2", "COL4A1", "NAAA", "MAFF", "FOSB", "FXYD5", "RHEBL1"], "KDM5B-21448134-MESC-MOUSE": ["ARHGAP11A", "NRP1", "BTG3", "SPON1", "PTPRR", "ZFAND2A", "ONECUT1", "MCM10", "PLAT", "LDB2", "MKI67", "SMC2", "LIMD2", "AKAP12", "STK10", "FADS2", "GLIPR1", "SENP5", "DPYSL2", "CHEK1", "NUSAP1", "BLNK", "NEK1", "SCD1", "IGFBP2", "IFRD1", "ITGA1", "CKAP2", "KIF22", "CCNA2", "SLC7A5", "COL4A2", "COL4A1", "NAAA", "TRIM59", "MCM6", "BCAT1", "B4GALT6", "KIF20B", "RAMP2", "SLC20A1", "HMMR", "CORO1A", "AURKA", "CCNB2", "PDLIM3", "CCNB1", "DRAM1", "RACGAP1", "PDPN", "HIVEP2", "ECT2", "BUB1", "MYH10", "SLC38A2", "PLK4", "NR4A2", "CENPF", "RAD51", "TSPAN13", "PRC1", "CDK1", "CD9", "CRYL1"], "MYC-18358816-MESC-mouse": ["ARHGAP11A", "SLC20A1", "HMMR", "AURKA", "RBM3", "AKAP12", "CCNB1", "SENP5", "TMEM43", "CCND1", "STMN1", "CHEK1", "NUSAP1", "TCP11L2", "CD37", "MYH10", "SLC25A25", "RRM2", "UBE2C", "SRD5A1", "IFRD1", "CKAP2", "IRAK3", "KIF22", "SLC7A5", "RAB30", "MTHFD2", "PRC1", "IL23A", "KIFC1", "DDIT3", "FASN", "TRIM35", "TAGLN2", "TRIM59", "MCM6", "ALDH18A1", "BCAT1", "RHEBL1", "ATF3", "HSPA1B", "HSPA1A"], "CREM-20920259-GC1-SPG-MOUSE": ["ARHGAP11A", "SPON1", "PTPRR", "TES", "ZFAND2A", "ONECUT1", "STAB2", "HMGB2", "MCM10", "IRS2", "PRSS23", "CYR61", "CXCL16", "LIMD2", "RBM3", "AKAP12", "FADS2", "RGS2", "SENP5", "CCND1", "SALL2", "STMN1", "CHEK1", "NUSAP1", "NEK1", "TCP11L2", "CYP1B1", "TMSB10", "DUSP5", "DUSP1", "IFRD1", "MYOF", "ELOVL6", "IRAK3", "KIF22", "FOS", "COQ10B", "ITFG1", "GEM", "CCNA2", "SLC7A5", "TUBB2A", "MTHFD2", "KIFC1", "DDIT3", "PTRH1", "TRIM59", "MCM6", "GUCY2C", "RTN1", "SLC20A1", "HSPA4L", "SPATA6", "SLC7A1", "AURKA", "CCNB2", "PDLIM3", "DRAM1", "NFIL3", "RACGAP1", "SMYD2", "ECT2", "BUB1", "MYH10", "SLC38A2", "SLC25A25", "CDR2", "TCFL5", "PLK4", "EGR1", "RRM2", "UBE2C", "SRD5A1", "KLF4", "GRHL1", "KAZALD1", "NR4A2", "TTLL7", "NR4A1", "CENPF", "RAD51", "PDE10A", "FASN", "MAFF", "FOSB", "CDKN3"], "TRIM28-19339689-MESC-mouse": ["RAMP2", "SLC20A1", "HSPA4L", "HSPB1", "VLDLR", "ETS1", "AURKA", "AKAP12", "TMEM43", "SOX18", "DPYSL2", "NNAT", "CYP1B1", "IGFBP7", "SLC25A25", "CDR2", "EGR1", "SRD5A1", "DUSP1", "IGFBP2", "IFRD1", "CKAP2", "ELOVL6", "COQ10B", "ITFG1", "RUNX1", "NR4A2", "CCNA2", "SLC7A5", "BMP2", "EHD3", "RCN2", "COL4A2", "COL4A1", "FASN", "TMBIM1", "RHEBL1", "HSPA1B", "HSPA1A"], "FOXA2-19822575-HepG2-human": ["NRP1", "CIITA", "TNFAIP8", "SCHIP1", "ZFAND2A", "CLEC10A", "STAB2", "PLAT", "SQRDL", "USP18", "PLCXD2", "THBS4", "FCRLA", "AKAP12", "SENP5", "CCND1", "TSPAN8", "STMN1", "PIP4K2A", "LPXN", "IGFBP7", "CHAC1", "HIVEP2", "ECT2", "GGT1", "MYH10", "SLC38A2", "CDR2", "IGFBP1", "G6PC", "RRM2", "ANXA5", "ELOVL6", "PLXDC2", "SDCBP2", "RUNX1", "RAB30", "PTPRC", "FASN", "PQLC3", "COL5A2", "RGS10", "CRYL1", "TNIK", "ALDH18A1", "CD44"], "FOXP1-21924763-HESC-HUMAN": ["PLVAP", "TPSB2", "HMGB2", "HSPB1", "LDB2", "CYR61", "LOXL1", "STK10", "FADS2", "TIFAB", "SENP5", "CCND1", "SOX18", "C1QTNF5", "NEK1", "CHAC1", "TPSAB1", "TMSB10", "CLIC1", "FADS1", "DUSP1", "CLEC11A", "CKAP2", "ELOVL6", "KIF22", "FOS", "F3", "SERPINB6", "SLC7A5", "RAB30", "KIFC1", "ASPG", "COL6A3", "TRIM59", "ATF3", "COL13A1", "LTBP2", "USP18", "CORO1A", "LPXN", "FAM43A", "HIVEP2", "LY6G6C", "ECT2", "SLC38A2", "EGR1", "NOS3", "ABCA7", "KAZALD1", "COL1A1", "NR4A1", "PKIB", "EHD3", "FXYD3", "SELM", "COL5A3", "MAFF", "FOSB", "THRSP", "HSPA1A"], "SFPI1-20887958-HPC-7-MOUSE": ["CSF1R", "PLVAP", "RAMP2", "TES", "SLFN3", "PLD4", "PLAT", "VLDLR", "FADS2", "PSTPIP1", "SMYD2", "AP1S2", "NEK1", "LPXN", "FAM43A", "CLIC1", "CCRN4L", "SLC25A24", "NAPSA", "STARD8", "ELOVL6", "FOS", "COQ10B", "ARHGAP30", "RAD51", "RCN2", "TUBB2A", "FES", "KIFC1", "DDIT3", "ALOX5AP", "MAFF", "TRIM35", "PTRH1", "CD48", "KIF20B"], "KLF4-18555785-MESC-mouse": ["ZFAND2A", "HMGB2", "HSPB1", "ADCY3", "LTBP2", "SPATA6", "SMC2", "CST3", "PYCARD", "AKAP12", "SENP5", "TMEM43", "DPYSL2", "CYP1B1", "TMSB10", "CDR2", "FADS1", "TCFL5", "ANXA5", "IFRD1", "IRAK3", "KLF4", "ITFG1", "NR4A1", "CENPF", "GPRC5A", "TUBB2A", "COL6A2", "PQLC3", "TRIM35", "PNPLA3", "TRIM59", "ATF3", "SPC25"], "SIN3B-21632747-MESC-MOUSE": ["ARHGAP11A", "PLVAP", "CIITA", "HSPB8", "ZFAND2A", "ONECUT1", "HMGB2", "LOXL1", "RBM3", "CCND2", "TMEM43", "STMN1", "NEK1", "SCD1", "CLIC1", "FADS1", "CCRN4L", "SRGN", "DUSP5", "PTGIS", "DUSP1", "IGFBP2", "ELOVL6", "IRAK3", "AMPD3", "KIF22", "FOS", "ITFG1", "CLDN5", "TUBB2A", "FNDC1", "DDIT3", "PTRH1", "KIF20B", "PPIC", "COLEC12", "RAMP2", "ILDR2", "PDLIM3", "CCNB1", "PDPN", "LPXN", "IGFBP7", "FAM43A", "HIVEP2", "SCN3A", "MYH10", "SRD5A1", "OSBPL3", "PLXDC2", "KLF4", "LYVE1", "HOPX", "NR4A2", "NR4A1", "RAD51", "NR4A3", "LRG1", "FES", "ALOX5AP", "MAFF", "CDK1", "FOSB", "ITGBL1", "VIM", "RHEBL1"], "HNF4A-19822575-HepG2-human": ["SPON1", "TES", "PLOD2", "PVR", "IFIT3", "CXCL16", "PYCARD", "STK10", "CCND2", "CCND1", "SALL2", "DPYSL2", "MYC", "PIP4K2A", "CYP1B1", "GGT1", "TMEM14A", "ARRDC4", "IGFBP1", "G6PC", "IGFBP2", "DIO1", "IFRD1", "MYO7B", "SDCBP2", "RUNX1", "ACE2", "RAB30", "LOX", "TNIK", "KIF20B", "CSF1R", "COL13A1", "C5AR1", "LTBP2", "PLCXD2", "ARHGAP22", "TSPAN8", "RACGAP1", "SMYD2", "LPXN", "HIVEP2", "PROM1", "SCN3A", "MYH10", "SLC38A2", "CDR2", "OSBPL3", "PKIB", "FASN", "PQLC3", "COL5A2", "MAFF", "CRYL1", "ITGBL1", "ALDH18A1", "NRP1", "PTPRR", "CIITA", "TNFAIP8", "CPXM2", "ZFAND2A", "STAB2", "DYSF", "MCM10", "VLDLR", "LDB2", "RBM3", "AKAP12", "PSTPIP1", "SENP5", "BLNK", "PHGDH", "IFNGR1", "DUSP1", "ANXA5", "ELOVL6", "SERPINB6", "SLC7A5", "KIFC1", "MCM6", "BCAT1", "CD44", "COLEC12", "SLC20A1", "HSD17B13", "USP18", "AURKA", "PDLIM3", "ALDH1B1", "SLC25A25", "GRHL1", "KAZALD1", "KLHL6", "TRIM35", "PNPLA3", "CD9", "THRSP", "SPC25"], "ERG-20887958-HPC-7-MOUSE": ["RAMP2", "TES", "HMGB2", "PLD4", "SMC2", "LIMD2", "STK10", "FADS2", "PSTPIP1", "TMEM43", "MYC", "STMN1", "NEK1", "FAM43A", "TMEM14A", "FADS1", "CCRN4L", "SLC25A24", "PRNP", "EGR1", "DUSP5", "NAPSA", "RRM2", "IFNGR1", "ELOVL6", "COQ10B", "GEM", "ARMCX1", "ARHGAP30", "RCN2", "ALOX5AP", "MAFF", "TAGLN2"], "SETDB1-19884257-MESC-mouse": ["TES", "CLEC12A", "SCHIP1", "C5AR1", "PLOD2", "LTBP2", "MKI67", "ABO", "CML3", "LOXL1", "CST3", "ARHGAP22", "TIFAB", "NNAT", "STMN1", "HIVEP2", "TPSAB1", "SLC25A25", "GBP4", "PTGIS", "TRPC6", "NOS3", "DUSP1", "ELOVL6", "IRAK3", "KAZALD1", "NR4A2", "COL1A1", "CENPF", "SLPI", "COL4A1", "COL5A3", "PQLC3", "ALOX5AP", "ITGBL1", "MYL9"], "E2F4-21247883-LYMPHOBLASTOID-HUMAN": ["ARHGAP11A", "MCM10", "SQRDL", "MKI67", "SLC7A1", "PYCARD", "CCNB2", "FADS2", "CCND2", "RACGAP1", "STMN1", "CHEK1", "NUSAP1", "BLNK", "CHAC1", "MYH10", "SLC38A2", "S100A11", "CDR2", "FADS1", "SLC25A24", "DUSP5", "SDS", "CKAP2", "IRAK3", "FOS", "KAZALD1", "ITFG1", "TTLL7", "ACTA2", "SLC7A5", "FAM111A", "CENPF", "RAD51", "RCN2", "PRC1", "RGS10", "IRF7", "CRYL1", "TAGLN2", "VIM", "ALDH18A1", "RHEBL1", "KIF20B", "FBN1", "CDKN3"]}