{"HNF1B (human)": ["SPARC", "CD69"], "NFYB (human)": ["COL1A1", "DDIT3", "CDK1", "HBA1"], "SMAD3 (human)": ["PIP4K2A", "AMPD3", "MKI67"], "HNRNPK (human)": ["SPN"], "NFE2L2 (human)": ["CMA1", "PROM1", "GAS7"], "IRF9 (human)": ["EMCN", "ISG15"], "CBX5 (human)": ["TIFAB", "IFNGR1"], "SP4 (human)": ["CCND1"], "RUNX1 (mouse)": ["RBM3", "PLCXD2"], "EBF1 (mouse)": ["PLAC9"], "Tcfcp2l1 (mouse)": ["CCRN4L"], "VDR (human)": ["NR4A3", "BCAT1"], "IRF7 (human)": ["PYCARD", "IRF7"], "CPEB1 (human)": ["CIITA"], "ESR2 (mouse)": ["BMP2"], "MXI1 (human)": ["LGALS3BP", "FES"], "SMAD3 (mouse)": ["TAGLN", "LSP1"], "NME2 (human)": ["PTGIS", "MYC"], "FOXM1 (human)": ["FAM111A", "EMR1", "SPRR1A"], "EWSR1-FLI1 (human)": ["F2R"]}