{"H3ac_myocyte_mm9": ["CD97", "PROSER2", "NT5E", "KSR1", "ZADH2", "PPDPF", "NRIP1", "PBX2"], "H3K36me3_HepG2_hg19": ["KDM6B", "GYS1", "SMPD4", "GCA", "PIM1", "PLEKHA6", "ITPR3", "PGPEP1", "TRIM56"], "H3K4me3_ES-E14_mm9": ["FOXA1", "SLFN5", "LRMP", "ITPR3", "2010300C02RIK", "IQGAP3", "GM13032", "9030617O03RIK", "NT5E", "PORCN", "TRIM7", "HOXA2", "PGPEP1", "SULT4A1", "PACSIN1", "HOXA4", "SLC15A1", "AFAP1L1", "ABCA4", "CIDEA", "MYRIP", "SEMA4G", "SORCS2", "CDC25B", "ZSCAN20", "ZADH2", "BHLHE40", "THRSP", "DCHS1", "LHX4", "CAMK1"], "H3K27ac_skeletal muscle myoblast_hg19": ["PDGFRB", "AFAP1L1", "ZSCAN20", "PIGK", "SMYD4", "WDPCP", "MEIS2"], "H3K27ac_CD14-positive monocyte_hg19": ["KDM6B", "CD72", "SPNS3", "SLC43A1", "SMYD4", "AQP3", "XYLB", "CORO1B"], "H3K36me3_mammary epithelial cell_hg19": ["GYS1", "HIVEP3", "HOXA1", "ITPR3", "SLC16A2", "FYB", "PSORS1C2"], "H3K36me3_NT2-D1_hg19": ["SMPD4", "COTL1", "PIM1", "CD37", "HBEGF"], "H3K36me3_myotube_hg19": ["PPDPF", "SNAI1", "NEXN", "SLC16A2", "SIPA1", "FSTL3", "AIF1L"], "H3K27ac_MCF-7_hg19": ["GYS1", "OXNAD1", "ITPR3", "MEIS2", "FBP1", "CDC25B"], "H3K79me2_keratinocyte_hg19": ["CD97", "GYS1", "OXNAD1", "AFAP1L1", "AGBL3", "IER5L", "LRAT", "WDPCP"], "H3K27ac_HCT116_hg19": ["SMYD4", "IRF5", "WDPCP", "DHRS3", "CORO1B", "TRIM56", "CDC25B"], "H3K36me3_K562_hg19": ["KDM6B", "GABARAPL2", "EPGN", "PPDPF", "BHLHE40", "SNAI1", "PIGK", "PIM1", "ATP11B", "CORO2A", "PGPEP1", "TRIM56"], "H3K36me3_GM12878_hg19": ["CCDC88B", "GYS1", "COLEC11", "SMPD4", "GCA", "PBX2", "ITPR3", "PGPEP1", "REC8", "CORO1B", "TRIM56", "PSORS1C2"], "H3K27ac_MEL cell line_mm9": ["PDP2", "1700120C14RIK", "IRAK2", "AGBL3", "PPDPF", "CD37"], "H3K27ac_CH12.LX_mm9": ["9030617O03RIK", "OXNAD1", "CHD7", "BHLHE40"], "H3K27ac_bone marrow macrophage_mm9": ["POR", "PDP2", "1700120C14RIK", "IRAK2", "TRIM56"], "H3K36me3_H1-hESC_hg19": ["GYS1", "MUC1", "SLC15A1", "SNAI1", "PPBP", "TRIM56"], "H3K79me2_C2C12_mm9": ["KDM6B", "POPDC3", "POR", "OXNAD1", "PDP2", "SMPD4", "IER5L", "PIGK", "SMYD4"], "H3K36me3_astrocyte_hg19": ["RPS6KA4", "GYS1", "SNAI1", "NEXN", "SLC16A2", "SIPA1"], "H3K27ac_fibroblast of lung_hg19": ["KDM6B", "SLC43A1", "ITPR3", "LTBP3", "CORO1B", "NT5E", "PORCN", "ZSCAN20", "ZADH2", "RBP1", "COTL1", "HOXB3", "WDPCP", "S1PR2", "HOXA5", "TRIM56"]}