{"H3K9me3 Rectal Smooth Muscle": ["RBM3", "LRG1", "EMR1"], "H3K36me3 Peripheral Blood Mononuclear Primary Cells": ["THRSP"], "H3K36me3 CD3 Primary Cells": ["TGFB1"], "H3K36me3 Duodenum Smooth Muscle": ["ECT2"], "H3K9me3 Duodenum Mucosa": ["NOS3"], "H3K9me3 Brain Mid Frontal Lobe": ["RBM3", "CSRP3"], "H3K36me3 CD4+ CD25int CD127+ Tmem Primary Cells": ["MUSTN1"], "H3K36me3 CD34 Primary Cells": ["EGFL7"], "H3K36me3 Stomach Mucosa": ["FES"], "H3K36me3 Adult Liver": ["KRT10"], "H3K36me3 CD4+ CD25- IL17+ PMA-Ionomcyin stimulated Th17 Primary Cells": ["MUSTN1", "SDCBP2"], "H4K20me1 IMR90": ["FCRLA", "ACTA2", "COL4A2", "COL4A1", "CLEC9A", "KRT10", "TMSB10"], "H3K36me3 H1 BMP4 Derived Mesendoderm Cultured Cells": ["CD74", "TNFAIP8", "CMA1", "CHEK1", "TMEM14A"], "H3K9me3 CD8 Naive Primary Cells": ["NOS3"], "H3K9me3 Brain Anterior Caudate": ["CSRP3", "LRG1"], "H3K36me3 Brain Anterior Caudate": ["MUSTN1", "THRSP"], "H3K36me3 Brain Mid Frontal Lobe": ["FGD5", "ANGPT2", "TMBIM1"], "H3K36me3 Fetal Heart": ["NPY"], "H3K9me3 Adipose Derived Mesenchymal Stem Cell Cultured Cells": ["NOS3", "TLR7", "THBS4"], "H3K9me3 CD4+ CD25- Th Primary Cells": ["NOS3"]}