{"GTGGTGA,MIR-197": ["TTLL7"], "AAGGGAT,MIR-188": ["ELOVL6"], "AGTCTTA,MIR-499": ["RCN2"], "ATCTTGC,MIR-31": ["NNAT"], "GCAAGGA,MIR-502": ["RAB30"], "GTGTCAA,MIR-514": ["SCN3A"], "GTCAACC,MIR-380-5P": ["COL1A2"], "AGTCAGC,MIR-345": ["LIMD2"], "GGTGAAG,MIR-412": ["IRF7"], "GACAGGG,MIR-339": ["NNAT"], "GGCCAGT,MIR-193A,MIR-193B": ["STMN1"], "GTAAGAT,MIR-200A": ["NR4A1"], "CTCAAGA,MIR-526B": ["ONECUT1"], "ATGCACG,MIR-517B": ["NR4A3"], "GTCAGGA,MIR-378": ["SLC7A1"], "GTTAAAG,MIR-302B": ["NRP1"], "TAGGTCA,MIR-192,MIR-215": ["GRHL1"], "TCTAGAG,MIR-517": ["RBM3"], "GTCTACC,MIR-379": ["SLC20A1"], "GCAAGAC,MIR-431": ["NR4A3"]}