{"MAZ_HeLa-S3_hg19": ["LGALS3BP", "SQRDL", "SPATA6", "AURKA", "OASL", "PDLIM3", "ALDH1B1", "SOX18", "PIP4K2A", "FAM43A", "TMEM14A", "TMSB10", "CCRN4L", "TGFB1", "SRD5A1", "STARD8", "IFRD1", "EMP1", "KIF22", "CENPF", "RAD51", "COL5A3", "TMBIM1", "CRYL1", "MCM6", "MYL9", "CDKN3", "PPIC"], "POLR2A_thymus_mm9": ["ARHGAP11A", "BTG3", "SLFN3", "CORO1A", "SMC2", "CST3", "SPN", "CCNB2", "RGS2", "TMEM43", "TCP11L2", "PHGDH", "FAM43A", "SLC38A2", "FADS1", "EGR1", "CD74", "DUSP1", "IFRD1", "KIF22", "FOS", "SLC7A5", "RAD51", "TSPAN13", "IRF7", "CDK1", "TAGLN2", "CD69", "SPC25"], "CTCF_GM12878_hg19": ["CIITA", "ONECUT1", "HSPB1", "LSP1", "SLC2A5", "CYR61", "RBM3", "CCND1", "PTTG1", "RGS1", "CHAC1", "FADS1", "CCRN4L", "ITGA1", "F2R", "CKAP2", "COQ10B", "ITFG1", "GEM", "TLR1", "ACTA2", "GPRC5A", "RCN2", "TUBB2A", "FNDC1", "TMBIM1", "TRIM59", "MCM6", "KIF20B", "PPP1R15A", "SLC20A1", "HSPA4L", "PLCXD2", "ARHGAP22", "CCNB2", "CCNB1", "DRAM1", "RACGAP1", "LPXN", "FAM43A", "SCN3A", "BUB1", "MYH10", "SLC38A2", "UBE2C", "OSBPL3", "CAV1", "MX1", "ISG15", "KAZALD1", "TTC39A", "NR4A2", "PKIB", "FAM111A", "EHD3", "NR4A3", "KLHL6", "FASN", "CDK1", "FOSB", "ALDH18A1", "CDKN3"], "HDAC2_H1-hESC_hg19": ["ARHGAP11A", "TES", "SLC20A1", "CLEC2L", "HSPB8", "ZFAND2A", "HSPA4L", "PLCXD2", "STK10", "FADS2", "DPYSL2", "STMN1", "CHAC1", "BUB1", "TMSB10", "CCRN4L", "S100A10", "SRD5A1", "ANXA5", "F2R", "MYOF", "ELOVL6", "KIF22", "GRHL1", "COQ10B", "NR4A2", "FAM111A", "CENPF", "RAD51", "COL1A2", "SELM", "DDIT3", "FASN", "TMBIM1", "GNB4", "PTRH1", "VIM", "TNIK", "CD44"], "ZKSCAN1_HeLa-S3_hg19": ["LGALS3BP", "TES", "RGS2", "CCNB1", "ALDH1B1", "STMN1", "NUSAP1", "FAM43A", "TMEM14A", "BUB1", "IFRD1", "MX1", "EMP1", "KLF4", "GPRC5A", "RAD51", "TUBB2A", "MAFF", "GNB4", "RGS10", "CDK1", "CD9", "FOSB", "CRYL1", "MCM6", "FXYD5", "ALDH18A1", "RHEBL1", "B4GALT6"], "POLR2A_K562_hg19": ["TES", "IRS2", "MKI67", "PVR", "RGS2", "CCND2", "PTTG1", "MYC", "NUSAP1", "AP1S2", "PIP4K2A", "VSTM4", "TMEM14A", "TMSB10", "CCRN4L", "ARRDC4", "SDCBP2", "GEM", "CCDC80", "MTHFD2", "DDIT3", "TNIK", "KIF20B", "BEX4", "HSPA4L", "CCNB1", "SMYD2", "LPXN", "FAM43A", "CDR2", "PLK4", "TGFB1", "UBE2C", "OSBPL3", "ABCA7", "ISG15", "SELM", "MAFF", "GNB4", "CRYL1", "FXYD5", "ALDH18A1", "ARHGAP11A", "LGALS3BP", "BTG3", "TNFAIP8", "DYSF", "HMGB2", "HSPB1", "MCM10", "RBM3", "SENP5", "TMEM43", "RAC2", "CD37", "SRGN", "DUSP5", "EGFL7", "DUSP1", "ANXA5", "CKAP2", "KIF22", "FOS", "HBA1", "COQ10B", "SLC7A5", "RCN2", "TUBB2A", "IRF7", "PTRH1", "TRIM59", "MCM6", "TAGLN", "SLC20A1", "IL2RG", "AURKA", "CST3", "DRAM1", "ALDH1B1", "NFIL3", "WBP5", "TCFL5", "SLC25A24", "CTHRC1", "RRM2", "MX1", "KLF4", "TTLL7", "CENPF", "RAD51", "LRG1", "PRC1", "PNPLA3", "CD9", "FOSB", "VIM", "RHEBL1", "SPC25", "CDKN3"], "NANOG_H1-hESC_hg19": ["HMGB2", "RHEBL1"], "POLR2A_MCF-7_hg19": ["HMGB2", "MCM10", "IRS2", "SQRDL", "OASL", "RGS2", "SENP5", "SOX18", "MYC", "NUSAP1", "AP1S2", "TMEM14A", "DUSP5", "STARD8", "IGFBP2", "ANXA5", "ITGA1", "KIF22", "HBA1", "COQ10B", "ITFG1", "GEM", "ACTA2", "CLDN5", "TUBB2A", "CCDC80", "LOX", "COL6A2", "VOPP1", "TAGLN2", "TRIM59", "TNIK", "PPP1R15A", "BEX4", "RTN1", "SLC20A1", "HSPA4L", "ADCY3", "SPATA6", "USP18", "ARHGAP22", "PDLIM3", "RACGAP1", "SMYD2", "IGFBP7", "RRM2", "UBE2C", "MX1", "ABCA7", "TTC39A", "FAM111A", "CENPF", "ARHGAP31", "NR4A3", "LRG1", "SELM", "FOSB", "SPC25", "CDKN3"], "TCF12_MCF-7_hg19": ["GPRC5A", "SIGLEC5"], "GTF2F1_HeLa-S3_hg19": ["LGALS3BP", "TES", "HSPB8", "HSPB1", "IRS2", "SQRDL", "CCNB1", "DRAM1", "ALDH1B1", "TSPAN8", "WBP5", "TMEM14A", "PRNP", "CAV1", "IFRD1", "ELOVL6", "ISG15", "FOS", "ACTA2", "RAB30", "RAD51", "RCN2", "MTHFD2", "FASN", "TAGLN2", "RHEBL1", "KIF20B", "CD44", "CDKN3"], "eGFP-GATA2_K562_hg19": ["SCHIP1", "HMGB2", "HSPB1", "IFIT3", "AURKA", "FCRLA", "RBM3", "CCNB1", "SLAMF9", "FAM198B", "ARHGDIB", "NUSAP1", "LPXN", "CD37", "EGFL7", "IFNGR1", "COQ10B", "RUNX1", "PKIB", "FAM111A", "GPRC5A", "LRG1", "MTHFD2", "TAGLN2", "TRIM59", "VIM", "KIF20B", "SPC25"], "RFX5_H1-hESC_hg19": ["PPP1R15A", "GUCY2C", "TAGLN", "TNFAIP8", "HMGB2", "MCM10", "ELTD1", "PLCXD2", "AURKA", "ARHGAP22", "CCNB2", "RGS2", "CCNB1", "SLC16A6", "CHAC1", "MYH10", "PLK4", "CKAP2", "KIF22", "COQ10B", "GEM", "FAM111A", "TSPAN13", "MTHFD2", "SELM", "CDK1", "TRIM59", "BCAT1"], "REST_HL-60_hg19": ["ANXA5", "KRT10"], "POLR2A_HepG2_hg19": ["LGALS3BP", "TNFAIP8", "MCM10", "IRS2", "VLDLR", "CYR61", "STK10", "RGS2", "SENP5", "TMEM43", "CCND1", "PTTG1", "SOX18", "FAM198B", "STMN1", "NUSAP1", "PIP4K2A", "CD37", "TMEM14A", "TMSB10", "CCRN4L", "ARRDC4", "DUSP5", "G6PC", "ANXA5", "DIO1", "IFRD1", "ITGA1", "CKAP2", "GPX7", "ELOVL6", "FOS", "HBA1", "COQ10B", "SDCBP2", "F3", "ITFG1", "CCNA2", "SLC7A5", "RCN2", "TUBB2A", "IL23A", "MCM6", "KIF20B", "MYL9", "PPIC", "PPP1R15A", "HMMR", "USP18", "PLCXD2", "AURKA", "CST3", "PLAC8", "CCNB1", "RACGAP1", "LPXN", "IGFBP7", "FAM43A", "HIVEP2", "MYH10", "SLC38A2", "SLC25A25", "CDR2", "S100A10", "SLC25A24", "PLK4", "EGR1", "TGFB1", "RRM2", "SRD5A1", "OSBPL3", "MX1", "ABCA7", "ISG15", "KLF4", "GRHL1", "CENPF", "NR4A3", "LRG1", "SELM", "FASN", "MAFF", "PNPLA3", "FOSB", "CRYL1", "ALDH18A1", "RHEBL1", "CDKN3"], "POLR2A_NB4_hg19": ["SLC20A1", "HMGB2", "MCM10", "MKI67", "IL2RG", "AURKA", "PLAC8", "FADS2", "CCNB1", "PTTG1", "RACGAP1", "NUSAP1", "PIP4K2A", "TMEM14A", "TMSB10", "TCFL5", "CCRN4L", "SRGN", "OSBPL3", "CKAP2", "ISG15", "SLC7A5", "CENPF", "RCN2", "TUBB2A", "GNB4", "CD9", "FOSB", "RHEBL1"], "MXI1_HepG2_hg19": ["TES", "SPATA6", "AURKA", "PDLIM3", "TMEM43", "RACGAP1", "STMN1", "SMYD2", "TMSB10", "ARRDC4", "EGR1", "UBE2C", "DIO1", "F2R", "ABCA7", "ISG15", "KIF22", "F3", "NR4A2", "SLC7A5", "FAM111A", "RCN2", "TUBB2A", "LRG1", "PRC1", "DDIT3", "FASN", "TRIM35", "MCM6"], "MAX_HeLa-S3_hg19": ["LGALS3BP", "DYSF", "HSPB1", "MCM10", "PLAT", "IFIT3", "RBM3", "RGS2", "C1QTNF2", "TMEM43", "NUSAP1", "TMEM14A", "DUSP5", "STARD8", "IFRD1", "MYOF", "CKAP2", "GPX8", "EMP1", "COQ10B", "SLC7A5", "GPRC5A", "TUBB2A", "SLPI", "COL4A1", "DDIT3", "PTRH1", "KIF20B", "PPIC", "SLC20A1", "HSPA4L", "AURKA", "CCNB1", "RACGAP1", "WBP5", "LPXN", "IGFBP7", "BUB1", "SLC38A2", "TCFL5", "UBE2C", "SRD5A1", "NR4A2", "TTLL7", "CENPF", "RAD51", "PDE10A", "GNB4", "CD9", "FXYD5", "RHEBL1", "SPC25"], "HCFC1_CH12.LX_mm9": ["PPP1R15A", "ZFAND2A", "HSPA4L", "SPATA6", "ETS1", "SMC2", "CST3", "CCNB1", "TIFAB", "STMN1", "CHEK1", "NEK1", "TCP11L2", "FAM43A", "S100A11", "NAPSA", "OSBPL3", "SEPT1", "COQ10B", "EHD3", "RAD51", "TUBB2A", "PRC1", "DDIT3", "PNPLA3", "TAGLN2", "ATF3", "SPC25", "CDKN3"], "CTCF_kidney_hg19": ["PPP1R15A", "TNFAIP8", "HSPA4L", "SPATA6", "CYR61", "NEK1", "FAM43A", "VSTM4", "TMEM14A", "MYH10", "FADS1", "CCRN4L", "DUSP1", "OSBPL3", "F2R", "FOS", "KLF4", "COQ10B", "TTC39A", "PKIB", "NR4A3", "TUBB2A", "FNDC1", "FASN", "TMBIM1", "IRF7", "MCM6", "SPC25"], "CTCF_K562_hg19": ["ARHGAP11A", "PLVAP", "ZFAND2A", "MCM10", "CYR61", "AKAP12", "RGS2", "CCND2", "CCND1", "MYC", "CHAC1", "VSTM4", "TMEM14A", "TMSB10", "FADS1", "CCRN4L", "IFNGR1", "STARD8", "IFRD1", "F2R", "CKAP2", "KIF22", "FOS", "COQ10B", "ITFG1", "GEM", "TLR1", "ACTA2", "RAB30", "GPRC5A", "TUBB2A", "FNDC1", "SDPR", "COL6A2", "TMBIM1", "PTRH1", "TRIM59", "MCM6", "KIF20B", "MYL9", "PPP1R15A", "TAGLN", "SLC20A1", "HSPA4L", "C5AR1", "ABO", "ARHGAP22", "FGD5", "CCNB1", "DRAM1", "RACGAP1", "FAM43A", "SCN3A", "BUB1", "MYH10", "CTHRC1", "TGFB1", "OSBPL3", "CAV1", "TTC39A", "CENPF", "EHD3", "RAD51", "NR4A3", "FASN", "PQLC3", "SPC25", "CDKN3"]}