{"H3ac_myocyte_mm9": ["PARPBP", "HSPA4L", "PLOD2", "PRSS23", "ETS1", "AURKA", "ADAMTS5", "FADS2", "PTTG1", "RACGAP1", "CHEK1", "SMYD2", "NUSAP1", "SLC16A6", "FAM43A", "HIVEP2", "SLC38A2", "CDR2", "CKAP2", "ITFG1", "TTLL7", "RAB30", "TUBB2A", "COL4A2", "COL4A1", "KIFC1", "TRIM59", "ALDH18A1"], "H3K79me2_myocyte_mm9": ["PPP1R15A", "SPARC", "PARPBP", "ZFAND2A", "HSPA4L", "MCM10", "CYR61", "SMC2", "CCNB1", "NNAT", "SMYD2", "NEK1", "ECT2", "TMSB10", "CLIC1", "EGR1", "PTGIS", "RRM2", "UBE2C", "DUSP1", "MYOF", "GPX8", "EMP1", "KLF4", "SLC7A5", "TUBB2A", "COL5A3", "COL5A2", "KIF20B"], "H3K9me3_fibroblast of dermis_hg19": ["PPP1R15A", "LTBP2", "CYR61", "SMC2", "RBM3", "ADAMTS5", "DRAM1", "NUSAP1", "SLC16A6", "CYP1B1", "TMSB10", "SLC38A2", "SLC25A25", "PTGIS", "DUSP1", "EMR1", "EMP1", "FOS", "KLF4", "F3", "GREM1", "PTPRC", "CCDC80", "SELM", "DDIT3", "MAFF", "VIM", "ATF3"], "H3K36me3_astrocyte_hg19": ["BEX4", "CSF1R", "TAGLN", "ZFAND2A", "HMGB2", "MKI67", "CYR61", "SMC2", "CCNB1", "FAM198B", "WBP5", "NEK1", "TMSB10", "SLC25A25", "SLC25A24", "IFNGR1", "DIO1", "EMP1", "ABCA7", "KIF22", "FOS", "LYVE1", "GEM", "TTC39A", "ARMCX2", "TUBB2A", "MAFF", "ITGBL1"], "H3K9ac_HeLa-S3_hg19": ["COL13A1", "HMGB2", "MCM10", "PLAT", "USP18", "CORO1A", "SMC2", "OASL", "TMEM43", "DPYSL2", "AP1S2", "SLC16A6", "NEK1", "TCP11L2", "BUB1", "UBE2C", "STARD8", "IFRD1", "ITFG1", "TTLL7", "RAD51", "TSPAN13", "TUBB2A", "COL4A1", "CRYL1", "TNIK", "PPIC"], "H3K27ac_bone marrow_mm9": ["ARHGAP11A", "CLEC4A3", "SPARC", "ELTD1", "LTBP2", "SMC2", "TMEM43", "SLAMF9", "ARHGDIB", "NUSAP1", "SLC16A6", "LPXN", "CTSE", "TMEM14A", "CLIC1", "EGFL7", "F2R", "EMR1", "ISG15", "KIF22", "ITFG1", "ARHGAP31", "IL23A", "NAAA", "MAFF", "VOPP1", "CRYL1", "MCM6"], "H3K9me3_MCF-7_hg19": ["NOS3", "CMA1", "FAIM3"], "H3K36me3_CH12.LX_mm9": ["ZFAND2A", "HMGB2", "SLA", "SMC2", "CXCL16", "LIMD2", "RBM3", "TIFAB", "PTTG1", "FAM198B", "C1QTNF5", "SCD1", "CTSE", "TMSB10", "PRKCB", "IFNGR1", "SEPT1", "F3", "GEM", "SLC7A5", "CLDN5", "ARMCX2", "DDIT3", "IRF7", "MCM6", "ATF3", "PPP1R15A", "TAGLN", "SLFN3", "RACGAP1", "MUSTN1", "TMEM204", "SLAMF9", "NNAT", "SMYD2", "FAM43A", "LY6G6C", "BUB1", "SLC38A2", "TGFB1", "RRM2", "UBE2C", "SRD5A1", "ABCA7", "KRT10", "KLF4", "CENPF", "KLHL6", "PRC1", "FASN", "PQLC3", "MAFF", "CD69", "HSPA1B", "HSPA1A"], "H3K9ac_A549_hg19": ["BEX4", "LGALS3BP", "TAGLN", "BEX2", "MCM10", "SPATA6", "CORO1A", "CYR61", "AURKA", "OASL", "RGS2", "TMEM43", "BUB1", "SLC25A25", "CTHRC1", "STARD8", "ITGA1", "MX1", "ISG15", "GRHL1", "TTLL7", "ACTA2", "BMP2", "ARHGAP31", "SELM", "COL6A2", "COL5A2", "CRYL1"], "H3K9ac_ES-E14_mm9": ["NRP1", "PTPRR", "CPXM2", "ONECUT1", "USP18", "PRSS23", "ETS1", "PLCXD2", "THBS4", "AURKA", "SMC2", "SPN", "STK10", "FADS2", "DRAM1", "NFIL3", "PIP4K2A", "BUB1", "CCRN4L", "PTGIS", "F2R", "IRAK3", "ARHGAP31", "PKIA", "THRSP", "RHEBL1", "KIF20B", "PPIC"], "H2AFZ_HeLa-S3_hg19": ["DYSF", "PVR", "CORO1A", "OASL", "RBM3", "C1QTNF2", "DRAM1", "SENP5", "TMEM43", "RACGAP1", "LPXN", "FAM43A", "STARD8", "IFRD1", "GPX8", "ISG15", "TTLL7", "CCDC80", "PRC1", "COL5A3", "TMBIM1", "TRIM35", "TNIK", "KIF20B", "MYL9", "SPC25"], "H3K27me3_GM06990_hg19": ["PDLIM3", "NPY", "DKK2"], "H3ac_C2C12_mm9": ["IRS2", "PLOD2", "SQRDL", "PVR", "PRSS23", "PLCXD2", "RGS2", "DRAM1", "TCP11L2", "FAM43A", "CHAC1", "BUB1", "CLIC1", "S100A11", "SLC25A24", "RRM2", "CKAP2", "GRHL1", "ITFG1", "GEM", "TTLL7", "ACTA2", "KIFC1", "COL5A3", "GNB4", "KIF20B"], "H3K36me3_endothelial cell of umbilical vein_hg19": ["PPP1R15A", "BEX4", "TAGLN", "HSPB1", "ADCY3", "MKI67", "CYR61", "SMC2", "CST3", "RBM3", "FGD5", "CCNB1", "SOX18", "NNAT", "FAM198B", "GJA4", "ARHGDIB", "CHEK1", "WBP5", "NEK1", "FAM43A", "TMSB10", "SOX7", "SLC38A2", "SLC25A25", "SLC25A24", "EGFL7", "UBE2C", "DUSP1", "CAV1", "F2R", "EMP1", "ABCA7", "KIF22", "FOS", "ARMCX2", "TUBB2A", "CCDC80", "FES", "SDPR", "ALOX5AP"], "H3K36me3_ES-E14_mm9": ["PPP1R15A", "TAGLN", "HMGB2", "ADCY3", "HMMR", "CYR61", "PYCARD", "RBM3", "FGD5", "PTTG1", "TMEM204", "NNAT", "CHEK1", "C1QTNF5", "NUSAP1", "FAM43A", "CHAC1", "GGT1", "TMSB10", "EGR1", "UBE2C", "DUSP1", "ABCA7", "ARMCX2", "PTRH1", "CD9", "TRIM59"], "H3K36me3_megakaryocyte_mm9": ["TAGLN", "PLEK", "IRS2", "CLEC9A", "IL2RG", "USP18", "SMC2", "CXCL16", "CCNB2", "CCNB1", "MUSTN1", "TMEM204", "SLC16A6", "FAM43A", "LY6G6C", "SLC25A25", "SLC25A24", "TGFB1", "UBE2C", "IFNGR1", "SRD5A1", "ABCA7", "IRAK3", "FOS", "COQ10B", "GEM", "CCNA2", "FAM111A", "ARMCX1", "ARMCX2", "TUBB2A", "SLPI", "FES", "KLHL6", "PRC1", "PQLC3", "TMBIM1", "IRF7", "CD9", "MCM6", "SIGLEC5"], "H3K4me3_endothelial cell of umbilical vein_hg19": ["ONECUT1", "DYSF", "MCM10", "IRS2", "PLOD2", "VLDLR", "PVR", "SMC2", "LIMD2", "OASL", "ADAMTS5", "SOX18", "TCP11L2", "SOX7", "RSAD2", "CKAP2", "GPX7", "ELOVL6", "IRAK3", "ITFG1", "GEM", "TUBB2A", "FNDC1", "TNIK", "B4GALT6", "TAGLN", "RTN1", "ILDR2", "LTBP2", "HMMR", "SLC7A1", "CORO1A", "AURKA", "PLAC9", "DRAM1", "TMEM204", "SMYD2", "SLC25A25", "GRHL1", "KAZALD1", "TTLL7", "BMP2", "ARHGAP31", "SELM", "PKIA", "PQLC3", "RGS10", "CRYL1", "CDKN3"], "H3K27ac_K562_hg19": ["BEX2", "TNFAIP8", "DYSF", "ADCY3", "HMMR", "CYR61", "STK10", "CCND2", "ARHGDIB", "AP1S2", "CD37", "TMEM14A", "CTHRC1", "PRNP", "ANXA5", "IFRD1", "CKAP2", "GRHL1", "RUNX1", "TTLL7", "RAD51", "RCN2", "MTHFD2", "ALOX5AP", "TRIM35", "TNIK", "RHEBL1"], "H3K9ac_keratinocyte_hg19": ["LGALS3BP", "TNFAIP8", "MCM10", "USP18", "CORO1A", "OASL", "C1QTNF2", "TMEM43", "ARHGDIB", "AP1S2", "CHAC1", "GGT1", "BUB1", "MYH10", "TRPC6", "RRM2", "CKAP2", "GPX7", "ITFG1", "TTLL7", "EHD3", "FES", "SELM", "RGS10", "CRYL1", "ITGBL1", "TNIK", "B4GALT6"], "H3K79me2_MEL cell line_mm9": ["PARPBP", "AURKA", "SMC2", "NNAT", "CHEK1", "NUSAP1", "TCP11L2", "CD37", "BUB1", "MYH10", "CLIC1", "SLC25A25", "SLC25A24", "PRNP", "CKAP2", "ABCA7", "COQ10B", "ITFG1", "NR4A2", "RAD51", "TUBB2A", "KLHL6", "KIFC1", "TMBIM1", "VOPP1", "CD48", "KIF20B"]}