{"RCOR3-21632747-MESC-MOUSE": ["DDC", "NDUFB8", "SLC2A1", "MRPL12", "ATP5G1", "PSMB7", "SAMM50", "PCBP1", "SCD2", "RPL38", "SCD1", "SLMO2", "HSP90AA1", "HSPA5", "GOT1", "ANXA4", "DSTN", "YWHAZ", "NDUFS7", "FABP6", "LPCAT3", "TMEM126A", "FAM96A", "NDUFS1", "DEGS2", "ALDOA", "SGK1", "CALM1", "PDE9A", "FKBP5"], "TP63-23658742-EP156T-HUMAN": ["ABCD3", "TFRC", "MAOA", "RPL11", "SLC2A1", "AQP4", "ENO1", "ATP5O", "RPL7", "HERPUD1", "HSPH1", "TFG", "FAM162A", "C1QBP", "HSD17B2", "SFN", "TMSB10", "ACTR3", "S100G", "CBR1", "ANXA1", "ANXA4", "NDUFC1", "HNRNPAB", "YWHAZ", "NME1", "EEF1G", "SPCS3", "PSMC4", "FXYD3", "DPEP1", "CLPTM1L", "SGK1", "CALM1", "PDE9A", "HSPA1B", "ABCG2", "TOMM6"], "HNF4A-19822575-HepG2-human": ["ABCD3", "TFRC", "NDUFA11", "AQP8", "SLC35B1", "SLC2A1", "AQP4", "RPL10A", "PHB2", "ATP5G1", "RPL6", "HERPUD1", "SERP1", "RARS", "IDH3B", "RPL38", "ACTR3", "GPX2", "ANXA4", "IFRD1", "NDUFC2", "TIMM23", "CACYBP", "RPSA", "SDCBP2", "YWHAZ", "SEPP1", "ATP5J2", "NME1", "TMIGD1", "PSMA3", "NDUFS7", "MEP1B", "PPA1", "ACOX1", "ETHE1", "UQCRC1", "FAM96A", "NDUFS1", "RPL27", "ALDOB", "UQCRC2", "SGK2", "PDE9A", "ABCG2", "FKBP5", "DDC", "NDUFB8", "MAOA", "SAR1B", "ODC1", "TIMM13", "ATP5J", "PHB", "MRPL12", "ACAT2", "HSPD1", "MTM1", "HSP90B1", "PSMB7", "LDHA", "HSPH1", "RPS15A", "GNA11", "PRDX1", "PCBP1", "HSD17B2", "METTL7B", "PROM1", "CCT7", "NADK", "SLMO2", "HSPA5", "GOT1", "IDH1", "REG4", "PTGES3", "DSTN", "COX6C", "DNAJA1", "PYY", "GALE", "NACA", "LPCAT3", "NDUFAB1", "GSTA1", "CYCS", "P4HB", "CALM2", "RAN"], "EGR1-20690147-ERYTHROLEUKEMIA-HUMAN": ["ABCD3", "HSP90AB1", "SLC35B1", "SLC2A1", "ATP5G1", "GCSH", "BSG", "RPL38", "PGLYRP1", "SKP1A", "TMSB10", "SLC39A4", "ACTR3", "EIF5A", "ELOVL1", "HSP90AA1", "GPX4", "RPS8", "ANXA3", "IFRD1", "CACYBP", "PGD", "DYNLL1", "SDHB", "YWHAZ", "PPA1", "TMEM126A", "DPEP1", "CRELD2", "GAPDH", "PDE9A", "ST6GALNAC6", "FKBP5", "SET", "RPL10", "MGST3", "ATP5J", "ATP5O", "COX5A", "HSP90B1", "PSMB7", "HSPH1", "PRDX1", "PCBP1", "HSD17B2", "NADK", "S100A10", "HSPA8", "SDF2L1", "GOT1", "NDUFA4", "IDH1", "DSTN", "PPP1CA", "DNAJA1", "MGAT4C", "GALE", "SPCS2", "KRT19", "P4HB", "DEGS2", "CALM1", "CALM2", "RAN"], "AR-19668381-PC3-HUMAN": ["ABCD3", "PSMD14", "TFRC", "SAR1B", "MRPS34", "SLC2A1", "RPL7", "LDHA", "GNA11", "RARS", "C1QBP", "PGK1", "PDIA3", "ANXA3", "ANXA4", "NDUFC2", "SEPP1", "MGAT4C", "SPCS3", "GALE", "FXYD3", "TCP1", "TMEM126A", "CALM1", "CRELD2", "SGK2", "RAN", "PDE9A"], "RUNX2-22187159-PCA-HUMAN": ["ABCD3", "HSP90AB1", "MAOA", "RPN1", "ENO1", "ATP5O", "UQCRH", "MTM1", "RARS", "AGR2", "RPL38", "GPX2", "GOT1", "MID1IP1", "COX6C", "YWHAZ", "MANF", "MGAT4C", "FABP2", "PSMC4", "CLPTM1L", "SGK1", "CALM1", "RAN", "PDE9A", "FKBP5"], "TP53-23651856-MEF-MOUSE": ["DDC", "HSP90AB1", "NDUFA11", "SLC2A1", "RPS27L", "MRPL12", "PSMB7", "FTL1", "PSMB3", "FAM162A", "GNA11", "CHORDC1", "PGK1", "SLC39A4", "ELOVL1", "ANXA1", "NME2", "DSTN", "NDUFC2", "CACYBP", "MIF", "ATP5J2", "NME1", "EEF1G", "PYY", "NDUFS8", "NDUFS7", "FABP6", "ACOX1", "ETHE1", "NDUFAB1", "CANX", "RPL27", "CALM1", "HSPA1B", "ST6GALNAC6"], "GATA1-21571218-MEGAKARYOCYTES-HUMAN": ["HSP90AB1", "TFRC", "RPN1", "SLC2A1", "COX7A2", "PHB", "ATP5O", "PHB2", "COX5A", "BSG", "ST3GAL4", "RPL35", "CCT5", "SPINK4", "SDF2L1", "ANXA3", "ANXA4", "IFRD1", "NDUFC2", "CACYBP", "YWHAZ", "SEPP1", "PYY", "KRT19", "TMEM98", "LPCAT3", "NDUFS2", "ALDOA", "SGK1", "CALM1", "PDE9A", "ST6GALNAC6"], "TP63-22573176-HFKS-HUMAN": ["EIF4A1", "ABCD3", "NDUFA11", "RPLP0", "DBI", "RPL10A", "PHB2", "ATP5G1", "HERPUD1", "RPL7A", "C1QBP", "TMSB10", "CD177", "CBR1", "GPX2", "ANXA1", "ANXA3", "PGAM1", "NDUFC2", "MIF", "ATP5J2", "EEF1G", "TMIGD1", "UQCRC1", "DPEP1", "PPIB", "SGK1", "NDUFB10", "RPL10", "GPS1", "MTM1", "MRPL20", "HSD17B2", "PGK1", "SFN", "CCT7", "S100A10", "CD74", "DSTN", "HNRNPAB", "CCT6A", "MGAT4C", "KRT19", "GSTA1", "EIF3G", "P4HB", "DEGS2", "CLPTM1L", "SPRR1A"], "SOX2-21211035-LN229_GBM-HUMAN": ["TFRC", "SLC2A1", "ATP5C1", "PHB", "RPL7", "SERP1", "PSMB3", "HSD17B2", "CHORDC1", "ST3GAL4", "UQCRFS1", "S100A10", "ANXA1", "NDUFA4", "IFRD1", "EMP1", "DNAJA1", "MGAT4C", "SPCS3", "TMEM98", "MEP1B", "FABP6", "PSMC2", "CYCS", "DPEP1", "P4HB", "ACO2", "ST6GALNAC6", "FKBP5"], "BP1-19119308-Hs578T-human": ["CBR1"], "TCF4-23295773-U87-HUMAN": ["SET", "PSMD14", "TFRC", "SLC2A1", "COX5A", "RPL6", "HSP90B1", "NARS", "RARS", "SFN", "SLMO2", "MDH1", "NDUFA4", "REG4", "ANXA4", "SPCS3", "PYY", "FABP6", "LPCAT3", "NDUFAB1", "GSTA1", "FAM96A", "DEGS2", "ACO2", "SELT", "SGK1", "CALM1", "SGK2", "CALM2", "RAN"], "FOXA2-19822575-HepG2-human": ["EIF4A1", "ABCD3", "HSP90AB1", "NDUFA11", "ODC1", "TIMM13", "PHB", "ENO1", "HERPUD1", "PSMB7", "PRDX1", "PCBP1", "RFK", "HSD17B2", "IDH3B", "NADK", "PDIA3", "GPX2", "HSP90AA1", "GOT1", "ANXA4", "RPL13A", "NDUFC2", "CHCHD10", "TIMM23", "SDCBP2", "SEPP1", "PYY", "PSMA3", "TMEM98", "ACOX1", "FAM96A", "CLPTM1L", "SGK2", "RAN", "PDE9A", "ABCG2"], "REST-21632747-MESC-MOUSE": ["NDUFA8", "ANXA4", "RPL11", "CISD1", "MANF", "NME1", "CYP4F14", "RPS15A", "FABP6", "GNA11", "ST3GAL4", "FAM96A", "SFN", "RPL38", "CYC1", "SGK1", "CALM1", "CRELD2", "CALM2", "NADK"], "SMARCA4-23332759-OLIGODENDROCYTES-MOUSE": ["AQP8", "ODC1", "ENO1", "PSMD6", "RPS15A", "RARS", "RFK", "AGR2", "RPL35", "TMSB10", "HSPA8", "ANXA1", "NDUFA4", "PTGES3", "DSTN", "EMP1", "NDUFC2", "CACYBP", "COX6C", "SEPP1", "MGAT4C", "PPA1", "FABP6", "NAA38", "ACO2", "SELT", "PPIB", "SGK1", "EIF4G2"], "TET1-21490601-MESC-MOUSE": ["PDIA3", "SET", "SDF2L1", "ANXA4", "CISD1", "NDUFC2", "MRPL12", "NME1", "TMX2", "TFG", "PRDX1", "ETHE1", "ST3GAL4", "EIF3G", "UQCRC1", "SCD1", "CCT7", "ALDOA", "CALM1", "CALM2", "PDE9A"], "SIN3B-21632747-MESC-MOUSE": ["SLC35B1", "SLC2A1", "ATP5C1", "ENO1", "PHB2", "RPL6", "HERPUD1", "EEF1B2", "GCSH", "SCD2", "RPL38", "SCD1", "SLC39A4", "ACTR3", "PDIA3", "EIF5A", "CBR1", "HSP90AA1", "ANXA4", "PGAM1", "DYNLL1", "YWHAZ", "NME1", "ACOX1", "DNAJB11", "TMEM126A", "FAM96A", "RPL27", "UQCRC2", "ALDOA", "CRELD2", "GAPDH", "ALDH9A1", "SET", "NDUFB10", "MRPL12", "SNX3", "MRPL20", "RPS15A", "GNA11", "ST3GAL4", "CCT7", "DDX39", "NDUFA8", "HSPA5", "GOT1", "MID1IP1", "CHCHD10", "HSPE1", "COX6C", "HNRNPAB", "MANF", "GALE", "APOC2", "PSMC2", "CALR", "CLPTM1L", "ACO2", "CALM1", "CALM2", "TOMM5", "RAN"], "STAT3-23295773-U87-HUMAN": ["DDC", "PSMD14", "TFRC", "MAOA", "AQP8", "SLC35B1", "MRFAP1", "MGST1", "SNX3", "RFK", "CCT5", "NDUFA9", "ANXA1", "ANXA4", "EMP1", "YWHAZ", "MGAT4C", "EEF1G", "TMIGD1", "PSMA3", "GSTA1", "NDUFS3", "ALDOB", "SELT", "SGK1", "CALM1"], "SETDB1-19884257-MESC-mouse": ["ODC1", "RPLP0", "RPN1", "ATP5O", "RPL10A", "HERPUD1", "SNX3", "PSMD6", "SERP1", "GNA11", "ST3GAL4", "PGK1", "RPL38", "HSPA8", "RPS8", "MT1", "HSPE1", "COX6C", "AKR1C12", "SLPI", "MEP1B", "FABP6", "DPEP1", "FKBP4", "PFN1", "CALM1", "ALDH9A1"], "TP63-17297297-HaCaT-human": ["GPX2", "SFN"]}