{"SP4 (human)": ["DEGS2"], "NFYB (human)": ["EDF1"], "CBX5 (human)": ["MGAT4C", "RPS27L"], "SMAD3 (human)": ["PDE9A"], "ESR2 (mouse)": ["SET", "RPN1"], "Zfx (mouse)": ["GNA11", "SEPP1"], "PDX1 (human)": ["DPEP1"], "RUNX1 (mouse)": ["HSP90AA1", "NAA38"], "FOXA2 (human)": ["UQCRC1", "COX7A2"], "SND1 (mouse)": ["NARS"], "Nr2e3 (mouse)": ["EIF5A", "KRT20"], "VDR (human)": ["METTL7B"], "ESR2 (human)": ["EIF5A"], "MAFB (human)": ["FAM96A"], "Myf (human)": ["PDE9A"], "IRF7 (human)": ["PHB"], "TLX1::NFIC (human)": ["RPL7A"], "FOXM1 (human)": ["SPRR1A"], "HNF1B (mouse)": ["NDUFB8", "TCP1"], "NCOA1 (human)": ["ZG16"]}