{"H3K27me3 Colonic Mucosa": ["ANXA3", "MAOA", "MID1IP1", "GCG", "AQP4", "KRT20", "PYY", "KRT19", "TMEM98", "METTL7B", "DEGS2", "PROM1", "SGK1", "ABCG2"], "H3K27me3 Duodenum Mucosa": ["TMEM98", "AQP4", "DEGS2", "PROM1", "SGK1"], "H3K27me3 H9": ["ANXA3", "MAOA", "COX6C", "SLPI", "ETHE1", "SFN", "ZG16", "CALR", "ACO2", "PROM1", "CCT7", "SGK1", "TOMM5", "ABCG2"], "H3K9me3 CD8 Naive Primary Cells": ["CBR1"], "H3K9me3 H1 Derived Mesenchymal Stem Cells": ["CBR1", "FABP6", "DEGS2"], "H3K27me3 Mobilized CD34 Primary Cells": ["S100G", "DDC", "ABCD3", "ANXA3", "MAOA", "MID1IP1", "AQP4", "KRT20", "MTM1", "PYY", "SLPI", "TMEM98", "HSD17B2", "PGK1", "DEGS2", "PGLYRP1", "SGK1", "S100A10", "ABCG2", "CD177"], "H3K27me3 iPS DF 6.9": ["ANXA3", "APOC2", "ETHE1", "DEGS2"], "H3K9me3 CD4+ CD25+ CD127- Treg Primary Cells": ["MGST1"], "H3K27me3 CD4 Memory Primary Cells": ["KRT19", "ANXA3", "DEGS2", "PROM1"], "H3K27me3 CD8 Naive Primary Cells": ["TMEM98", "ANXA3", "FABP6", "REG4", "MGST1", "ALDOB", "DEGS2", "SGK1"], "H3K27me3 Breast vHMEC": ["PGK1", "AQP4", "FKBP4"], "H3K27me3 Peripheral Blood Mononuclear Primary Cells": ["GCG", "METTL7B", "SGK1", "CD177"], "H3K4me1 H1": ["EIF4A1", "ABCD3", "NDUFA11", "DBI", "ENO1", "RPL10A", "HERPUD1", "GCSH", "NARS", "C1QBP", "PSMD2", "BSG", "RPL35", "PGLYRP1", "TMSB10", "CD177", "TMEM14C", "PDIA3", "ELOVL1", "GPX2", "ANXA3", "ANXA4", "IFRD1", "NME2", "EMP1", "EDF1", "RPSA", "SEPP1", "NDUFS8", "PPA1", "ACOX1", "CANX", "NDUFS2", "FAM96A", "RPL27", "ALDOA", "PPIB", "CDH17", "PDE9A", "ABCG2", "SAR1B", "MGST3", "ODC1", "COX7A2", "UQCR11", "ACAT2", "MTM1", "LDHA", "PSMB3", "PRDX1", "PCBP1", "METTL7B", "CYC1", "PROM1", "CCT7", "NADK", "S100A10", "CD74", "SLMO2", "SDF2L1", "GOT1", "IDH1", "MID1IP1", "DSTN", "PYY", "GALE", "KRT19", "TMEM98", "FXYD3", "FABP6", "EIF3G", "CYCS", "CALR", "TOMM5", "RAN", "EIF4G2"], "H3K4me1 H1 Derived Mesenchymal Stem Cells": ["SLC35B1", "DBI", "ENO1", "CALML4", "RPL10A", "HERPUD1", "GCSH", "PSMD6", "RFK", "IDH3B", "LYPLA1", "TPI1", "ANXA3", "IFRD1", "NME2", "MIF", "ATP5F1", "TMX2", "ACOX1", "ETHE1", "TCP1", "NDUFS3", "UQCRC2", "CDH17", "ABCG2", "FKBP5", "SET", "SAR1B", "MRPS34", "COX7A2", "UQCR11", "PHB", "COX5A", "UQCRH", "HSPD1", "STIP1", "PRDX1", "HSD17B2", "AGR2", "PROM1", "S100A10", "CD74", "SDF2L1", "IDH1", "PTGES3", "DSTN", "HSPE1", "COX6C", "HNRNPAB", "MANF", "GALE", "KRT19", "TMEM98", "PSMC4", "LPCAT3", "DEGS2", "SELT", "TOMM5", "RAN"], "H3K36me3 Stomach Mucosa": ["ACTR3"], "H3K9me3 Brain Germinal Matrix": ["DEGS2"], "H3K9me3 Adipose Derived Mesenchymal Stem Cell Cultured Cells": ["FABP6"], "H3K27me3 Duodenum Smooth Muscle": ["TMEM98"], "H3K36me3 Brain Germinal Matrix": ["NDUFS3"], "H3K36me3 CD8 Naive Primary Cells": ["TMSB10"]}