{"TGGTGCT,MIR-29A,MIR-29B,MIR-29C": ["DNAJB11", "ATP5G1"], "TGCCTTA,MIR-124A": ["SERP1"], "CTATGCA,MIR-153": ["CANX"], "TGTTTAC,MIR-30A-5P,MIR-30C,MIR-30D,MIR-30B,MIR-30E-5P": ["HSPA5", "YWHAZ", "NADK"], "ATATGCA,MIR-448": ["DNAJB11"], "TTTGCAC,MIR-19A,MIR-19B": ["MID1IP1", "PFN1", "CALM1"], "GTGCAAT,MIR-25,MIR-32,MIR-92,MIR-363,MIR-367": ["PGAM1"], "CTACCTC,LET-7A,LET-7B,LET-7C,LET-7D,LET-7E,LET-7F,MIR-98,LET-7G,LET-7I": ["GALE", "EIF4G2"], "CACCAGC,MIR-138": ["LYPLA1"], "ACTGCCT,MIR-34B": ["YWHAZ"], "AATGTGA,MIR-23A,MIR-23B": ["IDH1"], "AAGCACA,MIR-218": ["SERP1"], "ACCAAAG,MIR-9": ["GOT1", "MRFAP1"], "ATTCTTT,MIR-186": ["PTGES3"], "CTTTGTA,MIR-524": ["SERP1", "MTM1"], "TGCACTT,MIR-519C,MIR-519B,MIR-519A": ["EIF4G2"], "TGCTGCT,MIR-15A,MIR-16,MIR-15B,MIR-195,MIR-424,MIR-497": ["ACOX1", "CHORDC1", "CALM1"], "AAGCACT,MIR-520F": ["SAR1B"], "CCTGCTG,MIR-214": ["YWHAZ"], "TGAATGT,MIR-181A,MIR-181B,MIR-181C,MIR-181D": ["RAN"]}