{"CTCF_HepG2_hg19": ["HSP90AB1", "NDUFB10", "SAR1B", "AQP8", "RPL11", "RPLP0", "MRPS34", "KRT20", "MRPL12", "RPL10A", "UQCRH", "SNX3", "STIP1", "PSMB7", "PSMD6", "HSPH1", "MIEN1", "FAM162A", "RARS", "C1QBP", "RFK", "SFN", "METTL7B", "RPL38", "PRELID1", "GPX4", "PGAM1", "MIF", "DYNLL1", "NME1", "PPP1CA", "PSMC4", "NDUFAB1", "GSTA1", "NDUFS3", "EIF3G", "UQCRC1", "ACO2", "SELT", "TOMM6"], "POLR2A_MCF-7_hg19": ["ABCD3", "RPLP0", "MRFAP1", "RPL7A", "FAM162A", "PSMD2", "BSG", "IDH3B", "ACTR3", "PDIA3", "ANXA1", "ANXA3", "PGAM1", "RPL13A", "CACYBP", "EDF1", "RPSA", "PGD", "SDHB", "PPA1", "CANX", "NDUFS3", "TMEM126A", "PPIB", "NDUFB8", "SAR1B", "GPS1", "ODC1", "MRPS34", "TIMM13", "RPS27L", "COX7A2", "PHB", "COX5A", "PSMB7", "ATP5B", "RPS15A", "SAMM50", "PRDX1", "ST3GAL4", "PGK1", "CCT5", "SLMO2", "SDF2L1", "HSPA5", "MID1IP1", "PTGES3", "MRPL30", "DNAJA1", "CCT6A", "SPCS2", "KRT19", "OSTC", "LPCAT3", "CYCS", "CALR", "CALM1"], "CTCF_HeLa-S3_hg19": ["NDUFB10", "SAR1B", "RPL11", "RPLP0", "SLC2A1", "KRT20", "MRPL12", "RPL10A", "UQCRH", "SNX3", "STIP1", "PSMB7", "PSMD6", "HSPH1", "MIEN1", "FAM162A", "RARS", "C1QBP", "RFK", "METTL7B", "RPL38", "ELOVL1", "PRELID1", "HSPA5", "ANXA3", "PTGES3", "PGAM1", "RPL13A", "NDUFC2", "RPSA", "DYNLL1", "COX6C", "MANF", "NME1", "PPP1CA", "PSMA3", "NDUFAB1", "EIF3G", "UQCRC1", "CALR", "SELT", "PPIB", "FKBP5", "TOMM6"], "CTBP2_H1-hESC_hg19": ["ABCD3", "NDUFB10", "ENO1", "PSMD6", "HSPH1", "FAM162A", "TMSB10", "NADK", "TMEM14C", "ACTR3", "LYPLA1", "NDUFA4", "ANXA4", "PGD", "NME1", "MRPL30", "NDUFS7", "ACOX1", "LPCAT3", "DNAJB11", "NDUFS3", "FAM96A", "UQCRC2", "FKBP4", "PPIB", "CALM1", "TKT", "EIF4G2"], "POLR2A_MCF 10A_hg19": ["NDUFB8", "SAR1B", "MGST3", "GPS1", "MRPS34", "DBI", "COX7A2", "PHB", "ATP5O", "COX5A", "ATP5G1", "RPL7", "SNX3", "NARS", "RPL7A", "SERP1", "HSPH1", "C1QBP", "IDH3B", "AGR2", "CCT7", "HSPA8", "CBR1", "HSP90AA1", "PRELID1", "MDH2", "NDUFA4", "IDH1", "ANXA4", "IFRD1", "CHCHD10", "PGD", "SDHB", "PPP1CA", "DNAJA1", "EEF1G", "SPCS2", "TMX2", "ETHE1", "NDUFAB1", "TCP1", "NAA38", "CALM1", "ST6GALNAC6", "TOMM6"], "CTCF_MCF-7_hg19": ["TFRC", "SLC35B1", "RPLP0", "SLC2A1", "KRT20", "RPL10A", "ATP5G1", "NARS", "PSMD6", "SERP1", "FAM162A", "RARS", "C1QBP", "RFK", "UQCRFS1", "RPL38", "CCT2", "PGAM1", "AHSA1", "CACYBP", "RPSA", "MIF", "PGD", "DYNLL1", "NME1", "NDUFS3", "UQCRC1", "RPL27", "PPIB", "PFN1", "NDUFB10", "RPL10", "SAR1B", "RPL11", "MRPS34", "MRPL12", "UQCRH", "SNX3", "STIP1", "PSMB7", "ATP5B", "HSPH1", "MIEN1", "SFN", "METTL7B", "CYC1", "S100A10", "SDF2L1", "HSPA5", "IDH1", "CHCHD10", "GCG", "COX6C", "HNRNPAB", "PPP1CA", "PSMC4", "FXYD3", "LPCAT3", "NDUFAB1", "GSTA1", "EIF3G", "SELT", "CALM1", "CALM2", "RAN", "TOMM6"], "HDAC2_K562_hg19": ["RPL10", "AQP8", "COX4I1", "RPS27L", "MRPL12", "ATP5O", "RPL7A", "PSMD6", "FAM162A", "TMSB10", "SLC39A4", "S100A10", "CD177", "TMEM14C", "SPINK4", "EIF5A", "ELOVL1", "MDH2", "PGAM1", "DSTN", "RPL13A", "ATP5F1", "MRPL30", "DNAJA1", "CCT6A", "GALE", "SPCS2", "KRT19", "NDUFAB1", "DNAJB11", "NAA38", "UQCRC2", "CALR", "SGK1", "SGK2", "TOMM5"], "USF2_H1-hESC_hg19": ["HSP90AB1", "RPL10", "SAR1B", "COX4I1", "RPLP0", "RPN1", "MRPS34", "CALML4", "HERPUD1", "SNX3", "MRPL20", "LDHA", "HSPH1", "C1QBP", "RPL35", "UQCRFS1", "S100A10", "ACTR3", "RPS8", "ANXA4", "NME2", "DSTN", "DYNLL1", "HNRNPAB", "SPCS2", "ACOX1", "NDUFAB1", "NDUFS3", "CALM2", "TOMM5"], "RXRA_SK-N-SH_hg19": ["GPX4", "NDUFS7", "LPCAT3"], "CTCF_endothelial cell of umbilical vein_hg19": ["NDUFB10", "SLC35B1", "RPL11", "RPLP0", "SLC2A1", "COX7A2", "KRT20", "MRPL12", "RPL10A", "SNX3", "STIP1", "PSMB7", "PSMD6", "HSPH1", "MIEN1", "FAM162A", "RARS", "C1QBP", "RFK", "SFN", "METTL7B", "RPL38", "TMSB10", "S100A10", "PDIA3", "SDF2L1", "IDH1", "PGAM1", "CACYBP", "RPSA", "PGD", "DYNLL1", "ATP5J2", "NME1", "PPP1CA", "EEF1G", "PSMC4", "NDUFAB1", "EIF3G", "UQCRC1", "SELT", "PPIB", "SGK1", "CALM1", "CRELD2", "TOMM6"], "CTCF_A549_hg19": ["HSP90AB1", "SLC35B1", "RPLP0", "KRT20", "RPL10A", "RPL7", "RPL7A", "PSMD6", "FAM162A", "RARS", "C1QBP", "RFK", "CHORDC1", "IDH3B", "RPL38", "TMSB10", "ELOVL1", "CCT2", "PGAM1", "CACYBP", "RPSA", "MIF", "DYNLL1", "NME1", "EEF1G", "PSMA3", "PPA1", "UQCRC1", "RPL27", "PPIB", "SGK1", "NDUFB10", "RPL10", "SAR1B", "RPL11", "MRPS34", "UQCR11", "PHB", "MRPL12", "ATP5O", "UQCRH", "SNX3", "STIP1", "PSMB7", "HSPH1", "RPS15A", "SAMM50", "MIEN1", "PSMB3", "SFN", "METTL7B", "SLMO2", "PRELID1", "SDF2L1", "IDH1", "CHCHD10", "COX6C", "PPP1CA", "PSMC4", "FXYD3", "LPCAT3", "NDUFAB1", "GSTA1", "EIF3G", "CALM1", "CALM2", "TOMM5", "RAN", "EIF4G2", "TOMM6"], "GABPA_MEL cell line_mm9": ["FTL1", "PRDX1", "ENO1", "ALDOA"], "MXI1_H1-hESC_hg19": ["ABCD3", "GPS1", "RPN1", "PHB2", "ATP5G1", "NARS", "RPL7A", "MRPL20", "PSMD6", "SAMM50", "FAM162A", "RARS", "RFK", "BSG", "S100A10", "HSPA5", "GPX4", "ANXA3", "SPCS3", "ACOX1", "EIF3G", "UQCRC1", "NAA38", "CALR", "CLPTM1L", "ALDOA", "PPIB", "CALM1", "GAPDH"], "CTCF_SK-N-SH_hg19": ["NDUFB10", "TFRC", "SLC35B1", "RPL11", "RPLP0", "MRPS34", "MRPL12", "RPL10A", "PHB2", "UQCRH", "STIP1", "PSMB7", "PSMD6", "HSPH1", "MIEN1", "FAM162A", "RARS", "C1QBP", "RFK", "METTL7B", "RPL38", "CCT2", "CBR1", "PRELID1", "SDF2L1", "IDH1", "PGAM1", "CHCHD10", "CACYBP", "MIF", "PGD", "DYNLL1", "NME1", "PPP1CA", "DNAJA1", "NDUFS7", "PSMC4", "ACOX1", "LPCAT3", "NDUFAB1", "EIF3G", "UQCRC1", "RPL27", "PPIB", "SGK1", "CALM1", "CALM2", "TOMM6"], "POLR2AphosphoS2_K562_hg19": ["CISD1", "RPL10A", "PHB2", "RARS", "C1QBP", "RFK", "UQCRFS1", "PGLYRP1", "CD177", "PDIA3", "SPINK4", "EIF5A", "CBR1", "GPX4", "ANXA4", "PGAM1", "EDF1", "NDUFC1", "DYNLL1", "NDUFS7", "PPA1", "ACOX1", "ETHE1", "TCP1", "TMEM126A", "UQCRC1", "PGP", "FAM96A", "TAX1BP3", "GAPDH", "DDC", "NDUFB8", "SAR1B", "ODC1", "MRPS34", "UQCRH", "SNX3", "STIP1", "MRPL20", "PSMB3", "S100G", "PRELID1", "CHCHD10", "PPP1CA", "CCT6A", "SPCS2", "KRT19", "NDUFAB1", "EIF3G", "CALR", "ACO2", "CALM1"], "ESRRA_HepG2_hg19": ["NDUFS7", "GNA11", "TKT", "COX5A", "ACAT2"], "RAD21_IMR-90_hg19": ["NDUFB10", "SAR1B", "SLC35B1", "ODC1", "RPL11", "ATP5O", "RPL10A", "STIP1", "PSMD6", "MIEN1", "C1QBP", "METTL7B", "PDIA3", "NDUFA8", "GPX4", "MDH2", "NDUFA4", "EDF1", "DYNLL1", "NME1", "MRPL30", "CCT6A", "GALE", "PPA1", "NDUFAB1", "EIF3G", "PPIB", "CALM1", "TOMM6"], "SMARCB1_HeLa-S3_hg19": ["HSP90AB1", "SAR1B", "MRPS34", "RPS27L", "ATP5G1", "MRPL20", "FAM162A", "PSMD2", "RFK", "ST3GAL4", "PDIA3", "HSPA8", "SLMO2", "HSPA5", "GOT1", "NDUFA4", "ANXA4", "PGAM1", "ATP5F1", "PGD", "MANF", "CCT6A", "EEF1G", "LPCAT3", "CANX", "DNAJB11", "NDUFS3", "CYCS", "ABCG2"], "EP300_H1-hESC_hg19": ["SAR1B", "MGST3", "PHB2", "COX5A", "UQCRH", "HSPD1", "PSMB7", "PSMD6", "MIEN1", "IDH3B", "RPL35", "PROM1", "TMSB10", "CCT5", "PDIA3", "ELOVL1", "HSPA5", "PTGES3", "PGAM1", "DSTN", "HSPE1", "SEPP1", "NME1", "MRPL30", "KRT19", "NDUFS7", "PPA1", "ACOX1", "NDUFAB1", "RPL27", "UQCRC2", "PPIB", "CALM1", "CALM2", "EIF4G2"], "REST_HL-60_hg19": ["RARS", "DNAJB11", "FAM96A"]}