{"H3K27ac_A549_hg19": ["DDC", "ABCD3", "COX4I1", "SLC35B1", "MRFAP1", "COX7A2", "UQCR11", "PHB", "COX5A", "ATP5G1", "STIP1", "MRPL20", "SAMM50", "IDH3B", "CCT7", "NDUFA9", "SDF2L1", "HSPA5", "GOT1", "NDUFA4", "ATP5F1", "MANF", "TMX2", "ACOX1", "LPCAT3", "CANX", "NDUFS3", "UQCRC2", "CLPTM1L", "SGK1", "CRELD2"], "H3K4me3_WI38_hg19": ["GPS1", "MRPS34", "SLC2A1", "ATP5C1", "PHB2", "UQCRH", "HERPUD1", "GCSH", "NARS", "RPL7A", "PSMD2", "CHORDC1", "UQCRFS1", "PDIA3", "EIF5A", "PRELID1", "RPS8", "ANXA4", "PGAM1", "AHSA1", "HNRNPAB", "NME1", "SPCS3", "NDUFS7", "LPCAT3", "CALR", "ACO2", "ABCG2"], "H3K4me3_foreskin fibroblast_hg19": ["NDUFA11", "MRPS34", "TIMM13", "SLC2A1", "ATP5C1", "ENO1", "GCSH", "SNX3", "NARS", "STIP1", "HSPH1", "RPS15A", "PSMB3", "C1QBP", "CHORDC1", "BSG", "UQCRFS1", "S100A10", "PDIA3", "EIF5A", "ELOVL1", "CCT2", "MDH1", "ANXA3", "ANXA4", "PGAM1", "NDUFC2", "AHSA1", "CACYBP", "EDF1", "RPSA", "KRT19", "ACOX1", "NDUFS3", "ABCG2"], "H3K4me3_GM12875_hg19": ["PDIA3", "EIF5A", "CCT2", "SET", "PSMD14", "NDUFA11", "PGAM1", "SLC2A1", "MRFAP1", "NDUFC2", "CHCHD10", "PHB", "ENO1", "PGD", "GCSH", "TMEM98", "ACOX1", "BSG", "UQCRFS1", "METTL7B", "FKBP4", "CDH17", "NADK"], "H3K4me1_K562_hg19": ["NDUFB8", "MAOA", "MGST3", "AQP8", "COX4I1", "RPL11", "ATP5A1", "TIMM13", "MGST1", "RPS27L", "ENO1", "CALML4", "FAM162A", "PRDX1", "RARS", "BSG", "IDH3B", "SPINK4", "NDUFA8", "CD74", "LYPLA1", "SLMO2", "NME2", "COX6C", "SDCBP2", "SEPP1", "ATP5J2", "FXYD3", "UQCRC1", "DPEP1", "CALR", "CALM1", "TKT", "ALDH9A1", "ABCG2", "FKBP5"], "H3K4me3_H1-hESC_hg19": ["COX4I1", "UQCR11", "PHB", "MRPL12", "HSP90B1", "STIP1", "PCBP1", "IDH3B", "ST3GAL4", "CCT7", "MDH1", "GOT1", "ANXA4", "DSTN", "RPSA", "MANF", "PSMC4", "LPCAT3", "NDUFS3", "TMEM126A", "TAX1BP3", "UQCRC2", "P4HB", "DEGS2", "ABCG2"], "H3K4me3_thymus_mm9": ["NDUFA8", "NDUFB10", "ANXA3", "MDH2", "NDUFA4", "SLC35B1", "MGST1", "DSTN", "ATP5J", "MRPL12", "SNX3", "PSMB7", "PSMD6", "NDUFS7", "ACOX1", "ETHE1", "TCP1", "TMEM126A", "DEGS2", "FKBP4"], "H3K4me3_GM12878_hg19": ["NDUFA11", "GPS1", "TIMM13", "SLC2A1", "RPS27L", "ATP5J", "UQCR11", "ENO1", "ACAT2", "HERPUD1", "SNX3", "NARS", "MRPL20", "PSMD6", "MIEN1", "RARS", "CHORDC1", "BSG", "PDIA3", "EIF5A", "ANXA4", "PGAM1", "DSTN", "EMP1", "CACYBP", "ATP5F1", "TMX2", "NDUFS7", "TMEM98", "NACA", "ACOX1", "DEGS2", "CALM2", "TOMM5", "PDE9A", "ST6GALNAC6", "ABCG2"], "H3K4me3_C2C12_mm9": ["NDUFA9", "PRELID1", "ABCD3", "NDUFA11", "MDH2", "SAR1B", "MGST3", "AHSA1", "EDF1", "MIF", "ACAT2", "MRPL30", "EEF1B2", "FAM162A", "LPCAT3", "PSMD2", "NDUFS3", "IDH3B", "NDUFS1", "UQCRC2", "ALDH9A1"], "H3K4me3_cardiac fibroblast_hg19": ["PSMD14", "NDUFA11", "GPS1", "TIMM13", "SLC2A1", "RPS27L", "GCSH", "STIP1", "MRPL20", "LDHA", "GNA11", "C1QBP", "CHORDC1", "BSG", "METTL7B", "S100A10", "PDIA3", "EIF5A", "ANXA4", "PGAM1", "DSTN", "CHCHD10", "CACYBP", "EDF1", "HNRNPAB", "TMEM98", "NACA", "ACOX1", "ABCG2", "TOMM6"], "H3K4me3_CD14-positive monocyte_hg19": ["SAR1B", "COX4I1", "GPS1", "MRPS34", "SLC2A1", "RPS27L", "COX7A2", "PHB", "MRPL12", "PHB2", "UQCRH", "ACAT2", "EEF1B2", "GCSH", "NARS", "STIP1", "PSMD2", "IDH3B", "UQCRFS1", "METTL7B", "PDIA3", "NDUFA9", "NDUFA4", "PGAM1", "AHSA1", "MRPL30", "CCT6A", "EEF1G", "SPCS2", "PSMA3", "TMX2", "NDUFS7", "PSMC4", "ACOX1", "NDUFS3", "TMEM126A", "NDUFS1", "TAX1BP3", "UQCRC2", "CLPTM1L", "ACO2", "ABCG2"], "H3K4me3_megakaryocyte_mm9": ["NDUFA11", "MGST3", "MRPS34", "MRFAP1", "HSPD1", "HSD17B2", "CBR1", "NDUFA4", "IDH1", "NME2", "TMA7", "AHSA1", "YWHAZ", "MRPL30", "CCT6A", "NDUFS8", "TMX2", "TMEM98", "PPA1", "LPCAT3", "TCP1", "NDUFS3", "CYCS", "P4HB", "PPIB", "PDE9A", "ABCG2", "TOMM6"], "H3K4me2_keratinocyte_hg19": ["COX4I1", "SLC35B1", "RPN1", "CHCHD10", "AHSA1", "DBI", "UQCR11", "ATP5F1", "ACAT2", "MRPL30", "MRPL20", "TMIGD1", "SAMM50", "SLPI", "ACOX1", "RFK", "EIF3G", "AGR2", "UQCRC2", "DEGS2", "CLPTM1L", "PROM1", "CRELD2", "ABCG2"], "H3K79me2_mammary epithelial cell_hg19": ["MDH1", "RPL10", "MDH2", "SAR1B", "CISD1", "RPS27L", "TIMM23", "DBI", "ATP5F1", "SDCBP2", "UQCRH", "NDUFS8", "MIEN1", "NDUFS7", "ACOX1", "DNAJB11", "IDH3B", "ALDOA", "CRELD2", "TMSB10", "FKBP5", "TOMM6"], "H3K4me3_placenta_mm9": ["EIF5A", "NDUFA8", "COA3", "NDUFB8", "SET", "NDUFB10", "MGST3", "MID1IP1", "SLC35B1", "ATP5J", "MT1", "HSP90B1", "GCSH", "ATP5B", "SPCS2", "MIEN1", "TMX2", "ACOX1", "FAM162A", "LPCAT3", "ST3GAL4", "NDUFS2", "NAA38"], "H3K4me2_HepG2_hg19": ["SPINK4", "PRELID1", "NDUFA11", "GPS1", "COX7A2", "DYNLL1", "MRPL20", "PSMD6", "NDUFS8", "TFG", "PSMC4", "NDUFS3", "UQCRC1", "AGR2", "UQCRC2", "DEGS2", "ACO2", "FKBP4", "GAPDH", "TOMM5", "ABCG2"], "H3K79me2_A549_hg19": ["RPL10", "SAR1B", "MRPS34", "ATP5A1", "DBI", "UQCR11", "PHB2", "UQCRH", "SAMM50", "MIEN1", "PCBP1", "SFN", "CCT7", "TMEM14C", "SDF2L1", "MDH1", "TIMM23", "ATP5F1", "NDUFS7", "TMEM98", "ACOX1", "DNAJB11", "EIF3G", "TAX1BP3", "ALDOA", "CRELD2", "SGK2", "ST6GALNAC6", "FKBP5"], "H3K4me3_HepG2_hg19": ["NDUFA11", "MGST3", "ODC1", "TIMM13", "SLC2A1", "UQCR11", "PHB", "ENO1", "ATP5G1", "HERPUD1", "RPL7A", "MRPL20", "FAM162A", "CHORDC1", "UQCRFS1", "SLC39A4", "S100A10", "SPINK4", "CBR1", "CD74", "PRELID1", "MDH1", "PGAM1", "DSTN", "AHSA1", "CACYBP", "EDF1", "COX6C", "PYY", "NDUFS8", "TMEM98", "NACA", "TAX1BP3", "P4HB", "DEGS2", "CALM2", "PDE9A", "ABCG2", "TOMM6"], "H3K4me2_fibroblast of lung_hg19": ["EIF5A", "PRELID1", "MDH1", "NDUFA11", "GOT1", "SLC35B1", "IFRD1", "CHCHD10", "AHSA1", "UQCR11", "PHB", "ACAT2", "EEF1B2", "CCT6A", "MRPL20", "MIEN1", "TMX2", "PSMC4", "LPCAT3", "IDH3B", "NDUFS1", "UQCRC2", "TOMM5"], "H3K4me3_HEK293_hg19": ["PDIA3", "EIF5A", "MDH1", "PSMD14", "NDUFA11", "PGAM1", "TIMM13", "SLC2A1", "RPS27L", "CACYBP", "ENO1", "HERPUD1", "PSMD6", "NACA", "ACOX1", "CHORDC1", "SFN", "METTL7B", "TKT", "CALM2", "TMEM14C", "TOMM6"]}