{"MTF2-20144788-MESC-MOUSE": ["LAD1", "AHNAK", "HOXB13", "AREG", "THBS4", "IFIH1", "SLC9A3R1", "CCND2", "MFSD4", "CLDN23", "PMAIP1", "B2M", "CAR4", "EGR1", "JUN", "JUND", "GSN", "TMEM30B", "H2AFY", "PLLP", "VDR", "KRT8", "ISG15", "KLF4", "SCAMP1", "PARP12", "RHOB", "BMP2", "SLC5A8", "H1F0", "KRT18", "PMP22", "GAS6", "ATF3", "HBEGF"], "TP63-22573176-HFKS-HUMAN": ["TMEM45B", "LGALS3BP", "LAD1", "ABAT", "SPINT2", "F11R", "IFI30", "IFIT3", "IFIT2", "SULT1C2", "CSRP2", "MFSD4", "CDH1", "CREB3L1", "CLDN23", "STMN1", "UPP1", "WSB1", "H2AFY", "PHGR1", "KRT8", "RHOB", "ELF3", "IRF1", "TMBIM1", "PELI1", "TXNIP", "MYH9", "FKBP9", "XIST", "SMPDL3A", "RNASEL", "SLC26A2", "SLC20A1", "CRIP1", "SULT1A1", "ERBB3", "PCBP2", "S100A14", "GSDMC", "EGR1", "SLC37A2", "JUND", "STAT1", "OSBPL2", "RDX", "ISG15", "SEMA4G", "GUCA2A", "KLF6", "ID1", "CD9", "EPPK1"], "TEAD4-22529382-TROPHECTODERM-MOUSE": ["SLC25A3", "AHNAK", "GDE1", "F11R", "ETS2", "ARHGAP21", "FAM134B", "TRIM2", "CEPT1", "TSPAN3", "JUNB", "OASL1", "CHGB", "ST14", "H3F3B", "H2AFY", "MYO1D", "ANO1", "KRT18", "RPL37A", "S100A6", "PELI1", "MYH9", "FKBP9", "SRSF5", "UBA52", "ATF3", "HIST1H2BC"], "SUZ12-20075857-MESC-MOUSE": ["TMEM45B", "LAD1", "TES", "ABAT", "AREG", "IFIH1", "CCND2", "MFSD4", "CREB3L1", "CLDN23", "B2M", "CHGB", "CAR4", "EDN1", "PLLP", "IL18", "KRT8", "CYBA", "FOS", "SCAMP1", "DUSP6", "RHOB", "ANO1", "SLC5A8", "TRIM17", "CMPK2", "GAS6", "RPL28", "SMPDL3A", "ATF3", "HBEGF", "SLC26A2", "AHNAK", "HOXB13", "THBS1", "USP18", "THBS4", "SLC9A3R1", "RASD1", "PMAIP1", "ABCB1A", "SLC12A2", "EGR1", "JUN", "ST14", "GSN", "TMEM30B", "ISG15", "PARP12", "BSPRY", "MAPK13", "BMP2", "H1F0", "HIST3H2A", "KRT18", "PMP22"], "GABP-19822575-HepG2-human": ["CCNI", "GDE1", "AK3", "COX6A1", "CLINT1", "PAPSS1", "PCBP2", "RPS3", "TSPAN3", "CCNL1", "PAIP2", "JUNB", "APPL2", "SMAD4", "SLC16A1", "H3F3B", "STAT1", "USMG5", "LSR", "EIF2S2", "RHOA", "RHOB", "TAPBP", "MYO1D", "ARPC2", "STK25", "ID1", "PSME1", "TMBIM6", "RPL28", "UBA52", "SMPDL3A", "RAB5A"], "STAT3-22323479-MACROPHAGE-MOUSE": ["CSRP2", "CCNI", "CRIP1"], "RUNX2-22187159-PCA-HUMAN": ["TMEM45B", "LGALS3BP", "B4GALT1", "CCNI", "ACSM3", "SLC20A1", "ABAT", "CLINT1", "ETS2", "PAPSS1", "ARHGAP21", "LAPTM4A", "DMBT1", "CLDN23", "TCEB2", "PMAIP1", "RAB6A", "TGM3", "IVNS1ABP", "JUN", "SLC37A2", "GSN", "EDN2", "WSB1", "DUSP1", "PRKCD", "DIO1", "KLF4", "SCAMP1", "PARP12", "DUSP6", "RHOB", "ANO1", "ARL4A", "ELF1", "FXYD4", "HNRNPD", "IRF7", "PELI1", "TFF3", "CD9", "CMPK2", "RPL22L1", "SLC25A36"], "RCOR3-21632747-MESC-MOUSE": ["SLC25A3", "HEXB", "PTPRF", "ETS2", "PTMS", "FAM134B", "PRSS30", "CCND2", "CREB3L1", "TRIM25", "TCEB2", "PMAIP1", "PLCE1", "HES1", "RHPN2", "CCNL1", "WASF2", "CHGB", "CAR4", "HIST1H1C", "EDN1", "EDN2", "PPTC7", "DUSP1", "H3F3A", "H2AFV", "PARP9", "MYO1D", "NR4A1", "PTP4A2", "ANO1", "H1F0", "HIST1H4B", "TRIM17", "SELM", "ID1", "HNRNPD", "CDK1", "PMP22", "CD9"], "FOXO3-22982991-MACROPHAGES-MOUSE": ["SLC26A2", "OAT", "SLFN3", "NT5C3", "ETS2", "TGOLN1", "PMAIP1", "CCNL1", "PAIP2", "RAB6A", "GLUL", "SMAD4", "H2AFY", "DUSP1", "SHISA5", "H2AFV", "USMG5", "RHOA", "VMP1", "ARPC2", "IRF1", "IGTP", "CMPK2", "PSME2", "RPL26", "RPL28"], "SOX2-21211035-LN229_GBM-HUMAN": ["TOP2A", "AHNAK", "HIST1H2BL", "THBS1", "CLINT1", "ETS2", "SELENBP1", "ALDH1B1", "ERBB3", "TRIM2", "PMAIP1", "TSPAN3", "CCNL1", "RAB6A", "WASF2", "SPTBN1", "CHGB", "IVNS1ABP", "JUN", "SLC16A1", "EDN2", "TMEM30B", "VDR", "DUSP1", "SLC6A14", "PARP12", "CD2AP", "MYO1D", "BMP2", "ARL4A", "KLF5", "NPC2", "CYP2S1", "CLDN8", "KLF9", "SLC26A3"], "FOXP1-22492998-STRATIUM-MOUSE": ["HIST1H4B"], "TCF4-23295773-U87-HUMAN": ["PIGR", "OAT", "ZFAND5", "AK3", "SMC4", "ETS2", "ARHGAP21", "CDH1", "STMN1", "UBC", "NFKBIZ", "TM4SF20", "MUC13", "CEPT1", "PAIP2", "WASF2", "APPL2", "SPTBN1", "SLC12A2", "SLC16A1", "PLLP", "VDR", "DUSP1", "H3F3A", "MYO1D", "PTP4A2", "ARL4A", "ELF1", "KLF5", "FXYD4", "IRF1", "PMP22", "CD9", "SUCLG1", "SMPDL3A", "HBEGF"], "REST-21632747-MESC-MOUSE": ["H2-T23", "GPR137B-PS", "ABAT", "MKI67", "PMAIP1", "PLCE1", "HES1", "RHPN2", "LGALS9", "CCNL1", "WASF2", "CHGB", "CAR4", "EDN1", "EDN2", "H2AFY", "PDZK1IP1", "PARP14", "MYO1D", "NR4A1", "KLF6", "KLF5", "TRIM17", "CYP2S1", "HNRNPD", "SUCLG1", "SLC26A3", "ATF3"], "SMAD4-21799915-A2780-HUMAN": ["TES", "OAT", "SLC20A1", "AK3", "HOXB13", "THBS1", "AREG", "CLINT1", "THBS4", "PAPSS1", "ARHGAP21", "FAM134B", "RASD1", "SNX2", "OXCT1", "RAB6A", "CLCA4", "SPTBN1", "CHGB", "SLC12A2", "EDN1", "SMAGP", "DUSP1", "OSBPL2", "RDX", "FOS", "PDZK1IP1", "PRDX6", "DUSP6", "RHOB", "MYO1D", "BMP2", "KLF6", "MEP1A", "FKBP9", "SLC25A36"], "SFPI1-20887958-HPC-7-MOUSE": ["CYFIP1", "TES", "AHNAK", "SLFN3", "CLINT1", "UBC", "TRIM25", "RHPN2", "PAIP2", "GLUL", "B2M", "IER2", "IVNS1ABP", "CAR2", "DYNC1H1", "SLC16A1", "PPTC7", "STAT1", "OSBPL2", "SHISA5", "FOS", "DUSP6", "MAPK13", "TAPBP", "ELF1", "HMGA1-RS1", "ARPC2", "IRF1", "RPL37A", "PELI1", "RPL22L1", "SUCLG1", "CDHR5", "TMBIM6", "RPL28"], "SMARCA4-23332759-OLIGODENDROCYTES-MOUSE": ["B4GALT1", "HIST1H2BL", "ZFAND5", "AK3", "CLINT1", "PAPSS1", "ARHGAP21", "SERPINB1A", "FAM134B", "CCND2", "SNX2", "OXCT1", "TRIM2", "STMN1", "TM4SF20", "PMAIP1", "TSPAN3", "LGALS9", "CCNL1", "IVNS1ABP", "GSDMC", "GSN", "PPTC7", "RDX", "GGH", "KLF4", "DUSP6", "MYO1D", "BMP2", "SLC5A8", "ARL4A", "KLF6", "KLF5", "KRT18", "PMP22", "FKBP9"], "SIN3B-21632747-MESC-MOUSE": ["H2-T23", "COX6A1", "PTMS", "FAM134B", "ZFP36", "LAPTM4A", "CCND2", "CSRP2", "CDH1", "STMN1", "PLCE1", "UPP1", "CCNL1", "JUNB", "TGM3", "IER2", "CHGB", "CAR4", "HIST1H1C", "EDN1", "H2AFY", "DUSP1", "FOS", "PTP4A2", "ARL4A", "UBA52", "OAT", "HOXB13", "CRIP1", "ARHGAP21", "OXCT1", "PCBP2", "PMAIP1", "RHPN2", "WASF2", "JUND", "OSBPL2", "KLF4", "PARP14", "BSPRY", "MYO1D", "NR4A1", "H1F0", "HIST1H4B", "KRT18", "ARPC2", "STK25", "ID1", "GM12657", "HNRNPD", "CDK1", "RPL22L1", "HIST1H4C", "RAB5A"], "STAT3-23295773-U87-HUMAN": ["LGALS3BP", "RTP4", "ACSS2", "B4GALT1", "ZFAND5", "SPINT2", "CTSS", "SULT1A1", "FAM134B", "LAPTM4A", "MFSD4", "OXCT1", "TRIM2", "PLCE1", "HES1", "CCNL1", "GBP2", "WASF2", "SPTBN1", "DYNC1H1", "GSN", "WSB1", "TMEM30B", "VDR", "KRT8", "KLF4", "SCAMP1", "PARP14", "RHOB", "MYO1D", "ELF1", "MEP1A", "RPL37A", "PMP22", "SLC26A3"], "SETDB1-19884257-MESC-mouse": ["TES", "ABAT", "MKI67", "IFI30", "HOXB13", "FAM134B", "SULT1C2", "CSRP2", "CDH1", "STMN1", "NFKBIZ", "TCEB2", "S100A14", "UPP1", "WASF2", "IER2", "HIST1H1C", "DUSP1", "LSR", "GUCA2A", "ANO1", "KLF5", "PSME1", "TMBIM6", "MALAT1", "RPL26", "SMPDL3A"], "TP63-17297297-HaCaT-human": ["VDR", "PMAIP1", "HES1"]}