{"SP4 (human)": ["CYFIP1", "PLLP"], "EBF1 (mouse)": ["RPL28"], "HNRNPK (human)": ["SHISA5", "ETS2"], "IRF9 (human)": ["ISG15", "IFIT1"], "RORA_1 (human)": ["EDN2", "PAPSS1"], "PDX1 (human)": ["HBEGF"], "MXI1 (human)": ["LGALS3BP"], "FOXA2 (human)": ["CPNE3"], "SND1 (mouse)": ["EDN2", "EPPK1"], "Nr2e3 (mouse)": ["ISG15", "HIST1H1C"], "SMAD3 (human)": ["SLC6A8", "MKI67"], "ESR2 (human)": ["EDN2"], "ESR2 (mouse)": ["BMP2", "RHOA"], "SMAD3 (mouse)": ["PRDX6", "SMPDL3A"], "SOX10 (human)": ["SMAD4", "UPP1"], "IRF7 (human)": ["IRF7"], "NME2 (human)": ["ARHGAP21"], "MIR210 (human)": ["HES1", "S100A14"], "FOXM1 (human)": ["NET1", "SLC5A8"], "TLX1::NFIC (human)": ["TOP2A"]}