{"H3K36me3 Colon Smooth Muscle": ["H3F3A", "UBC", "RHOB"], "H3K9me3 Brain Germinal Matrix": ["TMEM45B"], "H3K36me3 Peripheral Blood Mononuclear Primary Cells": ["TMSB4X", "H2AFX"], "H3K36me3 Colonic Mucosa": ["IVNS1ABP", "SLC25A3", "TCEB2", "CRIP1"], "H3K36me3 CD4+ CD25- CD45RO+ Memory Primary Cells": ["B2M"], "H3K9me3 CD34 Cultured Cells": ["CDH1", "TMSB4X"], "H3K9me3 Brain Anterior Caudate": ["GSDMC"], "H3K36me3 Chondrocytes from Bone Marrow Derived Mesenchymal Stem Cell Cultured Cells": ["ID1"], "H3K9me3 Brain Hippocampus Middle": ["GSDMC"], "H3K9me3 Adult Liver": ["BEX1", "NDUFA1"], "H3K36me3 CD3 Primary Cells": ["PHGR1"], "H3K9me3 Brain Inferior Temporal Lobe": ["GSDMC"], "H3K36me3 Brain Mid Frontal Lobe": ["TMBIM1", "BAG1"], "H3K36me3 CD8 Memory Primary Cells": ["BTG2", "SMAD4", "UBC"], "H3K27me3 Chondrocytes from Bone Marrow Derived Mesenchymal Stem Cell Cultured Cells": ["FAM134B", "ST14", "SLC37A2", "TRIM17", "F11R", "CLCA4"], "H3K9me3 Neurosphere Cultured Cells Cortex Derived": ["TMEM45B", "TMSB4X", "NDUFA1"], "H3K36me3 CD4 Memory Primary Cells": ["UBC"], "H3K36me3 Pancreatic Islets": ["H3F3B", "NEAT1"], "H3K9me3 Fetal Heart": ["KLF5", "SNX2", "CCNI", "H3F3A", "BAG1", "H2AFV", "RPL26", "DUSP6", "IFIT2"], "H3K36me3 CD8 Naive Primary Cells": ["SMAD4", "JUNB"]}