{"GTCAGGA,MIR-378": ["KLF9"], "GTAAACC,MIR-299-5P": ["H3F3B"], "TATCTGG,MIR-488": ["NFKBIZ"], "ACCAATC,MIR-509": ["KLF6"], "CCAGGTT,MIR-490": ["PCBP2"], "GTGTCAA,MIR-514": ["TRIM2"], "TACAATC,MIR-508": ["KLF4"], "TCTAGAG,MIR-517": ["HOXB13"], "GTGTGAG,MIR-342": ["SLC6A8"], "AAGTCCA,MIR-422B,MIR-422A": ["EDN1"], "AGTCTAG,MIR-151": ["RHPN2"], "CAGTCAC,MIR-134": ["TAPBP"], "GACAGGG,MIR-339": ["SLC9A3R1"], "CAAGGAT,MIR-362": ["EIF2S2"], "GTACAGG,MIR-486": ["H3F3B"], "TCCCCAC,MIR-491": ["SEMA4G"], "ACATATC,MIR-190": ["WSB1"], "TAGGTCA,MIR-192,MIR-215": ["H3F3B"], "ACAACCT,MIR-453": ["IFIT1"], "CCATCCA,MIR-432": ["H3F3A"]}