{"POLR2A_MCF-7_hg19": ["LAD1", "BTG2", "B4GALT1", "SYAP1", "F11R", "COX6A1", "IFI30", "ENO3", "IFIH1", "CDH1", "NFKBIZ", "B2M", "APPL2", "PPTC7", "HMGCS1", "PRKCD", "SLC6A14", "IL18", "SHISA5", "SCAMP1", "ACLY", "IRF1", "PELI1", "PSME1", "HBEGF", "BEX1", "SLC20A1", "USP18", "PAPSS1", "SELENBP1", "PNPO", "PMAIP1", "S100A14", "PAIP2", "SPTBN1", "SLC12A2", "SLC37A2", "JUND", "GSN", "UBE2C", "SMAGP", "OSBPL2", "NDUFA1", "RPL23A", "PDZK1IP1", "PRDX6", "ARPC2", "STK25", "SELM"], "MAX_A549_hg19": ["TOP2A", "BTG2", "ACSM3", "SLC20A1", "SYAP1", "NT5C3", "SNX2", "TRIM2", "STMN1", "WBP5", "CPNE3", "JUN", "STAT1", "PLLP", "VDR", "PRKCD", "H2AFX", "NDUFA1", "KRT8", "GGH", "H2AFV", "USMG5", "RPL23A", "RHOC", "PARP9", "RHOB", "MYO1D", "NET1", "RPS28", "HIST1H4B", "NPC2", "ID1", "PELI1", "CMPK2", "SUCLG1", "UBA52", "RAB5A"], "ELK4_HeLa-S3_hg19": ["TES", "SYAP1", "COX6A1", "CLINT1", "LAPTM4A", "RPS3", "HES1", "GBP2", "PAIP2", "IER2", "RPL23", "KRT8", "USMG5", "PARP9", "DUSP6", "PTP4A2", "ARL4A", "ELF3", "STK25", "RPL37A", "RPL22L1", "TMBIM6", "HIST1H4C", "RPL28", "UBA52"], "GABPA_MEL cell line_mm9": ["UBC", "NEAT1", "ERO1L"], "MAX_endothelial cell of umbilical vein_hg19": ["SLC26A2", "SLC20A1", "ETS2", "SNX2", "STMN1", "PNPO", "TRIM25", "CCNL1", "PAIP2", "HMGCS1", "STAT1", "UBE2C", "DUSP1", "USMG5", "PRDX6", "DUSP6", "VMP1", "PTP4A2", "RPS28", "STK25", "HNRNPD", "TXNIP", "RPL22L1", "UBA52", "RAB5A", "SLC25A36"], "UBTF_K562_hg19": ["LAD1", "SLC25A3", "B4GALT1", "SLC20A1", "AK3", "MKI67", "NT5C3", "CLINT1", "PTPRF", "PAPSS1", "SELENBP1", "ARHGAP21", "ZFP36", "LAPTM4A", "NFKBIZ", "RPS3", "TRIM25", "HES1", "WASF2", "APPL2", "GSN", "STAT1", "PLLP", "VDR", "RPL23", "SHISA5", "KRT8", "H2AFV", "CYBA", "ISG15", "PARP14", "RHOA", "VMP1", "ACLY", "SELM", "RPL37A", "PSME2", "SUCLG1", "UBA52", "RAB5A"], "CEBPB_H1-hESC_hg19": ["LAD1", "OAT", "HOXB13", "PAPSS1", "LAPTM4A", "OXCT1", "RPS3", "GLUL", "IER2", "CHGB", "JUN", "SLC37A2", "JUND", "WSB1", "DUSP1", "RPL23", "H2AFX", "EIF2S2", "NEAT1", "RHOB", "CLK1", "VMP1", "TMBIM1", "ID1", "SUCLG1"], "POLR2A_HGPS cell_hg19": ["TOP2A", "BTG2", "SLC20A1", "HIST1H2BL", "SYAP1", "PTPRF", "SLC9A3R1", "FAM134B", "ALDH1B1", "ERBB3", "NFKBIZ", "WBP5", "TRIM25", "PLCE1", "SLC37A2", "PPTC7", "SHISA5", "GGH", "USMG5", "BSPRY", "VMP1", "CDK1", "PELI1", "PMP22", "RPL28"], "RAD21_IMR-90_hg19": ["HEXB", "ZFAND5", "NT5C3", "USP18", "LAPTM4A", "CSRP2", "CREB3L1", "TMSB4X", "BAG1", "PLCE1", "RAB6A", "WASF2", "SLC12A2", "SLC37A2", "VDR", "H2AFX", "KRT8", "ISG15", "RHOC", "PTP4A2", "RPL37A", "TMBIM1", "RPL22L1", "MALAT1", "RPL26", "UBA52"], "BCL11A_H1-hESC_hg19": ["KLF6", "H2AFY", "DUSP6"], "MYC_HepG2_hg19": ["IFI30", "ENO3", "PTMS", "LAPTM4A", "SNX2", "NFKBIZ", "PNPO", "HES1", "JUNB", "SMAD4", "JUND", "WSB1", "HMGCS1", "PLLP", "RDX", "KRT8", "USMG5", "ARL4A", "HIST1H4B", "ARPC2", "TMBIM1", "TFF3", "PSME2", "SRSF5", "RPL28", "HBEGF"], "NR2F2_HepG2_hg19": ["B4GALT1", "SLC20A1", "HIST1H4C"], "CTCF_endothelial cell of umbilical vein_hg19": ["SLC20A1", "HEXB", "GDE1", "ETS2", "ERO1L", "IFIH1", "SNX2", "ERBB3", "OXCT1", "BAG1", "PCBP2", "UPP1", "PAIP2", "RAB6A", "IER2", "CHGB", "IVNS1ABP", "SLC12A2", "SLC37A2", "VDR", "SMAGP", "DUSP1", "RDX", "KRT8", "RPL23A", "RHOC", "SCAMP1", "PARP14", "MYO1D", "PTP4A2", "ARL4A", "RPS28", "HIST1H4B", "IRF1", "RPL37A", "TMBIM1", "ID1", "PELI1", "RPL22L1", "TMBIM6", "RPL26", "SRSF5", "HBEGF"], "YY1_SK-N-SH_hg19": ["LGALS3BP", "BTG2", "TES", "HEXB", "SYAP1", "COX6A1", "SMC4", "ALDH1B1", "TMSB4X", "STMN1", "RPS3", "PMAIP1", "JUNB", "CHGB", "DYNC1H1", "JUND", "STAT1", "RPL23", "H2AFX", "NDUFA1", "KRT8", "RPL23A", "FOS", "DEK", "RHOC", "NEAT1", "NET1", "H1F0", "HIST1H4B", "RPL37A", "HNRNPD", "IRF7", "PELI1", "XIST", "RPL26", "UBA52", "HIST1H2BC"], "ELK1_HeLa-S3_hg19": ["LGALS3BP", "TES", "OAT", "SYAP1", "THBS1", "CLINT1", "SELENBP1", "SLC9A3R1", "ALDH1B1", "STMN1", "TSPAN3", "UPP1", "DYNC1H1", "SMAD4", "WSB1", "H3F3B", "DUSP1", "H2AFV", "EIF2S2", "RHOA", "RHOB", "IRF1", "TMBIM1", "TXNIP", "SUCLG1", "UBA52"], "TCF12_MCF-7_hg19": ["KRT18", "TFF3", "HES1"], "CTCF_spleen_hg19": ["TOP2A", "RTP4", "F11R", "IFIT1", "AREG", "PLAC8", "ALDH1B1", "STMN1", "LGALS9", "SLC12A2", "SLC37A2", "SLC16A1", "RDX", "ISG15", "PARP14", "CLK1", "MYO1D", "PTP4A2", "H1F0", "IRF1", "TMBIM1", "CMPK2", "RPL28", "SLC25A36", "HBEGF"], "HCFC1_MEL cell line_mm9": ["SLC25A3", "HEXB", "NT5C3", "PAPSS1", "RNASET2A", "STMN1", "TCEB2", "CEPT1", "WASF2", "WSB1", "H3F3B", "PPTC7", "H2AFY", "UBE2C", "OSBPL2", "NDUFA1", "GGH", "RPL23A", "TAPBP", "ELF1", "STK25", "NPC2", "PSME1", "SUCLG1", "UBA52", "RAB5A"], "STAT1_GM12878_hg19": ["DYNC1H1", "SLC25A3", "SLC26A2", "JUND", "H3F3B", "STAT1", "RPL23", "GDE1", "NDUFA1", "ISG15", "LSR", "RPL23A", "ABAT", "PARP14", "CLINT1", "SLC9A3R1", "HIST3H2A", "TRIM25", "CMPK2", "TSPAN3", "HIST1H4C", "RAB6A", "B2M", "IER2"], "CHD1_H1-hESC_hg19": ["LAD1", "SLC26A2", "GDE1", "COX6A1", "MKI67", "IFIT1", "THBS1", "NT5C3", "THBS4", "ETS2", "IFIH1", "SELENBP1", "FAM134B", "RASD1", "ERBB3", "OXCT1", "STMN1", "NFKBIZ", "TCEB2", "WASF2", "CHGB", "SLC12A2", "SLC37A2", "EDN1", "SMAD4", "WSB1", "PLLP", "KRT8", "GGH", "H2AFV", "USMG5", "CYBA", "LSR", "PARP14", "NEAT1", "BMP2", "SLC5A8", "HIST3H2A", "KRT18", "ELF3", "S100A6", "CDK1", "CMPK2", "MYH9", "HBEGF"]}