{"H3K4me3_HepG2_hg19": ["RTP4", "LAD1", "SLC26A2", "ACSS2", "HIST1H2BL", "SMC4", "PTMS", "IFIT2", "IFIH1", "ARHGAP21", "ZFP36", "LAPTM4A", "RASD1", "CSRP2", "ERBB3", "CDH1", "NFKBIZ", "TCEB2", "S100A14", "UPP1", "JUNB", "GLUL", "SLC37A2", "SMAGP", "PRKCD", "OSBPL2", "USMG5", "RHOC", "KLF4", "PARP14", "MYO1D", "VMP1", "HIST1H4B", "STK25", "NPC2", "CMPK2", "CDHR5", "HIST1H4C", "HBEGF"], "H3K4me3_bone marrow macrophage_mm9": ["TMEM45B", "ACSS2", "OAT", "RSAD2", "PLLP", "SHISA5", "NDUFA1", "H2AFV", "IRGM1", "PARP9", "AREG", "SELENBP1", "SULT1A1", "NR4A1", "CYP2S1", "ID1", "PSME1", "NUPR1", "CTSE", "ABCB1A", "PAIP2"], "H3K9ac_H1-hESC_hg19": ["SLC12A2", "SLC26A2", "OAT", "SLC20A1", "SMAGP", "DUSP1", "USMG5", "PARP14", "NEAT1", "NT5C3", "THBS4", "SULT1C2", "BMP2", "STK25", "IRF1", "CLDN23", "NFKBIZ", "FKBP9", "HIST1H4C", "JUNB", "B2M", "CHGB"], "H3K4me3_A549_hg19": ["LGALS3BP", "CCNI", "ABAT", "IFIT1", "NT5C3", "PTPRF", "ETS2", "PTMS", "IFIT2", "IFIH1", "PLAC8", "CCND2", "CSRP2", "MFSD4", "CREB3L1", "PNPO", "TRIM25", "TCEB2", "GBP2", "JUNB", "B2M", "SLC12A2", "RSAD2", "PLLP", "SMAGP", "SHISA5", "USMG5", "ISG15", "FOS", "PARP14", "MYO1D", "ANO1", "BMP2", "HIST3H2A", "STK25", "CYP2S1", "TXNIP", "HIST1H2BC", "HBEGF"], "H2AFZ_CD14-positive monocyte_hg19": ["LGALS3BP", "OAT", "STAT1", "PLLP", "USMG5", "CYBA", "ABAT", "COX6A1", "HOXB13", "ARHGAP21", "ACLY", "FAM134B", "SULT1C2", "ELF1", "BAG1", "UBC", "HNRNPD", "SUCLG1", "UPP1", "SLC25A36"], "H3K4me2_CD14-positive monocyte_hg19": ["LGALS3BP", "GSDMC", "SLC26A2", "ACSS2", "SLC16A1", "UBE2C", "GGH", "SCAMP1", "USP18", "PAPSS1", "RPS28", "CSRP2", "ERBB3", "CDH1", "TRIM2", "ID1", "CD9", "PLCE1", "HES1", "FKBP9", "GLUL"], "H3K36me3_H1-hESC_hg19": ["SLC16A1", "UBE2C", "DUSP1", "RPL23", "DIO1", "ISG15", "FOS", "NT5C3", "PTPRF", "ACLY", "ELF1", "RPS28", "ELF3", "CYP2S1", "TMSB4X", "ID1", "STMN1", "UBC", "PSME2", "RPL26", "RPL28", "UBA52"], "H3K9me3_K562_hg19": ["CCNI", "HMGCS1", "SLC20A1", "UBE2C", "RPL23", "IL18", "RPL23A", "DEK", "EIF2S2", "PARP12", "DUSP6", "NET1", "ARL4A", "TRIM17", "RPS3", "TXNIP", "TRIM25", "TCEB2", "TMBIM6", "UBA52", "HIST1H2BC"], "H3K4me3_T-cell acute lymphoblastic leukemia_hg19": ["SMAGP", "DUSP1", "USMG5", "SCAMP1", "PARP9", "IFIT1", "USP18", "CTSS", "PAPSS1", "FAM134B", "RPS28", "ERBB3", "NPC2", "ID1", "NFKBIZ", "PNPO", "TCEB2", "GBP2", "HIST1H4C", "HBEGF"], "H3K27me3_A549_hg19": ["TMEM45B", "PIGR", "OAT", "BEX1", "ABAT", "F11R", "FAM134B", "CSRP2", "CREB3L1", "TGM3", "CHGB", "EGR1", "SLC37A2", "PLLP", "GGH", "FOS", "DUSP6", "BSPRY", "ANO1", "NPC2", "MEP1A", "SYCN", "IRF1", "PELI1", "PMP22", "TXNIP", "SUCLG1", "GAS6", "SLC26A3", "ATF3"], "H3K4me3_placenta_mm9": ["SLC12A2", "CAR2", "PLLP", "GPR137B-PS", "SHISA5", "GGH", "AK3", "SCAMP1", "AREG", "USP18", "HID1", "VMP1", "NR4A1", "ANO1", "HIST1H4B", "MFSD4", "CDH1", "CLDN23", "PMP22", "PSME1", "PAIP2", "WASF2"], "H3K4me3_megakaryocyte_mm9": ["ITIH5", "AREG", "CRIP1", "THBS4", "ETS2", "IFIT3", "SLC9A3R1", "MFSD4", "CREB3L1", "STMN1", "NFKBIZ", "PMAIP1", "CEPT1", "RHPN2", "TSPAN3", "CAR4", "SLC12A2", "NDUFA1", "GGH", "H2AFV", "SEMA4G", "CXCL10", "KRT18", "CYP2S1", "RPL28"], "H3K27ac_myotube_hg19": ["STAT1", "RPL23", "HIST1H2BL", "USMG5", "ISG15", "PARP14", "NT5C3", "DUSP6", "IFIT3", "ERO1L", "ACLY", "NPC2", "TRIM2", "IRF1", "STMN1", "TFF3", "TCEB2", "HES1", "UPP1", "UBA52"], "H3K79me2_endothelial cell of umbilical vein_hg19": ["EGR1", "SLC20A1", "GDE1", "NDUFA1", "CYBA", "ISG15", "RPL23A", "FOS", "PARP14", "PARP9", "RHOB", "RPS28", "KRT18", "TMSB4X", "ID1", "NFKBIZ", "IRF7", "WBP5", "PSME2", "CPNE3", "FKBP9"], "H3K4me3_SK-N-SH_hg19": ["SLC12A2", "SLC37A2", "EDN1", "SMAD4", "SMAGP", "SHISA5", "RHOC", "THBS4", "ETS2", "MYO1D", "BMP2", "LAPTM4A", "HIST1H4B", "STK25", "OXCT1", "IRF7", "CMPK2", "CEPT1", "UPP1", "GLUL"], "H3K4me3_kidney_mm9": ["TMEM45B", "TOP2A", "H2-T23", "DIO1", "SHISA5", "NDUFA1", "ISG15", "SEMA4G", "AREG", "TMC4", "THBS4", "HID1", "SELENBP1", "SULT1A1", "NR4A1", "CXCL10", "HIST1H4B", "WBP5", "PSME1", "PAIP2", "HAO2"], "H3K27me3_GM06990_hg19": ["TMEM30B", "ETS2"], "H3K4me3_endothelial cell of umbilical vein_hg19": ["RTP4", "SLC26A2", "ABAT", "HOXB13", "IFIT1", "PTMS", "IFIT2", "IFIH1", "FAM134B", "LAPTM4A", "CSRP2", "OXCT1", "CREB3L1", "NFKBIZ", "TCEB2", "PLCE1", "UPP1", "GLUL", "SLC37A2", "RSAD2", "PLLP", "SMAGP", "NDUFA1", "USMG5", "PARP14", "VMP1", "BMP2", "HIST3H2A", "HIST1H4B", "MYO15B", "STK25", "SELM", "CYP2S1", "RPL37A", "CMPK2", "HIST1H4C", "RPL28"], "H3K9ac_myotube_hg19": ["SLC26A2", "SLC16A1", "RSAD2", "GGH", "USMG5", "ISG15", "COX6A1", "PARP14", "NT5C3", "MYO1D", "NET1", "RPS28", "CSRP2", "CD9", "TRIM25", "TCEB2", "PLCE1", "UPP1", "HIST1H4C", "WASF2"], "H3K4me3_small intestine_mm9": ["TOP2A", "H2-T23", "PLLP", "HIST1H2BL", "IL18", "SHISA5", "ISG15", "SCAMP1", "AREG", "SELENBP1", "SULT1A1", "NR4A1", "CXCL10", "ADH1", "ELF1", "OIT1", "CYP2S1", "GBP2", "ABCB1A", "UBA52"]}