{"SPI1-22790984-ERYTHROLEUKEMIA-MOUSE": ["SLC45A4", "STEAP3", "PAQR7", "CD151", "WDSUB1", "USP2", "PLA2G4A", "TMEM40", "PLAT", "FOS", "METRNL", "PITPNC1", "SH3TC1", "CREG1", "ID1", "ALOX5AP", "ORAI3", "HOMER3", "JUNB", "HMOX2", "TRIM56"], "CREB1-20920259-GC1-SPG-MOUSE": ["SLC46A1", "GLDC", "MFI2", "SEMA3B", "DTX4", "GRAMD4", "FOXO1", "EFTUD1", "ABLIM1", "SEC14L1", "TUBA1A", "SH3TC1", "FTH1", "NRIP1", "RHPN2", "IGFBP6", "JUNB", "FADS1", "IL15RA", "TCF7L2", "AFAP1L2", "EGR3", "SYK", "USP2", "VPS37B", "FOS", "HSPG2", "GEM", "MTSS1", "MAPK13", "ITPKC", "WEE1", "TRAF4", "ETNK2", "CLCF1", "ID1", "DDIT4", "EHBP1L1", "PNPLA3", "KCNQ5"], "TEAD4-22529382-TROPHECTODERM-MOUSE": ["RYR1", "CHRM3", "TINAGL1", "INPP1", "TMEM180", "AKAP12", "CHST11", "AIFM2", "NRIP1", "PLXNA2", "ARSI", "ITGB6", "JUNB", "SNX8", "SOX7", "TCF7L2", "RNF24", "SEMA6D", "TXNRD1", "LMO2", "IDH2", "BTBD11", "CGN", "SDK1", "PADI3", "SPRR1A", "MAMLD1", "CDC42SE2"], "CREB1-23762244-HIPPOCAMPUS-RAT": ["COL16A1", "SEMA3B", "IER5L", "TUBA1A", "FTH1", "NRIP1", "NUDT18", "HES1", "JUNB", "ARRDC4", "SEMA4B", "TXNRD1", "USP2", "RHOF", "VPS37B", "FOS", "KLF4", "ITPKC", "MEX3B", "WEE1", "MED24", "TRAF4", "ETNK2", "ID1", "ORAI3", "DDIT4", "PNPLA3"], "ZFX-18555785-MESC-mouse": ["ANKRD39", "WDSUB1", "TFRC", "INPP1", "GLDC", "CIB1", "HR", "SEMA3F", "HIF1A", "FOXO1", "TSKU", "SHE", "PORCN", "COMTD1", "CAPNS1", "NRIP1", "NUDT18", "ATP6V0E2", "JUNB", "CD97", "MREG", "GADD45A", "TXNRD1", "G0S2", "VPS37B", "ELOVL7", "NFKBIA", "NET1", "SLC4A7", "ITPKC", "WEE1", "ECHDC3", "ELMO3", "CDC42SE2", "HBEGF"], "MYCN-18555785-MESC-mouse": ["RTN4R", "TFRC", "MAOA", "IER5L", "ZDHHC23", "CIB1", "DTX4", "GBA2", "HIF1A", "PITPNC1", "FOXO1", "AKAP12", "SNN", "P2RY2", "FTH1", "HES1", "RHPN2", "JUNB", "SNX8", "RNF24", "TXNRD1", "IGFBP2", "ROM1", "MTSS1", "BOLA2"], "TAL1-20887958-HPC-7-MOUSE": ["TFRC", "PTAFR", "HIF1A", "SNN", "ZFP36", "COMTD1", "LBH", "RAB26", "CREG1", "FTH1", "HOMER3", "UPP1", "JUNB", "HMOX2", "TMEM184A", "PAQR7", "TXNRD1", "FOS", "TPD52L1", "GEM", "MEX3B", "MAFB", "ORAI3", "DDIT4", "NINJ1", "PADI3"], "ASH2L-23239880-MESC-MOUSE": ["PRR5", "GRB7", "IER5L", "TMEM91", "PITPNC1", "TSKU", "AKAP12", "SHE", "ZFP36", "ABLIM1", "TUBA1A", "CAPNS1", "CD14", "UPP1", "LMCD1", "KCNJ2", "FADS1", "CD97", "OSR2", "CENPV", "MREG", "GADD45A", "SEMA4B", "IGFBP2", "LMO2", "IDH2", "TMEM40", "BTBD11", "RHOF", "SULF1", "NGF", "TPD52L1", "CLDN11", "NFKBIA", "NET1", "SLC4A7", "ITPKC", "MEX3B", "WEE1", "GPRC5A", "MED24", "IL1B", "CCDC88C", "PLA2G10", "PLCD3", "TRIM56"], "CREM-20920259-GC1-SPG-MOUSE": ["RYR1", "WDSUB1", "TFRC", "YBX2", "EFTUD1", "AKAP12", "SHE", "ZFP36", "DUSP10", "FTH1", "NUDT18", "LDLRAP1", "JUNB", "KRTDAP", "MREG", "USP2", "MATK", "RHOF", "VPS37B", "FOS", "ELOVL7", "GEM", "TPST1", "ITPKC", "TRAF4", "PLA2G10", "PPARG", "INPP1", "MAOA", "TMPRSS4", "SEMA3B", "STK39", "ZDHHC23", "SLC1A5", "HIF1A", "GRAMD4", "FOXO1", "SNN", "SEC14L1", "ERMP1", "ABLIM3", "CLMN", "PLXNA2", "NPTX2", "SNX8", "HMOX2", "TCF7L2", "CENPV", "RNF24", "TXNRD1", "BTBD11", "KLF4", "SGPP2", "MARCH3", "SLC4A7", "FOSL1", "SDK1", "WEE1", "CYP24A1", "ETNK2", "ID1", "CCDC88C", "CDC42SE2"], "FLI1-21571218-MEGAKARYOCYTES-HUMAN": ["RYR1", "PRR5", "CHRM3", "SERPINE2", "TFRC", "GLDC", "SERPINE1", "TMEM52", "PLAT", "TSKU", "TM7SF2", "SHE", "ZFP36", "COMTD1", "DUSP10", "LBH", "CAPNS1", "PLAU", "FAM110C", "FTH1", "ADAMTSL3", "MMP28", "ITGB6", "JUNB", "CTSD", "FADS1", "MFSD2A", "IL15RA", "ZNF165", "SERPINB1", "G6PD", "PAQR7", "SYK", "LMO2", "TMEM40", "RHOF", "CEL", "VPS37B", "FOS", "HSPG2", "MTSS1", "ITPKC", "SDPR", "IL1B", "TMEM79", "DDIT4", "NINJ1", "UCA1", "NGEF", "HBEGF", "SLC45A4", "MFI2", "CD1D", "PTGS2", "LYPD5", "GRAMD4", "FOXO1", "EHBP1", "SEC14L1", "CHST11", "CLMN", "SH3TC1", "P2RY2", "NRIP1", "CD14", "HIVEP2", "ATP6V0E2", "SNX8", "HMOX2", "EGR3", "ZNF185", "LAMB3", "RNF24", "HOMER2", "TXNRD1", "PDE2A", "SGPP2", "C20ORF196", "MAPK13", "FOSL1", "WEE1", "CYP24A1", "ALOX5AP", "CCDC88C", "ULBP2", "CDC42SE2"], "REST-21632747-MESC-MOUSE": ["RTN4R", "CHRM3", "COL16A1", "SLC1A1", "ADM", "PLAT", "LYPD5", "BARX2", "SEC14L1", "ABLIM3", "HES1", "RHPN2", "NPTX2", "FADS1", "ARRDC4", "HOMER2", "SEMA6D", "ARHGEF16", "PDE2A", "VPS37B", "MEX3B", "SDPR", "KIF26A", "PNPLA3", "PLCD4", "TRIM56", "CDC42SE2"], "MYC-19030024-MESC-mouse": ["IGSF8", "TFRC", "MAOA", "GLDC", "GATA6", "GDPD3", "SLC1A5", "AQP3", "HIF1A", "TSKU", "EFTUD1", "AKAP12", "COMTD1", "CAPNS1", "CREG1", "FTH1", "MMP28", "HAS3", "HES1", "UPP1", "JUNB", "CTSD", "TCF7L2", "MREG", "IGFBP2", "RHOF", "FOS", "KLF4", "MTSS1", "CLDN11", "WEE1", "TRAF4", "FABP5", "TMEM79", "BOLA2", "CCDC88C"], "SMAD4-21799915-A2780-HUMAN": ["TINAGL1", "IRS1", "GLDC", "SLC1A1", "FAM129A", "GATA6", "PTGS2", "HIF1A", "PITPNC1", "FOXO1", "SHE", "DOCK11", "DUSP10", "RASSF5", "PSD3", "NRIP1", "PLXNA2", "KAL1", "HIVEP2", "LMCD1", "TIMP4", "AFAP1L2", "GADD45A", "SEMA6D", "LMO2", "USP2", "PLA2G4A", "G0S2", "BTBD11", "FOS", "LHFPL2", "TPD52L1", "CYP24A1", "IL1B", "PIR", "FAT2", "ECHDC3"], "TTF2-22483619-HELA-HUMAN": ["TFRC", "GADD45A", "ABHD14A", "ADM", "VPS37B", "SLC1A5", "SNHG4", "FOSL1", "SDK1", "ZFP36", "MEX3B", "MAFB", "RAB26", "TMEM79", "DDIT4", "GPR115", "HES1", "JUNB"], "KDM5B-21448134-MESC-MOUSE": ["IGSF8", "TFRC", "FBLIM1", "GLDC", "MFI2", "GATA6", "ADM", "PLAT", "METRNL", "BARX2", "HIF1A", "PITPNC1", "EHBP1", "EFTUD1", "AKAP12", "SEC14L1", "TUBA1A", "PLAU", "RAB26", "FAM110C", "PDPN", "PSD3", "MMP28", "HAS3", "HES1", "TMEM38A", "HIVEP2", "UPP1", "CD97", "EOMES", "OSR2", "CENPV", "TXNRD1", "IGFBP2", "LMO2", "USP2", "RHOF", "ELOVL7", "SULF1", "HSPG2", "NFKBIA", "SDK1", "WEE1", "MAFB", "NMU", "CRLF1"], "SIN3B-21632747-MESC-MOUSE": ["RYR1", "PRR5", "SLC46A1", "COL16A1", "SERPINE1", "ADM", "AQP3", "PITPNC1", "TSKU", "EFTUD1", "ZFP36", "NSDHL", "TUBA1A", "UPP1", "LDLRAP1", "JUNB", "CTSD", "FADS1", "CD97", "EOMES", "OSR2", "IGFBP2", "USP2", "TMEM40", "FOS", "HSPG2", "ORAI3", "DDIT4", "ELMO3", "TRIM56", "MVK", "FBLIM1", "SLC1A1", "FAM129A", "GATA6", "SEMA3F", "LYPD5", "BARX2", "GRAMD4", "FOXO1", "SEC14L1", "PDPN", "NRIP1", "HAS3", "RHPN2", "HIVEP2", "NPTX2", "KCNJ2", "HMOX2", "CENPV", "AFAP1L2", "GATSL3", "EGR3", "SEMA4B", "PDE2A", "CGN", "KLF4", "SNHG4", "SGPP2", "NFKBIA", "FOSL1", "MEX3B", "WEE1", "MAFB", "CYP24A1", "KIF26A", "ID1", "ALOX5AP"], "CIITA-18437201-Raji B cells and iDC-human": ["CALML3", "FOS"], "ERG-20887958-HPC-7-MOUSE": ["PAQR7", "CD151", "TXNRD1", "PTAFR", "FAM129A", "SLC1A5", "ELOVL7", "HIF1A", "GEM", "DUSP10", "RAB26", "CREG1", "ALOX5AP", "ORAI3", "NINJ1", "PLXNA2", "NUDT18", "ELMO3", "FADS1"], "TP63-17297297-HaCaT-human": ["DDIT4", "HES1"], "SFPI1-20887958-HPC-7-MOUSE": ["PRR5", "IGSF8", "CD151", "TFRC", "PTAFR", "FAM129A", "PLAT", "PTGS2", "METRNL", "EFTUD1", "LBH", "CREG1", "FTH1", "PLXNA2", "NUDT18", "HOMER3", "RHPN2", "TMEM38A", "KCNJ2", "HMOX2", "PAQR7", "MCAM", "MATK", "FOS", "MAPK13", "WEE1", "RAET1E", "FABP5", "ETNK2", "CLCF1", "ALOX5AP", "BOLA2", "ORAI3"]}