{"RUNX1-21571218-MEGAKARYOCYTES-HUMAN": ["COLEC12", "RTN1", "CITED2", "SLC35D3", "PIK3R3", "ARRB1", "GLRX", "AHR", "PRICKLE1", "ASCL2", "WISP1", "LRRC31", "DOCK10", "EFNB2", "THBD", "SHE", "TRIM2", "ZMAT4", "PDGFC", "MYB", "TNFSF11", "PMAIP1", "CD34", "KRTDAP", "FOXD3", "ARSA", "LINGO3", "CBX4", "ITGA1", "VEGFC", "PRSS35", "KLF15", "ZFP90", "HCK", "MEX3B", "RASA3", "TAL1", "PKIA", "TYRO3", "ARHGEF3", "TRIM13", "B3GNT2", "VIM"], "MYC-19030024-MESC-mouse": ["CDKN1C", "PTGER4", "CALCA", "PCOLCE2", "CITED2", "TESK2", "SLCO5A1", "TRH", "RERG", "UCHL1", "SALL1", "MYB", "TSPAN5", "KCNJ3", "MFAP3L", "CCDC116", "SLC6A15", "ALG13", "ACYP2", "KLF15", "POU4F2", "KBTBD3", "DAB1", "RASA3", "SYNPO2L", "TBL1XR1", "GJB3", "GJB5", "ZFP42", "B3GNT2", "F2RL1", "SLC25A32"], "HNF4A-19822575-HepG2-human": ["SNED1", "BNC2", "SLC35F3", "TESK2", "ARRB1", "CLDN1", "SHE", "KCNT2", "CDH2", "TRIM2", "MYC", "AASS", "KRTDAP", "ELOVL2", "FST", "ACYP2", "PDGFRL", "TOX3", "SFRP1", "GAP43", "TBL1XR1", "TAL1", "EHHADH", "GPR160", "TYRO3", "ARHGEF3", "B3GNT2", "FETUB", "MAPRE3", "SLC27A2", "COLEC12", "ALOX15", "GLIS3", "ATP10A", "GLRX", "LYPD6", "PDLIM2", "MARVELD2", "TSPAN5", "LRIG3", "RHPN2", "PROM1", "MORC1", "SCN3A", "MAP2K6", "ABCA1", "TGFB2", "CBX4", "EPHX2", "SMARCA1", "COX7B2", "DAB1", "FRAS1", "NAPEPLD"], "E2F4-21247883-LYMPHOBLASTOID-HUMAN": ["CDKN1C", "PDE1B", "LRRK2", "RTKN2", "PIK3R3", "TESK2", "ATP10A", "ARRB1", "PTGS2", "ASCL2", "RERG", "EFNB2", "TNFSF11", "IRAK3", "RNASE4", "MAGOHB", "ZFP90", "EID1", "MEX3B", "RASA3", "CACHD1", "TRIM13", "VIM", "KCTD12", "NEUROG3"], "ZFX-18555785-MESC-mouse": ["CDKN1C", "CYP7B1", "KLF15", "EID1", "SHE", "MDFIC", "MARVELD2", "TBL1XR1", "TAL1", "2610018G03RIK", "EHHADH", "MSRB2", "TYRO3", "CAR13", "PMAIP1", "LRIG3", "SLC25A32", "TRAM1L1", "SLC27A2", "RBM43", "SH3GL2", "ZFP386"], "SPI1-23547873-NB4-HUMAN": ["PTGER4", "BNC2", "CCDC116", "CITED2", "LRRK2", "DAPP1", "PIK3R3", "ARRB1", "ACYP2", "GLRX", "MAGOHB", "EID1", "GNG2", "PDLIM2", "TUBB3", "GALR2", "GPR160", "ARHGDIB", "TRIM13", "CLNK"], "FOXP1-21924763-HESC-HUMAN": ["CDKN1C", "SEMA3C", "CITED2", "PDE1B", "TESK2", "SLCO5A1", "ARRB1", "ASCL2", "CLDN1", "RERG", "EFNB2", "TMEM47", "HSD11B2", "PDLIM2", "CDH2", "PENK", "MYB", "PMAIP1", "OTX2", "RHPN2", "MSC", "MS4A10", "NKX2-2", "CCDC116", "ELOVL2", "EPHX2", "ALG13", "PRSS35", "ZFP90", "GAP43", "MAFB", "GJB4", "SLCO4C1", "GJB5", "TYRO3", "TRIM13", "ROR1", "SLC25A32", "NEUROG3"], "TP53-23651856-MEF-MOUSE": ["COLEC12", "BNC2", "SEMA3C", "GLIS3", "PIK3R3", "LYPD6", "DOCK10", "NEUROD1", "GALR2", "NNAT", "PDGFC", "ARHGDIB", "TNFSF11", "PMAIP1", "LRIG3", "SCN3A", "ZFP365", "TGFB2", "FGFBP1", "FST", "EN1", "IRAK3", "RNASE4", "TEX15", "GAP43", "RASA3", "CACHD1", "ARHGEF3", "CLNK", "ROR1", "MAPRE3", "RBM43", "VGLL3"], "KDM5B-21448134-MESC-MOUSE": ["PTGER4", "LRRK2", "BHLHE22", "EFNB2", "SALL1", "GNG2", "TUBB3", "ZMAT4", "MORC1", "SH3GL2", "NKX2-2", "MFAP3L", "CBX4", "ITGA1", "ALG13", "PDGFRL", "POU4F2", "ZFP819", "GAP43", "MAFB", "TBL1XR1", "TAL1", "QPCT", "ZFP42", "CACHD1", "TDRD12", "CDO1", "NEUROG3"], "MITF-21258399-MELANOMA-HUMAN": ["BNC2", "SLC35F3", "CITED2", "ARRB1", "TRH", "DOCK10", "TUBB3", "TRIM2", "PIM2", "ARSA", "SLC6A15", "EN1", "KLF15", "PDGFRL", "HCK", "RASA3", "NOV", "OAS2", "EHHADH", "TYRO3", "ARHGEF3", "FETUB", "ROR1", "COLEC12", "SEMA3C", "PCOLCE2", "PIK3R3", "LPL", "SLCO5A1", "ATP10A", "FSTL1", "RELB", "GNG2", "MARVELD2", "MAP2", "NNAT", "TSPAN5", "PMAIP1", "LRIG3", "PROM1", "MFAP3L", "TGFB2", "CBX4", "KRT19", "MAFB", "DAB1", "QPCT", "MSRB2", "CACHD1", "CLNK", "SLC25A32"], "E2F1-18555785-MESC-mouse": ["SNED1", "CALCA", "PCOLCE2", "CITED2", "TESK2", "TRH", "FSTL1", "TMEM47", "SALL1", "TUBB3", "MYC", "PMAIP1", "RHPN2", "MSC", "MORC1", "ZFP386", "FOXD3", "CCDC116", "PLA2G4E", "IGFBP3", "EPHX2", "VEGFC", "2610008E11RIK", "ACYP2", "POU4F2", "ZFP90", "KBTBD3", "EID1", "ARMCX1", "SFRP2", "GJB4", "MDFIC", "TBL1XR1", "B3GNT5", "ZFP42", "MSRB2", "F2RL1", "SLC25A32", "VIM", "KCTD12"], "CREM-20920259-GC1-SPG-MOUSE": ["CDKN1C", "RTN1", "PIK3R3", "AHR", "PRICKLE1", "RERG", "RELB", "EFNB2", "SHE", "CDH2", "PENK", "MYB", "TSPAN5", "PMAIP1", "SH3GL2", "KRTDAP", "ZFP711", "IRX2", "PDHA2", "ELOVL2", "ALG13", "IRAK3", "MAGOHB", "FAM169B", "TBL1XR1", "TAL1", "GPR160", "ID4", "WDR5B", "F2RL1", "MAPRE3", "SLC25A32", "SLC25A31"], "EGR1-20690147-ERYTHROLEUKEMIA-HUMAN": ["CDKN1C", "COLEC12", "SEMA3C", "SLC35F3", "CITED2", "TESK2", "SLCO5A1", "ARRB1", "TRH", "LYPD6", "ASCL2", "FSTL1", "RELB", "SHE", "HSD11B2", "CDH2", "TUBB3", "TRIM2", "ZMAT4", "MYC", "MYB", "TSPAN5", "PIM2", "FOXD3", "IRX2", "CBX4", "CCDC116", "ELOVL2", "IRAK3", "SFRP1", "KRT19", "DAB1", "MDFIC", "RASA3", "TBL1XR1", "TAL1", "CACHD1", "VWC2", "RNF182", "ID4", "TRIM13", "B3GNT2", "ROR1", "MAPRE3", "INSM1", "KCTD12"], "FOXA2-19822575-HepG2-human": ["SNED1", "BNC2", "PCOLCE2", "CITED2", "GLIS3", "ARRB1", "CLDN1", "KCNT2", "CDH2", "MAP2", "PDGFC", "ABCA1", "CBX4", "ELOVL2", "FST", "ACYP2", "SMARCA1", "PDGFRL", "TOX3", "SFRP1", "DAB1", "FRAS1", "TYRO3", "CACHD1", "ARHGEF3", "FETUB"], "TP63-22573176-HFKS-HUMAN": ["PTGER4", "SLC35F3", "GLIS3", "DAPP1", "TRH", "PTGS2", "ASCL2", "DOCK10", "EFNB2", "NNAT", "ARHGDIB", "MYB", "TSPAN5", "TNFSF11", "PIM2", "MS4A10", "WLS", "ABCA1", "FOXD3", "IRX2", "FGFBP1", "PLA2G4E", "EPHX2", "VEGFC", "ABHD15", "SFRP1", "KRT19", "FRAS1", "GJB4", "TBL1XR1", "OAS2", "ALDH1A2", "CDHR1", "QPCT", "GJB5", "ZFP42", "CACHD1", "NAPEPLD", "FETUB", "SLC25A31", "KCTD12"], "SRY-25088423-EMBRYONIC GONADS-MOUSE": ["GABRB3", "ALOX15", "PIK3R3", "GLRX", "IL2RG", "ASCL2", "WISP1", "THBD", "HSD11B2", "NNAT", "NEFL", "TNFSF11", "LRIG3", "PROM1", "MS4A10", "ARSA", "FST", "VEGFC", "ALG13", "SOX11", "RNASE4", "SMARCA1", "KLF15", "POU4F2", "TOX3", "KRT19", "GJB4", "OAS2", "DPPA3", "GJB5", "FETUB", "ROR1", "SLC27A2", "KCTD12B"], "SIN3B-21632747-MESC-MOUSE": ["GABRB3", "SNED1", "SLC35F3", "CITED2", "ARRB1", "TRH", "UCHL1", "SALL1", "CDH2", "TUBB3", "NEFL", "GM11346", "IRAK3", "ACYP2", "KLF15", "ZFP90", "ZFP819", "TBL1XR1", "DPPA3", "TYRO3", "B3GNT2", "MAPRE3", "COLEC12", "PRICKLE1", "ASCL2", "NEUROD1", "HSD11B2", "FAM196B", "GALR2", "PMAIP1", "RHPN2", "MORC1", "SCN3A", "ZFP386", "MFAP3L", "MAP2K6", "IRX2", "LINGO3", "CBX4", "VEGFC", "POU4F2", "MEX3B", "MAFB", "DAB1", "GJB5", "CACHD1", "NAPEPLD", "ID4", "VIM", "INSM1", "RBM43", "NEUROG3"], "FLI1-21571218-MEGAKARYOCYTES-HUMAN": ["COLEC12", "SNED1", "RTN1", "PCOLCE2", "CITED2", "PDE1B", "ILDR1", "ATP10A", "ARRB1", "AHR", "PTGS2", "HDAC9", "EFNB2", "SHE", "GNG2", "TRIM2", "ZMAT4", "PENK", "ARHGDIB", "MYB", "TSPAN5", "PROM1", "CD34", "IRX2", "ARSA", "FGFBP1", "LINGO3", "CBX4", "EN1", "ALG13", "IRAK3", "ACYP2", "NMI", "MAGOHB", "EID1", "DAB1", "RASA3", "TAL1", "OAS2", "EHHADH", "RNF182", "ARHGEF3", "TRIM13", "WDR5B", "B3GNT2", "F2RL1", "SLC25A32"], "FOXP1-22492998-STRATIUM-MOUSE": ["ACYP2"], "SOX9-25088423-EMBRYONIC GONADS-MOUSE": ["CDKN1C", "IRX2", "BNC2", "EPHX2", "SLCO5A1", "ACYP2", "IL2RG", "RELB", "THBD", "HSD11B2", "GNG2", "PDLIM2", "GJB4", "2610018G03RIK", "EHHADH", "GJB5", "TYRO3", "NEUROG3"]}