{"NR2C2 (human)": ["IDH2"], "Esrrb (mouse)": ["RTN4R", "HOMER3"], "NFE2L1 (human)": ["TMEM184A"], "MIR210 (human)": ["MREG", "HES1"], "STAT1 (mouse)": ["SDPR", "KLF4"], "IRF9 (human)": ["TCF7L2"], "NFYB (human)": ["FTH1", "ID1"], "PDX1 (human)": ["HBEGF"], "SOX2 (human)": ["TMEM180"], "Zfx (mouse)": ["GADD45A"], "HNRNPK (human)": ["INPP1"], "SMAD3 (human)": ["MEX3B", "SERPINE1"], "ESR2 (mouse)": ["NUDT18"], "MXI1 (human)": ["CLDN11"], "NR4A2 (human)": ["CALML3"], "SMAD3 (mouse)": ["BGLAP", "GPX3", "CITED4"], "NME2 (human)": ["CLCF1"], "TBX5 (human)": ["TM7SF2"], "FOXM1 (human)": ["NET1", "SPRR1A"], "NCOA1 (human)": ["AKAP12", "SEMA3B", "KLK5"]}