{"H3K9me3 Brain Germinal Matrix": ["SHE"], "H3K27ac Duodenum Smooth Muscle": ["IGSF8", "CDA", "MVK", "WDSUB1", "FBLIM1", "YBX2", "CD1D", "PTGS2", "PITPNC1", "EFTUD1", "FOXQ1", "ZFP36", "NSDHL", "ABLIM1", "ERMP1", "CAPNS1", "AIFM2", "PLAU", "FTH1", "MAL2", "NUDT18", "HES1", "TMEM38A", "UPP1", "IGFBP6", "KCNN4", "KIAA1804", "TIMP4", "HMOX2", "MFSD2A", "ZNF165", "G6PD", "ROM1", "PLA2G4A", "FAM213A", "MAPK13", "MEX3B", "GPRC5A", "RAET1E", "FABP5", "MALL", "TMEM79", "PPARG", "ZNF436", "SYNC", "PLCD4", "TRIM56", "RAD9A"], "H3K27ac Brain Inferior Temporal Lobe": ["PPAP2C", "PTGS2", "TMEM91", "TSKU", "EFTUD1", "THBD", "NSDHL", "FAM110C", "PSD3", "HOMER3", "HES1", "UPP1", "SNX8", "HMOX2", "MFSD2A", "TCF7L2", "IFITM10", "MREG", "PAQR7", "SEMA4B", "MATK", "G0S2", "RHOF", "FOS", "MIR100HG", "NET1", "MEX3B", "FABP5", "ORAI3", "PIR", "ZNF436", "SYNC", "NGEF", "TRIM56"], "H3K18ac IMR90": ["SRPX", "TFRC", "TMEM180", "FAM86C1", "CIB1", "ADM", "AQP3", "GBA2", "TSKU", "AKAP12", "DOCK11", "TRIM6", "COMTD1", "CAPNS1", "AIFM2", "PLAU", "PSD3", "HOMER3", "TMEM38A", "ZNF165", "SERPINB1", "G6PD", "ROM1", "ABHD14A", "CEL", "FOS", "GPCPD1", "TPST1", "ITPKC", "TRAF4", "LOX", "IL1B", "TMEM79", "DDIT4", "NINJ1", "ZNF436", "SYNC", "TRIM56", "CD151", "INPP1", "MAOA", "MFI2", "SEMA3B", "SLC1A1", "STK39", "PTGS2", "SNN", "PORCN", "ABLIM1", "SEC14L1", "SH3TC1", "PDPN", "NRIP1", "ARSI", "HIVEP2", "IGFBP6", "SNX8", "KCNJ2", "HMOX2", "TMEM184A", "CA12", "ARHGEF37", "GADD45A", "SEMA4B", "LHFPL2", "SULF1", "KLF4", "SNHG4", "FAM213A", "MEX3B", "RAET1E", "ETNK2", "ALOX5AP", "PIR", "PLCD4", "CDC42SE2", "RAD9A"], "H3K36me3 Neurosphere Cultured Cells Cortex Derived": ["FABP5"], "H3K27ac H1 Derived Mesenchymal Stem Cells": ["ANKRD39", "SERPINE2", "WDSUB1", "TFRC", "C2CD2", "FAM86C1", "HRCT1", "CIB1", "CLU", "PITPNC1", "ZFP36", "DUSP10", "CAPNS1", "AIFM2", "FTH1", "HOMER3", "TIMP4", "ZNF165", "G6PD", "PAQR7", "CHST7", "ROM1", "RHOF", "FOS", "GPCPD1", "TPST1", "ITPKC", "GPRC5A", "MED24", "LOX", "SDPR", "TMEM79", "ZNF436", "SYNC", "TRIM56", "GRB7", "SEMA3C", "MAOA", "STK39", "PTGS2", "CLMP", "HAUS7", "PLXNA2", "HAS3", "HES1", "HIVEP2", "IGFBP6", "ATP6V0E2", "KCNJ2", "CENPV", "ARHGEF37", "SEMA4B", "PTK6", "FAM213A", "C20ORF196", "MAPK13", "MARCH3", "MEX3B", "WEE1", "CLCF1", "PLCD4", "MIR31HG", "CDC42SE2"], "H3K27ac Mobilized CD34 Primary Cells": ["ANKRD39", "EPHB6", "PRR5", "WDSUB1", "FAM86C1", "CIB1", "ADM", "TMEM91", "PITPNC1", "TSKU", "EFTUD1", "DOCK11", "TRIM6", "NSDHL", "DUSP10", "TUBA1A", "CAPNS1", "FTH1", "NUDT18", "UPP1", "CTSD", "ARRDC4", "IL15RA", "OSR2", "ZNF165", "G6PD", "SYK", "LMO2", "USP2", "PLA2G4A", "ABHD14A", "FOS", "ELOVL7", "GPCPD1", "ITPKC", "TRAF4", "LOX", "TMEM79", "ORAI3", "DDIT4", "NINJ1", "PRR15", "KCNQ5", "ZNF436", "TRIM56", "CFD", "RTN4R", "IGSF8", "MVK", "MAOA", "MVP", "FAM129A", "STK39", "SLC1A5", "PTGS2", "FAM214B", "FOXO1", "PORCN", "SEC14L1", "HAUS7", "HIVEP2", "HMOX2", "SULT1A2", "TCF7L2", "CENPV", "GATSL3", "RNF24", "MOK", "KLF4", "TPD52L1", "SNHG4", "FAM213A", "C20ORF196", "MARCH3", "NFKBIA", "NET1", "FOSL1", "MEX3B", "ID1", "PIR", "PLCD3", "RAD9A"], "H4K5ac IMR90": ["CDA", "SRPX", "SLC46A1", "WDSUB1", "TFRC", "SERPINE1", "TMEM180", "CIB1", "GBA2", "EFTUD1", "DOCK11", "TRIM6", "TUBA1A", "LBH", "CAPNS1", "AIFM2", "PSD3", "NUDT18", "HOMER3", "CTSD", "ARRDC4", "CD97", "GAMT", "ZNF165", "G6PD", "ABHD14A", "GPCPD1", "CLDN11", "TPST1", "ITPKC", "MED24", "LOX", "TMEM79", "CLDN7", "NINJ1", "EHBP1L1", "ZNF436", "SYNC", "TRIM56", "MVK", "INPP1", "FBLIM1", "MAOA", "MFI2", "SEMA3B", "SLC1A1", "PTGS2", "HIF1A", "SNN", "PORCN", "ABLIM1", "SEC14L1", "SH3TC1", "PDPN", "NRIP1", "IGFBP6", "SNX8", "KCNJ2", "TMEM184A", "CA12", "ARHGEF37", "SEMA4B", "PTK6", "LHFPL2", "SNHG4", "FAM213A", "MEX3B", "RAET1E", "ETNK2", "CLCF1", "PIR", "PLCD4", "MAMLD1", "CDC42SE2", "RAD9A"], "H3K9me3 Fetal Brain": ["ZNF185", "BGN"], "H3K27ac CD4 Memory Primary Cells": ["EPHB6", "STEAP3", "SLC46A1", "WDSUB1", "IRS1", "GBA2", "TSKU", "EFTUD1", "TM7SF2", "ZFP36", "NSDHL", "CAPNS1", "FAM110C", "FTH1", "NUDT18", "TMEM38A", "ARRDC4", "EOMES", "OSR2", "ZNF165", "G6PD", "LMO2", "USP2", "GEM", "TMEM79", "ORAI3", "DDIT4", "CLDN7", "KCNQ5", "ZNF436", "RTN4R", "IGSF8", "CRABP2", "MAOA", "MFI2", "DTX4", "HIF1A", "SNN", "PORCN", "SEC14L1", "PLXNA2", "RHPN2", "IGFBP6", "KCNN4", "SNX8", "HMOX2", "SULT1A2", "GADD45A", "PTK6", "CGN", "SNHG4", "MARCH3", "NET1", "MEX3B", "ECHDC3", "ULBP2", "CDC42SE2", "RAD9A", "PRR5", "CLIC3", "CITED4", "FAM86C1", "TMEM52", "ADM", "PITPNC1", "TRIM6", "DUSP10", "TUBA1A", "AIFM2", "UPP1", "CTSD", "CHST7", "ROM1", "PLA2G4A", "FAM86B1", "ABHD14A", "FOS", "GPCPD1", "ITPKC", "MED24", "TRAF4", "ADSSL1", "SYNC", "TRIM56", "HBEGF", "MVK", "INPP1", "FAM129A", "HAUS7", "CREG1", "NRIP1", "HES1", "TCF7L2", "RNF24", "SEMA4B", "TXNRD1", "MOK", "G0S2", "TPD52L1", "FAM213A", "C20ORF196", "FABP5", "ETNK2", "CLCF1", "PLCD3"], "H3K27ac CD4 Naive Primary Cells": ["ANKRD39", "EPHB6", "PRR5", "SLC46A1", "SERPINE2", "WDSUB1", "TFRC", "IRS1", "CITED4", "TMEM180", "FAM86C1", "AQP3", "TMEM91", "PITPNC1", "EFTUD1", "TM7SF2", "DOCK11", "NSDHL", "DUSP10", "TUBA1A", "CAPNS1", "AIFM2", "FAM110C", "FTH1", "MMP28", "NUDT18", "TMEM38A", "LDLRAP1", "LMCD1", "CTSD", "FADS1", "ARRDC4", "IL15RA", "ZNF165", "SERPINB1", "G6PD", "CHST7", "USP2", "ROM1", "ABHD14A", "VPS37B", "TPST1", "ITPKC", "TRAF4", "TMEM79", "ORAI3", "DDIT4", "KCNQ5", "ZNF436", "TRIM56", "IGSF8", "MVK", "CRABP2", "INPP1", "KIAA1324L", "FAM129A", "STK39", "HIF1A", "FOXO1", "SULT1A1", "PORCN", "SEC14L1", "ERMP1", "SH3TC1", "HAUS7", "CREG1", "NRIP1", "PLXNA2", "HIVEP2", "IGFBP6", "KCNN4", "SNX8", "TCF7L2", "GATSL3", "EGR3", "RNF24", "GADD45A", "TXNRD1", "MOK", "PTK6", "CGN", "SNHG4", "FAM213A", "C20ORF196", "MARCH3", "NFKBIA", "MEX3B", "FABP5", "ETNK2", "ID1", "PLCD3", "ULBP2", "MIR31HG", "RAD9A"], "H3K14ac H9": ["EPHB6", "RYR1", "SLC46A1", "WDSUB1", "TFRC", "IRS1", "GLDC", "CITED4", "FAM86C1", "TFCP2L1", "TMEM91", "CLU", "PITPNC1", "TM7SF2", "DOCK11", "TRIM6", "COMTD1", "DUSP10", "FAM110C", "ADAMTSL3", "TMEM38A", "UPP1", "LDLRAP1", "LMCD1", "TIMP4", "MFSD2A", "OSR2", "MREG", "CHST7", "SYK", "SEMA6D", "TMEM40", "FOS", "ELOVL7", "GPCPD1", "HSPG2", "CLDN11", "TPST1", "ITPKC", "TRAF4", "LOX", "TMEM79", "ORAI3", "PRR15", "KCNQ5", "TRIM56", "HBEGF", "IGSF8", "MVK", "INPP1", "MAOA", "KIAA1324L", "FAM129A", "STK39", "ZDHHC23", "PPAP2C", "PTGS2", "EHBP1", "KLK6", "SEC14L1", "CHST11", "PDPN", "NRIP1", "MAL2", "ARSI", "ATP6V0E2", "SLC37A2", "CENPV", "EGR3", "ARHGEF37", "HOMER2", "TXNRD1", "G0S2", "LHFPL2", "SULF1", "KLF4", "TPD52L1", "FAM213A", "MARCH3", "NFKBIA", "SDK1", "MEX3B", "FABP5", "NMU", "PIR", "ECHDC3", "MIR31HG", "CDC42SE2"], "H3K36me3 Peripheral Blood Mononuclear Primary Cells": ["GDPD3"], "H3K56ac IMR90": ["WDSUB1", "SEMA3C", "INPP1", "SERPINE1", "PTGS2", "TMEM91", "EHBP1", "TRIM6", "DUSP10", "SEC14L1", "CAPNS1", "FTH1", "PSD3", "ARSI", "HOMER3", "UPP1", "IGFBP6", "JUNB", "FADS1", "G6PD", "RNF24", "ROM1", "PLA2G4A", "GPCPD1", "SNHG4", "FAM213A", "C20ORF196", "GEM", "ITPKC", "GPRC5A", "RAET1E", "MED24", "TRAF4", "LOX", "IL1B", "TMEM79", "DDIT4", "ZNF436", "SYNC", "MIR31HG", "TRIM56", "CDC42SE2"], "H3K36me3 Adipose Nuclei": ["GDPD3"], "H3K27ac CD8 Memory Primary Cells": ["ANKRD39", "EPHB6", "WDSUB1", "CITED4", "FAM86C1", "TMEM52", "ADM", "AQP3", "TSKU", "EFTUD1", "TM7SF2", "NSDHL", "DUSP10", "TUBA1A", "CAPNS1", "AIFM2", "NUDT18", "UPP1", "ARRDC4", "OSR2", "MREG", "CHST7", "LMO2", "ROM1", "FAM86B1", "FOS", "ITPKC", "MED24", "TMEM79", "CLDN7", "ADSSL1", "KCNQ5", "SYNC", "TRIM56", "CFD", "RTN4R", "MVK", "CRABP2", "MFI2", "FAM129A", "FAM214B", "FOXO1", "SNN", "PORCN", "SEC14L1", "SH3TC1", "HAUS7", "PLXNA2", "IGFBP6", "SNX8", "SULT1A2", "CENPV", "GATSL3", "RNF24", "SEMA4B", "MOK", "PTK6", "CGN", "TPD52L1", "FAM213A", "SGPP2", "MARCH3", "NET1", "MEX3B", "FABP5", "ETNK2", "PIR", "PLCD3", "RAD9A"], "H2BK5ac H1": ["EPHB6", "SLC46A1", "SERPINE2", "WDSUB1", "TFRC", "IRS1", "C2CD2", "GLDC", "FAM86C1", "TMEM52", "TMEM91", "CLU", "PITPNC1", "NIPAL4", "ZFP36", "DUSP10", "TUBA1A", "FAM110C", "NUDT18", "HOMER3", "TMEM38A", "UPP1", "CD97", "OSR2", "ZNF165", "G6PD", "MREG", "PAQR7", "ARHGEF16", "TMEM40", "FOS", "GPCPD1", "GEM", "TPST1", "ITPKC", "MED24", "TMEM79", "DDIT4", "NINJ1", "KCNQ5", "ELMO3", "TRIM56", "PTGES", "LOC284837", "MVK", "PTAFR", "SLC1A1", "KLK5", "GATA6", "PPAP2C", "LYPD3", "GDPD3", "SEMA3F", "DTX4", "FAM214B", "HIF1A", "GRAMD4", "FOXO1", "ADAMTS15", "SEC14L1", "CLMP", "CHST11", "PDPN", "NRIP1", "MAL2", "ARSI", "HES1", "RHPN2", "HIVEP2", "IGFBP6", "KCNN4", "KIAA1804", "HMOX2", "SULT1A2", "CENPV", "EGR3", "GADD45A", "MOK", "G0S2", "KLF4", "FAM213A", "MARCH3", "WEE1", "FABP5", "CLCF1", "CDC42SE2", "RAD9A"], "H3K27ac CD4+ CD25int CD127+ Tmem Primary Cells": ["EPHB6", "WDSUB1", "CITED4", "TMEM180", "FAM86C1", "TMEM52", "TMEM91", "PITPNC1", "EFTUD1", "ZFP36", "NSDHL", "DUSP10", "TUBA1A", "CAPNS1", "NUDT18", "TMEM38A", "LDLRAP1", "LMCD1", "CTSD", "MFSD2A", "ZNF165", "G6PD", "CHST7", "USP2", "FAM86B1", "VPS37B", "TPST1", "ITPKC", "TRAF4", "ORAI3", "TRIM56", "IGSF8", "MVK", "CRABP2", "INPP1", "MAOA", "KIAA1324L", "ZDHHC23", "DTX4", "SNN", "PORCN", "SEC14L1", "ERMP1", "CREG1", "NRIP1", "PLXNA2", "IGFBP6", "KCNN4", "KIAA1804", "SNX8", "TCF7L2", "CENPV", "RNF24", "GADD45A", "SEMA4B", "TXNRD1", "PTK6", "CGN", "SNHG4", "FAM213A", "SGPP2", "C20ORF196", "MARCH3", "FOSL1", "MEX3B", "WEE1", "ETNK2", "CLCF1", "ID1", "PLCD3", "RAD9A"], "H3K27ac CD8 Naive Primary Cells": ["ANKRD39", "EPHB6", "PRR5", "WDSUB1", "IRS1", "CITED4", "FAM86C1", "GBA2", "TMEM91", "EFTUD1", "ZFP36", "NSDHL", "DUSP10", "TUBA1A", "CAPNS1", "AIFM2", "NUDT18", "CTSD", "ARRDC4", "ZNF165", "MREG", "CHST7", "LMO2", "USP2", "ROM1", "ABHD14A", "FOS", "GEM", "TPST1", "ITPKC", "MED24", "TRAF4", "TMEM79", "ORAI3", "KCNQ5", "ZNF436", "TRIM56", "IGSF8", "MVK", "CRABP2", "MAOA", "KIAA1324L", "FAM129A", "FOXO1", "SULT1A1", "SNN", "PORCN", "SEC14L1", "ERMP1", "SH3TC1", "HAUS7", "CREG1", "NRIP1", "PLXNA2", "KCNN4", "SNX8", "TCF7L2", "CENPV", "GATSL3", "RNF24", "GADD45A", "MOK", "PTK6", "CGN", "SNHG4", "FAM213A", "C20ORF196", "MARCH3", "NFKBIA", "FOSL1", "MEX3B", "CLCF1", "ID1", "PLCD3", "MIR31HG", "RAD9A"], "H3K9me3 CD4+ CD25- Th Primary Cells": ["SEMA3C"]}