{"ACATATC,MIR-190": ["KCNQ5"], "TATCTGG,MIR-488": ["NRIP1"], "GCAAGGA,MIR-502": ["GADD45A"], "CAGGTCC,MIR-492": ["ZFP36"], "CCAGGTT,MIR-490": ["NRIP1"], "AGGAGTG,MIR-483": ["HIVEP2"], "GGCACAT,MIR-455": ["KCNJ2"], "GGTGAAG,MIR-412": ["HIF1A"], "GCTGAGT,MIR-512-5P": ["NUDT18"], "AAGTCCA,MIR-422B,MIR-422A": ["HAS3"], "TCCCCAC,MIR-491": ["SEMA6D"], "CCCACAT,MIR-299-3P": ["BTBD11"], "CTCAAGA,MIR-526B": ["DNER"], "TCTGATC,MIR-383": ["MAL2"], "CTAGGAA,MIR-384": ["THBD"], "AGCGCTT,MIR-518F,MIR-518E,MIR-518A": ["EGR3"], "GGGGCCC,MIR-296": ["GPX3"], "CAGTCAC,MIR-134": ["PSD3"], "TAGGTCA,MIR-192,MIR-215": ["NRIP1"], "GCAAGAC,MIR-431": ["KCNJ2"]}