{"MAX_A549_hg19": ["SLC45A4", "SLC46A1", "WDSUB1", "FAM129A", "IER5L", "TMEM180", "GBA2", "FOXO1", "TM7SF2", "THBD", "NSDHL", "SEC14L1", "CHST11", "ABLIM3", "SH3TC1", "P2RY2", "PSD3", "HAS3", "NUDT18", "KCNN4", "CTSD", "HMOX2", "ARRDC4", "GATSL3", "ARHGEF37", "GADD45A", "IGFBP2", "CGN", "VPS37B", "GPCPD1", "TPD52L1", "C20ORF196", "MIR100HG", "GEM", "NET1", "CYP24A1", "ID1", "TMEM79", "ECHDC3", "MIR31HG", "PTGES"], "JUND_T47D_hg19": ["HES1", "LMCD1", "CLU"], "GABPA_MEL cell line_mm9": ["FTH1", "PIR", "VPS37B"], "POLR2A_HeLa-S3_hg19": ["ANKRD39", "CDA", "STEAP3", "TINAGL1", "C2CD2", "CITED4", "TMEM180", "METRNL", "GBA2", "TSKU", "TM7SF2", "FOXQ1", "RASSF5", "CA9", "TMEM38A", "CTSD", "EOMES", "ZNF165", "USP2", "ROM1", "FAM86B1", "ABHD14A", "ELOVL7", "GPCPD1", "HSPG2", "TPST1", "LOX", "IL1B", "DDIT4", "ELMO3", "ZNF436", "S100A3", "HBEGF", "CFD", "RTN4R", "MFI2", "KIAA1324L", "ZDHHC23", "FOXO1", "SNN", "PLXNA2", "HAS3", "MAL2", "TSPAN1", "KCNJ2", "SULT1A2", "CA12", "GATSL3", "RNF24", "SEMA4B", "IDH2", "MARCH3", "MAFB", "MAMLD1", "CDC42SE2"], "MAX_H1-hESC_hg19": ["STEAP3", "WDSUB1", "GLDC", "TMEM180", "TMEM52", "TFCP2L1", "PTGS2", "AQP3", "CST6", "EFTUD1", "AKAP12", "THBD", "SEC14L1", "TUBA1A", "ABLIM3", "ADAMTSL3", "ATP6V0E2", "SNX8", "LMCD1", "TIMP4", "HMOX2", "TMEM184A", "ARRDC4", "EOMES", "CA12", "IDH2", "MOK", "CGN", "VPS37B", "SULF1", "GPCPD1", "C20ORF196", "GEM", "MARCH3", "NET1", "FOSL1", "TPST1", "WEE1", "TMEM79", "PIR", "CDC42SE2"], "POLR2A_K562_hg19": ["ANKRD39", "STEAP3", "CLIC3", "WDSUB1", "SERPINE1", "CITED4", "TMEM180", "FAM86C1", "TMEM52", "CIB1", "ADM", "TFCP2L1", "AQP3", "GBA2", "TSKU", "EFTUD1", "TM7SF2", "ZFP36", "NSDHL", "COMTD1", "DUSP10", "LBH", "RASSF5", "FTH1", "HOMER3", "UPP1", "JUNB", "CTSD", "ARRDC4", "CD97", "GAMT", "OSR2", "ZNF165", "SERPINB1", "USP2", "ABHD14A", "VPS37B", "FOS", "ELOVL7", "GPCPD1", "GEM", "ITPKC", "MED24", "TRAF4", "ORAI3", "DDIT4", "CLDN7", "NINJ1", "UCA1", "SYNC", "TRIM56", "LOC284837", "CD151", "CRABP2", "MFI2", "FAM129A", "IER5L", "FOXO1", "SNN", "PORCN", "SEC14L1", "CHST11", "RAB26", "RHPN2", "ATP6V0E2", "KIAA1804", "SNX8", "SULT1A2", "TCF7L2", "CENPV", "GATSL3", "RNF24", "GADD45A", "SEMA4B", "TXNRD1", "IDH2", "LHFPL2", "KLF4", "TPD52L1", "SNHG4", "C20ORF196", "MARCH3", "NET1", "CLCF1", "ID1", "PNPLA3", "ECHDC3", "PLCD3", "ULBP2", "RAD9A"], "EP300_GM12878_hg19": ["ANKRD39", "TFRC", "TMEM180", "TMEM52", "TMEM91", "PITPNC1", "EFTUD1", "TM7SF2", "ZFP36", "TUBA1A", "LBH", "CAPNS1", "RASSF5", "UPP1", "JUNB", "CTSD", "CAMP", "FADS1", "ZNF165", "G6PD", "MREG", "FAM86B1", "RHOF", "VPS37B", "FOS", "GPCPD1", "GEM", "ITPKC", "TMEM79", "BOLA2", "ORAI3", "DDIT4", "CLDN7", "ZNF436", "TRIM56", "MAOA", "MFI2", "FAM129A", "IER5L", "ZDHHC23", "SLC1A5", "HIF1A", "SEC14L1", "ERMP1", "CHST11", "HES1", "HIVEP2", "KCNJ2", "GADD45A", "IDH2", "MOK", "G0S2", "CYP4F11", "C20ORF196", "MARCH3", "NFKBIA", "FOSL1", "WEE1", "ID1", "CCDC88C", "RAD9A"], "FOXP2_PFSK-1_hg19": ["EHBP1L1", "JUNB", "TSKU"], "MYC_MCF-7_hg19": ["ANKRD39", "SLC46A1", "TFRC", "GLDC", "CITED4", "YBX2", "HR", "EFTUD1", "FOXQ1", "THBD", "ZFP36", "COMTD1", "CAPNS1", "PSD3", "NUDT18", "CAMP", "FADS1", "MFSD2A", "EOMES", "GPX3", "USP2", "TMEM40", "FAM86B1", "VPS37B", "ELOVL7", "DKK1", "TPST1", "GPRC5A", "TMEM79", "DDIT4", "ELMO3", "TRIM56", "PTGES", "CD151", "KIAA1324L", "PTAFR", "SLC1A1", "STK39", "ZDHHC23", "LYPD3", "GDPD3", "SLC1A5", "FOXO1", "SEC14L1", "ERMP1", "ABLIM3", "HAS3", "HES1", "HIVEP2", "KCNN4", "HMOX2", "CA12", "SLC37A2", "GATSL3", "IDH2", "MOK", "CGN", "TPD52L1", "SNHG4", "FAM213A", "SGPP2", "NFKBIA", "NET1", "PIR"], "REST_K562_hg19": ["RYR1", "RTN4R", "STEAP3", "TFRC", "C2CD2", "FAM129A", "TMEM180", "CIB1", "SLC1A5", "NSDHL", "DUSP10", "FTH1", "DNER", "NRIP1", "HES1", "ATP6V0E2", "JUNB", "HMOX2", "FADS1", "LAMB3", "SEMA4B", "LMO2", "PDE2A", "ROM1", "ABHD14A", "RHOF", "ELOVL7", "SNHG4", "MEX3B", "GPRC5A", "TMEM79", "ORAI3", "DDIT4", "UCA1", "TRIM56", "PTGES"], "RXRA_H1-hESC_hg19": ["AIFM2", "ADM", "ZNF436"], "BCL11A_H1-hESC_hg19": ["PPAP2C", "ZNF436"], "EP300_HepG2_hg19": ["SLC45A4", "GRB7", "TFRC", "INPP1", "SERPINE1", "STK39", "IER5L", "HRCT1", "TMEM52", "HIF1A", "CLU", "FOXO1", "EFTUD1", "FOXQ1", "COMTD1", "SEC14L1", "ABLIM3", "AIFM2", "HES1", "HIVEP2", "UPP1", "JUNB", "FADS1", "TCF7L2", "SERPINB1", "GATSL3", "ARHGEF16", "IDH2", "USP2", "MOK", "BTBD11", "GPCPD1", "DKK1", "MARCH3", "NFKBIA", "ITPKC", "WEE1", "ID1", "TMEM79", "DDIT4", "PRR15", "NGEF"], "MAFK_HeLa-S3_hg19": ["CDA", "SLC46A1", "SEMA3C", "IER5L", "HRCT1", "HIF1A", "PITPNC1", "NSDHL", "COMTD1", "DUSP10", "ERMP1", "CAPNS1", "ABLIM3", "CA9", "CD97", "OSR2", "TXNRD1", "USP2", "VPS37B", "GPCPD1", "KLF4", "NET1", "FOSL1", "LOX", "TMEM79", "UCA1"], "ESRRA_HepG2_hg19": ["AIFM2", "GPCPD1"], "POLR2A_IMR-90_hg19": ["SERPINE2", "CITED4", "HRCT1", "TM7SF2", "PORCN", "COMTD1", "DUSP10", "CHST11", "SH3TC1", "RASSF5", "PSD3", "HAS3", "MFSD2A", "CA12", "SLC37A2", "G6PD", "CHST7", "MCAM", "TXNRD1", "ITPKC", "MAFB", "ORAI3", "ADSSL1", "ULBP2", "PTGES", "CDC42SE2"], "TBP_HeLa-S3_hg19": ["CDA", "HR", "SLC1A5", "FOXO1", "EFTUD1", "TM7SF2", "NSDHL", "RASSF5", "LDLRAP1", "CAMP", "KCNJ2", "HMOX2", "EOMES", "CA12", "TFAP2C", "GADD45A", "TXNRD1", "VPS37B", "GPCPD1", "KLF4", "DKK1", "NFKBIA", "TPST1", "MAFB", "MAMLD1", "MIR31HG", "TRIM56"], "RCOR1_K562_hg19": ["SLC46A1", "TFRC", "TMEM180", "SLC1A5", "FAM214B", "HIF1A", "CLU", "PITPNC1", "ZFP36", "NSDHL", "DUSP10", "TUBA1A", "LBH", "ABLIM3", "HAUS7", "FTH1", "NUDT18", "CA9", "LDLRAP1", "JUNB", "CAMP", "FADS1", "OSR2", "TCF7L2", "CENPV", "SERPINB1", "G6PD", "GADD45A", "SEMA4B", "TXNRD1", "USP2", "MOK", "VPS37B", "MARCH3", "NFKBIA", "FOSL1", "MED24", "IL1B", "CLCF1", "NMU", "ORAI3", "ECHDC3", "ULBP2", "TRIM56"], "NFYA_GM12878_hg19": ["ANKRD39", "MVK", "IER5L", "TMEM180", "SLC1A5", "TMEM91", "HIF1A", "FOXO1", "TM7SF2", "NSDHL", "COMTD1", "DUSP10", "NUDT18", "HES1", "LMCD1", "MFSD2A", "GADD45A", "MARCH3", "NET1", "TPST1", "WEE1", "MED24", "ID1", "DDIT4", "ULBP2", "RAD9A"], "MAX_HeLa-S3_hg19": ["SLC45A4", "CDA", "SLC46A1", "MVK", "MFI2", "KIAA1324L", "FAM86C1", "LYPD3", "GDPD3", "PLAT", "HR", "SLC1A5", "HIF1A", "FOXO1", "SEC14L1", "ABLIM3", "RASSF5", "P2RY2", "GPR115", "HES1", "CA9", "TMEM38A", "PI3", "KCNN4", "SNX8", "CAMP", "HMOX2", "GAMT", "CA12", "MREG", "USP2", "PLA2G4A", "PTK6", "TPD52L1", "MARCH3", "NET1", "FOSL1", "TPST1", "GPRC5A", "RAET1E", "SLPI", "IL1B", "EHBP1L1", "PRR15", "ECHDC3", "TRIM56", "RAD9A"]}