{"H2AFZ_H1-hESC_hg19": ["TINAGL1", "WDSUB1", "EFTUD1", "KLK6", "CAPNS1", "UPP1", "IGFBP6", "KCNN4", "HMOX2", "GAMT", "GPX3", "SGPP2", "KLK10", "MIR100HG", "MARCH3", "GPRC5A", "MED24", "FABP5", "ID1", "TMEM79", "CLDN7", "NINJ1", "ECHDC3", "ULBP2", "TRIM56", "PTGES"], "H2AFZ_skeletal muscle myoblast_hg19": ["COL16A1", "MVK", "GLDC", "SEMA3B", "CIB1", "SEMA3F", "CST6", "CAPNS1", "HAUS7", "CREG1", "RASSF5", "HAS3", "KCNN4", "TSPAN1", "ARRDC4", "GPX3", "MARCH3", "NFKBIA", "SDK1", "RAET1E", "MED24", "IL1B", "PLCD3", "TRIM56", "CDC42SE2"], "H3K79me2_myotube_hg19": ["RYR1", "MVK", "WDSUB1", "SERPINE1", "IER5L", "CIB1", "SEMA3F", "TMEM91", "CST6", "SEC14L1", "CHST11", "CREG1", "NUDT18", "FADS1", "MFSD2A", "GATSL3", "TXNRD1", "IGFBP2", "KLF4", "FAM213A", "DKK1", "MED24", "SYNC", "PTGES", "RAD9A"], "H3K9me1_K562_hg19": ["EPHB6", "RYR1", "CFD", "ZNF165", "EGR3", "MFI2", "IER5L", "TMEM180", "TMEM40", "ABHD14A", "DTX4", "FOSL1", "TPST1", "SLPI", "AIFM2", "FTH1", "ALOX5AP", "EHBP1L1", "PADI3", "HES1", "ATP6V0E2", "SNX8", "RAD9A", "SULT1A2"], "H3K4me3_CH12.LX_mm9": ["SERPINE2", "WDSUB1", "CITED4", "TMEM180", "CIB1", "TFCP2L1", "AQP3", "TSKU", "NIPAL4", "FOXQ1", "NSDHL", "DUSP10", "PLAU", "MMP28", "NUDT18", "HOMER3", "LDLRAP1", "PAQR7", "SYK", "FOS", "ELOVL7", "HSPG2", "GPRC5A", "MALL", "BOLA2", "ADSSL1", "KCNQ5", "DENND6B", "HBEGF", "RTN4R", "IGSF8", "FOCAD", "MVK", "ARHGEF28", "PTGS2", "PORCN", "CREG1", "P2RY2", "HIVEP2", "KCNN4", "ARHGEF37", "CGN", "KLF4", "FAM213A", "MARCH3", "FOSL1", "RAET1E", "ETNK2", "CYSTM1", "PLCD3"], "H3K4me3_ES-E14_mm9": ["RTN4R", "CDA", "COL16A1", "ARHGEF28", "SLC1A1", "GBA2", "NIPAL4", "SHE", "PORCN", "NSDHL", "RASSF5", "FAM110C", "MMP28", "NUDT18", "HOMER3", "HIVEP2", "ATP6V0E2", "KCNN4", "LMCD1", "SOX7", "PAQR7", "EGR3", "HOMER2", "SEMA6D", "ARHGEF16", "MATK", "RHOF", "CGN", "FAM213A", "GEM", "MARCH3", "CLDN11", "SDK1", "NMU", "PLA2G10", "ADSSL1", "ECHDC3", "ELMO3", "DENND6B", "RAD9A"], "H3K79me2_fibroblast of dermis_hg19": ["MVK", "FBLIM1", "MVP", "SERPINE1", "IER5L", "PTGS2", "FAM214B", "EFTUD1", "SEC14L1", "FTH1", "NUDT18", "IGFBP6", "HMOX2", "FADS1", "CA12", "MREG", "TXNRD1", "ROM1", "FAM213A", "NFKBIA", "RAET1E", "MED24", "ID1", "KCNQ5", "RAD9A"], "H3K4me3_G1E_mm9": ["EPHB6", "RYR1", "PRR5", "IGSF8", "FOCAD", "SERPINE1", "TMEM180", "YBX2", "TFCP2L1", "PTGS2", "METRNL", "TMEM91", "EFTUD1", "PORCN", "AIFM2", "HOMER3", "RHPN2", "MFSD2A", "GATSL3", "RNF24", "SEMA4B", "LMO2", "RHOF", "FAM213A", "TRAF4", "ETNK2", "BOLA2", "ECHDC3", "ELMO3", "CYSTM1", "DENND6B", "HBEGF"], "H3K36me3_MEL cell line_mm9": ["RYR1", "SLC45A4", "SLC46A1", "TINAGL1", "MVK", "C2CD2", "TMPRSS4", "TMEM180", "PLAT", "YBX2", "EFTUD1", "SNN", "CHST11", "FAM110C", "HOMER3", "HES1", "JUNB", "SLC37A2", "PAQR7", "SEMA4B", "TMEM40", "RHOF", "CGN", "VPS37B", "FAM213A", "GEM", "NET1", "SLC4A7", "GPRC5A", "MED24", "ETNK2", "CLCF1", "TMEM79", "NINJ1", "PLA2G10", "PADI3", "PIR", "SYNC", "TRIM56", "HBEGF"], "H3K9me3_ES-E14_mm9": ["AFAP1L2", "ETNK2"], "H3K9ac_NT2-D1_hg19": ["SLC45A4", "STEAP3", "SERPINE2", "WDSUB1", "CRABP2", "C2CD2", "SERPINE1", "ZDHHC23", "HRCT1", "EFTUD1", "NIPAL4", "SHE", "PORCN", "PLAU", "RASSF5", "P2RY2", "FTH1", "ADAMTSL3", "SULT1A2", "HOMER2", "NGF", "MAPK13", "NMU", "S100A3", "RAD9A"], "H2AFZ_A549_hg19": ["CFD", "STEAP3", "SLC46A1", "MVK", "TFRC", "KIAA1324L", "CIB1", "LYPD5", "GBA2", "TRIM6", "PORCN", "TUBA1A", "HAUS7", "CREG1", "RASSF5", "P2RY2", "FAM110C", "MMP28", "PLXNA2", "HAS3", "ARSI", "SNX8", "CD97", "SLC37A2", "CHST7", "SYK", "ARHGEF37", "GPX3", "USP2", "SGPP2", "TPST1", "MED24", "TMEM79", "NMU", "PLCD4", "NGEF", "CDC42SE2", "RAD9A"], "H3K4me3_MEL cell line_mm9": ["ANKRD39", "SLC46A1", "WDSUB1", "TMEM52", "METRNL", "PITPNC1", "TSKU", "EFTUD1", "DOCK11", "ZFP36", "NSDHL", "COMTD1", "TUBA1A", "AIFM2", "PLAU", "NUDT18", "UPP1", "CTSD", "PAQR7", "SYK", "LMO2", "RHOF", "FOS", "GEM", "GPRC5A", "BOLA2", "DDIT4", "NINJ1", "EHBP1L1", "SYNC", "TRIM56", "HBEGF", "FOCAD", "INPP1", "MVP", "DTX4", "FOXO1", "ABLIM3", "CREG1", "P2RY2", "SNX8", "GATSL3", "RNF24", "SEMA4B", "IDH2", "CGN", "FAM213A", "NFKBIA", "FOSL1", "KIF26A", "RAD9A"], "H3K4me3_myocyte_mm9": ["FOCAD", "INPP1", "MAOA", "MVP", "IER5L", "PTGS2", "METRNL", "DTX4", "EFTUD1", "P2RY2", "FAM110C", "MMP28", "NUDT18", "RHPN2", "HIVEP2", "AFAP1L2", "PAQR7", "SEMA4B", "FOS", "SULF1", "TPD52L1", "GEM", "ORAI3", "ECHDC3", "DENND6B", "PLCD3"], "H3K36me3_megakaryocyte_mm9": ["RTN4R", "SMIM3", "CLIC3", "CD151", "WDSUB1", "CIB1", "GDPD3", "GBA2", "TM7SF2", "SULT1A1", "COMTD1", "CAPNS1", "HAUS7", "PLAU", "CREG1", "NUDT18", "GAMT", "SYK", "GADD45A", "SEMA4B", "LMO2", "ROM1", "MATK", "VPS37B", "FOS", "GEM", "MTSS1", "NFKBIA", "NET1", "ITPKC", "TRAF4", "SLPI", "TMEM79", "ORAI3", "DDIT4", "NINJ1", "EHBP1L1", "ELMO3"], "H2AFZ_mammary epithelial cell_hg19": ["G6PD", "EGR3", "CRABP2", "TMEM52", "CIB1", "HR", "FAM214B", "CLU", "GRAMD4", "THBD", "SHE", "MAFB", "MED24", "SEC14L1", "ETNK2", "KRT16", "IL1B", "CLDN7", "NUDT18", "ITGB6", "KCNN4", "CTSD", "RAD9A"], "H3ac_C2C12_mm9": ["EPHB6", "IGSF8", "CDA", "FOCAD", "COL16A1", "SERPINE2", "MVP", "ARHGEF28", "GBA2", "DUSP10", "AIFM2", "RASSF5", "P2RY2", "MMP28", "IGFBP6", "KCNN4", "PAQR7", "SEMA4B", "PLA2G4A", "ABHD14A", "GEM", "MARCH3", "ECHDC3", "CYSTM1", "DENND6B"], "H3K27ac_mammary epithelial cell_hg19": ["LOC284837", "MVK", "PTAFR", "FAM86C1", "LYPD3", "CALML3", "ABLIM1", "AIFM2", "NUDT18", "ARSI", "KCNN4", "G6PD", "ARHGEF37", "USP2", "AKR1C3", "ELOVL7", "CYP4F11", "MARCH3", "MED24", "CLCF1", "UCA1", "ECHDC3", "ELMO3", "ULBP2", "PLCD4", "CDC42SE2"], "H4K20me1_HepG2_hg19": ["CA12", "OSR2", "G6PD", "CD151", "RNF24", "MVP", "AKR1C1", "SERPINE1", "ROM1", "IER5L", "SEMA3F", "FOS", "DTX4", "FAM214B", "CLU", "NIPAL4", "MAFB", "SLPI", "CHST11", "DNER", "SOX7", "MFSD2A", "PTGES", "CDC42SE2"], "H2AFZ_T-cell acute lymphoblastic leukemia_hg19": ["EPHB6", "MVK", "WDSUB1", "ZDHHC23", "ZFP36", "PORCN", "NSDHL", "COMTD1", "DUSP10", "SEC14L1", "ERMP1", "CHST11", "CLMN", "PLAU", "CREG1", "HIVEP2", "GAMT", "SERPINB1", "CHST7", "VPS37B", "FOS", "ID1", "TMEM79", "DDIT4", "PLCD3"]}