{"MYC-19030024-MESC-mouse": ["PTGER4", "HIST1H2BK", "CYR61", "RERG", "RHOBTB2", "STK10", "CCND2", "BASP1", "TSPAN5", "LPXN", "HIST1H3H", "HIST1H2AC", "JAG1", "GADD45B", "BCL11B", "FN1", "TMEM64", "EMP3", "PARP14", "F3", "HIST2H2BE", "DUSP6", "THAP1", "BST2", "KIF18A", "MARCKS", "PIK3IP1", "NEDD4", "SPRY2", "F2RL1", "TRIM59", "CHST2"], "SPI1-22790984-ERYTHROLEUKEMIA-MOUSE": ["PTGER4", "BNIP3L", "GADD45B", "IGFBP4", "EMP3", "IFI35", "SNX30", "TRAM2", "DUSP6", "ETS2", "THAP1", "CLIP2", "IL6", "C1QTNF1", "PIK3IP1", "ST5", "NEDD4", "ITGAV", "OPTN", "IL12RB2", "IER3"], "FLI1-20887958-HPC-7-MOUSE": ["JAG2", "VAV3", "TMEM55A", "ARL9", "SERPINB2", "IGFBP4", "PPM1M", "HIST1H2BK", "UBE2L6", "SNX30", "PARP9", "DUSP6", "CLIP2", "PIK3IP1", "AXL", "HIST1H2BE", "LPXN", "MYD88", "TNS1", "TGM2", "IER3"], "ASH2L-23239880-MESC-MOUSE": ["IFITM1", "GCNT1", "LAMC2", "GLRX", "OLFML2A", "RERG", "ETS2", "EFNB2", "TGM1", "NUAK2", "SERTAD4", "RASSF10", "PDGFC", "TSPAN5", "GPC4", "PHLDA1", "TNS1", "EPHB3", "TCF7L1", "EDN1", "JAG1", "GADD45B", "KLHL25", "STAT1", "DDX58", "LIMCH1", "SERPINF1", "SUSD2", "VEGFC", "PARP14", "F3", "DUSP6", "ARMCX1", "MARCKS", "CDC42EP3", "SPRY2", "F2RL1", "CRYL1", "GAS6", "MATN2"], "VDR-23849224-CD4+-HUMAN": ["PTGER4", "HIST2H2AA3", "BNIP3L", "GADD45B", "HIST1H2BJ", "STAT1", "TAP1", "NMI", "HERC5", "FAM167A", "KIF18A", "CABYR", "HIST1H2BF", "EPSTI1", "CMPK2", "HIST1H3H", "HIST1H2BH", "HIST1H2AC", "IRF9", "HIST1H2BD"], "CREB1-23762244-HIPPOCAMPUS-RAT": ["VAV3", "BNIP3L", "CALCOCO1", "HLF", "PLEKHA1", "KLHL25", "PLK2", "TAP1", "DUSP6", "RELB", "PJA1", "EFNB2", "FRMD5", "KIF18A", "NUAK2", "CABYR", "ADAMTS17", "HIST1H2BE", "CHAC1", "MYD88", "EPHB3"], "FLI1-21571218-MEGAKARYOCYTES-HUMAN": ["CALCOCO1", "SPARC", "ITPRIP", "CXCL14", "ETS2", "LTB4R", "STK10", "PHACTR3", "EPSTI1", "ITGAV", "VAV3", "BNIP3L", "SERPINB2", "IGFBP4", "F2R", "DUSP6", "OAS2", "DOK7", "CDC42EP3", "CMPK2", "TRIM59", "OPTN", "MGLL", "IRF9", "ABCG1", "HIST1H2BD", "GCOM1", "MATN2", "TMEM55A", "CAMK2B", "C1S", "PPM1M", "NTM", "HIST1H2BK", "AMIGO2", "SNX30", "APCDD1", "LTBP1", "PTHLH", "WDR66", "EFNB2", "C3", "NEURL1B", "NUAK2", "ANKH", "CHST15", "TSPAN5", "ST3GAL5", "LPXN", "PAG1", "GADD45B", "STAT1", "CCK", "NMI", "GNG12", "SH3RF3", "KIF18A", "GJB2", "SLCO3A1", "IL2RB", "SPRY2", "F2RL1", "CRYL1", "CCDC3", "CCNJL"], "SPI1-23547873-NB4-HUMAN": ["PTGER4", "FBN2", "IFITM1", "CALCOCO1", "PPM1M", "AMIGO2", "MOSPD1", "GLRX", "TENC1", "SNX30", "ETS2", "RPS6KC1", "LPXN", "ITGAV", "ANKRD2", "BNIP3L", "MMP2", "TNNC1", "EMP3", "DUSP6", "THAP1", "OAS1", "ST5", "GJB6", "DOK7", "MYADM", "IRF7", "SPRY2", "CRYL1", "ASPHD2", "S100A8", "MYD88", "ABCG1"], "FOXP1-21924763-HESC-HUMAN": ["HIST2H2AA3", "IFITM1", "CALCOCO1", "PPM1M", "HSF2BP", "IFI35", "OLFML2A", "CLDN1", "CYR61", "RERG", "CTGF", "HERC5", "EFNB2", "UGCG", "STK10", "LPXN", "CHAC1", "MEST", "TCF7L1", "GADD45B", "PLEKHA1", "BCL11B", "STAT1", "VDR", "SUSD2", "PLK2", "EMP3", "F3", "DUSP6", "THAP1", "DLK2", "CLIP2", "FAM167A", "MARCKS", "PIK3IP1", "SELM", "MYADM", "SPRY2", "TRIM59", "SCN4B", "MYD88", "MATN2"], "RBPJ-21746931-IB4-LCL-HUMAN": ["FBN2", "NTM", "FN1", "APCDD1", "IFIT3", "EFNA1", "C3", "CLIP2", "C1QTNF2", "COL5A1", "RASSF10", "SALL2", "SLC7A8", "ANKH", "ARSJ", "SMOC1", "ST3GAL5", "S100A8", "MYD88", "TGM2"], "FOXO3-22982991-MACROPHAGES-MOUSE": ["LXN", "DTX3L", "IGFBP4", "TXNRD2", "PLK2", "TAP1", "TMEM64", "DDX60", "ETS2", "KIF18A", "CABYR", "SLCO3A1", "OAS2", "BASP1", "TSPAN5", "CMPK2", "CHAC1"], "E2F1-18555785-MESC-mouse": ["IFITM1", "LXN", "HIST1H2BK", "GCNT1", "MOSPD1", "SAMHD1", "SNX30", "CYR61", "ETS2", "CTGF", "RHOBTB2", "ANXA6", "CHAC1", "MEST", "HIST1H2AC", "IER3", "PLEKHA1", "DTX3L", "DDX58", "SUSD2", "IGFBP3", "PLK2", "FN1", "VEGFC", "TMEM64", "PARP9", "PARP12", "THAP1", "PJA1", "EFNA1", "BST2", "FRMD5", "KIF18A", "ARMCX1", "CABYR", "ST5", "NEDD4", "SMOC1", "SPRY2", "HIST1H2BE", "F2RL1", "TRIM59", "FJX1", "MATN2"], "CREM-20920259-GC1-SPG-MOUSE": ["HLF", "HIST1H2BJ", "FOXO6", "PLD6", "PRICKLE1", "TRAM2", "PRSS23", "CYR61", "RERG", "RELB", "EFNB2", "UGCG", "SERTAD4", "SALL2", "RPS6KC1", "TSPAN5", "ST3GAL5", "PAG1", "TNS1", "JAG2", "BNIP3L", "KLHL25", "VDR", "PLK2", "FN1", "TMEM64", "FHDC1", "GNG12", "PARP12", "THAP1", "PJA1", "CLIP2", "FAM167A", "FRMD5", "KIF18A", "MARCKS", "CABYR", "PIK3IP1", "F2RL1", "TRIM59", "OPTN", "MGLL"], "REST-21632747-MESC-MOUSE": ["JAG2", "CAMK2B", "EDN1", "BCL11B", "NTM", "FOXO6", "ODF3L1", "OLFML2A", "PARP14", "ETS1", "PTHLH", "SH3RF3", "SCEL", "MARCKS", "RASSF10", "RPS6KC1", "BASP1", "CCL2", "MRAP2", "MYD88"], "BCL11B-21912641-STHDH STRIATAL CELLS-MOUSE": ["SH3RF3", "BCL11B"], "SFPI1-20887958-HPC-7-MOUSE": ["VAV3", "TMEM55A", "ARL9", "IGFBP4", "STAT1", "TXNRD2", "VEGFC", "IFI35", "SNX30", "DUSP6", "THAP1", "UGCG", "KIF18A", "IL6", "PIK3IP1", "NEDD4", "MYADM", "EPSTI1", "CCL2", "LPXN", "ITGAV", "HIST1H3H", "IRF9", "ABCG1"], "KDM5B-21448134-MESC-MOUSE": ["CAMK2B", "PTGER4", "ITPRIP", "PLEKHA1", "KLHL25", "BCL11B", "LIMCH1", "FN1", "DUSP6", "THAP1", "EFNB2", "STK10", "SCEL", "FRMD5", "KIF18A", "SERTAD4", "PIK3IP1", "SLC7A8", "NEDD4", "MFAP2", "ANXA6", "CRYL1", "TRIM59", "MEST"], "SIN3B-21632747-MESC-MOUSE": ["CALCOCO1", "HLF", "NTM", "LAMC2", "ODF3L1", "PRICKLE1", "OLFML2A", "PTHLH", "NUAK2", "CCND2", "RASSF10", "BASP1", "ANXA6", "EPSTI1", "CCL2", "LPXN", "JAG2", "EDN1", "BCL11B", "TXNRD2", "PCDH7", "VEGFC", "PARP14", "BST2", "PIK3IP1", "ST5", "CHST2", "ABCG1"], "FOXP1-22492998-STRATIUM-MOUSE": ["BCL11B"], "E2F4-21247883-LYMPHOBLASTOID-HUMAN": ["IFIT5", "RERG", "PTHLH", "LTB4R", "EFNB2", "CCND2", "RPS6KC1", "CHAC1", "PHLDA1", "GBP3", "VAV3", "PLEKHA1", "KLHL25", "VDR", "LOC284023", "HIST2H2BE", "KIF18A", "SLC7A8", "ST5", "NEDD4", "IRF7", "CRYL1", "FJX1", "OPTN", "TP73"]}