{"FOXO3 (human)": ["IFIT1", "TRAM2"], "HNF1B (human)": ["SPARC"], "PBX1 (human)": ["GPC4"], "MYC::MAX (human)": ["TRAM2"], "Arnt (mouse)": ["TGM1", "CCNJL"], "Esrrb (mouse)": ["AMIGO2"], "EWSR1-FLI1 (human)": ["F2R"], "SP4 (human)": ["GADD45B", "KDR"], "ESR2 (mouse)": ["ITGAV"], "HNRNPK (human)": ["ETS2"], "NFATC3 (human)": ["SERTAD4", "FN1"], "IRF7 (human)": ["SLC7A8", "IRF7"], "HLF (human)": ["CHST2"], "MAFB (human)": ["SCEL"], "Hand1::Tcfe2a (mouse)": ["PPM1M"], "CPEB1 (human)": ["LAMC2"], "NFATC2 (human)": ["LIMCH1", "IL12RB2"], "MIR210 (human)": ["AXL"], "FOXM1 (human)": ["EPSTI1"], "NCOA1 (human)": ["KLHL25"]}