{"H3K9me3 Adult Kidney": ["HIST1H2BH"], "H3K9me3 Rectal Mucosa": ["FLRT2"], "H3K36me3 Peripheral Blood Mononuclear Primary Cells": ["ITPRIP"], "H3K36me3 CD4+ CD25- Th Primary Cells": ["PGBD3", "ITPRIP"], "H3K27ac CD4+ CD25- IL17+ PMA-Ionomcyin stimulated Th17 Primary Cells": ["IFITM1", "CALCOCO1", "IFIT5", "UBE2L6", "IFIT1", "TRAM2", "IFIT3", "LTB4R", "IFI44L", "HERC5", "LAMP3", "EPSTI1", "CHAC1", "TRIM21", "HIST1H2AC", "EPHB3", "VAV3", "BNIP3L", "DDX58", "TNNC1", "F2R", "VWA5A", "F3", "HIST2H2BE", "DUSP6", "PJA1", "CLIP2", "FRMD5", "OAS2", "CMPK2", "HIST1H2BE", "ASPHD2", "HIST1H2BH", "CARD16", "C19ORF66", "CHST2", "HIST1H2BD", "TMEM55A", "ARL9", "LXN", "HIST1H2BJ", "HIST1H2BK", "AMIGO2", "GCNT1", "IFI6", "MOSPD1", "PLD6", "DDX60", "LTBP1", "EFNB2", "UGCG", "ANKH", "RPS6KC1", "HIST1H3H", "IL12RB2", "PLEKHA1", "KLHL25", "VDR", "TXNRD2", "PLK2", "MX1", "ISG15", "NMI", "DLK2", "BST2", "FAM167A", "KIF18A", "CABYR", "COL5A1", "ST5", "SELM", "NEDD4", "CRYL1", "MYD88"], "H3K4me3 CD4+ CD25- CD45RO+ Memory Primary Cells": ["TRAM2", "ETS2", "IFIT3", "LTB4R", "HERC5", "CCND2", "LAMP3", "EPSTI1", "ITGAV", "CHAC1", "TRIM21", "PHLDA1", "VAV3", "BNIP3L", "EDN1", "DTX3L", "F2R", "VWA5A", "TMEM173", "HIST2H2BE", "DUSP6", "THAP1", "PJA1", "CLIP2", "FRMD5", "SLC7A8", "IRF7", "CMPK2", "TRIM59", "ASPHD2", "HIST1H2BH", "C19ORF66", "CHST2", "IRF9", "HIST1H2BD", "TMEM55A", "ARL9", "LXN", "HLF", "C1R", "AMIGO2", "NTN4", "IFI6", "MOSPD1", "TENC1", "DDX60", "LTBP1", "RELB", "ANKH", "RPS6KC1", "ST3GAL5", "IL12RB2", "GADD45B", "PLEKHA1", "KLHL25", "STAT1", "LHFP", "VDR", "TXNRD2", "PLK2", "MX1", "ISG15", "NMI", "PARP14", "EFNA1", "PDP1", "BST2", "SH3RF3", "FAM167A", "KIF18A", "MARCKS", "CABYR", "SELM", "NEDD4", "F2RL1", "CRYL1", "MYD88"], "H3K18ac H9": ["RAB3B", "LINC00341", "IFIT5", "LAMC2", "UBE2L6", "ODF3L1", "HSF2BP", "IFI35", "IFIT1", "PRSS23", "CCND2", "BASP1", "KDR", "PHACTR3", "ANXA6", "EPSTI1", "ITGAV", "SFTA1P", "TRIM21", "PHLDA1", "HIST1H2AC", "VAV3", "BNIP3L", "EDN1", "DDX58", "SERPINF1", "FST", "F2R", "TMEM173", "F3", "HIST2H2BE", "DUSP6", "FRMD5", "ARMCX1", "CCDC80", "SLC7A8", "SLCO2A1", "HIST1H2BH", "C19ORF66", "SCN4B", "OPTN", "CHST2", "HIST1H2BD", "ARL9", "CAMK2B", "PTGER4", "FBN2", "TAGLN", "LXN", "C1S", "HIST1H2BJ", "C1R", "NTM", "HIST1H2BK", "IFI6", "MOSPD1", "GLRX", "SNX30", "DDX60", "C3", "UGCG", "RASSF10", "RPS6KC1", "ARSJ", "CHST15", "ST3GAL5", "CCL2", "LPXN", "LRIG3", "KLHL25", "STAT1", "TXNRD2", "PCDH7", "PLK2", "FN1", "VEGFC", "NMI", "TMEM64", "GNG12", "PARP14", "GNG11", "MARCH4", "PARP12", "EFNA1", "PDP1", "MARCKS", "CABYR", "SLCO3A1", "ST5", "COL5A2", "MFAP2", "SPRY2", "CRYL1", "CD24", "MYD88"], "H3K9me3 CD4+ CD25+ CD127- Treg Primary Cells": ["PDGFC"], "H3K36me3 Brain Substantia Nigra": ["TGM1", "PGBD3"], "H3K36me3 Brain Cingulate Gyrus": ["PGBD3"], "H3K4me3 Duodenum Smooth Muscle": ["CALCOCO1", "ITPRIP", "IFIT5", "LAMC2", "UBE2L6", "HSF2BP", "ETS1", "IFI44L", "HERC5", "C1QTNF2", "SALL2", "LAMP3", "SOSTDC1", "CHAC1", "PAMR1", "TGM2", "VAV3", "BNIP3L", "EPHA7", "DTX3L", "DDX58", "IGFBP3", "FST", "F2R", "VWA5A", "PARP9", "HIST2H2BE", "THAP1", "PJA1", "FRMD5", "ARMCX1", "OAS1", "PLSCR4", "IRF7", "KCTD14", "HIST1H2BE", "TRIM59", "ASPHD2", "C19ORF66", "SCN4B", "CHST2", "IRF9", "HIST1H2BD", "GCOM1", "ARL9", "FBN2", "PPM1M", "C1R", "NTM", "IFI6", "MOSPD1", "PLD6", "SAMHD1", "SNX30", "DDX60", "LTBP1", "RELB", "WDR66", "C3", "RASSF10", "RPS6KC1", "ADAMTS17", "CHST15", "ST3GAL5", "CCL2", "LPXN", "GPC4", "MEST", "GBP3", "IL12RB2", "MPZL2", "TCF7L1", "KLHL25", "TXNRD2", "MX1", "ISG15", "NMI", "PARP14", "DLK2", "MFAP5", "BST2", "FAM167A", "MARCKS", "GJB2", "CABYR", "SELM", "NEDD4", "F2RL1", "CRYL1", "CCDC3", "CCNJL", "APOBEC3B"], "H3K36me3 CD34 Primary Cells": ["PGBD3"], "H4K5ac H1": ["LAMC2", "UBE2L6", "HSF2BP", "PRSS23", "IFIT3", "HERC5", "STK10", "RAB42", "CCND2", "BASP1", "ANXA6", "ITGAV", "MAN1A1", "PAMR1", "PHLDA1", "TGM2", "IER3", "VAV3", "BNIP3L", "DTX3L", "IGFBP4", "DDX58", "SERPINF1", "MMP2", "FST", "TNNC1", "VWA5A", "PARP9", "LOC284023", "F3", "HIST2H2BE", "DUSP6", "THAP1", "PJA1", "FRMD5", "ARMCX1", "SLC7A8", "IRF7", "KCTD14", "TRIM59", "ASPHD2", "C19ORF66", "OPTN", "CHST2", "IRF9", "LINC00324", "TMEM55A", "PTGER4", "FBN2", "TAGLN", "LXN", "MOSPD1", "GLRX", "PRICKLE1", "SAMHD1", "SNX30", "DDX60", "RELB", "C3", "UGCG", "RASSF10", "RPS6KC1", "ARSJ", "TSPAN5", "CCL2", "LPXN", "LRIG3", "GPC4", "MEST", "PLEKHA1", "KLHL25", "STAT1", "VDR", "TXNRD2", "PCDH7", "MX1", "FN1", "ISG15", "NMI", "PARP14", "GNG11", "EFNA1", "PDP1", "COL5A1", "ST5", "AXL", "SELM", "MFAP2", "SPRY2", "F2RL1", "MYD88", "CCNJL", "APOBEC3B"], "H3K4me3 Rectal Smooth Muscle": ["RAB3B", "UBE2L6", "HSF2BP", "ETS1", "CXCL14", "CLDN1", "HERC5", "SALL2", "BASP1", "LAMP3", "KDR", "EPSTI1", "PAMR1", "TRIM21", "PHLDA1", "HIST1H2AC", "TGM2", "BNIP3L", "EPHA7", "LIMCH1", "FST", "F2R", "THAP1", "FRMD5", "ARMCX1", "KCTD14", "CMPK2", "ASPHD2", "HIST1H2BH", "CARD16", "C19ORF66", "OPTN", "HIST1H2BD", "ARL9", "FBN2", "LXN", "DDX60", "LTBP1", "WDR66", "ARSJ", "CHST15", "LPXN", "HIST1H3H", "JAG2", "KLHL25", "ISG15", "NMI", "GNG12", "PARP14", "MARCH4", "EFNA1", "BST2", "GJB2", "CABYR", "GJB6", "CRYL1", "CD24", "MRAP2", "CCNJL", "APOBEC3B", "CALCOCO1", "LAMC2", "CYR61", "C1QTNF2", "SOSTDC1", "VAV3", "DDX58", "TMEM173", "PARP9", "HIST2H2BE", "OAS2", "PLSCR4", "TRIM59", "FJX1", "SCN4B", "IRF9", "GCOM1", "KRT80", "TAGLN", "HIST1H2BJ", "C1R", "NTN4", "MOSPD1", "PRICKLE1", "RELB", "RPS6KC1", "GPC4", "GBP3", "IL12RB2", "MPZL2", "PLEKHA1", "TXNRD2", "SUSD2", "MX1", "TMEM64", "DLK2", "PDP1", "MFAP5", "SH3RF3", "FAM167A", "MARCKS", "ST5", "AXL", "NEDD4", "F2RL1", "CCDC3"], "H3K27ac H1 BMP4 Derived Mesendoderm Cultured Cells": ["IFITM1", "LAMC2", "HSF2BP", "TRAM2", "TGM1", "C1QTNF1", "SALL2", "ITGAV", "MAN1A1", "ANKRD2", "SFTA1P", "HIST1H2AC", "EPHB3", "IER3", "VAV3", "BNIP3L", "VWA5A", "LOC284023", "HIST2H2BE", "DUSP6", "ARMCX1", "IFNK", "MYADM", "TRIM59", "ASPHD2", "HIST1H2BH", "FJX1", "OPTN", "CHST2", "HIST1H2BD", "TMEM55A", "LXN", "IFI6", "MOSPD1", "SNX30", "LTBP1", "RHOBTB2", "UGCG", "RPS6KC1", "ARSJ", "LPXN", "LRIG3", "MEST", "PAG1", "PLEKHA1", "KLHL25", "STAT1", "LHFP", "TXNRD2", "PCDH7", "FN1", "ISG15", "GNG12", "PARP14", "GNG11", "EFNA1", "PDP1", "BST2", "CABYR", "SELM", "NEDD4", "F2RL1", "CD24", "MYD88", "APOBEC3B"], "H3K36me3 Adult Kidney": ["PGBD3"], "H3K9me3 Neurosphere Cultured Cells Cortex Derived": ["GPC4"], "H3K27ac CD4+ CD25- CD45RO+ Memory Primary Cells": ["CALCOCO1", "IFIT5", "IFIT1", "LTB4R", "IFI44L", "HERC5", "LAMP3", "EPSTI1", "ITGAV", "CHAC1", "HIST1H2AC", "BNIP3L", "SERPINF1", "F2R", "TMEM173", "HIST2H2BE", "DUSP6", "THAP1", "CMPK2", "HIST1H2BE", "ASPHD2", "C19ORF66", "OPTN", "ABCG1", "HIST1H2BD", "LINC00324", "TMEM55A", "LXN", "PPM1M", "HIST1H2BK", "AMIGO2", "IFI6", "MOSPD1", "SNX30", "DDX60", "RELB", "UGCG", "ANKH", "RPS6KC1", "ST3GAL5", "HIST1H3H", "PLEKHA1", "KLHL25", "VDR", "TXNRD2", "PLK2", "MX1", "PARP14", "PDP1", "BST2", "FAM167A", "KIF18A", "CABYR", "SLCO3A1", "SELM", "NEDD4", "F2RL1", "CRYL1", "MYD88"], "H3K79me1 H1": ["TAGLN", "SPARC", "ETS1", "CYR61", "CTGF", "UGCG", "NUAK2", "RPS6KC1", "MAN1A1", "ANKRD2", "PAMR1", "PHLDA1", "BCL11B", "STAT1", "SERPINF1", "PCDH7", "SUSD2", "IGFBP3", "FHDC1", "BST2", "MARCKS", "ST5", "DOK7", "SPRY2", "HIST1H2BH", "CD24", "FJX1", "SCN4B", "IRF9", "HIST1H2BD"], "H3K36me3 CD8 Naive Primary Cells": ["ZBED2"]}