{"NR2C2 (human)": ["GALR2"], "Esrrb (mouse)": ["PRSS35"], "Spz1 (mouse)": ["PRSS35"], "Tcfcp2l1 (mouse)": ["PRSS35"], "MAFB (human)": ["THBD", "RNF182"], "Lhx3 (mouse)": ["PRSS35"], "GABPA (mouse)": ["PRSS35"], "T (mouse)": ["PRSS35"], "PPARG::RXRA (mouse)": ["PRSS35"], "Pax5 (mouse)": ["PRSS35"], "Mycn (mouse)": ["PRSS35"], "EBF1 (mouse)": ["PRSS35"], "Zfx (mouse)": ["PRSS35"], "Pou5f1 (mouse)": ["PRSS35"], "Tal1::Gata1 (mouse)": ["PRSS35"], "ESR2 (mouse)": ["ZFP386"], "Evi1 (mouse)": ["PRSS35"], "MXI1 (human)": ["ARHGEF3"], "HNF1B (mouse)": ["PRSS35"], "Pax4 (mouse)": ["PRSS35"]}