{"CTCF_GM10248_hg19": ["DET1", "LXN", "TRIM52", "CITED2", "HHLA3", "IPP", "GDE1", "IQGAP2", "GALNT10", "ADD2", "TPGS2", "RHOT1", "MAN2A1", "HBQ1", "JAK2", "SPG11", "ZNF266", "TMOD1", "KLF10", "NCOA4", "TRIP4", "BPGM", "PISD", "EHD1", "SLC25A37", "KAT2B", "BIRC2"], "SP1_A549_hg19": ["TRIM52", "ZNF273", "HHLA3", "SLC2A1", "ASH2L", "CLCN3", "ALAD", "SNX2", "LONP2", "HIST1H3H", "DCAF10", "SLC30A9", "TESC", "EIF2AK1", "ATPIF1", "NCOA4", "SLC11A2", "TRIP4", "ATG14", "PRKAB1", "EHD1", "SLC25A37", "KAT2B", "TPP1", "PFDN5"], "CTCF_myotube_hg19": ["DET1", "USP15", "TRIM52", "IPP", "GDE1", "ABHD5", "IQGAP2", "TPGS2", "ALAD", "SH3BGRL", "GPNMB", "PPP2R3C", "MAN2A1", "CDC27", "ST3GAL5", "CEP192", "HBQ1", "JAK2", "SPG11", "ATP6V1D", "ZNF266", "NCOA4", "TRIP4", "STAM", "SLC25A37", "PFDN5", "BIRC2"], "POLR2AphosphoS2_HeLa-S3_hg19": ["CLIC3", "TUFT1", "PIK3R3", "SELENBP1", "ALAD", "PPP2R3C", "CDC27", "WDR7", "ERMAP", "ATP6V1D", "TMEM14B", "ZNF266", "UPF2", "KLF10", "MKL2", "ATPIF1", "SLC10A3", "DDHD2", "TRIP4", "EHD1", "KAT2B", "CAT", "BLVRB", "TAX1BP3", "AIDA", "SLC29A1", "SSX2IP"], "CTCF_fibroblast of villous mesenchyme_hg19": ["DET1", "PANK2", "ASAH1", "USP15", "LXN", "IPP", "GDE1", "ABHD5", "IQGAP2", "TPGS2", "ALAD", "KIAA0513", "RHOT1", "SNX2", "TP53BP2", "ST3GAL5", "HBQ1", "JAK2", "SPG11", "ATP6V1D", "ZNF266", "NCOA4", "BPGM", "PRKAB1", "EPOR", "DERA", "EHD1", "SLC25A37", "KAT2B", "RCOR3", "BIRC2"], "E2F4_GM12878_hg19": ["PLEKHF2", "USP15", "LXN", "ZNF273", "HHLA3", "IPP", "ZC3HAV1", "ABHD5", "PPOX", "KRCC1", "LBH", "PPP2R3C", "CCDC53", "SPG11", "UPF2", "KLF10", "FKBPL", "HIST1H2AI", "TRIP4", "STAM", "PRKAB1", "HIST3H2A", "TBC1D5", "HMBS", "BLVRB", "CHMP3", "TAX1BP3", "SSX2IP"], "GABPA_MEL cell line_mm9": ["SPTA1", "RHOT1", "ATPIF1", "BLVRB"], "ZEB1_HepG2_hg19": ["SH3YL1", "MGST3", "SEPP1", "TJP2"], "BCL11A_H1-hESC_hg19": ["CCDC92", "TJP2"], "EP300_MCF-7_hg19": ["KLF10", "BTG1", "TST", "PIK3R3"], "TCF12_MCF-7_hg19": ["TST", "CITED2"], "CTCF_pancreas_hg19": ["DET1", "COL18A1", "ASAH1", "LXN", "CITED2", "IPP", "GDE1", "ASAP1", "CLCN3", "ADD2", "TPGS2", "RHOT1", "MAN2A1", "FLOT2", "DCAF10", "JAK2", "YWHAH", "ZNF266", "NCOA4", "TRIP4", "BPGM", "PISD", "DERA", "KAT2B", "TST", "PFDN5", "BIRC2"], "POLR2A_ES-Bruce4_mm9": ["COL18A1", "PANK2", "USP15", "CITED2", "MGST3", "NPRL3", "MOSPD1", "CPOX", "ASH2L", "FAM117A", "PCMTD2", "ALAD", "HMGCL", "TUBB6", "KLF10", "DUSP1", "SLC30A1", "NME4", "BPGM", "CLK4", "PISD", "DERA", "CARHSP1", "RGCC", "HMBS", "TTC3", "RNF187"], "POLR2A_A549_hg19": ["COL18A1", "BTG2", "CLIC3", "TUFT1", "AK1", "PIGZ", "HBB", "ABHD5", "CLCN3", "KRCC1", "FAM117A", "PCMTD2", "SELENBP1", "ALAD", "MRC2", "IFT52", "HMGCL", "LGALS3", "RHOT1", "RPS6KC1", "FBXO3", "FLOT2", "HIST1H2AG", "CEP192", "DCAF10", "PITX1", "ZNF266", "NSF", "MKL2", "SLC30A9", "DENND4A", "ATPIF1", "SLC11A2", "DDHD2", "TRIP4", "STAM", "BPGM", "ATG14", "RRAGC", "CAT", "HMBS", "ARMCX6", "FKBP1B", "TPP1", "SERHL2", "AIDA"], "POLR2A_lung_mm9": ["USP15", "TUFT1", "NPRL3", "GDE1", "IFT52", "TUBB6", "CHSY1", "HIST1H3H", "WDR7", "JAK2", "VAT1", "MKL2", "FKBPL", "HIST1H2AI", "STX8", "SORD", "AMMECR1", "SLC30A1", "NME4", "PISD", "DERA", "TAL1", "HMBS", "TPP1", "FRYL", "CHST2", "TJP2"], "FOXM1_MCF-7_hg19": ["HIST1H2AM", "PIK3R3", "HIST1H2AG", "HIST1H2AC"], "TRIM28_U2OS_hg19": ["GRN", "LXN", "NARF", "CITED2", "SLC2A1", "ASH2L", "GLRX", "TPGS2", "SELENBP1", "EPM2AIP1", "COL4A3BP", "CDC27", "CCDC53", "CEP192", "ZNF266", "SLC30A9", "SERPINF1", "UROS", "STX8", "ECH1", "TRIP4", "NINJ2", "HMBS", "TXNIP", "CHMP3", "TPP1", "PFDN5"], "REST_PFSK-1_hg19": ["GRN", "BTG1", "TRIM52", "CITED2", "MGST3", "HHLA3", "MOSPD1", "ASH2L", "ASAP1", "PIK3R1", "KRCC1", "HMGCL", "CHSY1", "HIST1H3H", "DCAF10", "HIST1H2AC", "YWHAH", "KLF10", "HIST1H2AM", "ANXA2", "DUSP1", "SS18L1", "ATPIF1", "ECH1", "TRIP4", "HBA1", "ANK1", "HIST3H2A", "TXNIP", "AIDA", "PFDN5", "TMEM9B"], "CTCF_testis_mm9": ["DET1", "PANK2", "LXN", "SLC22A5", "AMHR2", "IPP", "PIK3R3", "CLCN3", "EPM2AIP1", "COL4A3BP", "RHOT1", "LBH", "MAN2A2", "PSAP", "NRIP3", "ANO10", "CEP192", "VAT1", "SLC30A9", "CLK4", "PISD", "EHD1", "KAT2B", "RGCC", "NPC2", "CAT", "TTC3"], "TFAP2C_HeLa-S3_hg19": ["SLC22A4", "CSTB", "CLIC3", "NARF", "MGST3", "IPP", "ABHD5", "DHTKD1", "SELENBP1", "ALAD", "CHSY1", "NNT", "WDR7", "KCNN4", "JAK2", "CAST", "ANXA2", "STX7", "SLC11A2", "DDHD2", "BPGM", "KLF3", "XK", "TBC1D5", "SERPINI1", "SLC29A1", "ST6GALNAC4", "SLC35E2B"]}