{"H3K9me3 CD4+ CD25- CD45RO+ Memory Primary Cells": ["CDH9"], "H3K36me3 Peripheral Blood Mononuclear Primary Cells": ["CITED2"], "H3K27ac CD4+ CD25- IL17+ PMA-Ionomcyin stimulated Th17 Primary Cells": ["LRRK2", "DAPP1", "PIK3R3", "TESK2", "ARRB1", "ASCL2", "PSMA8", "EFNB2", "PDLIM2", "MARVELD2", "TRIM2", "MYB", "PIM2", "AASS", "MFAP3L", "MAP2K6", "CBX4", "EPHX2", "ITGA1", "NAP1L2", "ALG13", "ACYP2", "NMI", "CYP7B1", "ZFP90", "KBTBD3", "EID1", "MEX3B", "OAS2", "PKIA", "B3GNT5", "QPCT", "MSRB2", "TYRO3", "NAPEPLD", "TRIM13", "WDR5B", "MAPRE3", "SLC25A32", "KCTD12", "SLC27A2", "RBM43"], "H4K8ac IMR90": ["CDKN1C", "BNC2", "CITED2", "LRRK2", "RTKN2", "AHR", "CLDN1", "WISP1", "DOCK10", "TMEM47", "KCNT2", "CDH2", "TUBB3", "TRIM2", "AASS", "ARSA", "SLC6A15", "IGFBP3", "ITGA1", "ALG13", "IRAK3", "ACYP2", "SOX11", "RNASE4", "ZFP90", "ARMCX3", "EID1", "ARMCX1", "MDFIC", "TBL1XR1", "EHHADH", "TYRO3", "ARHGEF3", "TRIM13", "B3GNT2", "KCTD12", "PTGER4", "SEMA3C", "GLRX", "PRICKLE1", "PTGS2", "RELB", "ZMAT4", "PDGFC", "PMAIP1", "RHPN2", "MSC", "TRAM1L1", "MFAP3L", "MAP2K6", "ABCA1", "FAM26E", "VEGFC", "NMI", "MAGOHB", "SMARCA1", "ABHD15", "KBTBD3", "MEX3B", "KRT19", "MAFB", "PKIA", "QPCT", "MSRB2", "NAPEPLD", "RNF182", "ID4", "WDR5B", "SLC25A32", "CDO1", "RBM43"], "H3K18ac IMR90": ["LRRK2", "AHR", "PRICKLE1", "PTGS2", "RELB", "DOCK10", "KCNT2", "TUBB3", "TRIM2", "PMAIP1", "TRAM1L1", "AASS", "ABCA1", "FAM26E", "IGFBP3", "ELOVL2", "EPHX2", "VEGFC", "ALG13", "IRAK3", "ACYP2", "RNASE4", "NMI", "MAGOHB", "SMARCA1", "ZFP90", "KBTBD3", "ARMCX3", "EID1", "MEX3B", "ARMCX1", "PKIA", "EHHADH", "MSRB2", "NAPEPLD", "RNF182", "TRIM13", "WDR5B", "B3GNT2", "SLC25A32", "VIM", "CDO1"], "H3K9me3 CD4+ CD25+ CD127- Treg Primary Cells": ["PDGFC", "MGST1"], "H3K4me3 CD4+ CD25- CD45RO+ Memory Primary Cells": ["CDKN1C", "PDE1B", "SLC35D3", "PIK3R3", "TESK2", "ARRB1", "RELB", "PSMA8", "PDLIM2", "MARVELD2", "TRIM2", "MYC", "MYB", "NEFL", "MSC", "AASS", "MFAP3L", "ABCA1", "ARSA", "CBX4", "EPHX2", "ITGA1", "NAP1L2", "ALG13", "ACYP2", "NMI", "MAGOHB", "PDGFRL", "ZFP90", "ABHD15", "KBTBD3", "EID1", "MEX3B", "FRAS1", "PKIA", "SLCO4C1", "GPR160", "MSRB2", "NAPEPLD", "WDR5B", "F2RL1", "MAPRE3", "SLC25A32", "KCTD12", "RBM43", "NEUROG3"], "H3K9me3 Brain Germinal Matrix": ["SHE"], "H3K27ac Mobilized CD34 Primary Cells": ["CITED2", "LRRK2", "TESK2", "AHR", "CDH9", "DOCK10", "CYSLTR1", "TUBB3", "TRIM2", "ARHGDIB", "PIM2", "AASS", "ARSA", "ST6GAL2", "ALG13", "IRAK3", "ACYP2", "RNASE4", "CYP7B1", "ZFP90", "EID1", "ARMCX1", "TBL1XR1", "TAL1", "OAS2", "B3GNT5", "EHHADH", "PTGER4", "DAPP1", "PIK3R3", "GLRX", "PTGS2", "RELB", "GNG2", "PDLIM2", "PDGFC", "PMAIP1", "CBX4", "NAP1L2", "NMI", "MAGOHB", "ABHD15", "KBTBD3", "MEX3B", "PKIA", "MSRB2", "NAPEPLD", "RNF182", "WDR5B", "CLNK", "F2RL1", "SLC25A32", "RBM43"], "H4K5ac IMR90": ["BNC2", "LRRK2", "RTKN2", "AHR", "CLDN1", "DOCK10", "SALL1", "KCNT2", "AASS", "ARSA", "ALG13", "IRAK3", "ACYP2", "RNASE4", "ZFP90", "ARMCX1", "MDFIC", "NOV", "TBL1XR1", "OAS2", "EHHADH", "TRIM13", "B3GNT2", "PTGER4", "GLRX", "PRICKLE1", "PTGS2", "RELB", "GNG2", "PMAIP1", "TRAM1L1", "MAP2K6", "TGFB2", "FAM26E", "EPHX2", "VEGFC", "NMI", "MAGOHB", "SMARCA1", "ABHD15", "KBTBD3", "MEX3B", "PKIA", "MSRB2", "NAPEPLD", "RNF182", "WDR5B", "SLC25A32", "CDO1"], "H3K27ac CD4 Memory Primary Cells": ["ARRB1", "AHR", "CYSLTR1", "TUBB3", "TRIM2", "MYC", "AASS", "ARSA", "IGFBP3", "ITGA1", "ALG13", "ACYP2", "ZFP90", "ARMCX3", "EID1", "TAL1", "OAS2", "EHHADH", "GPR160", "TYRO3", "TRIM13", "B3GNT2", "KCTD12", "DAPP1", "PIK3R3", "GLRX", "RELB", "PSMA8", "PDLIM2", "TSPAN5", "PMAIP1", "RHPN2", "MFAP3L", "MAP2K6", "CBX4", "EPHX2", "NAP1L2", "NMI", "MAGOHB", "ABHD15", "KBTBD3", "MEX3B", "KRT19", "PKIA", "SLCO4C1", "MSRB2", "NAPEPLD", "WDR5B", "F2RL1", "SLC25A32", "RBM43"], "H3K27ac CD4 Naive Primary Cells": ["ARRB1", "AHR", "CYSLTR1", "TRIM2", "MYC", "MYB", "PIM2", "AASS", "ARSA", "ITGA1", "ALG13", "ACYP2", "ZFP90", "ARMCX3", "EID1", "TBL1XR1", "OAS2", "GPR160", "TYRO3", "TRIM13", "B3GNT2", "MAPRE3", "KCTD12", "DAPP1", "GLRX", "RELB", "PSMA8", "GNG2", "PDLIM2", "BTLA", "PMAIP1", "MFAP3L", "MAP2K6", "ABCA1", "CBX4", "EPHX2", "NAP1L2", "NMI", "MAGOHB", "ABHD15", "KBTBD3", "MEX3B", "PKIA", "SLCO4C1", "MSRB2", "NAPEPLD", "WDR5B", "SLC25A32", "VIM", "RBM43"], "H3K27ac CD8 Memory Primary Cells": ["CDKN1C", "CITED2", "DAPP1", "PIK3R3", "GLRX", "AHR", "RELB", "PSMA8", "PDLIM2", "TSPAN5", "AASS", "MFAP3L", "ARSA", "EPHX2", "ITGA1", "NAP1L2", "ALG13", "ACYP2", "NMI", "MAGOHB", "ZFP90", "ABHD15", "KBTBD3", "ARMCX3", "EID1", "MEX3B", "KRT19", "TAL1", "PKIA", "B3GNT5", "EHHADH", "SLCO4C1", "GPR160", "MSRB2", "TYRO3", "NAPEPLD", "TRIM13", "WDR5B", "SLC25A32", "RBM43"], "H3K36me3 CD8 Memory Primary Cells": ["MAGOHB"], "H3K36me3 Breast vHMEC": ["GJB5"], "H3K4ac IMR90": ["BNC2", "SEMA3C", "PIK3R3", "GLRX", "AHR", "PRICKLE1", "PTGS2", "DOCK10", "UCHL1", "TUBB3", "PIM2", "TRAM1L1", "MAP2K6", "ARSA", "FAM26E", "IGFBP3", "ELOVL2", "ITGA1", "VEGFC", "IRAK3", "ACYP2", "RNASE4", "NMI", "MAGOHB", "SMARCA1", "ZFP90", "KBTBD3", "ARMCX3", "MEX3B", "ARMCX1", "KRT19", "MDFIC", "PKIA", "EHHADH", "NAPEPLD", "RNF182", "TRIM13", "WDR5B", "SLC25A32", "VIM"], "H3K27ac CD4+ CD25- CD45RO+ Memory Primary Cells": ["CDKN1C", "DAPP1", "PIK3R3", "TESK2", "ARRB1", "RELB", "PSMA8", "PDLIM2", "TRIM2", "MYB", "AASS", "MFAP3L", "ARSA", "CBX4", "EPHX2", "ITGA1", "NAP1L2", "ALG13", "ACYP2", "MAGOHB", "ZFP90", "ABHD15", "KBTBD3", "EID1", "MEX3B", "TBL1XR1", "PKIA", "SLCO4C1", "MSRB2", "TYRO3", "NAPEPLD", "TRIM13", "WDR5B", "F2RL1", "MAPRE3", "SLC25A32", "KCTD12", "RBM43"], "H3K27ac CD4+ CD25int CD127+ Tmem Primary Cells": ["CDKN1C", "CITED2", "DAPP1", "PIK3R3", "TESK2", "ARRB1", "RELB", "PSMA8", "PDLIM2", "MARVELD2", "TRIM2", "MYB", "AASS", "MFAP3L", "ABCA1", "ARSA", "CBX4", "EPHX2", "ITGA1", "NAP1L2", "ALG13", "ACYP2", "MAGOHB", "ABHD15", "EID1", "MEX3B", "PKIA", "GPR160", "MSRB2", "NAPEPLD", "F2RL1", "MAPRE3", "SLC25A32", "RBM43"], "H3K27ac CD8 Naive Primary Cells": ["SNED1", "GLIS3", "PIK3R3", "TESK2", "ARRB1", "AHR", "RELB", "PSMA8", "PDLIM2", "BTLA", "AASS", "MFAP3L", "MAP2K6", "ARSA", "IGFBP3", "EPHX2", "ITGA1", "NAP1L2", "ALG13", "ACYP2", "ZFP90", "ABHD15", "KBTBD3", "EID1", "MEX3B", "TBL1XR1", "OAS2", "PKIA", "EHHADH", "SLCO4C1", "GPR160", "MSRB2", "TYRO3", "NAPEPLD", "TRIM13", "F2RL1", "MAPRE3", "KCTD12", "RBM43"], "H3K4me3 CD4+ CD25+ CD127- Treg Primary Cells": ["SNED1", "CITED2", "RTKN2", "ARRB1", "TRH", "CLDN1", "DOCK10", "CYSLTR1", "TRIM2", "NEFL", "AASS", "FOXD3", "ARSA", "ELOVL2", "ITGA1", "ALG13", "IRAK3", "ACYP2", "CYP7B1", "KLF15", "ZFP90", "EID1", "ALDH1A2", "CDHR1", "B3GNT5", "EHHADH", "GPR160", "TYRO3", "ARHGEF3", "TRIM13", "B3GNT2", "MAPRE3", "KCTD12", "SLC27A2", "PDE1B", "SLC35D3", "DAPP1", "PIK3R3", "SLCO5A1", "BHLHE22", "RELB", "PSMA8", "EFNB2", "HSD11B2", "PDLIM2", "MARVELD2", "MAP2", "PMAIP1", "RHPN2", "NKX2-2", "MFAP3L", "MAP2K6", "ABCA1", "EPHX2", "NAP1L2", "NMI", "MAGOHB", "SMARCA1", "ABHD15", "KBTBD3", "MEX3B", "MAFB", "FRAS1", "PKIA", "QPCT", "SLCO4C1", "MSRB2", "CACHD1", "NAPEPLD", "WDR5B", "F2RL1", "SLC25A32", "RBM43", "NEUROG3"]}