{"AGTCAGC,MIR-345": ["SMARCA1"], "CGCTGCT,MIR-503": ["SMARCA1"], "TATCTGG,MIR-488": ["CALCA"], "CTCTAGA,MIR-526C,MIR-518F,MIR-526A": ["CBX4"], "CCAGGTT,MIR-490": ["SOX11"], "ATAACCT,MIR-154": ["SALL1"], "GTCGATC,MIR-369-5P": ["ID4"], "GGCAGAC,MIR-346": ["PIK3R3"], "GTGTGAG,MIR-342": ["ID4"], "GCTGAGT,MIR-512-5P": ["TBL1XR1"], "TCTAGAG,MIR-517": ["FST"], "AGTCTAG,MIR-151": ["RHPN2"], "GTAAGAT,MIR-200A": ["POU4F2"], "CCTGAGT,MIR-510": ["SFRP2"], "GCGCTTT,MIR-518B,MIR-518C,MIR-518D": ["SOX11"], "ACATATC,MIR-190": ["NEUROD1"], "CAGTCAC,MIR-134": ["CDH9"], "CACGTTT,MIR-302A": ["OTX2"], "TACGGGT,MIR-99A,MIR-100,MIR-99B": ["INSM1"], "GCAAGAC,MIR-431": ["CD34"]}