{"GABPA_HL-60_hg19": ["WDR5B", "ALG13", "SLC25A32"], "E2F4_GM12878_hg19": ["RTKN2"], "FOS_MCF 10A_hg19": ["IRX2", "TGFB2", "SEMA3C", "CITED2", "SLC6A15", "PIK3R3", "ALG13", "SLCO5A1", "GLRX", "PTGS2", "MAGOHB", "EID1", "MARVELD2", "SLC25A32", "PIM2", "AASS", "MAP2K6"], "GABPA_SK-N-SH_hg19": ["DOCK10", "SLC25A32"], "HCFC1_MEL cell line_mm9": ["GM9776", "ZFP90"], "POLR2A_K562_hg19": ["CDKN1C", "CITED2", "PDE1B", "PIK3R3", "TESK2", "GLRX", "IL2RG", "HSD11B2", "TUBB3", "MYC", "PMAIP1", "RHPN2", "PIM2", "ARSA", "CBX4", "CCDC116", "EPHX2", "MAGOHB", "KLF15", "ZFP90", "KBTBD3", "ARMCX3", "EID1", "KRT19", "RASA3", "TBL1XR1", "ALDH1A2", "EHHADH", "GPR160", "NAPEPLD", "RNF182", "TRIM13", "B3GNT2", "SLC25A32", "VIM", "KCTD12", "RBM43"], "ELK1_K562_hg19": ["KRT19", "GPR160"], "IRF1_K562_hg19": ["ABCA1", "TGFB2", "CBX4", "CITED2", "EPHX2", "PIK3R3", "TESK2", "NMI", "MAGOHB", "EID1", "KRT19", "RASA3", "TUBB3", "MYB", "MSRB2", "B3GNT2", "PIM2", "RBM43"], "GABPA_MCF-7_hg19": ["MAP2K6"], "YY1_SK-N-SH_hg19": ["KBTBD3", "DAB1", "CITED2", "EHHADH", "NEFL", "PMAIP1", "SLC25A32", "MAGOHB"], "MYC_K562_hg19": ["CDKN1C", "CITED2", "PIK3R3", "PRICKLE1", "IL2RG", "TRIM2", "MORC1", "ABCA1", "TGFB2", "CCDC116", "EPHX2", "ALG13", "MAGOHB", "ARMCX3", "MEX3B", "TBL1XR1", "ALDH1A2", "EHHADH", "GPR160", "MSRB2", "TYRO3", "NAPEPLD", "RNF182", "WDR5B", "SLC25A32", "KCTD12", "SLC27A2", "RBM43"], "POLR2A_GM12878_hg19": ["CDKN1C", "CITED2", "DAPP1", "PIK3R3", "TESK2", "ARRB1", "IRAK3", "RNASE4", "AHR", "MAGOHB", "RELB", "ARMCX3", "HCK", "EID1", "MEX3B", "MAFB", "PKIA", "EHHADH", "ARHGDIB", "WDR5B", "BTLA", "CLNK", "B3GNT2", "PMAIP1"], "POLR2A_HepG2_hg19": ["PCOLCE2", "CITED2", "RTKN2", "TESK2", "ARRB1", "AHR", "HSD11B2", "CDH2", "PDGFC", "PMAIP1", "LRIG3", "PIM2", "AASS", "MAP2K6", "ABCA1", "PCYT1B", "CBX4", "CCDC116", "EPHX2", "ITGA1", "MAGOHB", "KLF15", "PDGFRL", "ABHD15", "ARMCX3", "KRT19", "MAFB", "EHHADH", "TRIM13", "WDR5B", "B3GNT2", "F2RL1", "SLC25A32", "CDO1", "SLC27A2"], "YY1_NT2-D1_hg19": ["NAP1L2", "MAGOHB"], "GABPA_HepG2_hg19": ["RTKN2", "MAP2K6"], "GATA1_G1E-ER4_mm9": ["PTGER4", "ARSA", "PCYT1B", "DAPP1", "ALG13", "ARRB1", "GLRX", "RNASE4", "ABHD15", "KBTBD3", "TUBB3", "MYC", "ARHGDIB", "RBM43"], "ELK4_HEK293_hg19": ["WDR5B", "SLC25A32"], "GABPA_GM12878_hg19": ["ALG13", "SLC25A32", "MAP2K6"], "YY1_K562_hg19": ["EID1", "EPHX2", "GPR160", "MAGOHB"], "GABPA_HeLa-S3_hg19": ["ALG13", "SLC25A32"]}