{"H3K9ac_NT2-D1_hg19": ["GABRB3", "SNED1", "BNC2", "IGFBP3", "ITGA1", "SMARCA1", "CLDN1", "HCK", "SHE", "CDH2", "TAL1", "EHHADH", "NAPEPLD", "CLVS2", "RNF182", "SLC25A32", "MFAP3L"], "H3K4me3_NT2-D1_hg19": ["SNED1", "BNC2", "SLC35F3", "LRRK2", "ALOX15", "ILDR1", "PRSS35", "HDAC9", "EFNB2", "SHE", "KCNT2", "CDH2", "CDHR1", "EHHADH", "PDGFC", "CLVS2", "MFAP3L"], "H3K9ac_endothelial cell of umbilical vein_hg19": ["RTKN2", "ITGA1", "PRSS35", "NMI", "MAGOHB", "KBTBD3", "NOV", "OAS2", "EHHADH", "ARHGDIB", "MYB", "TYRO3", "CACHD1", "NAPEPLD", "RNF182", "TRAM1L1", "CDO1"], "H3K4me3_osteoblast_hg19": ["IRX2", "ARSA", "RTN1", "EPHX2", "RTKN2", "ITGA1", "PRSS35", "HDAC9", "CDH9", "KBTBD3", "THBD", "SFRP1", "DAB1", "EHHADH", "CACHD1", "CLVS2", "MAP2K6"], "H2AFZ_osteoblast_hg19": ["FOXD3", "RTKN2", "PRSS35", "LPAR4", "LYPD6", "HDAC9", "CDH9", "RERG", "WISP1", "EID1", "MEX3B", "CDH2", "SLCO4C1", "CACHD1", "NAPEPLD", "SLC25A32", "SH3GL2"], "H3K27ac_ES-E14_mm9": ["CITED2", "EPHX2", "VEGFC", "PRSS35", "ACYP2", "LPAR4", "PSMA8", "KBTBD3", "SALL1", "GNG2", "SLCO4C1", "CAR13", "RNF182", "TRIM13", "WDR5B", "PMAIP1", "GM9776", "4930526L06RIK"], "H3K27me3_MEL cell line_mm9": ["KRTDAP", "ALOX15", "PIK3R3", "LPL", "PRSS35", "TEX15", "ABHD15", "ZFP819", "PSMA8", "ARMCX3", "HCK", "ARMCX1", "FAM169B", "SYNPO2L", "DPPA3", "ALDH1A2", "B3GNT5", "CAR13", "MAPRE3", "RHPN2", "SLC18B1", "KCTD12B", "MAP2K6"], "H3K4me3_G1E_mm9": ["IRX2", "TESK2", "B330016D10RIK", "ACYP2", "NMI", "PRICKLE1", "PTGS2", "FSTL1", "GM16386", "HSD11B2", "MAATS1", "GJB4", "MARVELD2", "SLCO4C1", "NNAT", "GPR160", "CAR13", "NAPEPLD", "VIM", "RHPN2", "GM9776", "SH3GL2", "MFAP3L"], "H3K9ac_A549_hg19": ["FOXD3", "ARSA", "CBX4", "PDE1B", "RTKN2", "ITGA1", "NAP1L2", "GLRX", "PRICKLE1", "KBTBD3", "HSD11B2", "KCNT2", "OAS2", "EHHADH", "QPCT", "F2RL1", "RBM43"], "H3K4me1_HCT116_hg19": ["FGFBP1", "CBX4", "PIK3R3", "TESK2", "GLRX", "KLF15", "PDLIM2", "GJB4", "TRIM2", "B3GNT5", "GJB5", "TYRO3", "F2RL1", "ROR1", "VIM", "RHPN2", "WLS"], "H3K4me1_NT2-D1_hg19": ["CDKN1C", "PDE1B", "TRH", "HDAC9", "WISP1", "NEUROD1", "HSD11B2", "KRT19", "GJB4", "TAL1", "DPPA3", "TUBB3", "CDHR1", "GJB5", "VIM", "MS4A10", "NEUROG3"], "H4K20me1_H1-hESC_hg19": ["ABCA1", "CDKN1C", "PTGER4", "ARSA", "PDE1B", "GLIS3", "TESK2", "SLCO5A1", "RNASE4", "DOCK10", "NEUROD1", "HCK", "EID1", "GALR2", "ZMAT4", "PDGFC", "PENK", "MFAP3L", "NEUROG3"], "H3K27ac_testis_mm9": ["4930519F16RIK", "ZFP935", "2610008E11RIK", "ACYP2", "NMI", "AHR", "GM16386", "ARMCX1", "MAATS1", "GNG2", "PKIA", "ARHGDIB", "RNF182", "ID4", "PMAIP1", "LRIG3", "MS4A10", "2610203C20RIK"], "H3K27me3_HepG2_hg19": ["RTN1", "LRRK2", "NAP1L2", "SMARCA1", "RERG", "PSMA8", "KBTBD3", "GAP43", "KCNT2", "OAS2", "TUBB3", "RNF182", "WDR5B", "OTX2", "SLC25A32", "SLC27A2", "RBM43", "MAP2K6"], "H3K4me3_myocyte_mm9": ["CBX4", "FST", "LRRK2", "ITGA1", "EN1", "NMI", "PTGS2", "GM16386", "KBTBD3", "EID1", "LURAP1L", "MSRB2", "ID4", "LRIG3", "RHPN2", "SLC18B1", "RBM43", "MAP2K6"], "H4K20me1_fibroblast of lung_hg19": ["CITED2", "FST", "GLRX", "AHR", "FTX", "HDAC9", "DOCK10", "ARMCX3", "HCK", "HSD11B2", "MAP2", "ARHGEF3", "NEFL", "MAPRE3", "SLC25A32", "VIM", "SCN3A", "NEUROG3"], "H4K20me1_endothelial cell of umbilical vein_hg19": ["PTGER4", "RTN1", "CITED2", "PRICKLE1", "FTX", "ARMCX3", "EID1", "SHE", "HSD11B2", "GALR2", "MAPRE3", "OTX2", "SLC25A32", "INSM1", "MSC", "SCN3A", "NKX2-2"], "H3K4me3_bone marrow_mm9": ["PTGER4", "SNED1", "ZFP935", "EPHX2", "MGST1", "VEGFC", "ALG13", "ACYP2", "AHR", "PTGS2", "GM16386", "ARMCX1", "GJB3", "2610018G03RIK", "GPR160", "ARHGDIB", "CAR13", "ARHGEF3", "BTLA"], "H2AFZ_A549_hg19": ["GABRB3", "RTN1", "ILDR1", "TESK2", "ARRB1", "BHLHE22", "AHR", "IL2RG", "LYPD6", "CDH9", "CLDN1", "WISP1", "RELB", "KCNT2", "CDH2", "ZMAT4", "FOXD3", "ARSA", "TGFB2", "IRAK3", "SMARCA1", "ARMCX3", "EID1", "OAS2", "PKIA", "CDHR1", "RNF182"], "H3K4me3_endothelial cell of umbilical vein_hg19": ["SNED1", "RTN1", "SEMA3C", "RTKN2", "GLRX", "RERG", "EFNB2", "THBD", "KCNT2", "CDH2", "MYB", "CBX4", "IGFBP3", "ELOVL2", "FST", "EPHX2", "PRSS35", "IRAK3", "POU4F2", "KBTBD3", "MEX3B", "FRAS1", "NOV", "TAL1", "OAS2", "PKIA", "CDHR1", "EHHADH", "SLCO4C1", "CACHD1", "SLC27A2"]}