{"TEAD4-22529382-TROPHECTODERM-MOUSE": ["ASAH1", "HSD17B4", "GLRX", "ADD3", "PLA2G7", "HK1", "MYL12B", "CCND3", "CREB3L2", "COTL1", "S100A11", "LYN", "CSGALNACT1", "ACTR2", "RPS9", "H3F3B", "CADM1", "FUCA1", "APLP2", "FNDC3B", "SORL1", "EHD1", "TM9SF2", "TMEM59", "POR", "PALLD", "NINJ2", "TBXAS1", "MYH9"], "SUZ12-20075857-MESC-MOUSE": ["CD63", "CEBPB", "CEBPD", "FGL2", "HSD17B4", "ADD3", "THBS1", "LGALS3", "RGS2", "RAB20", "ALOX5", "PMAIP1", "B2M", "CTSC", "LYN", "CSGALNACT1", "MBNL1", "SYT2", "CADM1", "GSTO1", "IFNGR2", "CYBA", "DHRS3", "DUSP6", "PTPRE", "RAB31", "CPD", "ZYX", "GNAS", "VOPP1", "PLEKHO1", "KCTD12", "TRIB1"], "AR-19668381-PC3-HUMAN": ["RPLP1", "WAS", "ZDHHC7", "SAMHD1", "ADD3", "THBS1", "SAMSN1", "SH3BGRL", "GLIPR1", "LASP1", "CAPZB", "OPHN1", "ALOX5", "CD38", "CD36", "RAC1", "VSIG4", "GUSB", "CTSC", "ACTR2", "SERPINB1", "SYT2", "EMR1", "FNDC3B", "HUWE1", "CYBA", "SORL1", "DHRS3", "TNFRSF1A", "PTPRE", "DOK2", "PTPRC", "NAGK", "RAB31", "ARPC3", "PALLD", "TMEM11", "GNAS", "CTNNB1", "MYH9", "KCTD12", "TPT1", "B4GALT5"], "SRY-25088423-EMBRYONIC GONADS-MOUSE": ["CSTB", "CD63", "DAZAP2", "BTG2", "LEPROT", "NCF1", "ARPC1B", "LST1", "CAPG", "PRCP", "GLRX", "LSP1", "CORO1A", "LITAF", "ACTB", "MYL12B", "RAB20", "CREG1", "SUMO2", "SH3BGRL3", "RAC1", "RPS11", "SEC11A", "CTSB", "ACTR3", "SYT2", "GSTO1", "IFNGR2", "ANXA5", "RHOG", "HUWE1", "CYBA", "TRAPPC8", "DUSP6", "EEF1A1", "POR", "MYL6", "RAB31", "PRKAR1A", "TOMM7", "PSME1", "ATP6V0D1", "PFDN5", "MYD88", "LIMS1", "TOMM6"], "RCOR3-21632747-MESC-MOUSE": ["NCF1", "NDUFB5", "ATP5H", "ACTB", "ACTG1", "CCND3", "LASP1", "CAPNS1", "UBB", "CREB3L2", "CCL2", "PMAIP1", "SH3BGRL3", "CTSD", "ACTR2", "SYT2", "CD300A", "LAPTM5", "ASRGL1", "NFKBIA", "PTP4A2", "OXA1L", "SLC7A7", "NINJ2", "CPD", "ALOX5AP", "RPS24"], "TET1-21490601-MESC-MOUSE": ["VASP", "CDC42SE1", "CD63", "ASAH1", "CADM1", "ANXA5", "CLTC", "FNDC3B", "G0S2", "PRCP", "TNFRSF1A", "HK1", "HIGD2A", "VAMP8", "TM9SF2", "HCK", "NAGK", "OPHN1", "PSAP", "GNAS", "ATP6V0D1", "LBR", "CALM2"], "JARID1A-20064375-MESC-MOUSE": ["GRN", "NDUFB5", "CD81", "RPLP0", "ADAR", "ZDHHC7", "PARK7", "ATP5H", "SRP14", "LAMP1", "SEC11A", "CTSD", "CTSA", "OSBPL8", "SSR2", "NDUFA1", "ARPC4", "COX6B1", "HIGD2A", "MYL6", "ARPC3", "NPC2", "CAPZA1", "CSNK2B", "TOMM7", "TPP1", "ATP6V0D1", "PFDN5", "ATP6V0C", "TOMM6"], "RUNX2-22187159-PCA-HUMAN": ["BTG1", "ADPGK", "ID2B", "ZDHHC7", "LITAF", "ACTB", "OPHN1", "ANXA6", "CD38", "ACAA1", "CTSC", "CTSB", "ACTR2", "ANXA5", "ATP6AP2", "FNDC3B", "DUSP6", "PALLD", "CAT", "VOPP1", "PLEKHO2", "KCTD12", "TRIB1", "B4GALT5", "CEBPB", "ASAH1", "CEBPD", "BCL2A1", "NDUFB1", "CAPG", "CD1D", "SAMSN1", "SH3BGRL", "RAB20", "CLEC7A", "PMAIP1", "S100A11", "CCL24", "SYT2", "CADM1", "G0S2", "EHD1", "TMEM59", "ARPC3", "CAPZA1", "ALOX5AP", "TBXAS1", "GNAS", "CTNNB1", "RPS24", "LIMS1"], "SOX2-21211035-LN229_GBM-HUMAN": ["LRPAP1", "ASAH1", "CSF3R", "BTG1", "CEBPD", "RPLP1", "SLA", "NDUFB1", "PARK7", "FAIM3", "THBS1", "FAM117A", "RGS2", "SH3BGRL", "RAB20", "CAPZB", "GM2A", "UBB", "CREB3L2", "CFL1", "RAC2", "PMAIP1", "RAC1", "LBR", "RPL39", "CCR3", "HMGN1", "CD53", "CAP1", "SERPINB1", "NDUFA4", "APLP2", "CMTM6", "FNDC3B", "HUWE1", "PALLD", "NPC2", "TBXAS1", "GNAS", "HCLS1", "TRIB1", "RPS24", "B4GALT5"], "BP1-19119308-Hs578T-human": ["PTPRE", "CCL4", "LAPTM5", "CSF2RB"], "TCF4-23295773-U87-HUMAN": ["NOTCH2NL", "ADAR", "SAMHD1", "ADD3", "HIF1A", "PLA2G7", "HK1", "SCPEP1", "CAPZB", "LAMP1", "OPHN1", "UBC", "COTL1", "CD36", "CCR3", "CSGALNACT1", "MBNL1", "NDUFA4", "RNASET2", "ANXA5", "CMTM6", "ASRGL1", "NFKBIA", "PTPRE", "PTP4A2", "POR", "RAB31", "CAT", "TBXAS1", "GNAS", "TOMM7", "HCLS1", "PTPN6", "LCP1", "SELT", "ATP6V0D1", "PFDN5", "CALM2", "B4GALT5", "LIMS1"], "TP63-22573176-HFKS-HUMAN": ["NCF1", "RPLP1", "RPLP0", "ITGB2", "DBI", "ZDHHC7", "PARK7", "IFI30", "FAIM3", "HK1", "PYCARD", "SCPEP1", "CAPZB", "LAMP1", "CREB3L2", "ARHGDIB", "CD38", "SH3BGRL3", "ITGB7", "RAC1", "LBR", "TMSB10", "RPL39", "IER3", "IFNGR2", "PGAM1", "FNDC3B", "TNFRSF1A", "POR", "SLC7A7", "PRKAR1A", "TXNIP", "MYH9", "HCLS1", "PLEKHO1", "PLEKHO2", "KCTD12", "ATP6V0D1", "SLC25A5", "ATP6V0C", "CDC42SE1", "LRPAP1", "GRN", "NCF1C", "AIF1", "ATP5L", "MYL12B", "GTF2IP1", "RAP1A", "PSAP", "S100A11", "LYN", "OSBPL8", "RPL41", "SYT2", "CADM1", "CMTM6", "G0S2", "HIGD2A", "PTPRE", "NAGK", "TBXAS1", "LRP10", "CKLF", "LIMS1"], "SMAD4-21799915-A2780-HUMAN": ["ZDHHC7", "GLRX", "THBS1", "HIF1A", "CCND3", "RGS2", "RAC2", "VSIG4", "LBR", "S100A11", "CTSC", "ACTR3", "CSGALNACT1", "MBNL1", "ANXA5", "LAPTM5", "HUWE1", "EMR3", "G0S2", "DUSP6", "OXA1L", "PTPRC", "PALLD", "TOMM7", "VOPP1", "CALM2", "MYD88"], "SMARCA4-23332759-OLIGODENDROCYTES-MOUSE": ["ASAH1", "BTG1", "CD81", "ADAR", "ADD3", "HIF1A", "ACTG1", "MYL12B", "CST3", "TMEM123", "LGALS3", "LASP1", "ALOX5", "CREB3L2", "PSAP", "CFL1", "ARL6IP5", "PMAIP1", "TMSB10", "CSGALNACT1", "MBNL1", "MARCKSL1", "SYT2", "CADM1", "NDUFA4", "G0S2", "DUSP6", "ASRGL1", "VAMP8", "EEF1A1", "NFKBIA", "OXA1L", "CAT", "SELT", "TRIB1", "EIF1B"], "GATA1-22025678-K562-HUMAN": ["CD36", "FAM117A"], "SIN3B-21632747-MESC-MOUSE": ["ADPGK", "GMFG", "ITGB2", "ADAR", "PARK7", "ACTB", "ACTG1", "LGALS3", "LASP1", "RPS19", "LAMP1", "ANXA6", "ITGB7", "CTSD", "CLIC1", "GPSM3", "HMGN1", "ACTR3", "CD53", "RPS9", "GPX1", "GSTO1", "SSR2", "PGAM1", "RPL22", "DYNLL1", "ASRGL1", "TNFRSF1A", "EEF1A1", "PTP4A2", "OXA1L", "POR", "PRKAR1A", "UFC1", "ATP6V0C", "CDC42SE1", "GRN", "NDUFB5", "CFP", "GABARAP", "ATP5L", "SNX3", "SDCBP", "UBB", "PSAP", "CCL2", "PMAIP1", "LPXN", "SEC11A", "CTSA", "RPL41", "SYT2", "EHD1", "NFKBIA", "TM9SF2", "NAGK", "ARPC2", "CPD", "ALOX5AP", "ZYX", "CTNNB1", "TPP1", "CALM2", "RPS24", "TPT1"], "KDM5B-21448134-MESC-MOUSE": ["EIF4A2", "CD81", "ADPGK", "CLTC", "PARK7", "SRP14", "SCPEP1", "GLIPR1", "LAMP1", "SUMO2", "ANXA6", "LBR", "CTSB", "HMGN1", "ACTR3", "CAP1", "ACTR2", "APLP2", "PGAM1", "PGD", "RHOA", "DUSP6", "PALLD", "PRKAR1A", "NPC2", "ATP6V1B2", "MYH9", "ASAH1", "UQCRB", "CORO1A", "HIF1A", "PLA2G7", "UBB", "NCKAP1L", "RPS27A", "SEC11A", "CMTM6", "M6PR", "HUWE1", "DHRS3", "NFKBIA", "TM9SF2", "TMEM59", "ARPC2", "TMEM11", "CAPZA1", "TBXAS1", "CTNNB1", "CALM2"], "STAT3-23295773-U87-HUMAN": ["ASAH1", "NDUFB5", "CLTC", "ADAR", "SAMHD1", "SAMSN1", "FAM117A", "SNX3", "SCPEP1", "LASP1", "CAPZB", "ALOX5", "CREB3L2", "CD38", "CD36", "GUSB", "CCR3", "HMGN1", "CAP1", "CSGALNACT1", "CCR1", "FUCA1", "FNDC3B", "HUWE1", "HLA-B", "PTPRC", "RAB31", "ARPC3", "TMEM11", "TBXAS1", "TOMM7", "SELT", "TRIB1"], "TET1-21451524-MESC-MOUSE": ["CTSA", "LYN", "RPL41", "GMFG", "PGAM1", "ADAR", "UQCR11", "AIF1", "SGSH", "HIGD2A", "EHD1", "PTPRE", "TMEM123", "MYL6", "RAB31", "ATP5E", "CREB3L2", "PSAP", "CFL1", "COTL1", "TXNIP", "GUSB", "PRR13"], "SOX9-25088423-EMBRYONIC GONADS-MOUSE": ["CSTB", "NCF1", "NCF4", "RASAL1", "CAPG", "LSP1", "SRP14", "CORO1A", "ACTB", "CST3", "OPHN1", "UBB", "ATP5E", "ANXA6", "SH3BGRL3", "RPS11", "CTSD", "GPSM3", "IER3", "SYT2", "CYBA", "ARPC5", "DUSP6", "PTPRE", "MYL6", "CSNK2B", "PFN1", "TPT1"]}