{"HNF1B (human)": ["GPX1", "ATP6V1B2", "SELT"], "Esrrb (mouse)": ["CADM1"], "NFE2L1 (human)": ["RAB20"], "PBX1 (human)": ["LYN"], "STAT1 (mouse)": ["CEBPD", "CCL2"], "CBX5 (human)": ["ITGB7"], "IRF9 (human)": ["EVI2A"], "NFYB (human)": ["FTH1", "PTPN6", "ACTB"], "PDX1 (human)": ["SLC7A7"], "Myf (human)": ["ADD3"], "MXI1 (human)": ["EHD1", "UQCR11", "DHRS3"], "SOX2 (human)": ["RASAL1"], "Zfx (mouse)": ["PLEKHO1"], "Tal1::Gata1 (mouse)": ["GM2A"], "IRF7 (human)": ["PYCARD", "RPS27A"], "ESR2 (mouse)": ["RHOA"], "SMAD3 (mouse)": ["LSP1"], "ESR2 (human)": ["LIMS1"], "FOXM1 (human)": ["EMR1", "HUWE1"], "Spz1 (mouse)": ["NCF2"]}