{"H3K27me3 Colonic Mucosa": ["CD300A", "LAPTM5", "HUWE1", "G0S2", "CD1D", "THBS1", "LITAF", "ASRGL1", "PTPRE", "HCK", "CCND3", "NINJ2", "TMSB4X", "ANXA6", "PLEKHO1", "LCP1"], "H3K9me3 CD4 Memory Primary Cells": ["CD36"], "H3K4me3 Penis Foreskin Fibroblast Primary Cells": ["ADPGK", "PMS2P5", "ICAM3", "DBI", "ADAR", "SLC2A5", "IFI30", "SAT1", "SGSH", "SCPEP1", "RGS2", "OPHN1", "GM2A", "RAC2", "CD38", "GUSB", "ACAA1", "TMSB10", "CAP1", "GPX1", "APLP2", "RNASET2", "ATP6AP2", "ASRGL1", "NBPF15", "EEF1A1", "HCK", "RAB31", "NINJ2", "CAT", "UFC1", "VOPP1", "HCLS1", "ATP6V0D1", "SLC25A5", "PFDN5", "CSTB", "ASAH1", "UQCRB", "NDUFB5", "FGL2", "HSD17B4", "PLA2G7", "ATP5L", "FAM117A", "MYL12B", "SH3BGRL", "RAB20", "UBB", "CREG1", "ALOX5", "CCL2", "LPXN", "LYN", "SYT2", "CADM1", "NDUFA4", "FUCA1", "CMTM6", "LAPTM5", "M6PR", "NDUFA1", "G0S2", "TRAPPC8", "C20ORF24", "SORL1", "DHRS3", "HIGD2A", "PTPRE", "TMEM59", "CPD", "GNAS", "SELT", "MYD88"], "H3K4me3 Duodenum Mucosa": ["IFITM3", "PMS2P5", "ICAM3", "PARK7", "SRP14", "IFI30", "FAIM3", "ACTB", "CCND3", "RGS2", "LGALS1", "OPHN1", "ACAA1", "B2M", "TMSB10", "HMGN1", "CD300A", "APLP2", "CYBA", "PGD", "ASRGL1", "OXA1L", "POR", "TYROBP", "RAB31", "PRKAR1A", "NINJ2", "S100A4", "ATP6V0D1", "HPD", "EIF1B", "FTL", "LRPAP1", "UQCRB", "RASAL1", "ATP5H", "CD1D", "PLA2G7", "ATP5L", "SNX3", "CLEC7A", "PMAIP1", "LPXN", "NCKAP1L", "CCR1", "OSBPL8", "SYT2", "FUCA1", "M6PR", "ARPC4", "TRAPPC8", "HIGD2A", "NFKBIA", "PTPRE", "ARPC3", "CPD", "TPP1", "SELT", "LRP10", "NOP10", "DAZAP2", "ADPGK", "ARPC1B", "RPLP1", "DBI", "ADAR", "LSP1", "SGSH", "SCPEP1", "GM2A", "TMSB4X", "SUMO2", "RAC2", "ITGB7", "TIMP1", "GUSB", "CAP1", "ACTR2", "GPX1", "ATP6AP1", "GSTO1", "SSR2", "ANXA5", "ATP6AP2", "C6ORF62", "HCK", "SLC7A7", "NPC2", "UFC1", "HCLS1", "SLC25A5", "CSTB", "GRN", "NDUFB5", "HSD17B4", "NDUFB1", "CAPG", "PRCP", "UQCR11", "SH3BGRL", "RAB20", "ALOX5", "CCL4", "CCL3", "CCL2", "RPL15", "SEC11A", "MARCKSL1", "TAF10", "CMTM6", "EMR1", "LAPTM5", "NDUFA1", "G0S2", "SORL1", "TM9SF2", "TMEM59", "CAPZA1", "TOMM7", "EVI2B", "CKLF", "TOMM6"], "H3K36me3 Chondrocytes from Bone Marrow Derived Mesenchymal Stem Cell Cultured Cells": ["NBPF10"], "H3K4me3 Adipose Derived Mesenchymal Stem Cell Cultured Cells": ["PMS2P5", "SLA", "ZDHHC7", "IFI30", "SAT1", "PYCARD", "CCND3", "RGS2", "CAPNS1", "OPHN1", "FTH1", "ARHGDIB", "CFL1", "ARL6IP5", "COTL1", "ACAA1", "HMGN1", "APLP2", "CYBA", "PGD", "ASRGL1", "EEF1A1", "OXA1L", "POR", "RAB31", "NINJ2", "PSME1", "TXNIP", "VOPP1", "S100A4", "ATP6V0D1", "PFN1", "HPD", "PRR13", "CDC42SE1", "LRPAP1", "UQCRB", "ATP5H", "CORO1A", "PLA2G7", "SNX3", "TMEM123", "PMAIP1", "LPXN", "LYN", "SYT2", "CADM1", "FUCA1", "M6PR", "ARPC4", "TRAPPC8", "C20ORF24", "HIGD2A", "ARPC3", "TMEM11", "CPD", "GNAS", "TPP1", "SELT", "LRP10", "NOP10", "MYD88", "DAZAP2", "BTG2", "ADPGK", "ARPC1B", "RPLP1", "DBI", "ADAR", "SLC2A5", "SGSH", "SCPEP1", "GM2A", "SUMO2", "RAC2", "CD38", "GUSB", "CTSC", "ACTR2", "GPX1", "ATP6AP1", "SSR2", "IFNGR2", "PGAM1", "RNASET2", "ATP6AP2", "RHOG", "C6ORF62", "DYNLL1", "DUSP6", "NBPF15", "PALLD", "NPC2", "CAT", "UFC1", "MYH9", "HCLS1", "SLC25A5", "B4GALT5", "CSTB", "ASAH1", "GRN", "NDUFB5", "FGL2", "HIST1H2BK", "HSD17B4", "NDUFB1", "PRCP", "UQCR11", "SAMHD1", "FAM117A", "SH3BGRL", "RAB20", "CREG1", "ALOX5", "CCL3", "CCL2", "RPL15", "SEC11A", "MARCKSL1", "NDUFA4", "TAF10", "CMTM6", "LAPTM5", "NDUFA1", "G0S2", "SORL1", "DHRS3", "TM9SF2", "TMEM59", "NAGK", "CAPZA1", "TOMM7", "CKLF", "MYO1F"], "H3K36me3 Bone Marrow Derived Mesenchymal Stem Cell Cultured Cells": ["ARPC3"], "H3K27me3 Mobilized CD34 Primary Cells": ["CEBPD", "RASAL1", "CD1D", "SAMHD1", "THBS1", "PLA2G7", "SGSH", "LGALS3", "RAB20", "OPHN1", "ALOX5", "TMSB4X", "PMAIP1", "VSIG4", "RPL39", "IER3", "CCL24", "ANXA5", "ATP6AP2", "NDUFA1", "G0S2", "ARPC5", "DHRS3", "NBPF15", "EEF1A1", "PTPRE", "HCK", "RAB31", "SLC25A5"], "H3K27me3 Penis Foreskin Keratinocyte Primary Cells": ["ASRGL1"], "H3K9me3 Mesenchymal Stem Cell Derived Adipocyte Cultured Cells": ["ATP6AP2"], "H3K27me3 CD8 Naive Primary Cells": ["LGALS3", "RAB31", "CADM1", "ALOX5", "GNAS", "G0S2", "CSF2RB", "CAPG"], "H3K4me2 Muscle Satellite Cultured Cells": ["ARPC1B", "PMS2P5", "ITGB2", "DBI", "IFI30", "SAT1", "LITAF", "SGSH", "PYCARD", "SCPEP1", "RGS2", "CAPZB", "OPHN1", "GM2A", "FTH1", "ARHGDIB", "CFL1", "ARL6IP5", "CD38", "SH3BGRL3", "ACAA1", "B2M", "CTSC", "HMGN1", "GPX1", "ATP6AP1", "SSR2", "APLP2", "RNASET2", "CYBA", "C6ORF62", "ASRGL1", "EEF1A1", "OXA1L", "RAB31", "PALLD", "NPC2", "NINJ2", "CAT", "UFC1", "VOPP1", "S100A4", "ATP6V0D1", "SLC25A5", "HPD", "B4GALT5", "CDC42SE1", "CSTB", "ASAH1", "GRN", "UQCRB", "BCL2A1", "NDUFB5", "FGL2", "HIST1H2BK", "HSD17B4", "PRCP", "UQCR11", "SAMHD1", "CORO1A", "PLA2G7", "ATP5L", "FAM117A", "SNX3", "SH3BGRL", "RAB20", "RAP1A", "CREG1", "ALOX5", "CCL2", "LPXN", "LYN", "MARCKSL1", "CADM1", "NDUFA4", "FUCA1", "M6PR", "NDUFA1", "G0S2", "ARPC4", "TRAPPC8", "C20ORF24", "SORL1", "DHRS3", "HIGD2A", "TMEM59", "ARPC3", "CAPZA1", "CPD", "TOMM7", "EVI2B", "LRP10", "CKLF", "NOP10", "MYD88"], "H3K4me3 Adipose Nuclei": ["CSF3R", "FMR1", "NCF4", "ZDHHC7", "FAIM3", "PYCARD", "CCND3", "RGS2", "RPS19", "CAPNS1", "OPHN1", "FTH1", "CREB3L2", "CFL1", "COTL1", "VSIG4", "HMGN1", "ATP6V0E1", "CD300A", "APLP2", "CYBA", "PGD", "OXA1L", "POR", "TYROBP", "NINJ2", "PSME1", "VOPP1", "S100A4", "ATP6V0D1", "HPD", "PRR13", "LRPAP1", "UQCRB", "CSF2RB", "ATP5H", "CORO1A", "PLA2G7", "ATP5L", "SNX3", "PMAIP1", "LPXN", "NCKAP1L", "LYN", "FUCA1", "M6PR", "ARPC4", "TRAPPC8", "C20ORF24", "HIGD2A", "PTPRE", "ARPC3", "TMEM11", "TPP1", "LRP10", "NOP10", "MYD88", "DAZAP2", "ADPGK", "ARPC1B", "RPLP1", "DBI", "ADAR", "SLC2A5", "SGSH", "SCPEP1", "GLIPR1", "GM2A", "TMSB4X", "SUMO2", "CD38", "SH3BGRL3", "GUSB", "CAP1", "GPX1", "ATP6AP1", "SSR2", "PGAM1", "RNASET2", "ATP6AP2", "DYNLL1", "HCK", "NPC2", "H3F3AP4", "UFC1", "SLC25A5", "CSTB", "GRN", "BCL2A1", "NDUFB5", "HIST1H2BK", "HSD17B4", "NDUFB1", "UQCR11", "FAM117A", "RAB20", "ALOX5", "CCL2", "RPL15", "SEC11A", "MARCKSL1", "NDUFA4", "CMTM6", "NDUFA1", "G0S2", "SORL1", "TMEM59", "CAPZA1", "TOMM7", "CKLF", "MYO1F", "TOMM6"], "H3K4me3 Rectal Smooth Muscle": ["FMR1", "PMS2P5", "ICAM3", "ZDHHC7", "PYCARD", "LGALS3", "CCND3", "RGS2", "LGALS1", "OPHN1", "ACAA1", "RPL39", "HMGN1", "CD300A", "APLP2", "FNDC3B", "CYBA", "ASRGL1", "EEF1A1", "POR", "TYROBP", "PRKAR1A", "S100A4", "ATP6V0D1", "HPD", "EIF1B", "PRR13", "FTL", "UQCRB", "CSF2RB", "RASAL1", "ATP5H", "CD1D", "PLA2G7", "ATP5L", "MYL12B", "SNX3", "PSAP", "PMAIP1", "LPXN", "NCKAP1L", "OSBPL8", "SYT2", "FUCA1", "M6PR", "ARPC4", "TRAPPC8", "C20ORF24", "HIGD2A", "PTPRE", "ARPC3", "CPD", "TPP1", "NOP10", "DAZAP2", "ADPGK", "ARPC1B", "RPLP1", "PLEK", "CLTC", "DBI", "ADAR", "SCPEP1", "TMSB4X", "SUMO2", "RAC2", "CD38", "GUSB", "ACTR3", "CAP1", "ACTR2", "GPX1", "ATP6AP1", "GSTO1", "SSR2", "ANXA5", "ATP6AP2", "C6ORF62", "DYNLL1", "RHOA", "VAMP8", "HCK", "NPC2", "CAT", "H3F3AP4", "UFC1", "TMBIM6", "SLC25A5", "PFDN5", "CSTB", "ASAH1", "NDUFB5", "HSD17B4", "NDUFB1", "PRCP", "UQCR11", "ALOX5", "RPL15", "SEC11A", "MARCKSL1", "CMTM6", "LAPTM5", "NDUFA1", "G0S2", "SORL1", "DHRS3", "CAPZA1", "TOMM7", "CKLF", "TPT1", "MYO1F"], "H3K4me1 Brain Hippocampus Middle": ["DAZAP2", "ARPC1B", "RPLP1", "RPLP0", "SLA", "DBI", "LSP1", "SLC2A5", "IFI30", "FAIM3", "LITAF", "PYCARD", "SCPEP1", "RGS2", "GLIPR1", "LGALS1", "CAPNS1", "LAMP1", "CFL1", "COTL1", "CD38", "SH3BGRL3", "GUSB", "IER3", "CSGALNACT1", "GPX1", "GSTO1", "SSR2", "PGAM1", "RNASET2", "RPL22", "ATP6AP2", "PGD", "DYNLL1", "DUSP6", "VAMP8", "HCK", "POR", "SLC7A7", "RAB31", "CAT", "UFC1", "ATP6V1B2", "PLEKHO2", "KCTD12", "HPD", "EIF1B", "PRR13", "UQCRB", "FGL2", "HIST1H2BK", "UQCR11", "ATP5H", "CD1D", "SAMHD1", "THBS1", "PLA2G7", "FAM117A", "TMEM123", "UBB", "UBC", "PMAIP1", "RPL15", "RPS27A", "SEC11A", "CTSA", "LYN", "SYT2", "H3F3B", "FUCA1", "TAF10", "CMTM6", "NDUFA1", "G0S2", "C20ORF24", "SORL1", "DHRS3", "HIGD2A", "TMEM11", "RPL27A", "ALOX5AP", "PTPN6", "EVI2B", "LRP10", "CKLF"], "H3K4me1 H1 Derived Mesenchymal Stem Cells": ["IFITM3", "DAZAP2", "BTG2", "ADPGK", "ARPC1B", "ITGB2", "DBI", "LSP1", "RGS2", "CAPNS1", "LAMP1", "RAC2", "ANXA6", "CD38", "ITGB7", "GUSB", "CD300A", "APLP2", "RPL22", "ASRGL1", "HCK", "PTP4A2", "SLC7A7", "KCTD12", "NDUFB5", "HIST1H2BK", "CSF2RB", "RASAL1", "CAPG", "PRCP", "UQCR11", "ATP5H", "SAMHD1", "ADD3", "THBS1", "CORO1A", "PLA2G7", "ATP5L", "MYL12B", "CST3", "RAP1A", "CREG1", "ALOX5", "CCL2", "CCL24", "SYT2", "FUCA1", "G0S2", "C20ORF24", "ARPC5", "SORL1", "NFKBIA", "TMEM59", "ARPC2", "ALOX5AP", "PTPN6", "SELT", "ITM2B"], "H3K4me1 Mobilized CD34 Primary Cells": ["EIF4A2", "NCF2", "GMFG", "FMR1", "ICAM3", "SRP14", "FAIM3", "SAT1", "LGALS3", "RGS2", "LGALS1", "CAPNS1", "OPHN1", "FTH1", "CFL1", "COTL1", "RPS11", "ACAA1", "RPL39", "HMGN1", "ATP6V0E1", "APLP2", "FNDC3B", "CYBA", "EEF1A1", "OXA1L", "POR", "PRKAR1A", "VOPP1", "KCTD12", "ATP6V0D1", "HPD", "PRR13", "FTL", "LRPAP1", "UQCRB", "ATP5H", "CD1D", "CFP", "CORO1A", "HIF1A", "SAMSN1", "PLA2G7", "GABARAP", "ATP5L", "SNX3", "SDCBP", "CLEC7A", "PMAIP1", "CCR1", "SYT2", "H3F3B", "CADM1", "FUCA1", "M6PR", "TRAPPC8", "ARPC5", "HIGD2A", "EHD1", "PTPRE", "ARPC2", "ARPC3", "TMEM11", "RPL27A", "CPD", "GNAS", "TPP1", "LRP10", "CALM2", "MYD88", "ITM2B", "DAZAP2", "ADPGK", "RPLP1", "PLEK", "CLTC", "DBI", "ADAR", "LSP1", "TCIRG1", "SGSH", "SCPEP1", "GLIPR1", "LASP1", "GM2A", "SUMO2", "ITGB7", "RAC1", "TIMP1", "GUSB", "CTSC", "CTSB", "ACTR2", "FCER1G", "GPX1", "GSTO1", "SSR2", "PGAM1", "RNASET2", "ANXA5", "ATP6AP2", "NBPF10", "C6ORF62", "DYNLL1", "TNFRSF1A", "HCK", "SLC7A7", "NPC2", "UFC1", "HCLS1", "TMBIM6", "PLEKHO2", "SLC25A5", "ATP6V0C", "CSTB", "CD63", "CEBPB", "LEPROT", "GRN", "CEBPD", "NDUFB5", "FGL2", "HSD17B4", "PRCP", "THBS1", "FAM117A", "SH3BGRL", "RAB20", "CCL4", "CCL3", "RPL15", "RPS27A", "SEC11A", "CCL24", "MARCKSL1", "NDUFA4", "TAF10", "CMTM6", "HUWE1", "NDUFA1", "EMR3", "G0S2", "SORL1", "DHRS3", "TM9SF2", "TMEM59", "NAGK", "CAPZA1", "ALOX5AP", "TOMM7", "EVI2B", "LIMS1", "TOMM6"], "H3K36me3 CD4+ CD25+ CD127- Treg Primary Cells": ["TAF10"], "H3K36me3 Pancreatic Islets": ["H3F3B"], "H3K4me1 Adult Liver": ["LEPROT", "CSF3R", "FGL2", "ITGB2", "NDUFB1", "RASAL1", "UQCR11", "ATP5H", "IFI30", "CFP", "PLA2G7", "ACTB", "SGSH", "RGS2", "SH3BGRL", "LGALS1", "CAPNS1", "CFL1", "RAC2", "PMAIP1", "RPL15", "TMSB10", "IER3", "RPS9", "SERPINB1", "SYT2", "FCER1G", "GPX1", "ATP6AP2", "M6PR", "NDUFA1", "TRAPPC8", "HIGD2A", "PTPRE", "HCK", "MYL6", "NAGK", "ARPC3", "UFC1", "GNAS", "S100A4", "TPP1", "LIMS1"]}