{"GTCAGGA,MIR-378": ["LBR"], "GTAAACC,MIR-299-5P": ["H3F3B"], "TATCTGG,MIR-488": ["ACTR3"], "CAGGTCC,MIR-492": ["MYH9"], "CCAGGTT,MIR-490": ["CD63"], "ATAACCT,MIR-154": ["OSBPL8"], "TACAATC,MIR-508": ["HMGN1"], "GCTGAGT,MIR-512-5P": ["CTNNB1"], "CCTGAGT,MIR-510": ["CEBPB"], "GTTAAAG,MIR-302B": ["FMR1"], "GGTAACC,MIR-409-5P": ["APLP2"], "AGGAGTG,MIR-483": ["H3F3B"], "GTAAGAT,MIR-200A": ["TMSB4X"], "AAGTCCA,MIR-422B,MIR-422A": ["FNDC3B"], "CTAGGAA,MIR-384": ["FNDC3B"], "TACGGGT,MIR-99A,MIR-100,MIR-99B": ["MBNL1"], "AGGGCCA,MIR-328": ["VSIG4"], "GGCAGAC,MIR-346": ["MBNL1"], "ACAACCT,MIR-453": ["VASP"], "TTCCGTT,MIR-191": ["CEBPB"]}