{"POLR2A_MCF-7_hg19": ["BTG2", "CD81", "ADPGK", "RPLP0", "CLTC", "ID2B", "ZDHHC7", "PARK7", "ARRB2", "TCIRG1", "SRP14", "IFI30", "LITAF", "RGS2", "CAPZB", "COTL1", "RAC1", "B2M", "IER3", "ACTR3", "RPS9", "ATP6AP1", "PGAM1", "ANXA5", "ATP6AP2", "FNDC3B", "PGD", "EEF1A1", "CAT", "PSME1", "VOPP1", "PLEKHO1", "EIF1B", "B4GALT5", "PRR13", "CSTB", "LEPROT", "CEBPD", "NOTCH2NL", "PRCP", "GLRX", "OAZ1", "MYL12B", "UBB", "ATP5E", "PMAIP1", "LYN", "OSBPL8", "MARCKSL1", "TAF10", "NDUFA1", "C20ORF24", "ARPC5", "EHD1", "TM9SF2", "ARPC2", "CAPZA1", "TBXAS1", "GNAS", "TOMM7", "CKLF", "TPT1"], "MAX_A549_hg19": ["BTG2", "RPLP0", "DBI", "PARK7", "SAT1", "SCPEP1", "GM2A", "ANXA6", "TIMP1", "ACAA1", "CTSD", "RPL39", "CTSB", "IER3", "ACTR3", "ACTR2", "RPS9", "ATP6AP1", "SSR2", "RNASET2", "FNDC3B", "EEF1A1", "OXA1L", "NPC2", "ATP6V1B2", "EIF1B", "PFDN5", "B4GALT5", "CSTB", "NDUFB5", "GLRX", "SAMHD1", "OAZ1", "SNX3", "SDCBP", "UBB", "LPXN", "S100A11", "OSBPL8", "NDUFA1", "ARPC5", "HIGD2A", "EHD1", "TMEM59", "CAPZA1", "PTPN6", "TPP1", "CALM2", "TPT1"], "JUND_T47D_hg19": ["UBC", "TRIB1", "IER3"], "POLR2A_erythroblast_hg19": ["NDUFB5", "ADPGK", "NOTCH2NL", "MYL12B", "CAPNS1", "CREG1", "ARHGDIB", "SUMO2", "CFL1", "NCKAP1L", "RAC1", "TIMP1", "B2M", "VASP", "ACTR2", "MARCKSL1", "GPX1", "ATP6AP1", "NDUFA4", "SSR2", "ATP6AP2", "FNDC3B", "DYNLL1", "RHOA", "TM9SF2", "TMEM11", "VOPP1", "LCP1", "NOP10", "TPT1", "PRR13", "TOMM6"], "CTCF_endothelial cell of umbilical vein_hg19": ["IFITM3", "DAZAP2", "ADPGK", "RPLP0", "CLTC", "PARK7", "SAT1", "ACTB", "CD38", "SH3BGRL3", "TMSB10", "CTSC", "CAP1", "PGAM1", "ANXA5", "NBPF10", "PGD", "DYNLL1", "PTP4A2", "TMBIM6", "KCTD12", "ATP6V0D1", "TRIB1", "HPD", "EIF1B", "PFDN5", "CDC42SE1", "CEBPB", "ASAH1", "NDUFB1", "CAPG", "OAZ1", "SNX3", "CCL2", "CCR1", "CADM1", "FUCA1", "C20ORF24", "SORL1", "EHD1", "NFKBIA", "PTPRE", "ARPC3", "TMEM11", "GNAS", "TOMM7", "SELT", "NOP10", "MYD88", "LIMS1", "TOMM6"], "POLR2A_HeLa-S3_hg19": ["CD81", "ADPGK", "DBI", "ZDHHC7", "PARK7", "SRP14", "IFI30", "ARL6IP5", "COTL1", "ANXA6", "TIMP1", "GUSB", "ACAA1", "CTSD", "CTSC", "HMGN1", "ATP6AP1", "SSR2", "APLP2", "RNASET2", "CYBA", "PGD", "RHOA", "COX6B1", "POR", "CAT", "H3F3AP4", "ATP6V0D1", "PRR13", "CSTB", "CEBPD", "NDUFB5", "NOTCH2NL", "ATP5H", "SAMHD1", "THBS1", "OAZ1", "GABARAP", "ATP5L", "MYL12B", "SNX3", "PSAP", "VASP", "LYN", "OSBPL8", "MARCKSL1", "NDUFA4", "TAF10", "M6PR", "NDUFA1", "ARPC4", "TRAPPC8", "DHRS3", "TM9SF2", "CAPZA1", "CPD", "TBXAS1", "TOMM7", "CTNNB1", "PTPN6", "CKLF", "LIMS1"], "NANOG_H1-hESC_hg19": ["LAMP1", "RAC1", "DUSP6"], "EP300_MCF-7_hg19": ["PTPRE", "BTG1", "ITGB2", "TCIRG1", "GUSB"], "CTCF_astrocyte of the spinal cord_hg19": ["CDC42SE1", "CEBPB", "RPLP0", "CAPG", "PARK7", "SAT1", "SNX3", "RPS19", "SH3BGRL3", "RPL15", "IER3", "CCR1", "OSBPL8", "CADM1", "FUCA1", "PGAM1", "ANXA5", "NBPF10", "C20ORF24", "DYNLL1", "SORL1", "EHD1", "NFKBIA", "PTPRE", "PTP4A2", "ARPC3", "GNAS", "KCTD12", "SELT", "ATP6V0D1", "HPD", "EIF1B", "NOP10", "TOMM6"], "POLR2A_cortical plate_mm9": ["CEBPD", "NDUFB5", "ATP5H", "MYL12B", "SH3BGRL", "RAP1A", "CAPNS1", "SUMO2", "ARL6IP5", "GUSB", "CTSD", "IER3", "CTSA", "IFNGR2", "RPL22", "CMTM6", "LAPTM5", "M6PR", "TMA7", "ASRGL1", "TYROBP", "PSME1", "VOPP1", "TPP1", "PLEKHO2", "KCTD12", "ATP6V0D1", "EVI2B", "CKLF", "B4GALT5"], "RXRA_H1-hESC_hg19": ["CTSA", "LAMP1", "IER3"], "CTCF_fibroblast of skin of abdomen_hg19": ["CDC42SE1", "DAZAP2", "CEBPB", "ASAH1", "RPLP0", "NDUFB1", "PARK7", "SAMHD1", "SAT1", "SNX3", "SH3BGRL3", "IER3", "CCR1", "CADM1", "FUCA1", "PGAM1", "NBPF10", "C20ORF24", "DYNLL1", "SORL1", "EHD1", "NFKBIA", "PTPRE", "PTP4A2", "ARPC3", "H3F3AP4", "GNAS", "TOMM7", "KCTD12", "SELT", "ATP6V0D1", "HPD", "EIF1B", "PFDN5", "NOP10", "TOMM6"], "BCL11A_H1-hESC_hg19": ["RPL41", "CLTC", "HPD", "DHRS3", "DUSP6"], "GABPA_MEL cell line_mm9": ["FTH1", "UBC", "TBXAS1", "ARHGDIB"], "TCF12_MCF-7_hg19": ["ITGB2", "TCIRG1", "TRIB1"], "CTCF_Caco-2_hg19": ["CDC42SE1", "DAZAP2", "CEBPB", "ASAH1", "PMS2P5", "RPLP0", "PRCP", "ZDHHC7", "SNX3", "PSAP", "SH3BGRL3", "CTSC", "IER3", "CCR1", "CADM1", "FUCA1", "M6PR", "NBPF10", "DYNLL1", "SORL1", "EHD1", "NFKBIA", "PTPRE", "PTP4A2", "ARPC3", "TMEM11", "GNAS", "TOMM7", "KCTD12", "ATP6V0D1", "HPD", "EIF1B", "NOP10", "TOMM6"], "SIN3A_H1-hESC_hg19": ["IFITM3", "LRPAP1", "CD63", "DAZAP2", "CEBPB", "GRN", "CEBPD", "NDUFB5", "ADPGK", "CLTC", "NOTCH2NL", "IFI30", "OAZ1", "MYL12B", "SCPEP1", "RGS2", "LAMP1", "OPHN1", "CREG1", "ATP5E", "GUSB", "B2M", "SEC11A", "ACTR2", "MARCKSL1", "SERPINB1", "M6PR", "NDUFA1", "TRAPPC8", "ARPC5", "DHRS3", "HIGD2A", "RAB31", "CAPZA1", "CTNNB1", "MYH9", "TRIB1", "CKLF", "EIF1B", "PFDN5", "CALM2", "NOP10", "TPT1"], "CTCF_fibroblast of the aortic adventitia_hg19": ["CDC42SE1", "DAZAP2", "CEBPB", "ASAH1", "RPLP0", "ZDHHC7", "SRP14", "SAMHD1", "OAZ1", "SH3BGRL3", "CCR1", "CADM1", "FUCA1", "PGAM1", "NBPF10", "C20ORF24", "PGD", "DYNLL1", "SORL1", "EHD1", "NFKBIA", "PTPRE", "PTP4A2", "ARPC3", "TMEM11", "RPL27A", "GNAS", "TOMM7", "S100A4", "KCTD12", "ATP6V0D1", "HPD", "EIF1B", "PFDN5", "NOP10", "TOMM6"], "CTCF_LNCaP clone FGC_hg19": ["CDC42SE1", "DAZAP2", "CEBPB", "ASAH1", "ADPGK", "RPLP0", "PRCP", "PARK7", "SAT1", "MYL12B", "SNX3", "RPS19", "CCL4", "SH3BGRL3", "TMSB10", "CCR1", "CADM1", "FUCA1", "PGAM1", "ANXA5", "NBPF10", "C20ORF24", "DYNLL1", "SORL1", "EHD1", "NFKBIA", "PTPRE", "PTP4A2", "MYL6", "ARPC3", "GNAS", "TOMM7", "VOPP1", "TMBIM6", "KCTD12", "ATP6V0D1", "HPD", "EIF1B", "NOP10", "LIMS1", "TOMM6"], "CHD1_GM12878_hg19": ["CDC42SE1", "GMFG", "NOTCH2NL", "NDUFB1", "SRP14", "IFI30", "FAM117A", "SNX3", "LGALS1", "LAMP1", "PSAP", "ARHGDIB", "RPL39", "CTSA", "OSBPL8", "NDUFA4", "FUCA1", "ANXA5", "NDUFA1", "CYBB", "TRAPPC8", "RHOA", "HIGD2A", "TM9SF2", "DOK2", "TMEM11", "TOMM7", "CTNNB1", "S100A4", "PTPN6", "EIF1B", "NOP10"]}