{"H3K36me3_HepG2_hg19": ["CDKN1B", "FECH", "CITED2", "PIGZ", "ASH2L", "ICAM4", "PPOX", "KRCC1", "THG1L", "FAM117A", "EPM2AIP1", "TUBB1", "NEU1", "SLC25A21", "TMEM14B", "VAT1", "SLC30A9", "DUSP1", "CROCCP2", "TESC", "ATPIF1", "ECH1", "SLC25A37", "TST", "ZNF117", "SP140L", "PFDN5"], "H4K20me1_mammary epithelial cell_hg19": ["CDKN1C", "BTG1", "TUFT1", "DUSP1", "TESC", "SS18L1", "UROS", "HMHA1", "ADD2", "UGCG", "EPM2AIP1", "KIAA0513", "CPEB1", "ARMCX6", "CDC27", "BLVRB", "SLC25A21", "HBQ1", "SSX2IP", "FRYL", "HIST1H2AC"], "H3K9ac_NT2-D1_hg19": ["USP15", "NARF", "SLC2A1", "ABHD5", "IFT52", "UGCG", "RHOT1", "FAM21C", "CEP192", "JAK2", "ATP6V1D", "ZNF266", "MKL2", "GALNT6", "ANXA4", "STAM", "DERA", "KAT2B", "CPEB1", "XK", "TST", "TAL1", "TTC3", "S100A4", "TMEM9B"], "H3K36me3_CH12.LX_mm9": ["BTG2", "GRN", "CLIC3", "BTG1", "GYPC", "CITED2", "PIGZ", "ASH2L", "PPOX", "FOXO3", "TSPAN32", "MRC2", "CYB5R1", "UGCG", "EPM2AIP1", "SCPEP1", "PPP3CB", "SNX2", "UROD", "PSAP", "BSG", "CDC27", "NEU1", "FLOT2", "VAT1", "GALNT6", "SLC30A9", "FKBPL", "SERPINF1", "ATPIF1", "ECH1", "NCOA4", "HMHA1", "SLC30A1", "SLC25A37", "RRAGC", "DAAM1", "HMBS", "TTC3", "MPPE1", "ST6GALNAC4", "SSX2IP", "BIRC2"], "H4K20me1_fibroblast of dermis_hg19": ["CSTB", "GRN", "DENND4A", "UROS", "ATPIF1", "HMHA1", "SLC30A1", "NME4", "ANK1", "CLK4", "CYP3A5", "AQP1", "EPM2AIP1", "HIST3H2A", "TAL1", "LONP2", "S100A4", "HBQ1", "YPEL5", "ST6GALNAC4", "TMEM9B", "HIST1H2AC"], "H3K4me3_astrocyte_hg19": ["DET1", "TESC", "ANXA4", "ASH2L", "NME4", "BPGM", "ABCA8", "ALAD", "CYB5R1", "IFT52", "XK", "RRAGC", "SLC7A8", "PPP2R3C", "NPC2", "IMPA2", "CAT", "SERHL2", "METTL7A", "KCNN4", "SLC29A1", "ERMAP", "TMEM9B", "SLC35E2B"], "H3K27me3_spleen_mm9": ["TMOD1", "VAT1", "TESC", "PIGZ", "ASAP1", "NPL", "ABHD5", "SLC30A10", "ANK1", "DHTKD1", "MRC2", "TUBB6", "RELN", "SLC7A8", "TAL1", "TBC1D5", "FKBP1B", "NRIP3", "TRIM58", "ZFPM2", "CHST2"], "H3K27ac_mammary epithelial cell_hg19": ["SLC22A4", "MKL2", "HIST1H2AM", "USP15", "DENND4A", "TRIP4", "ASH2L", "CLCN3", "ARHGAP12", "LGALS3", "HIST3H2A", "TST", "UROD", "NPC2", "NNT", "CAT", "FAM21C", "TXNIP", "KCNN4", "JAK2", "SP140L", "SLC35E2B"], "H3K4me3_NT2-D1_hg19": ["HIST1H2AI", "ANXA4", "LMOD1", "NME4", "STAM", "BPGM", "ABHD5", "IQGAP2", "IFT52", "KAT2B", "KIAA0513", "CPEB1", "HIST3H2A", "TST", "PPP2R3C", "TTC3", "FAM21C", "TAX1BP3", "CEP192", "AIDA", "ZFPM2", "TMEM9B", "BIRC2", "ZNF266"], "H3K4me3_HEK293_hg19": ["SLC22A4", "SLC22A5", "SLC2A1", "CPOX", "IQGAP2", "UGCG", "SH3BGRL", "COL4A3BP", "RELN", "CHSY1", "PPP2R3C", "METTL7A", "TMEM14B", "UPF2", "GALNT6", "HIST1H2AI", "SS18L1", "STX8", "STX7", "DDHD2", "DERA", "KAT2B", "CPEB1", "SLC35E2B", "TJP2"], "H2AFZ_HeLa-S3_hg19": ["SLC30A9", "ANKRD27", "TUFT1", "STX8", "STX7", "TRIP4", "CPOX", "STAM", "BPGM", "PRKAB1", "TPGS2", "EPM2AIP1", "KAT2B", "XK", "BSG", "ANO10", "AIDA", "KCNN4", "SP140L", "SPG11", "ERMAP", "ATP6V1D", "ZNF266"], "H3K27me3_cardiac mesoderm_hg19": ["SLC22A4", "SLC22A5", "GYPC", "AK1", "LMOD1", "TRANK1", "PIGZ", "ICAM4", "NPL", "SLC30A10", "LGALS3", "CCND3", "TUBB6", "RELN", "SCP2", "CHSY1", "MAN2A2", "BSG", "NRIP3", "TNNI3", "AHSP", "HBQ1", "TMOD1", "CAST", "GALNT6", "IQSEC1", "DDHD2", "CYBRD1", "ANK1", "PARP12", "SH3YL1", "GFI1B", "CPEB1", "XK", "TAL1", "TXNIP", "ZFPM2", "TJP2"], "H3K4me3_H1-hESC_hg19": ["ANKRD27", "IQSEC1", "DUSP1", "ANXA4", "HMHA1", "BPGM", "ABHD5", "PISD", "SELENBP1", "IFT52", "KAT2B", "TST", "RASA4", "PPP2R3C", "NPC2", "TTC3", "BLVRB", "TAX1BP3", "SERHL2", "AIDA", "RCOR3", "JAK2", "TMEM9B", "RNF187"], "H3K4me2_keratinocyte_hg19": ["SLC22A4", "ANKRD27", "STX8", "HMHA1", "ATG14", "GALNT10", "IFT52", "SCPEP1", "CPEB1", "XK", "HIST3H2A", "RASA4", "NEU1", "HIST1H2AE", "BLVRB", "SLC25A21", "SERHL2", "RCOR3", "SLC29A1", "ERMAP", "ATP6V1D"], "H3K27me3_SK-N-SH_hg19": ["DENND1B", "ANKRD27", "IQSEC1", "CITED2", "TESC", "STX7", "LMOD1", "MOSPD1", "HMHA1", "ICAM4", "HBA1", "GALNT10", "GFI1B", "RELN", "LBH", "TAL1", "FEZ1", "NRIP3", "BLVRB", "SLC25A21", "AHSP", "ZFPM2", "PITX1"], "H3K9ac_H1-hESC_hg19": ["USP15", "OAT", "SLC22A5", "DENND4A", "DUSP1", "ANXA4", "SORD", "TRIP4", "NPL", "STAM", "PPOX", "ANK1", "GALNT10", "EHD1", "PPP2R3C", "CAT", "FBXO3", "WDR7", "AIDA", "RCOR3", "ATP6V1D", "OPTN"], "H3K4me3_G1E-ER4_mm9": ["DENND1B", "ASAH1", "GRN", "LXN", "OAT", "TUFT1", "IPP", "TPGS2", "IFT52", "CCND3", "RPS6KC1", "NNT", "NRIP3", "TNNI3", "SLC25A21", "CEP192", "UPF2", "KLF10", "SS18L1", "ANXA4", "UROS", "STX8", "DDHD2", "ATG14", "PISD", "CARHSP1", "NPC2", "PPT2", "SLC29A1", "ST6GALNAC4"], "H3K4me3_brown adipose tissue_mm9": ["VAT1", "MKL2", "ANKRD27", "DENND4A", "STX8", "ECH1", "AMMECR1", "NME4", "NPL", "KRCC1", "SEPP1", "DHTKD1", "PCMTD2", "SELENBP1", "KAT2B", "XK", "SNX2", "CHSY1", "RPS6KC1", "TRIM58", "MPPE1", "OPTN"], "H3K36me3_keratinocyte_hg19": ["BTG2", "PANK2", "FECH", "CITED2", "PPOX", "KRCC1", "THG1L", "CYB5R1", "UGCG", "EPM2AIP1", "COL4A3BP", "CDC27", "NEU1", "SLC25A21", "HIST1H2AC", "VAT1", "GALNT6", "TSC22D1", "DUSP1", "CROCCP2", "SS18L1", "ATPIF1", "NME4", "DERA", "TST", "ARMCX6", "TXNIP", "S100A4", "TAX1BP3", "FRYL"], "H3K4me3_small intestine_mm9": ["VAT1", "USP15", "ANKRD27", "SLC22A5", "FKBPL", "ECH1", "NME4", "NPL", "BPGM", "KRCC1", "DHTKD1", "PCMTD2", "SELENBP1", "GALC", "CYB5R1", "CHSY1", "SLC7A8", "RPS6KC1", "TAL1", "NRIP3", "RCOR3", "SLC29A1", "TMEM9B"]}