{"H3K27me3_brain_mm9": ["SYT2", "ARPC1B", "IFNGR2", "ANXA5", "FNDC3B", "RHOG", "IFI30", "TNFRSF1A", "VAMP8", "HCK", "TMEM123", "LGALS3", "RAP1A", "SLC7A7", "RAB31", "ALOX5", "ANXA6", "PLEKHO1", "LCP1", "GUSB", "S100A11", "MYD88", "IER3"], "H2AFZ_HeLa-S3_hg19": ["ACTR2", "NDUFB5", "FMR1", "RNASET2", "DBI", "ADAR", "DYNLL1", "CORO1A", "HIGD2A", "SNX3", "RPS19", "PALLD", "PRKAR1A", "CREG1", "ATP6V1B2", "ANXA6", "LPXN", "RPL15", "GUSB", "EIF1B", "PRR13", "HMGN1", "TOMM6"], "H3K4me3_ES-E14_mm9": ["DAZAP2", "LEPROT", "GRN", "NDUFB5", "FGL2", "CLTC", "DBI", "ZDHHC7", "ARRB2", "CORO1A", "PLA2G7", "GABARAP", "MYL12B", "CCND3", "SH3BGRL", "CD38", "SH3BGRL3", "CSGALNACT1", "ACTR2", "SYT2", "NDUFA4", "APLP2", "CMTM6", "LAPTM5", "RHOG", "TMA7", "ARPC4", "HIGD2A", "HCK", "NAGK", "CSNK2B", "PSME1", "PLEKHO1", "PFN1", "TOMM6", "MSRB1"], "H3K4me3_myocyte_mm9": ["BTG1", "NDUFB5", "SSR2", "NDUFA1", "TMA7", "DBI", "CAPG", "SRP14", "SAMHD1", "DYNLL1", "PLA2G7", "SGSH", "MYL12B", "RGS2", "NAGK", "TOMM7", "PSME1", "SH3BGRL3", "GUSB", "RPS27A", "CLIC1", "CTSC", "TOMM6", "MSRB1"], "H3K4me3_HEK293_hg19": ["SERPINB1", "PGAM1", "ATP6AP2", "CLTC", "HIST1H2BK", "NOTCH2NL", "ARPC4", "CORO1A", "HIGD2A", "TMEM123", "OXA1L", "SH3BGRL", "RPS19", "RPL27A", "UBC", "CCL2", "PLEKHO1", "RAC1", "RPL15", "KCTD12", "SEC11A", "CALM2", "TPT1", "TOMM6"], "H3K4me3_bone marrow macrophage_mm9": ["VASP", "LRPAP1", "SYT2", "SSR2", "LST1", "NDUFA1", "MYL12B", "OXA1L", "POR", "RAB20", "THEMIS2", "PRKAR1A", "CREB3L2", "ARHGDIB", "CCL3", "PSME1", "LPXN", "GUSB", "SEC11A", "NOP10", "PRR13", "TOMM6"], "H3K4me3_erythroblast_mm9": ["NDUFB5", "WAS", "CAPG", "PRCP", "ATP5H", "PLA2G7", "RGS2", "PMAIP1", "NCKAP1L", "RPS27A", "CTSC", "HMGN1", "CSGALNACT1", "ACTR2", "SYT2", "HUWE1", "ARPC4", "PGD", "SORL1", "HIGD2A", "TM9SF2", "POR", "NAGK", "SLC7A7", "RAB31", "NPC2", "HCLS1", "PLEKHO1", "PTPN6", "TPP1", "LCP1"], "H3K4me3_T-cell acute lymphoblastic leukemia_hg19": ["VASP", "ACTR3", "CD63", "GPX1", "NDUFB5", "FUCA1", "TAF10", "FGL2", "ATP6AP2", "HSD17B4", "ICAM3", "DBI", "UQCR11", "SRP14", "NBPF15", "SCPEP1", "RGS2", "POR", "DOK2", "RAB20", "NPC2", "ATP6V0D1", "CKLF"], "H3K4me3_HepG2_hg19": ["PMS2P5", "HIST1H2BK", "HP", "NOTCH2NL", "UQCR11", "PARK7", "CORO1A", "OAZ1", "SGSH", "ACTG1", "TMEM123", "SH3BGRL", "RPS19", "CREG1", "ANXA6", "TIMP1", "RPL15", "SEC11A", "CTSC", "CTSA", "SERPINB1", "SYT2", "FUCA1", "TAF10", "PGAM1", "ARPC4", "TRAPPC8", "HIGD2A", "OXA1L", "RPS27", "SLC7A7", "NPC2", "RPL27A", "ZYX", "VOPP1", "PLEKHO1", "KCTD12", "LRP10", "PFDN5", "CALM2", "MYD88", "TOMM6"], "H3K4me3_cardiac fibroblast_hg19": ["CSTB", "PMS2P5", "CLTC", "HIST1H2BK", "NOTCH2NL", "ZDHHC7", "CORO1A", "FAM117A", "TMEM123", "SH3BGRL", "RPS19", "SUMO2", "RAC1", "RPL15", "SEC11A", "HMGN1", "CTSA", "LYN", "OSBPL8", "PGAM1", "CMTM6", "ATP6AP2", "M6PR", "HIGD2A", "TM9SF2", "NAGK", "SLC7A7", "RPL27A", "ATP6V1B2", "ZYX", "PLEKHO1", "KCTD12", "TOMM6"], "H3K4me3_CD14-positive monocyte_hg19": ["NDUFB5", "RPLP1", "HIST1H2BK", "NOTCH2NL", "RASAL1", "CAPG", "TCIRG1", "THBS1", "RPS19", "OPHN1", "UBB", "TMSB4X", "UBC", "CCL2", "LPXN", "SH3BGRL3", "ITGB7", "RAC1", "CCR3", "HMGN1", "RPL41", "GPX1", "CADM1", "NDUFA4", "CD300A", "TAF10", "PGAM1", "EMR1", "ARPC4", "C6ORF62", "HIGD2A", "TM9SF2", "SLC7A7", "TMEM11", "PRKAR1A", "NPC2", "RPL27A", "PSME1", "PLEKHO1", "PTPN6", "MYD88", "ITM2B", "FTL"], "H3K4me3_A549_hg19": ["CDC42SE1", "RPLP1", "PMS2P5", "HIST1H2BK", "NOTCH2NL", "DBI", "UQCR11", "PARK7", "CORO1A", "SGSH", "FAM117A", "TMEM123", "SCPEP1", "LGALS3", "RPS19", "GM2A", "UBB", "CREG1", "FTH1", "SUMO2", "CFL1", "LPXN", "RPS27A", "B2M", "CTSC", "GPX1", "FUCA1", "PGAM1", "ATP6AP2", "G0S2", "ARPC4", "TRAPPC8", "C6ORF62", "NFKBIA", "NAGK", "SLC7A7", "TMEM11", "GNAS", "TXNIP", "CTNNB1", "PLEKHO2", "ATP6V0D1", "EIF1B", "FTL"], "H3K9ac_HeLa-S3_hg19": ["NDUFB5", "NDUFA4", "PMS2P5", "M6PR", "RHOG", "CYBA", "UQCR11", "TRAPPC8", "PARK7", "TCIRG1", "SRP14", "CORO1A", "SAT1", "DHRS3", "ACTG1", "OPHN1", "CREG1", "TMSB4X", "CFL1", "S100A4", "PLEKHO2", "TOMM6"], "H3K27me3_HepG2_hg19": ["VASP", "GSTO1", "ATP6AP2", "CLTC", "PARK7", "ARPC5", "HIGD2A", "TM9SF2", "TMEM123", "GLIPR1", "LASP1", "CLEC7A", "CAPZA1", "LPXN", "PTPN6", "SELT", "ATP6V0D1", "NOP10", "TPT1", "CTSB", "TOMM6"], "H3K4me3_SK-N-SH_hg19": ["CTSA", "RPS9", "SYT2", "PGAM1", "PMS2P5", "CLTC", "HIST1H2BK", "NOTCH2NL", "ARPC4", "CORO1A", "HIGD2A", "SNX3", "TMEM123", "SH3BGRL", "RPS19", "TMEM11", "RAC2", "SH3BGRL3", "PLEKHO1", "RAC1", "RPL15", "SEC11A"], "H3K4me3_cerebellum_mm9": ["LRPAP1", "RPS9", "HIST1H2BK", "NDUFA1", "IFI30", "LITAF", "POR", "MYL6", "RAB20", "CAPNS1", "ARPC3", "CREB3L2", "UBC", "ARL6IP5", "PSME1", "PMAIP1", "GUSB", "TRIB1", "B2M", "SEC11A", "PRR13", "TOMM6"], "H3K4me3_kidney_mm9": ["VASP", "LRPAP1", "RPS9", "SYT2", "NDUFA4", "SSR2", "NDUFA1", "CORO1A", "PLA2G7", "ASRGL1", "RAB20", "CAPNS1", "THEMIS2", "ARHGDIB", "PSME1", "PLEKHO2", "GUSB", "SEC11A", "CLIC1", "NOP10", "PRR13", "TOMM6"], "H3K4me3_endothelial cell of umbilical vein_hg19": ["GMFG", "RPLP1", "PMS2P5", "NOTCH2NL", "CAPG", "UQCR11", "GLRX", "PARK7", "CORO1A", "SGSH", "ACTG1", "TMEM123", "SCPEP1", "SH3BGRL", "RAB20", "RPS19", "GM2A", "CREG1", "ALOX5", "CCL2", "RPL15", "CTSA", "LYN", "SYT2", "FUCA1", "PGAM1", "RNASET2", "M6PR", "NDUFA1", "ARPC4", "OXA1L", "NAGK", "TMEM11", "RPL27A", "TBXAS1", "UFC1", "PLEKHO1", "ATP6V0D1", "EVI2B"], "H4K20me1_HepG2_hg19": ["LRPAP1", "CSTB", "ACTR2", "SSR2", "RPLP0", "RHOG", "NBPF10", "HSD17B4", "ARPC4", "ZDHHC7", "TRAPPC8", "C20ORF24", "GABARAP", "ATP5L", "OXA1L", "LAMP1", "UBB", "NPC2", "UBC", "SELT", "SLC25A5", "LRP10", "SEC11A", "ITM2B"], "H3K4me1_liver_mm9": ["UQCRB", "GMFG", "NCF4", "WAS", "CSF2RB", "ADAR", "RASAL1", "CAPG", "GLRX", "IFI30", "THBS1", "CORO1A", "SAMSN1", "AIF1", "PLA2G7", "GLIPR1", "LGALS1", "ATP5E", "ALOX5", "COTL1", "CD38", "PMAIP1", "LPXN", "GPSM3", "CSGALNACT1", "CCR1", "MBNL1", "NDUFA1", "CYBA", "HCK", "DOK2", "SLC7A7", "THEMIS2", "ALOX5AP", "TBXAS1", "VOPP1", "HCLS1", "TPP1", "LCP1", "CKLF", "RPS24"]}