{"TP63-23658742-EP156T-HUMAN": ["CEBPA", "ORM1", "AHCY", "RNH1", "TFRC", "DDX1", "RPL11", "OLA1", "GMPS", "AK2", "ENO1", "BZW2", "RPL7", "PTTG1", "C1QBP", "MYC", "MYB", "RBBP8", "SLC38A2", "FADS1", "CCT4", "SRGN", "SLC38A1", "SARS", "ATP1B3", "HNRNPAB", "ASS1", "NME1", "SOD1", "EEF1G", "FABP5", "NDUFS6", "PSAT1", "SERBP1", "SRPRB", "PSMG1", "PSMG2", "RSL24D1", "PPIA", "EIF3D", "RPS23"], "TP63-22573176-HFKS-HUMAN": ["RPL5", "RNH1", "HNRNPR", "BZW2", "RPL8", "RPL10A", "PHB2", "RPS4X", "RPS15", "PTBP1", "RPL7A", "MT2A", "PTTG1", "C1QBP", "MYB", "LONP1", "RPL36", "PHGDH", "SNRPD3", "RPS7", "TUBB", "RPS6", "ATP1B3", "MIF", "PDIA6", "GLTSCR2", "GNL3", "EEF1G", "SLC7A5", "VDAC2", "PFDN2", "PABPC1", "PPIB", "PTMA", "PPIA", "MT1E", "CEBPA", "DNMT1", "SHMT2", "DDX1", "AK2", "NAE1", "CCT7", "YARS", "XRCC6", "PA2G4", "MLH1", "HNRNPAB", "ASS1", "EIF3M", "FABP5", "CAPRIN1", "PLP2", "P4HB", "RPS21", "EIF3D", "MIR1244-3"], "STAT3-23295773-U87-HUMAN": ["GPI", "TFRC", "OLA1", "GMPS", "LPL", "MRPL3", "CHCHD3", "CCT5", "BTF3", "SLC38A1", "CNBP", "RPS5", "SARS", "ASNS", "ASS1", "LRPPRC", "CTCFL", "EIF1", "EEF1G", "CAPRIN1", "CLNS1A", "DDIT4", "VDAC2", "ANP32B", "PSMG2", "MCM2"], "HNF4A-19822575-HepG2-human": ["ORM1", "RPL32", "TFRC", "RPL34", "PTPRO", "OLA1", "KIAA0020", "NAT10", "PEBP1", "HNRNPR", "YBX1", "RPL10A", "PRPF19", "PHB2", "RPS15", "PTBP1", "MRPL3", "TUBA1C", "MT2A", "CHCHD3", "RPS16", "MYC", "PHGDH", "RPL38", "SNRPD3", "CCT3", "PRMT5", "SLC38A1", "SUPT16H", "RPS7", "IFRD2", "RPL23", "RPS6", "RPS3A", "GLTSCR2", "CCNB1IP1", "NME1", "SLC7A5", "PPA1", "CLNS1A", "DDIT4", "MCM3", "SNRPG", "VDAC2", "TRIB3", "RPL27", "ERH", "MCM6", "SNRPF", "RPL26", "RPL29", "DTL", "SNRPB", "CEBPA", "AHCY", "SEH1L", "ODC1", "TIMM13", "AK2", "TARS", "NOLC1", "U2AF1", "HSPD1", "LDHA", "RPS15A", "PRDX1", "RPS3", "CCT7", "RPL18", "METTL9", "SLC38A2", "YARS", "TRAP1", "PTGES3", "PA2G4", "WDR12", "LYZ", "ASS1", "GNB2L1", "LRPPRC", "CTCFL", "RPS25", "C6ORF48", "KIAA0101", "PSAT1", "NDUFAB1", "CYCS", "RPS20", "S100P", "P4HB", "RPS21", "EIF3D", "RAN"], "AR-19668381-PC3-HUMAN": ["DNMT1", "TFRC", "KIAA0020", "BZW2", "RPL7", "LDHB", "FBL", "LDHA", "ATIC", "C1QBP", "MYB", "LONP1", "RBBP8", "GLUL", "METTL9", "SLC38A2", "RPS13", "TRAP1", "DARS", "RANBP1", "RPL21", "H2AFZ", "ATP1B3", "FABP5", "PSAT1", "NCL", "TCP1", "VDAC2", "MCM6", "SNRPF", "PABPC1", "RAN", "MAD2L1", "AARS"], "SRY-25088423-EMBRYONIC GONADS-MOUSE": ["CEBPA", "LRRC59", "RPL30", "RPL12", "RPL34", "ODC1", "TIMM13", "TMEM97", "CST7", "PHB2", "SRM", "RPL7A", "FBL", "CHCHD2", "LDHA", "RPL35", "TSPO", "NAE1", "SNRPD3", "CCT7", "CCT3", "SRGN", "DARS", "RANBP1", "IFRD2", "RPL13A", "PA2G4", "WDR12", "PAICS", "SLC7A5", "UBE2S", "SERBP1", "CYCS", "VDAC2", "RPL27", "PLP2", "GAPDH"], "STAT3-22323479-MACROPHAGE-MOUSE": ["CEBPA", "MCM3"], "RAD21-21589869-MESC-MOUSE": ["NPM1", "PTPRO", "NAT10", "TARS", "ASS1", "CTCFL", "FBL", "TUBA1B", "RPS15A", "FABP5", "UBE2S", "MYC", "NHP2", "MCM3", "PHGDH", "PPIA", "CCT5", "SNRPB", "MAD2L1", "CCT4"], "GATA1-21571218-MEGAKARYOCYTES-HUMAN": ["HSP90AB1", "TFRC", "GYPC", "DDX1", "RPN1", "OLA1", "AK2", "PHB2", "RPS15", "LDHB", "PTTG1", "MYB", "EIF4EBP1", "RPL35", "GLUL", "SLC38A2", "CCT5", "PRMT1", "RNASE2", "ASS1", "SLC7A5", "MTHFD2", "DDIT4", "CKS2", "PSMG1", "ANP32B", "IARS", "PABPC1", "RPL29", "PTMA", "DTL", "EIF3B"], "RUNX2-22187159-PCA-HUMAN": ["ORM1", "HSP90AB1", "GYPC", "DDX1", "RPN1", "CXCR4", "NAT10", "ENO1", "TUBA1C", "ATIC", "BASP1", "MYB", "RPL38", "SLC38A2", "TRAP1", "SLC38A1", "RPL21", "PA2G4", "SOD1", "EIF3M", "KIAA0101", "MCM3", "CKS2", "SRPRB", "EIF3H", "PSMG1", "SNRPF", "DTL", "S100A9", "RSL24D1", "PPIA", "RAN", "EIF3B", "MAD2L1"], "SOX2-21211035-LN229_GBM-HUMAN": ["RPL3", "TFRC", "GYPC", "RPL34", "PTPRO", "CXCR4", "TARS", "U2AF1", "RPL7", "FBL", "MT2A", "CHCHD3", "BASP1", "RPL13", "BTF3", "SLC38A1", "NPM1", "ASNS", "LRPPRC", "SLC7A5", "C6ORF48", "FABP5", "DKC1", "RPS29", "PSAT1", "MCM3", "CYCS", "SRPRB", "P4HB"], "EGR1-20690147-ERYTHROLEUKEMIA-HUMAN": ["RNH1", "RPL3", "HSP90AB1", "MCM7", "HMGB2", "KIAA0020", "YBX1", "TMEM97", "BZW2", "RPL8", "MPO", "CKS1B", "PTBP1", "CHCHD3", "TRIM28", "BASP1", "RUVBL2", "MYC", "MYB", "LONP1", "RPLP2", "PHGDH", "RPL38", "IER2", "HSP90AA1", "RPS8", "PRMT1", "TUBB", "RPS5", "SARS", "PDIA6", "TUFM", "SLC7A5", "DKC1", "PPA1", "NCL", "CLNS1A", "PFDN2", "TRIB3", "GARS", "MCM6", "PABPC1", "HPRT1", "RPL29", "PTMA", "GAPDH", "PPIA", "CEBPA", "DNMT1", "AHCY", "SET", "SEH1L", "SHMT2", "CXCR4", "U2AF1", "TYMS", "PTDSS1", "CECR5", "PRDX1", "RPL18", "CCT4", "TRAP1", "DARS", "RANBP1", "ASS1", "GNB2L1", "CTCFL", "EIF1", "SOD1", "FABP5", "UBE2S", "IMPDH2", "SERBP1", "ANP32B", "P4HB", "RAN", "NUCB2", "AARS"], "TCF4-23295773-U87-HUMAN": ["GPI", "DNMT1", "AHCY", "SET", "RPL32", "TFRC", "GYPC", "GMPS", "KIAA0020", "CXCR4", "YBX1", "SRM", "NARS", "MRPL3", "CHCHD3", "BASP1", "MYB", "RBBP8", "DARS", "CNBP", "MLH1", "LYZ", "PDIA6", "LRPPRC", "GGCT", "EIF3M", "FABP5", "NHP2L1", "PSAT1", "NDUFAB1", "EIF3H", "SNRPE", "GARS", "DTL", "RPS21", "PPIA", "RAN", "AARS"], "FOXA2-19822575-HepG2-human": ["AHCY", "HSP90AB1", "ODC1", "TIMM13", "OLA1", "AK2", "YBX1", "ENO1", "TUBA1C", "PRDX1", "METTL9", "SLC38A2", "TRAP1", "PRMT5", "HSP90AA1", "SUPT16H", "RRM2", "IFRD2", "SARS", "RPL13A", "LYZ", "CCNB1IP1", "LRPPRC", "KARS", "PSAT1", "DDIT4", "TRIB3", "S100P", "RAN", "SNRPB", "AARS"], "REST-21632747-MESC-MOUSE": ["RPL11", "PTPRO", "PEBP1", "U2AF1", "SRM", "MRPL3", "TUBA1C", "CHCHD3", "RPS15A", "SNRPD2", "BASP1", "RBBP8", "RPL38", "CYC1", "RPL17", "FADS1", "HNRNPA3", "NPM1", "SUPT16H", "GTF3A", "ASNS", "GNB2L1", "NME1", "EIF3M", "RPS29", "PABPC1", "DTL"], "RCOR3-21632747-MESC-MOUSE": ["RPL5", "RNH1", "GMPS", "PEBP1", "SRM", "RPS17", "CHCHD3", "RPS16", "BASP1", "MYB", "RPL38", "RPL18", "SLC38A2", "YARS", "DARS", "SLC38A1", "HNRNPA3", "NPM1", "HSP90AA1", "H2AFZ", "GTF3A", "ASNS", "GNB2L1", "TUFM", "CDK4", "RPS29", "CAPRIN1", "DDIT4", "STRAP", "VDAC2", "SNRPE", "SNRPF", "PABPC1", "RPS21", "ATF4"], "TET1-21490601-MESC-MOUSE": ["YARS", "CEBPA", "SUPT16H", "SET", "SEH1L", "IFRD2", "DDX21", "NOLC1", "PA2G4", "WDR12", "EPRS", "PAICS", "LRPPRC", "NME1", "ATIC", "XPOT", "PTTG1", "PRDX1", "PSMG2", "CCT7", "GLUL"], "PPARD-21283829-MYOFIBROBLAST-HUMAN": ["RPL5", "ORM1", "HSP90AB1", "ENO1", "EPRS", "TOMM20", "MPO", "PTBP1", "CHCHD2", "RPS16", "BASP1", "MYC", "MYB", "TSPO", "RPL38", "SNRPD3", "GLUL", "RPS13", "PRMT5", "SLC38A1", "HSP90AA1", "TUBB", "RPS3A", "GNL3", "NHP2L1", "DDIT4", "MCM6", "RPL29", "PTMA", "S100A9", "PCNA", "DDX1", "RPL11", "RPN1", "CXCR4", "PRDX1", "SLC38A2", "RANBP1", "CNBP", "EEF2", "PAICS", "ASS1", "GGCT", "C6ORF48", "FABP5", "PSAT1", "CAPRIN1", "SERBP1", "RPS20", "RPS21", "EIF3D", "EIF3B"], "TP53-23651856-MEF-MOUSE": ["CEBPA", "LRRC59", "ORM1", "HSP90AB1", "MCM7", "TOMM20", "PTBP1", "FBL", "SNRPD2", "EIF4EBP1", "RPLP2", "RPL18", "DUT", "RRM2", "RPS7", "PRMT1", "CNBP", "MIF", "PA2G4", "MLH1", "PDIA6", "GLTSCR2", "GNB2L1", "LRPPRC", "TUFM", "NME1", "EEF1G", "FABP5", "SERBP1", "NDUFAB1", "DDIT4", "CANX", "UBA2", "TRIB3", "GARS", "RPL27", "HPRT1", "PTMA", "PPIA", "AARS"], "RBPJ-22232070-NCS-MOUSE": ["TCEA1", "HSPD1"]}