{"NR2C2 (human)": ["SEH1L", "SNRPD1"], "Esrrb (mouse)": ["SNRPB"], "NFE2L1 (human)": ["TUBB"], "HNRNPK (human)": ["RANBP1", "WDR12"], "STAT1 (mouse)": ["LPL"], "CBX5 (human)": ["RPS15"], "IRF9 (human)": ["TOMM20"], "PDX1 (human)": ["GMPS"], "RUNX1 (mouse)": ["HSP90AA1", "OLA1"], "FOXA2 (human)": ["CCNB1IP1"], "SOX2 (human)": ["TRIB3", "SNRPB"], "TLX1::NFIC (human)": ["RPL7A"], "CPEB1 (human)": ["FBL"], "ESR2 (mouse)": ["SET", "RPN1"], "MXI1 (human)": ["ODC1", "RAN"], "SMAD3 (mouse)": ["NAE1", "CYC1"], "NME2 (human)": ["MYC"], "TBX5 (human)": ["IARS"], "HNF1B (mouse)": ["TCP1"], "SP4 (human)": ["RPL4"]}