{"H3K27me3 Colonic Mucosa": ["BASP1", "PSAT1", "PTPRO", "CXCR4", "TRIB3", "PHGDH", "TYMS", "FADS1", "MT1E"], "H3K27me3 H9": ["MT2A", "AHCY", "PTPRO", "MYB", "GTF3A", "CXCR4", "ASNS", "LPL", "TSPO", "MT1X", "CCT7", "GNB2L1"], "H3K4me3 Penis Foreskin Fibroblast Primary Cells": ["RPL30", "PTPRO", "HMGB2", "NAT10", "PEBP1", "BZW2", "RPL7", "EEF1B2", "KIAA0930", "MRPL3", "MT2A", "SNRPD2", "PTTG1", "BASP1", "MYB", "LONP1", "RPL36", "EIF3CL", "SNRPD3", "CCT2", "HSP90AA1", "ADSL", "SARS", "ATP5F1", "PDIA6", "TUFM", "NME1", "DKC1", "PPA1", "CLNS1A", "TCP1", "MCM3", "SNRPE", "ERH", "MCM6", "HPRT1", "SNRPB", "CEBPA", "PCNA", "BEX1", "SEH1L", "ODC1", "CXCR4", "LPL", "SRM", "NME1-NME2", "PTDSS1", "ASUN", "RPL14", "RBBP8", "NAE1", "DARS", "XRCC6", "HSPE1", "PAICS", "GGCT", "FABP5", "PSAT1", "HNRNPA2B1", "CYCS", "PSMG1", "S100P", "RSL24D1", "MIR1244-3", "NUCB2", "MAD2L1"], "H3K27me3 Mobilized CD34 Primary Cells": ["SLC38A1", "AHCY", "BEX1", "SHMT2", "PSAT1", "RPL36A", "SRPRB"], "H3K9me3 Breast Myoepithelial Cells": ["RPL12", "EEF2"], "H3K4me1 Chondrocytes from Bone Marrow Derived Mesenchymal Stem Cell Cultured Cells": ["ORM1", "TFRC", "PTPRO", "HMGB2", "NAT10", "TMEM97", "PHB2", "RPL7", "KIAA0930", "TUBA1C", "TUBA1B", "MT2A", "ATIC", "SNRPD2", "SNRPD1", "MYB", "RPL36", "CCT3", "HSP90AA1", "ADSL", "GLTSCR2", "DKC1", "CANX", "TCP1", "MCM3", "SRSF2", "SNRPE", "SNRPF", "HPRT1", "CEBPA", "DDX1", "TIMM13", "CXCR4", "LPL", "HSPD1", "PTDSS1", "IRAK1", "RPL14", "RBBP8", "RPL13", "NAE1", "TRAP1", "RRM2", "PA2G4", "HSPE1", "PAICS", "GGCT", "RPS25", "RPS28", "NDUFAB1", "RPS20", "PSMG1", "EIF3D", "NUCB2", "MAD2L1"], "H3K27me3 H1": ["AHCY", "SET", "GYPC", "SHMT2", "ODC1", "CXCR4", "LPL", "MT1X", "ENO1", "KIAA0930", "LDHA", "MT2A", "RPS16", "PNP", "BASP1", "MYB", "TSPO", "SLC38A2", "IER2", "CNBP", "PTGES3", "GTF3A", "ASNS", "EEF2", "HNRNPAB", "ASS1", "GNB2L1", "GNL3", "MTHFD2", "NDUFS6", "DDIT4", "VDAC2", "PSMG2", "PTMA", "AARS"], "H3K9me3 H9": ["RPL36A"], "H3K27me3 CD8 Naive Primary Cells": ["CEBPA", "AHCY", "LPL", "TYMS", "GLUL", "ASS1", "S100A8", "FADS1"], "H3K36me3 Neurosphere Cultured Cells Cortex Derived": ["FABP5"], "H3K27me3 CD34 Primary Cells": ["ASNS", "SRPRB"], "H3K36me3 CD4+ CD25- IL17+ PMA-Ionomcyin stimulated Th17 Primary Cells": ["BTF3"], "H3K27me3 Brain Hippocampus Middle": ["SLC38A1", "RRM2", "GYPC"], "H3K4me1 H1": ["MS4A3", "OLA1", "HMGB2", "NAT10", "PEBP1", "ENO1", "RPL10A", "NARS", "FBL", "TUBA1B", "MT2A", "ATIC", "C1QBP", "MYB", "RPL35", "TSPO", "GLUL", "IER2", "SLC38A1", "IFRD2", "RPL23", "GTF3A", "RPS3A", "TUFM", "SLC7A5", "DDX39A", "PPA1", "NCL", "CLNS1A", "DDIT4", "CANX", "NHP2", "VDAC2", "RPL27", "PPIB", "PTMA", "S100A9", "ATF4", "CEBPA", "LRRC59", "AHCY", "SEH1L", "DDX1", "ODC1", "LDHB", "LDHA", "PTDSS1", "IRAK1", "PRDX1", "RPL14", "CYC1", "CCT7", "METTL9", "SLC38A2", "RPL17", "CCT4", "NOP56", "TRAP1", "DARS", "XRCC6", "EEF2", "PAICS", "GGCT", "FABP5", "XPOT", "KIAA0101", "UBE2S", "CDK4", "PSAT1", "CAPRIN1", "IMPDH2", "SERBP1", "CYCS", "S100P", "ANP32B", "RAN", "NUCB2", "AARS"], "H3K9me3 Brain Mid Frontal Lobe": ["DKC1"], "H3K27me3 Penis Foreskin Keratinocyte Primary Cells": ["CXCR4"], "H3K27me3 Adipose Derived Mesenchymal Stem Cell Cultured Cells": ["SLC38A1", "RNASE2"], "H3K4me3 Chondrocytes from Bone Marrow Derived Mesenchymal Stem Cell Cultured Cells": ["TFRC", "PEBP1", "TMEM97", "BZW2", "PHB2", "RPL7", "KIAA0930", "CHCHD2", "MT2A", "SNRPD2", "SNRPD1", "RUVBL2", "MYB", "LONP1", "SNRPD3", "MIF", "PDIA6", "TUFM", "DDX39A", "DKC1", "NHP2", "SNRPE", "TRIB3", "ERH", "SNRPF", "HPRT1", "ATF5", "PPIA", "DNMT1", "SET", "BEX1", "SEH1L", "GMPS", "AK2", "NOLC1", "NME1-NME2", "ATP5B", "PTDSS1", "IRAK1", "ASUN", "EIF4EBP1", "NAE1", "BTF3", "TRAP1", "DARS", "XRCC6", "PA2G4", "GGCT", "RPS25", "RPS28", "CYCS", "UBA2", "RPS20", "PSMG1", "RPS21", "MIR1244-3", "RPS23", "MCM7", "PTPRO", "OLA1", "HMGB2", "NAT10", "MRPL3", "TUBA1B", "ATIC", "EIF3CL", "CCT3", "SRGN", "CCT2", "PRMT5", "HSP90AA1", "ADSL", "ATP5F1", "GLTSCR2", "NME1", "GNL3", "EEF1G", "NDUFS6", "CANX", "TCP1", "MCM3", "PFDN2", "DTL", "CEBPA", "AHCY", "PCNA", "ODC1", "TIMM13", "CXCR4", "DDX21", "U2AF1", "TYMS", "HSPD1", "SRM", "RBBP8", "CCT7", "NOP56", "RANBP1", "DUT", "RRM2", "HSPE1", "WDR12", "LRPPRC", "PSAT1", "APEX1", "NDUFAB1", "EIF3D", "NUCB2", "MAD2L1"], "H3K4me2 Muscle Satellite Cultured Cells": ["RPL4", "MCM7", "TFRC", "OLA1", "HMGB2", "NAT10", "TMEM97", "BZW2", "PHB2", "RPL7", "EEF1B2", "KIAA0930", "MRPL3", "TUBA1C", "CHCHD2", "TUBA1B", "ATIC", "CHCHD3", "SNRPD2", "MYB", "LONP1", "SNRPD3", "CCT3", "CCT2", "PRMT5", "HSP90AA1", "ADSL", "RPL21", "RPS5", "ATP5F1", "GLTSCR2", "TUFM", "NME1", "GNL3", "EEF1G", "DKC1", "PPA1", "NCL", "CANX", "TCP1", "NHP2", "MCM3", "SRSF2", "ERH", "SNRPF", "HPRT1", "PPIB", "CEBPA", "AHCY", "PCNA", "BEX1", "SEH1L", "TIMM13", "AK2", "CXCR4", "NOLC1", "TYMS", "HSPD1", "SRM", "NME1-NME2", "LDHB", "PTDSS1", "ASUN", "EIF4EBP1", "RBBP8", "CCT4", "TRAP1", "DARS", "RANBP1", "DUT", "XRCC6", "ASNS", "HSPE1", "WDR12", "PAICS", "LRPPRC", "GGCT", "RPS25", "RPS28", "FABP5", "APEX1", "NDUFAB1", "CYCS", "P4HB", "RSL24D1", "EIF3D", "MIR1244-3", "NUCB2", "MAD2L1", "RPS23"], "H3K27me3 CD3 Primary Cells": ["BEX1", "TYMS", "MPO", "MT1E"]}