{"ATGTACA,MIR-493": ["BASP1"], "CTTTGCA,MIR-527": ["SET"], "GCACTTT,MIR-17-5P,MIR-20A,MIR-106A,MIR-106B,MIR-20B,MIR-519D": ["SET", "RRM2", "PTPRO"], "TGCACTT,MIR-519C,MIR-519B,MIR-519A": ["MCM7", "MYB"], "CATTTCA,MIR-203": ["PRPF19"], "AGCACTT,MIR-93,MIR-302A,MIR-302B,MIR-302C,MIR-302D,MIR-372,MIR-373,MIR-520E,MIR-520A,MIR-526B,MIR-520B,MIR-520C,MIR-520D": ["AK2"], "TTTGCAC,MIR-19A,MIR-19B": ["RBBP8"], "TGCCTTA,MIR-124A": ["PTBP1"], "GGGACCA,MIR-133A,MIR-133B": ["PABPC1"], "CTACCTC,LET-7A,LET-7B,LET-7C,LET-7D,LET-7E,LET-7F,MIR-98,LET-7G,LET-7I": ["BZW2"], "CACTGCC,MIR-34A,MIR-34C,MIR-449": ["LDHA"], "AAAGGGA,MIR-204,MIR-211": ["P4HB"], "TGGTGCT,MIR-29A,MIR-29B,MIR-29C": ["LPL"], "AATGTGA,MIR-23A,MIR-23B": ["HMGB2", "PDIA6"], "AAGCACA,MIR-218": ["RPS29"], "GTGCCAA,MIR-96": ["TRIB3"], "ATGTTAA,MIR-302C": ["UBA2"], "TAATAAT,MIR-126": ["HMGB1"], "ACTGTGA,MIR-27A,MIR-27B": ["RPN1", "AK2"], "TGCTTTG,MIR-330": ["SET"]}