{"POLR2A_lung_mm9": ["RPL4", "LRRC59", "RPL32", "DDX1", "RPL11", "PEBP1", "RPL7", "RPL7A", "ATP5B", "CHCHD3", "CECR5", "SNRPD2", "RPS18", "LONP1", "METTL9", "H2AFZ", "MIF", "ILF2", "PDIA6", "GLTSCR2", "TUFM", "SOD1", "GGCT", "SLC7A5", "EIF3M", "FABP5", "PPA1", "NDUFAB1", "TCP1", "SRPRB", "EIF3H", "PFDN2", "PSMG1", "MCM6", "SNRPF", "PSMG2", "RSL24D1", "SNRPB"], "POLR2A_HeLa-S3_hg19": ["RPL30", "OLA1", "KIAA0020", "PEBP1", "HNRNPR", "YBX1", "HMGB1", "FBL", "RPS17", "CHCHD2", "ATIC", "PTTG1", "C1QBP", "EIF3CL", "CCT3", "PRMT5", "ADSL", "PRMT1", "ATP1B3", "ILF2", "GLTSCR2", "NME1", "GNL3", "EEF1G", "DDX39A", "DDIT4", "TCP1", "MCM3", "SNRPG", "CKS2", "PFDN2", "GARS", "ERH", "PABPC1", "PPIB", "S100A9", "CEBPA", "SEH1L", "ODC1", "SRM", "NME1-NME2", "IRAK1", "ASUN", "BTF3", "RANBP1", "HNRNPA3", "PTGES3", "MLH1", "PAICS", "LRPPRC", "SOD1", "GGCT", "C6ORF48", "UBE2S", "PSAT1", "CYCS", "UBA2", "EIF3H", "EIF3E", "P4HB", "RSL24D1", "NUCB2", "EIF3B", "MAD2L1"], "CTCF_GM12871_hg19": ["RPL5", "CEBPA", "LRRC59", "AHCY", "PCNA", "TFRC", "RPL11", "GMPS", "RPL36A", "U2AF1", "EPRS", "RPL10A", "RPS4X", "RPS15", "SNRPD1", "LONP1", "RPL36", "RPL38", "NAE1", "IER2", "FADS1", "ASNS", "RPS3A", "ILF2", "TUFM", "SOD1", "RPS28", "FABP5", "NDUFAB1", "RPL24", "RPS20", "ANP32B", "RPL26", "IARS", "GAPDH", "RSL24D1", "EIF3D"], "CTCF_endothelial cell of umbilical vein_hg19": ["RPL5", "RPL3", "EPRS", "RPL10A", "RPS4X", "RPS15", "PTBP1", "MRPL3", "RPS17", "SNRPD1", "C1QBP", "MYC", "LONP1", "RPL36", "RPL38", "IER2", "FADS1", "ADSL", "IFRD2", "GTF3A", "RPS3A", "ILF2", "TUFM", "NME1", "EEF1G", "NHP2L1", "NDUFS6", "RPL24", "SNRPE", "TRIB3", "MCM6", "RPL26", "PPIB", "RPL29", "CEBPA", "LRRC59", "AHCY", "PCNA", "RPL11", "GMPS", "RPL36A", "DDX21", "U2AF1", "NME1-NME2", "RBBP8", "NAE1", "CCT4", "PAICS", "SOD1", "RPS28", "C6ORF48", "FABP5", "XPOT", "PSAT1", "IMPDH2", "NDUFAB1", "RPS20", "ANP32B", "IARS", "RSL24D1"], "CTCF_GM13976_hg19": ["RPL5", "CEBPA", "LRRC59", "PCNA", "RPL11", "GMPS", "RPL36A", "PEBP1", "EPRS", "RPL10A", "SRM", "EEF1B2", "RPS4X", "RPS15", "RPS17", "IRAK1", "SNRPD1", "C1QBP", "RPL36", "RPL38", "NAE1", "SLC38A2", "IER2", "FADS1", "RPS3A", "HSPE1", "PAICS", "HNRNPAB", "RPS28", "FABP5", "IMPDH2", "NDUFAB1", "SNRPG", "RPS20", "ANP32B", "IARS", "RSL24D1"], "HDAC2_K562_hg19": ["CEBPA", "LRRC59", "MS4A3", "RPL34", "DDX1", "OLA1", "RPL36A", "PEBP1", "TARS", "TMEM97", "RPL7A", "EIF4EBP1", "RPS13", "NOP56", "YARS", "BTF3", "DARS", "RANBP1", "SUPT16H", "PRMT1", "RPS6", "SARS", "RPL13A", "ATP5F1", "PAICS", "ILF2", "GLTSCR2", "GNB2L1", "CTCFL", "TUFM", "NHP2L1", "NDUFAB1", "DDIT4", "SRSF2", "TCEA1", "UBA2", "PFDN2", "RPS20", "ERH", "DTL", "RSL24D1", "EIF3B"], "CTCF_CH12.LX_mm9": ["RPL5", "RPL32", "RPL34", "TMEM97", "RPL10A", "RPS4X", "RPS15", "RPL7A", "FBL", "RPS17", "PTTG1", "RPS18", "SNRPD1", "RUVBL2", "C1QBP", "MYC", "RPL36", "RPL38", "RPS13", "FADS1", "ADSL", "H2AFZ", "RPS5", "RPL13A", "RPS3A", "ATP5F1", "ILF2", "TUFM", "NME1", "GNL3", "TMEM258", "MTHFD2", "NHP2", "VDAC2", "SNRPE", "TRIB3", "RPL27", "ERH", "RPL26", "PPIB", "PTMA", "DTL", "LRRC59", "ODC1", "RPL11", "RPL36A", "CXCR4", "IRAK1", "RPL14", "NAE1", "NOP56", "DUT", "RRM2", "EEF2", "GGCT", "RPS29", "NDUFAB1", "RPS20", "PSMG1", "ANP32B", "PSMG2"], "POLR2A_NB4_hg19": ["RPL3", "HSP90AB1", "HMGB2", "MT1X", "PTBP1", "RPL7A", "FBL", "ATP5B", "CHCHD3", "RPS16", "PTTG1", "BASP1", "ASUN", "C1QBP", "METTL9", "CCT3", "SRGN", "BTF3", "PRMT5", "ADSL", "XRCC6", "MLH1", "GNL3", "SLC7A5", "C6ORF48", "DDX39A", "NHP2L1", "UBE2S", "NHP2", "MCM3", "PFDN2", "S100P", "GAPDH", "MAD2L1", "AARS"], "CTCF_SK-N-SH_hg19": ["RPL5", "RPL32", "TFRC", "EPRS", "RPL10A", "PHB2", "RPS4X", "RPS15", "MRPL3", "RPS17", "RPS16", "SNRPD2", "SNRPD1", "C1QBP", "MYC", "LONP1", "RPL36", "RPL38", "IER2", "FADS1", "CCT2", "ADSL", "IFRD2", "RPS3A", "MIF", "GLTSCR2", "TUFM", "NME1", "MTHFD2", "CLNS1A", "VDAC2", "SNRPE", "RPL27", "MCM6", "RPL26", "PPIB", "DTL", "CEBPA", "LRRC59", "PCNA", "RPL11", "GMPS", "RPL36A", "CXCR4", "DDX21", "U2AF1", "NME1-NME2", "IRAK1", "NAE1", "METTL9", "BTF3", "ASNS", "RPS25", "FABP5", "NDUFAB1", "TCEA1", "RPS20", "ANP32B", "IARS", "RSL24D1"], "MYOD1_myocyte_mm9": ["HSP90AB1", "TFRC", "OLA1", "HMGB1", "PRPF19", "TOMM20", "PTBP1", "FBL", "TUBA1C", "TUBA1B", "CHCHD3", "TRIM28", "SNRPD2", "RPS18", "MYC", "RPL36", "RPL35", "ADSL", "PRMT1", "NME1", "GNL3", "DDIT4", "SRSF2", "PFDN2", "GARS", "PPIB", "MCM2", "ATF4", "CEBPA", "BEX1", "SEH1L", "ODC1", "CXCR4", "EIF4EBP1", "RPL14", "CCT7", "METTL9", "SLC38A2", "CCT4", "RANBP1", "WDR12", "MLH1", "PAICS", "ASS1", "SOD1", "FABP5", "PSAT1", "SERBP1", "NDUFAB1", "RPS20", "EIF3E"], "FOXP2_PFSK-1_hg19": ["HSP90AA1", "CDK4", "HMGB2", "TCEA1", "RPL27", "HNRNPAB", "SLC38A2"], "POLR2A_GM12891_hg19": ["KIAA0020", "MT1X", "YBX1", "TMEM97", "TOMM20", "RPS15", "NARS", "PTBP1", "FBL", "TUBA1C", "CHCHD2", "CHCHD3", "RPS16", "PTTG1", "BASP1", "C1QBP", "IER2", "CCT3", "RPS7", "GTF3A", "GLTSCR2", "CCNB1IP1", "NHP2L1", "NDUFS6", "CLNS1A", "CKS2", "GARS", "ERH", "RPL26", "DTL", "ODC1", "CXCR4", "TARS", "U2AF1", "CYC1", "CCT4", "NOP56", "BTF3", "PA2G4", "LRPPRC", "EIF3M", "C6ORF48", "XPOT", "KIAA0101", "HNRNPA2B1", "NDUFAB1", "TCEA1", "UBA2", "EIF3H", "IARS", "RSL24D1", "NUCB2", "EIF3B", "MAD2L1"], "KDM5B_H1-hESC_hg19": ["RPL4", "SET", "TFRC", "GYPC", "TIMM13", "HMGB2", "PEBP1", "TARS", "MT1X", "ENO1", "TMEM97", "PRPF19", "TOMM20", "LDHB", "MT2A", "RPS15A", "PNP", "RPS3", "GLUL", "RPS13", "BTF3", "SLC38A1", "ADSL", "PTGES3", "RPS6", "GNB2L1", "TUFM", "SOD1", "FABP5", "KARS", "NHP2L1", "PSAT1", "APEX1", "CKS2", "SRSF2", "UBA2", "ERH", "PPIB", "GAPDH"], "CTCF_medulloblastoma_hg19": ["RPL5", "CEBPA", "LRRC59", "AHCY", "PCNA", "BEX1", "RPL11", "GMPS", "RPL36A", "U2AF1", "EPRS", "RPL10A", "RPS4X", "RPS15", "NME1-NME2", "RPS17", "IRAK1", "SNRPD1", "C1QBP", "RPL36", "RPL38", "NAE1", "IER2", "FADS1", "RPS3A", "TUFM", "RPS28", "IMPDH2", "NDUFAB1", "RPL24", "SNRPE", "RPS20", "ANP32B", "IARS", "RPL29", "RSL24D1"], "RAD21_MEL cell line_mm9": ["RPL5", "MCM7", "RPL32", "RPL10A", "RPS15", "FBL", "RPS17", "SNRPD1", "RUVBL2", "C1QBP", "MYC", "RPL36", "RPL38", "FADS1", "ADSL", "RPS5", "RPL23", "RPL13A", "RPS3A", "ATP5F1", "ILF2", "TUFM", "NME1", "DDIT4", "STRAP", "SNRPE", "TRIB3", "RPL27", "ERH", "RPL26", "PTMA", "CEBPA", "LRRC59", "PCNA", "RPL11", "RPN1", "RPL36A", "CXCR4", "IRAK1", "PRDX1", "NAE1", "CCT7", "SLC38A2", "CCT5", "DUT", "ASNS", "ASS1", "GGCT", "NDUFAB1", "CYCS", "RPS20", "PSMG1", "ANP32B", "MAD2L1"], "CTCF_Caco-2_hg19": ["RPL5", "CEBPA", "LRRC59", "AHCY", "PCNA", "RPL11", "GMPS", "RPL36A", "NAT10", "U2AF1", "EPRS", "RPL10A", "PHB2", "RPS4X", "RPS15", "SNRPD1", "C1QBP", "MYC", "RPL36", "RPL38", "NAE1", "METTL9", "IER2", "FADS1", "ASNS", "RPS3A", "ILF2", "TUFM", "CAPRIN1", "CLNS1A", "NDUFAB1", "SNRPE", "TRIB3", "RPS20", "ANP32B", "RPL26", "RSL24D1"], "CTCF_H1-hESC_hg19": ["RPL5", "RPL3", "RPL32", "PTPRO", "EPRS", "RPL10A", "TOMM20", "RPS4X", "RPS15", "RPS17", "PTTG1", "SNRPD1", "C1QBP", "MYC", "RPL36", "RPL38", "IER2", "FADS1", "ADSL", "IFRD2", "RPS6", "RPS3A", "MIF", "TUFM", "NME1", "GNL3", "CLNS1A", "MCM3", "SNRPE", "RPL27", "RPL26", "PPIB", "DTL", "CEBPA", "LRRC59", "AHCY", "PCNA", "RPL11", "GMPS", "RPL36A", "U2AF1", "SRM", "NME1-NME2", "IRAK1", "NAE1", "METTL9", "MLH1", "ASS1", "RPS25", "FABP5", "IMPDH2", "NDUFAB1", "SRPRB", "RPS20", "ANP32B", "RSL24D1", "EIF3D"], "MXI1_MEL cell line_mm9": ["RPL30", "AHCY", "OLA1", "HSPD1", "CKS1B", "PTBP1", "PRDX1", "RUVBL2", "RPLP2", "TSPO", "CCT5", "FADS1", "PRMT5", "RANBP1", "HSPE1", "EEF2", "PAICS", "GNB2L1", "LRPPRC", "GGCT", "RPS28", "CDK4", "NDUFS6", "IMPDH2", "TCEA1", "PFDN2", "TRIB3", "ERH", "PSMG1", "P4HB", "IARS", "PSMG2", "PTMA", "GAPDH", "RSL24D1", "EIF3B", "MAD2L1"], "POLR2A_Raji_hg19": ["RPL4", "DNMT1", "RPL3", "HSP90AB1", "HNRNPR", "MT1X", "NARS", "TUBA1C", "RPS13", "CCT3", "SRGN", "TRAP1", "DARS", "HNRNPA3", "HSP90AA1", "CNBP", "PTGES3", "RPL13A", "RPL35A", "ATP1B3", "ILF2", "TUFM", "GNL3", "GGCT", "EEF1G", "EIF3M", "RPS28", "RPS29", "PSAT1", "DDIT4", "RPL27", "ERH", "SNRPF", "RSL24D1", "MCM2", "RPS23"], "CTCF_GM10248_hg19": ["RPL5", "CEBPA", "LRRC59", "PCNA", "RPL3", "RPL11", "GMPS", "AK2", "RPL36A", "PEBP1", "EPRS", "RPS4X", "RPS15", "RPS17", "IRAK1", "SNRPD1", "RPL36", "RPL38", "NAE1", "IER2", "FADS1", "IFRD2", "RPS3A", "HSPE1", "PAICS", "RPS28", "FABP5", "XPOT", "NHP2L1", "IMPDH2", "NDUFAB1", "CANX", "TRIB3", "RPS20", "ANP32B", "RPL29", "DTL"]}