{"H3K4me3_cardiac fibroblast_hg19": ["AHCY", "GYPC", "DDX1", "TIMM13", "CXCR4", "YBX1", "PTBP1", "LDHA", "TRIM28", "SNRPD2", "PTTG1", "C1QBP", "MYC", "MYB", "RPL14", "SNRPD3", "GLUL", "RANBP1", "DUT", "SUPT16H", "HNRNPAB", "GNL3", "DDX39A", "FABP5", "UBE2S", "TCEA1", "GARS", "PTMA", "PPIA", "NUCB2"], "H3K4me3_SK-N-SH_hg19": ["RANBP1", "DUT", "SUPT16H", "MCM7", "DDX1", "TIMM13", "MT1X", "GNL3", "TRIM28", "UBE2S", "ASUN", "MYB", "CKS2", "TCEA1", "GARS", "SNRPD3", "PTMA", "GLUL", "NUCB2", "MT1E"], "H3K4me3_K562_hg19": ["RPL4", "CEBPA", "DNMT1", "DDX1", "TIMM13", "CXCR4", "U2AF1", "MT1X", "ENO1", "TMEM97", "TYMS", "BZW2", "SRM", "EEF1B2", "KIAA0930", "PTDSS1", "TUBA1B", "MT2A", "TRIM28", "SNRPD2", "ASUN", "TSPO", "SNRPD3", "CCT7", "GLUL", "RANBP1", "SUPT16H", "RRM2", "RPS8", "RPS5", "HSPE1", "ATP5F1", "EEF2", "LYZ", "PAICS", "ILF2", "GLTSCR2", "GNL3", "APEX1", "MCM3", "VDAC2", "TRIB3", "GARS", "RPS21", "NUCB2", "RPS23"], "H3K9ac_mammary epithelial cell_hg19": ["RANBP1", "RNH1", "RPS5", "ATP5F1", "PHB2", "LRPPRC", "TUFM", "GNL3", "RPS25", "TUBA1C", "TUBA1B", "RPS28", "TCP1", "VDAC2", "SNRPE", "SNRPD3", "PSMG2", "RPS21", "NUCB2", "RPS23"], "H3K4me1_K562_hg19": ["GPI", "DNMT1", "MS4A3", "RPL12", "RPL11", "TIMM13", "OLA1", "LPL", "MT1X", "ENO1", "TOMM20", "SRM", "RPS4X", "MT2A", "CHCHD3", "SNRPD1", "PRDX1", "RPS3", "NAE1", "YARS", "DUT", "RPS5", "RPS3A", "LYZ", "EIF3M", "XPOT", "UBE2S", "PSAT1", "NCL", "CAPRIN1", "IMPDH2", "SRPRB", "ATF5", "MCM2", "RPS23"], "H3K9ac_K562_hg19": ["CEBPA", "MS4A3", "GYPC", "KIAA0020", "MT1X", "YBX1", "HSPD1", "SRM", "EEF1B2", "RPL7A", "SNRPD2", "PRDX1", "SNRPD3", "CCT7", "CCT3", "YARS", "DARS", "RPS5", "ATP1B3", "ATP5F1", "ILF2", "TUFM", "RPS25", "C6ORF48", "DKC1", "NCL", "NDUFAB1", "CANX", "SNRPE", "ERH", "PSMG1", "EIF3D", "EIF3B", "MCM2", "ATF4"], "H3K4me1_T-cell acute lymphoblastic leukemia_hg19": ["RPL4", "SRGN", "TRAP1", "DNMT1", "XRCC6", "RPN1", "CST7", "SRM", "TUFM", "CHCHD2", "TUBA1B", "RPS28", "C6ORF48", "IRAK1", "KIAA0101", "SNRPD1", "PRDX1", "NHP2", "RPL36", "RPL29", "RPS23"], "H3K4me3_heart_mm9": ["RNH1", "SHMT2", "CXCR4", "TARS", "TMEM97", "NARS", "MRPL3", "CHCHD3", "TRIM28", "MYB", "ASNS", "RPL35A", "PA2G4", "ILF2", "HNRNPAB", "GLTSCR2", "LRPPRC", "EIF3M", "DDIT4", "TCP1", "MCM3", "SNRPG", "UBA2", "SRPRB", "TRIB3", "PSMG1", "MCM6", "GAPDH", "MAD2L1", "AARS"], "H3K4me3_NT2-D1_hg19": ["HSP90AA1", "RPL30", "RPS5", "CXCR4", "HMGB1", "ATP5F1", "PAICS", "ILF2", "GLTSCR2", "CKS1B", "RPS25", "ASUN", "TCP1", "TSPO", "PSMG1", "CCT7", "RPS21", "NUCB2", "ATF4"], "H3K9ac_fibroblast of dermis_hg19": ["SRGN", "KIAA0020", "MT1X", "ATP5F1", "ILF2", "GLTSCR2", "SRM", "PTBP1", "TUBA1C", "TUBA1B", "PTTG1", "ASUN", "MYB", "RBBP8", "TRIB3", "PSMG1", "P4HB", "CCT7", "EIF3B", "ATF4"], "H3K9ac_ES-E14_mm9": ["CCT3", "CEBPA", "RANBP1", "H2AFZ", "PAICS", "CCNB1IP1", "EIF1", "RPS4X", "CECR5", "CKS2", "SRSF2", "CYCS", "SNRPE", "ERH", "NAE1", "P4HB", "IARS", "DTL", "PPIA"], "H3K27ac_endothelial cell of umbilical vein_hg19": ["TRAP1", "NOLC1", "MT1X", "ILF2", "PHB2", "GLTSCR2", "LRPPRC", "TUFM", "GGCT", "ASUN", "APEX1", "ERH", "PSMG1", "RPL26", "IARS", "PSMG2", "PPIB", "NUCB2", "MAD2L1"], "H3K4me2_CH12.LX_mm9": ["DARS", "RNH1", "OLA1", "NAT10", "DDX21", "CST7", "ATP5F1", "BZW2", "GNB2L1", "CECR5", "TMEM258", "NDUFS6", "SNRPD1", "CLNS1A", "RUVBL2", "NHP2", "TSPO", "PSMG1", "NAE1", "P4HB"], "H3K4me3_kidney_mm9": ["RNH1", "CXCR4", "NAT10", "ASNS", "PA2G4", "ILF2", "BLOC1S5", "PTDSS1", "CHCHD3", "TRIM28", "MYB", "DDIT4", "TCP1", "MCM3", "LONP1", "UBA2", "SRPRB", "TRIB3", "MCM6", "MAD2L1", "AARS"], "H3K4me3_G1E-ER4_mm9": ["RNH1", "NAT10", "BZW2", "PHB2", "EEF1B2", "RPS4X", "NARS", "MRPL3", "SNRPD2", "TSPO", "RPS13", "CCT3", "ATP1B3", "PA2G4", "PAICS", "ILF2", "LRPPRC", "RPS28", "KARS", "NDUFS6", "CLNS1A", "APEX1", "CYCS", "PFDN2", "PSMG1", "P4HB", "PTMA", "NUCB2"], "H3K4me3_T-cell acute lymphoblastic leukemia_hg19": ["RPL4", "SRGN", "TRAP1", "RANBP1", "XRCC6", "RPS5", "KIAA0020", "PEBP1", "CST7", "ATP5F1", "CKS1B", "SRM", "TUFM", "RPL7A", "RPS25", "RPS28", "SNRPD2", "P4HB", "PPIB"], "H3K27ac_keratinocyte_hg19": ["RRM2", "RPL35A", "NOLC1", "MT1X", "GLTSCR2", "GNB2L1", "LRPPRC", "TUFM", "EEF1B2", "RPS28", "UBE2S", "ASUN", "RPL35", "PSMG1", "SNRPD3", "P4HB", "PSMG2", "CCT7", "EIF3D", "NUCB2", "AARS"], "H3K4me3_brain microvascular endothelial cell_hg19": ["RANBP1", "SLC38A1", "DUT", "SUPT16H", "AHCY", "MCM7", "DDX1", "TIMM13", "CXCR4", "YBX1", "HSPD1", "TRIM28", "BASP1", "C1QBP", "MYB", "TCEA1", "RPL24", "GARS", "SNRPD3", "PTMA", "GLUL", "PPIA"], "H3K4me3_astrocyte of the spinal cord_hg19": ["RANBP1", "MCM7", "RPS8", "DDX1", "CXCR4", "YBX1", "PAICS", "HNRNPAB", "GLTSCR2", "PTBP1", "TRIM28", "UBE2S", "MYB", "RPL13", "GARS", "MCM6", "SNRPD3", "PTMA", "GLUL", "NUCB2"], "H3K9ac_keratinocyte_hg19": ["CEBPA", "AHCY", "RRM2", "ATP5F1", "SRM", "EEF1G", "RPS25", "ASUN", "VDAC2", "SNRPE", "PSMG1", "SNRPD3", "P4HB", "CCT7", "RPS21", "S100A9", "GAPDH", "RPS13", "NUCB2", "MAD2L1"]}