{"MTF2-20144788-MESC-MOUSE": ["DPAGT1", "FOXA1", "POPDC3", "IRS1", "IRX6", "RRAD", "FHL2", "LPL", "ALG3", "NAV2", "DOPEY2", "CYP26A1", "ANPEP", "PRKAR2A", "MYO5B", "RHOJ", "LTB4R1", "MLX", "CILP2", "HSPA1B", "SIDT2", "DACT1"], "FLI1-20887958-HPC-7-MOUSE": ["USP48", "CMAS", "TMEM41A", "EXOC8", "NEAT1", "GTF2E2", "F8A", "CCL9", "AXL", "VPS52", "S100A6", "MLX", "LPXN", "CTSE"], "SUZ12-20075857-MESC-MOUSE": ["FOXA1", "POPDC3", "IRS1", "RRAD", "FHL2", "LPL", "AHR", "PRKAR2A", "SH3BP2", "CILP2", "DACT1", "EXOC8", "IRX6", "NAV2", "FOS", "MFSD7C", "DOPEY2", "CYP26A1", "DEPDC7", "KRT19", "MYO5B", "RBP1", "RHOJ", "LTB4R1", "HSPA1B"], "E2F4-21247883-LYMPHOBLASTOID-HUMAN": ["USP48", "EXOC8", "PRUNE", "SYVN1", "OTUD7B", "CHD1L", "NAV2", "FOS", "ITFG2", "IPO7", "TSPAN14", "PACS2", "PPP2R1B", "TDG", "FNTB", "MLEC", "TNFRSF14", "S100A11"], "AR-19668381-PC3-HUMAN": ["CD96", "NNMT", "PEG3", "ANP32A", "IRX6", "EDEM2", "RBM19", "C1GALT1", "NAV2", "FHIT", "PEX26", "SPCS3", "DEPDC7", "PTPRC", "PACS2", "CCND1", "HLCS", "SH3BP2", "RHOJ", "CRELD2", "IKBKE", "TXNDC5", "GNE"], "RCOR3-21632747-MESC-MOUSE": ["TPK1", "CD300A", "GKN1", "EPHX1", "RBM19", "OTUD7B", "NAV2", "HSD17B6", "CPT1B", "DHX40", "PPP6C", "NIF3L1", "CLPS", "CCND1", "CREB3L3", "KYNU", "BCAP29", "DACT1"], "KDM5B-21448134-MESC-MOUSE": ["SLC30A7", "FOXA1", "FAM49B", "USP48", "SEL1L", "NAV2", "PEX12", "IPO7", "GTF2E2", "TMEM165", "DHX40", "HSPH1", "TADA2A", "EIF6", "HLCS", "TDG", "DNAJC10", "DNAJB11", "MLX", "SSR1", "ZFP280C"], "RUNX2-22187159-PCA-HUMAN": ["GSTM3", "CMAS", "EXOC8", "IRS1", "OSGIN1", "FHL2", "CYP7A1", "FHIT", "PPP2R1B", "CLEC7A", "KYNU", "MYO5B", "SH3BP2", "CLPTM1L", "S100A9", "S100A11", "TXNDC5"], "TP63-22573176-HFKS-HUMAN": ["FAM49B", "ANP32A", "PROS1", "PRUNE", "SEL1L", "OTUD7B", "PEX26", "TMEM165", "DNAJB1", "ANPEP", "MLX", "SSR1", "IKBKE", "S100A11", "TXNDC5", "BCL9L", "USP48", "PAQR7", "ABCC2", "EDEM2", "SYVN1", "GKN2", "XRCC1", "DOPEY2", "POR", "KRT19", "TADA2A", "DGKQ", "RBP1", "CLPTM1L"], "SOX2-21211035-LN229_GBM-HUMAN": ["ALAS1", "PEG3", "IRS1", "TPK1", "GSS", "RBM19", "C1GALT1", "OSGIN1", "FHL2", "ANXA10", "NAV2", "IPO7", "PEX26", "SPCS3", "DOPEY2", "PACS2", "CCND1", "AXL", "HLCS", "KYNU", "LCN2", "BTK", "KRT6B"], "TCF4-23295773-U87-HUMAN": ["IRS1", "PROS1", "SEL1L", "FHL2", "OTUD7B", "AHR", "FHIT", "LGALS4", "CCND1", "PRKAR2A", "TNFRSF14", "IKBKE", "APPL2", "DACT1", "CD96", "TPK1", "RBM19", "SYVN1", "NAV2", "MIB1", "SPCS3", "NIF3L1", "POR", "GCLC", "RHOJ", "LCN2", "MYADM", "GNE"], "REST-21632747-MESC-MOUSE": ["CELA2A", "TMEM41A", "TPK1", "CD300A", "SEL1L", "NAV2", "CPT1B", "PPP6C", "DOPEY2", "GCLC", "KYNU", "PRKAR2A", "MYO5B", "BCAP29", "IGFALS", "CRELD2", "RPL17"], "BCL11B-21912641-STHDH STRIATAL CELLS-MOUSE": ["FHIT"], "SMAD4-21799915-A2780-HUMAN": ["FAM49B", "CD96", "IRS1", "IRX6", "DNAH5", "FHL2", "OTUD7B", "CHD1L", "HSD17B6", "FOS", "FHIT", "TCEAL8", "PTPRC", "DNAJC10", "S100A11"], "SMARCA4-23332759-OLIGODENDROCYTES-MOUSE": ["CD96", "NNMT", "IRS1", "IRX6", "CTRB1", "C1GALT1", "SEL1L", "OTUD7B", "LPL", "NAV2", "AHR", "FHIT", "PPP6C", "PPP2R1B", "IKBKE", "GNE"], "GATA1-22025678-K562-HUMAN": ["CREB3L3"], "CIITA-18437201-Raji B cells and iDC-human": ["FOS"], "ERG-20887958-HPC-7-MOUSE": ["ZSWIM1", "USP48", "PAQR7", "CMAS", "C1GALT1", "TMEM165", "MIB1", "DNAJB1", "DOPEY2", "PPP2R1B", "DNAJC10", "RPL17", "ZFP275"], "DMRT1-23473982-TESTES-MOUSE": ["IRS1", "RRAD", "SYVN1", "2610528J11RIK", "NEAT1", "PLAC8", "DHX40", "POR", "CCND1", "AXL", "DNAJC10", "FNTB", "MYADM"], "RBPJ-22232070-NCS-MOUSE": ["IRS1"]}