{"HNF1B (human)": ["IGJ"], "NR2C2 (human)": ["ITFG2"], "NFE2L1 (human)": ["GSS"], "MIR210 (human)": ["AXL"], "STAT1 (mouse)": ["LPL"], "Arnt (mouse)": ["ZFP239"], "CACYBP (mouse)": ["GSTM3", "PRL2A1", "ASNSD1", "IRS1", "ANPEP", "CTRB1", "C1GALT1", "LTB4R1", "LCN2", "MYADM", "AMPD2", "DACT1"], "NFYB (human)": ["EPHX1"], "RORA_1 (human)": ["SLC30A7"], "HINFP (human)": ["SLC30A7", "FOXA1", "PEG3", "ASNSD1", "RRAD", "CD300A", "FHL2", "AMPD2", "AHR", "CYP7A1", "AQP1", "PLAC8", "DNAJB1", "TADA2A", "PACS2", "KYNU", "S100A6", "MYADM", "IKBKG", "IGFALS", "KRT6B", "TXNDC5"], "GATA3 (human)": ["FAM49B", "GSTM2", "NNMT", "GKN2", "LPL", "CHD1L", "AHR", "MIB1", "PLAC8", "TCEAL8", "DEPDC7", "RECQL5", "SH3BP2", "RBP1", "MYADM", "TFF1", "CRELD2", "RPL17"], "Pax6 (human)": ["USP48"], "SOX2 (human)": ["OTUD7B"], "Klf4 (mouse)": ["2310030G06RIK"], "Tal1::Gata1 (mouse)": ["DNAJC10"], "VDR (human)": ["DNAJC10"], "SMAD3 (mouse)": ["POPDC3"], "FOXA2 (human)": ["CHD1L"], "FEV (human)": ["BCAP29"], "SP4 (human)": ["CCND1"]}