{"H3K79me2 H9": ["NIF3L1", "ALAS1", "EXOC8", "ASNSD1", "TDG", "PRUNE", "MLX", "SYVN1", "XRCC1", "CRELD2", "DACT1"], "H3K36me3 Colon Smooth Muscle": ["ANP32A"], "H3K9ac Skeletal Muscle": ["SLC30A7", "FOS"], "H3K27me3 CD4+ CD25int CD127+ Tmem Primary Cells": ["RRAD", "ANPEP", "PROS1", "OSGIN1", "LPL", "NAALAD2", "SPTSSB"], "H3K36me3 CD8 Memory Primary Cells": ["BCL9L"], "H3K9me3 H1 Derived Mesenchymal Stem Cells": ["MYO5B"], "H3K79me2 H1": ["KRT19", "TADA2A", "EXOC8", "ASNSD1", "DNAJB11", "CLPTM1L", "RPL17"], "H3K9me3 Bone Marrow Derived Mesenchymal Stem Cell Cultured Cells": ["TDG"], "H3K27me3 CD4 Memory Primary Cells": ["FOXA1", "POPDC3", "CYP26A1", "KRT19", "ANPEP", "PROS1", "MYO5B", "RBP1", "RHOJ", "LPL", "CTSE", "DACT1"], "H3K36me3 Brain Hippocampus Middle": ["LGALS4", "DOPEY2", "SSNA1"], "H3K27me3 Fetal Brain": ["GSTM3", "POPDC3", "CCND1", "AXL", "IRX6", "OSGIN1", "OTUD7B", "CILP2", "AHR", "FOS", "CPT1B"], "H3K36me3 Muscle Satellite Cultured Cells": ["BCL9L"], "H3K36me3 Mesenchymal Stem Cell Derived Adipocyte Cultured Cells": ["NAV2"], "H3K27me3 Breast Myoepithelial Cells": ["KRT19", "SDF2L1", "ANPEP", "NAALAD2", "IKBKG", "MAGT1"], "H3K23ac H1": ["DNAJB1", "NIF3L1", "HSPH1", "PPP2R1B", "OTUD7B", "MSMO1", "NEAT1", "TXNDC5", "MIB1"], "H3K27me3 Penis Foreskin Fibroblast Primary Cells": ["LGALS4", "CMAS", "PEG3", "AXL", "ANPEP", "MYADM", "BTK", "TFF2", "SPTSSB"], "H3K36me3 Brain Cingulate Gyrus": ["PAQR7", "IKBKG"], "H3K9me3 IMR90": ["DHX40", "PEG3", "CD300A"], "H3K27me3 Duodenum Smooth Muscle": ["POPDC3", "RRAD", "GKN1", "ANPEP", "RBP1"], "H3K36me3 CD4 Memory Primary Cells": ["MLX", "CPT1B"]}