{"TATTATA,MIR-374": ["MLX"], "TAGCTTT,MIR-9": ["MIB1"], "GCACTTT,MIR-17-5P,MIR-20A,MIR-106A,MIR-106B,MIR-20B,MIR-519D": ["FOXA1", "PPP6C", "CCND1"], "TGCACTT,MIR-519C,MIR-519B,MIR-519A": ["FOXA1", "MIB1"], "ACATTCC,MIR-1,MIR-206": ["C1GALT1"], "TACTTGA,MIR-26A,MIR-26B": ["MIB1"], "CATTTCA,MIR-203": ["AHR"], "TTGCCAA,MIR-182": ["MYADM"], "AAGCACT,MIR-520F": ["CCND1"], "GTGCAAT,MIR-25,MIR-32,MIR-92,MIR-363,MIR-367": ["FHL2"], "CTTTGCA,MIR-527": ["DHX40"], "AATGTGA,MIR-23A,MIR-23B": ["CCND1"], "CCTGCTG,MIR-214": ["IPO7"], "ATGTTAA,MIR-302C": ["FOXA1"], "GTATTAT,MIR-369-3P": ["HSPH1"], "TAATAAT,MIR-126": ["CHD1L"], "TTTGTAG,MIR-520D": ["CCND1"], "ACTGTGA,MIR-27A,MIR-27B": ["IRS1", "NAV2"], "TTTTGAG,MIR-373": ["PRUNE"], "TGAATGT,MIR-181A,MIR-181B,MIR-181C,MIR-181D": ["SEL1L", "FOS"]}