{"MAZ_HeLa-S3_hg19": ["FAM49B", "TMEM184C", "EXOC8", "ASNSD1", "RBM19", "SHISA5", "XRCC1", "TYK2", "PEX26", "TCEAL8", "KRT19", "TADA2A", "EIF6", "TXNDC5"], "MAX_A549_hg19": ["TMEM184C", "ALAS1", "ABCC2", "SSNA1", "EDEM2", "RBM19", "C1GALT1", "OSGIN1", "OTUD7B", "AMPD2", "MSMO1", "CHD1L", "TCEAL8", "DHX40", "DNAJB1", "TADA2A", "PACS2", "PRKAR2A", "DNAJC10", "SSR1", "LPXN", "S100A11"], "CTCF_MCF-7_hg19": ["FOXA1", "FAM49B", "TMEM41A", "ASNSD1", "SSNA1", "SLC35B1", "OTUD7B", "HSD17B6", "AHR", "PPP6C", "KRTCAP3", "HSPH1", "CCND1", "HLCS", "KYNU", "TDG", "FNTB", "MLEC", "SSR1", "TNFRSF14", "IKBKE", "DACT1", "GSTM3", "TMEM184C", "SDF2L1", "TPK1", "GSS", "EDEM2", "RBM19", "C1GALT1", "OSGIN1", "ALG3", "CHD1L", "ITFG2", "DHX40", "GCLC", "RHOJ", "TFF1", "CRELD1"], "UBTF_K562_hg19": ["SLC30A7", "FOXA1", "FAM49B", "TMEM184C", "ALAS1", "SLC35B1", "EPHX1", "EDEM2", "RBM19", "SEL1L", "SHISA5", "PPP6C", "DEPDC7", "PTPRC", "EIF6", "DGKQ", "SH3BP2", "FNTB", "MLX", "MLEC", "NAALAD2", "TNFRSF14", "APPL2", "TXNDC5"], "E2F4_GM12878_hg19": ["ZSWIM1", "SDF2L1", "ANP32A", "TPK1", "CD300A", "GSS", "PRUNE", "XRCC1", "CHD1L", "FOS", "NEAT1", "TMEM165", "DHX40", "EIF6", "DNAJC10"], "CTCF_GM13976_hg19": ["FAM49B", "SSNA1", "SLC35B1", "EDEM2", "RBM19", "XRCC1", "CHD1L", "HSD17B6", "GTF2E2", "PPP6C", "KRTCAP3", "CCND1", "HLCS", "FNTB"], "MEF2C_GM12878_hg19": ["NEAT1"], "BCL11A_H1-hESC_hg19": ["AXL"], "MYC_MCF-7_hg19": ["DPAGT1", "FOXA1", "POPDC3", "CMAS", "TMEM41A", "ASNSD1", "SSNA1", "MSMO1", "AHR", "IPO7", "PEX26", "PPP6C", "HSPH1", "CCND1", "PRKAR2A", "MLEC", "SPTSSB", "S100A11", "USP48", "TRIM41", "EXOC8", "TPK1", "GSS", "RBM19", "AMPD2", "NEAT1", "DHX40", "NIF3L1", "GCLC", "PACS2", "EIF6", "MYO5B", "DNAJC10", "DNAJB11", "S100A6"], "CTCF_MEL cell line_mm9": ["FAM49B", "CMAS", "ALAS1", "ANP32A", "ASNSD1", "SSNA1", "SLC35B1", "OTUD7B", "2210407C18RIK", "HSD17B6", "IPO7", "F8A", "PEX26", "HLCS", "SH3BP2", "FNTB", "MLEC", "IKBKG", "IKBKE", "PAQR7", "SDF2L1", "EXOC8", "RBM19", "C1GALT1", "SUCO", "CHD1L", "TYK2", "DOPEY2", "DEPDC7", "GCLC", "DGKQ", "S100A6", "CRELD2", "GSTM6", "SIDT2"], "TAL1_K562_hg19": ["DPAGT1", "FAM49B", "TMEM41A", "TPK1", "GSS", "RBM19", "OSGIN1", "ITFG2", "DNAJB1", "DEPDC7", "POR", "KRT19", "PACS2", "DNAJC10", "SSR1"], "CTCF_A549_hg19": ["DPAGT1", "FOXA1", "FAM49B", "TMEM41A", "ASNSD1", "IRS1", "RRAD", "SSNA1", "SLC35B1", "OTUD7B", "HSD17B6", "IPO7", "GTF2E2", "PPP6C", "HSPH1", "CCND1", "HLCS", "KYNU", "TDG", "FNTB", "MLEC", "LPXN", "DACT1", "TMEM184C", "SDF2L1", "EXOC8", "GSS", "EDEM2", "RBM19", "C1GALT1", "ALG3", "CHD1L", "PEX12", "ITFG2", "CYP26A1", "GCLC", "MYO5B", "CRELD1"], "GABPA_MEL cell line_mm9": ["NEAT1"], "SMC3_GM12878_hg19": ["FAM49B", "EXOC8", "ASNSD1", "TPK1", "CD300A", "OTUD7B", "TYK2", "HSD17B6", "PLAC8", "PPP6C", "POR", "HLCS", "KYNU", "TDG"], "REST_HL-60_hg19": ["DNAJB11"], "CTCF_Caco-2_hg19": ["FAM49B", "ALAS1", "RBM19", "OTUD7B", "CHD1L", "HSD17B6", "FHIT", "PPP6C", "KRTCAP3", "HSPH1", "CCND1", "HLCS", "TDG", "MYO5B", "FNTB"], "POLR2A_A549_hg19": ["ZSWIM1", "POPDC3", "FAM49B", "TMEM184C", "NNMT", "ALAS1", "TMEM41A", "PRUNE", "RBM19", "C1GALT1", "OTUD7B", "AMPD2", "PEX12", "FHIT", "TMEM165", "TCEAL8", "DEPDC7", "PACS2", "PPP2R1B", "AXL", "DGKQ", "PRKAR2A", "DNAJC10", "S100A11"], "SIN3A_H1-hESC_hg19": ["SLC35B1", "SHISA5", "SYVN1", "XRCC1", "ALG3", "TYK2", "FOS", "DHX40", "NIF3L1", "HSPH1", "RECQL5", "EIF6", "CCND1", "HLCS", "DNAJC10", "DNAJB11", "MYADM", "MLEC", "CLPTM1L", "RPL17", "SIDT2"], "POLR2A_endothelial cell of umbilical vein_hg19": ["ZSWIM1", "FAM49B", "ALAS1", "SSNA1", "MSMO1", "MAGT1", "AHR", "IPO7", "FHIT", "TMEM165", "PPP6C", "DNAJB1", "RECQL5", "CCND1", "PPP2R1B", "TDG", "MLX", "BCAP29", "DACT1", "USP48", "TMEM184C", "SDF2L1", "EXOC8", "SHISA5", "XRCC1", "FOS", "NIF3L1", "DEPDC7", "POR", "DNAJC10", "RBP1", "MYADM", "GNE"], "POLR2A_Raji_hg19": ["C1GALT1", "OSGIN1", "MAGT1", "FOS", "HSD17B7", "PLAC8", "DNAJB1", "NIF3L1", "PTPRC", "EIF6", "HLCS", "DGKQ", "PRKAR2A", "DNAJB11"]}