{"H2AFZ_astrocyte_hg19": ["FAM49B", "TMEM184C", "ALAS1", "GSS", "RBM19", "PPP6C", "POR", "TSPAN14", "TADA2A", "KYNU", "PRKAR2A", "TDG", "TNFRSF14", "S100A11"], "H3K4me3_HeLa-S3_hg19": ["FOXA1", "ZSWIM1", "POPDC3", "NNMT", "ALAS1", "SSNA1", "SLC35B1", "HSD17B7", "PPP2R1B", "HLCS", "BCAP29", "BCL9L", "TPK1", "EPHX1", "EDEM2", "SYVN1", "TYK2", "FOS", "DEPDC7", "TADA2A", "PACS2", "MYO5B", "DNAJC10", "S100A6", "CRELD1", "S100A9"], "H3K4me3_GM12878_hg19": ["RRAD", "HSD17B7", "FHIT", "CLEC7A", "HLCS", "KYNU", "PRKAR2A", "TDG", "NAALAD2", "BCAP29", "TNFRSF14", "SPTSSB", "IKBKE", "CD96", "GSTM2", "EPHX1", "OSGIN1", "SHISA5", "SYVN1", "FOS", "NIF3L1", "DEPDC7", "PACS2", "MYO5B", "RBP1", "S100A6"], "H3K4me3_ES-E14_mm9": ["FOXA1", "GSTM3", "PAQR7", "EXOC8", "SSNA1", "SLC35B1", "EPHX1", "SHISA5", "XRCC1", "NAV2", "TYK2", "MAGT1", "HSD17B7", "PEX12", "MFSD7C", "DEPDC7", "AXL", "DNAJB11", "BCAP29", "IKBKG", "CLPTM1L", "CRELD2", "APPL2"], "H4K20me1_skeletal muscle myoblast_hg19": ["EXOC8", "SYVN1", "ALG3", "FOS", "CPT1B", "PEX26", "KRTCAP3", "DNAJB1", "DGKQ", "ANPEP", "PRKAR2A", "RPL17", "TXNDC5", "BCL9L"], "H2AFZ_B cell_hg19": ["FAM49B", "TMEM41A", "GSS", "C1GALT1", "AHR", "PPP6C", "TADA2A", "PACS2", "EIF6", "TDG", "BTK", "S100A9", "RPL17"], "H4K20me1_mammary epithelial cell_hg19": ["TRIM41", "SDF2L1", "EXOC8", "ANP32A", "IRS1", "FOS", "IPO7", "TSPAN14", "S100A6", "NAALAD2", "TFF1", "CILP2", "RPL17", "DACT1"], "H3K4me1_H1-hESC_hg19": ["GSTM3", "GSTM2", "PAQR7", "CD300A", "FHL2", "LPL", "NEAT1", "TCEAL8", "KRTCAP3", "KRT19", "CLEC7A", "PRKAR2A", "TNFRSF14", "TFF1"], "H3K9me3_K562_hg19": ["ZSWIM1", "TMEM41A", "PEG3", "CD300A", "SEL1L", "IPO7", "DHX40", "CYP26A1", "RECQL5", "PACS2", "ANPEP", "DNAJB11", "LCN2", "SSR1"], "H3K4me3_T-cell acute lymphoblastic leukemia_hg19": ["GSS", "SLC35B1", "EPHX1", "EDEM2", "SYVN1", "TYK2", "HSD17B7", "FHIT", "PEX26", "POR", "TDG", "DNAJC10", "TNFRSF14", "CRELD1"], "H3K4me3_fibroblast of lung_hg19": ["FOXA1", "FAM49B", "NNMT", "SSNA1", "SLC35B1", "PROS1", "AHR", "HSD17B7", "IPO7", "FHIT", "PEX26", "TMEM165", "HSPH1", "CCND1", "HLCS", "TDG", "MLEC", "NAALAD2", "BCAP29", "CILP2", "BCL9L", "C1GALT1", "OSGIN1", "SYVN1", "TYK2", "IGJ", "MIB1", "NIF3L1", "DEPDC7", "PACS2", "EIF6", "RBP1", "CRELD1", "CLPTM1L", "CRELD2"], "H3K9ac_NT2-D1_hg19": ["IRX6", "EDEM2", "PRUNE", "SHISA5", "PEX12", "FHIT", "PPP6C", "NIF3L1", "PPP2R1B", "HLCS", "TDG", "DNAJC10", "MLX", "TNFRSF14"], "H3K36me3_K562_hg19": ["DPAGT1", "ZSWIM1", "FAM49B", "ALAS1", "SDF2L1", "EDEM2", "SYVN1", "TYK2", "ITFG2", "PEX26", "RBM3", "KRTCAP3", "EIF6", "FNTB", "MLX", "IKBKG", "CLPTM1L", "RPL17", "BCL9L"], "H3K4me3_cardiac mesoderm_hg19": ["IRS1", "RRAD", "SSNA1", "SLC35B1", "PROS1", "SEL1L", "OTUD7B", "HSD17B7", "HSPH1", "HLCS", "BCAP29", "IKBKE", "EXOC8", "IRX6", "OSGIN1", "SHISA5", "SYVN1", "ITFG2", "MIB1", "DEPDC7", "PACS2", "AXL", "MYO5B", "S100A6", "MYADM", "SIDT2"], "H3K4me3_cerebellum_mm9": ["EPHX1", "SHISA5", "CHD1L", "HSD17B7", "ITFG2", "IPO7", "F8A", "MIB1", "POR", "MYO5B", "DNAJC10", "MYADM", "2310030G06RIK"], "H4K20me1_H1-hESC_hg19": ["USP48", "IRS1", "FOS", "CPT1B", "AQP1", "PPP6C", "KRTCAP3", "SPCS3", "DOPEY2", "DEPDC7", "PPP2R1B", "CRELD2", "BCL9L", "DACT1"], "H3ac_C2C12_mm9": ["PAQR7", "ASNSD1", "TPK1", "SSNA1", "HSD17B7", "PPP6C", "TADA2A", "PRKAR2A", "RHOJ", "BCAP29", "IKBKG", "S100A11", "APPL2"], "H3K4me3_cortical plate_mm9": ["SHISA5", "SERPINA3N", "ITFG2", "IPO7", "FHIT", "MIB1", "PPP6C", "POR", "MYO5B", "DNAJC10", "FNTB", "BTK", "AP1S1", "CRELD1"], "H4K20me1_fibroblast of lung_hg19": ["FOXA1", "EXOC8", "ANP32A", "CHD1L", "AHR", "FOS", "IPO7", "DNAJB1", "CYP26A1", "S100A6", "MLEC", "CILP2", "RPL17"], "H2AFZ_A549_hg19": ["DPAGT1", "TMEM184C", "ALAS1", "SDF2L1", "TMEM41A", "NR1I3", "SSNA1", "GSS", "C1GALT1", "SHISA5", "AMPD2", "HSD17B6", "AHR", "TMEM165", "RBM3", "DOPEY2", "TADA2A", "PPP2R1B", "PRKAR2A", "TDG", "NAALAD2", "APPL2"]}