{"HOXC9-25013753-NEUROBLASTOMA BE2-C-HUMAN": ["PIGT", "HSPB1", "MRPL12", "CSAD", "NHSL1", "DBT", "MKNK2", "CDK5RAP1", "DHX38", "KIF21A", "JUNB", "SLC39A1", "NOP58", "ATP6V1G1", "GOT1", "MRPS21", "ELOVL6", "NME5", "GADD45G", "UCK1", "MAFB", "CENPH", "NME7", "CTH", "ITGB1BP1", "NDUFAF1", "CPEB2", "DLD"], "STAT3-22323479-MACROPHAGE-MOUSE": ["SOCS3", "BCL3"], "GFI1B-20887958-HPC-7-MOUSE": ["PIGT", "2700089E24RIK", "PRKDC", "PLD4", "TOB1", "TMEM70", "FOXO1", "DBT", "VTI1A", "STX4A", "CYB5B", "FOXB2", "EGR1", "ABCA3", "ARID5A", "ABHD14B", "TMCO1", "GADD45G", "DLK2", "EFNA1", "TYROBP", "BHLHE40", "ID3", "TSSK6", "1700001O22RIK", "RAMP1"], "MEIS1-20887958-HPC-7-MOUSE": ["CYB5B", "BTG4", "TGTP1", "ZFP598", "DUSP1", "ARID5A", "TMEM140", "CYP8B1", "TMCO1", "LRP6", "MAFB", "NFIL3", "ARTN", "PIM3", "PRTN3", "KIF21B", "JUNB", "STX4A", "LPIN2"], "GABP-19822575-HepG2-human": ["CEBPB", "PDXK", "PIGT", "INSIG2", "PRKDC", "CCDC106", "MRPL12", "CSAD", "HSD17B10", "CLINT1", "AFF2", "TGM1", "TRIM3", "MKNK2", "CDK5RAP1", "PIM3", "MAP3K6", "JUNB", "RRP15", "FADS1", "ATP6V1G1", "ABCA3", "TOP3A", "MRPS21", "HDHD2", "COQ7", "EFNA1", "SLC25A15", "NUDT7", "UCK1", "CENPH", "VAPB", "NFIC", "FKBP7", "TSSK6", "FAM32A", "ITGB1BP1", "DLD"], "ZFX-18555785-MESC-mouse": ["CEBPB", "DAZAP1", "TEX264", "NENF", "CCDC106", "MRPL12", "CLINT1", "TOB1", "TMEM70", "FOXO1", "SOCS3", "1700017B05RIK", "C87436", "NPTN", "PIM3", "SLC25A42", "1110001J03RIK", "JUNB", "SLC25A25", "FARP2", "ATP6V1G1", "HACE1", "YTHDF3", "ZFP219", "SPAG4", "1810055G02RIK", "PPP2R5A", "G0S2", "CYBA", "SYT9", "HDHD2", "1190002N15RIK", "FH1", "SMC1B", "DHFR", "ALDH3A2", "SLC25A15", "MRAS", "CENPH", "FASN", "TSSK6", "EPPK1", "1700001O22RIK", "DLD"], "GATA1-21571218-MEGAKARYOCYTES-HUMAN": ["BTG2", "SHC3", "NENF", "AOAH", "HNMT", "ABCB11", "GATA2", "LRRC16A", "FOXO1", "TGM1", "SOCS3", "ZFP36", "HIGD1C", "CDH1", "TOP1MT", "SPIN1", "UPP2", "KCNN3", "JUNB", "SLC38A2", "CYB5B", "EGR1", "CAMK1D", "ODF1", "PLLP", "SYN3", "COQ7", "ASS1", "TLE6", "ETV6", "GADD45G", "NME7", "TCEA3", "BHLHE40", "ID3", "LPIN1", "RAMP1", "DLD", "LPIN2"], "STAT3-23295773-U87-HUMAN": ["DAZAP1", "SHC3", "TEX264", "AQP8", "SLC2A2", "LRRC16A", "CSAD", "TOB1", "SYNE2", "LRP6", "HS6ST3", "SOCS2", "FAM134B", "OTOA", "SNTG2", "RELN", "LMCD1", "AASS", "CYB5B", "GPR37", "WSB1", "MMEL1", "SYT9", "TTC39C", "CYP8B1", "ELL2", "ASS1", "ETV6", "MLXIPL", "PEX5L", "NEIL3", "CENPH", "BCL6", "VAPB", "TNNT1", "QPCT", "BHLHE40", "PRTN3", "CPEB2"], "RUNX2-22187159-PCA-HUMAN": ["SERPINA12", "ORM1", "HNMT", "CLINT1", "SYNE2", "CTGF", "AFF2", "SOX1", "DMBT1", "SPIN1", "KIF21A", "SLC39A1", "CAMK1D", "SDS", "WSB1", "ABCC8", "DUSP1", "DIO1", "PPP2R5A", "HDHD2", "DCT", "IRF7", "ITGB1BP1", "CEBPB", "TMPRSS5", "INSIG2", "GATA2", "LRP6", "SNTG2", "HIGD1C", "RAB20", "RELN", "KCNN3", "SLC38A2", "PTPN18", "NOP58", "HACE1", "YTHDF3", "GOT1", "G0S2", "COQ7", "CYP8B1", "MARCO", "FABP2", "NUDT7", "BCL6", "HNRNPD", "LPIN1", "RAMP1", "CPEB2"], "JARID1A-20064375-MESC-MOUSE": ["1700088E04RIK", "PIGT", "CCDC106", "MRPL12", "C87436", "HSD17B1", "DBT", "CDK5RAP1", "VTI1A", "METTL5", "DHX38", "MADCAM1", "RRP15", "LRRC46", "ZFP598", "GINS4", "TOP3A", "MRPS21", "COQ9", "TMCO1", "TBL3", "ITGB1BP1", "NDUFAF1", "DLD", "ZFP330"], "FOXO3-22982991-MACROPHAGES-MOUSE": ["PIGT", "C920021L13RIK", "LGALSL", "ZDHHC1", "LRP6", "1110051M20RIK", "ME1", "PIM3", "1110001J03RIK", "ZBP1", "MPST", "NOP58", "HNRNPA3", "GOT1", "TYW5", "1700021F05RIK", "DUSP1", "TOP3A", "LYSMD3", "HDHD2", "PSMB8", "TMCO1", "ALDH3A2", "IGTP", "TSSK6", "CPEB2"], "SOX2-21211035-LN229_GBM-HUMAN": ["PDXK", "PFKFB3", "INSIG2", "PRKDC", "HNMT", "CHRDL2", "CLINT1", "TOB1", "SYNE2", "SLC7A2", "FSTL3", "AFF2", "HS6ST3", "SOCS2", "SNTG2", "RAB20", "NRAP", "ME1", "RDH16", "KCNN3", "LMCD1", "FOXB2", "ATP6V1G1", "CAMK1D", "YTHDF3", "ODF1", "DUSP1", "TOP3A", "LY86", "PPP2R5A", "ELOVL6", "MMEL1", "CYP8B1", "ELL2", "ETV6", "GADD45G", "DHFR", "MAFB", "COL2A1", "DCT", "NME7", "VAPB", "CTH", "LPIN1", "BMPR1B", "PPARA", "CPEB2"], "FLI1-20887958-HPC-7-MOUSE": ["BTG4", "DAZAP1", "PRKDC", "PLD4", "ZFP61", "MRPL12", "KLK8", "DBT", "NPTN", "PIM3", "RRP15", "ABCG8", "CD74", "NOP58", "YTHDF3", "ARID5A", "1810055G02RIK", "ELOVL6", "NME7", "TNNT1", "ID3", "TSSK6", "MAGIX", "FAM32A", "PRTN3", "LPIN2"], "E2F4-21247883-LYMPHOBLASTOID-HUMAN": ["PFKFB3", "CISD1", "NENF", "ZDHHC1", "SYNE2", "FOXO1", "HERPUD1", "ZFP36L1", "SOCS2", "AMDHD1", "VTI1A", "DHX38", "SFN", "KIF21A", "KIF21B", "MAP3K6", "SLC39A1", "SLC38A2", "FADS1", "PLK3", "CAMK1D", "SDS", "WSB1", "PLLP", "ABCA3", "TOP3A", "PPP2R5A", "MRPS21", "COQ7", "ALDH3A2", "SLC25A15", "NUDT7", "TBL3", "DNMBP", "CTH", "IRF7", "ID3", "TSSK3", "NDUFAF1", "FKBP4", "ZSCAN2"], "BCL11B-21912641-STHDH STRIATAL CELLS-MOUSE": ["CISD1", "ID3"], "FLI1-21571218-MEGAKARYOCYTES-HUMAN": ["BTG4", "PIGT", "NENF", "CSAD", "CLINT1", "CXCL14", "SYNE2", "ZFP36", "SOX1", "TOP1MT", "DBT", "CDK5RAP1", "SPIN1", "PIM3", "KIF21B", "MAP3K6", "JUNB", "LGALS7", "NUDT14", "RRP15", "FADS1", "ABCG8", "FCER1G", "WSB1", "LRRC46", "DUSP1", "TOP3A", "ARID5A", "PPP2R5A", "MRPS21", "MMEL1", "SYN3", "HDHD2", "TLE6", "BCAN", "SLC25A15", "TYROBP", "NME7", "OAF", "ITGB1BP1", "FKBP4", "DLD", "BLZF1", "PFKFB3", "SHC3", "INSIG2", "TEX264", "MRPL12", "FOXO1", "ZFP36L1", "SOCS3", "SNTG2", "GLRA3", "AMDHD1", "RDH16", "VTI1A", "METTL5", "DHX38", "KCNN3", "PTPN18", "EGR1", "YTHDF3", "ABCA3", "COQ9", "ASS1", "TMCO1", "GADD45G", "POU4F3", "MARCO", "MLXIPL", "ARTN", "NFIC", "MORN3", "HNRNPD", "ID3", "MAGIX", "NDUFAF1", "BMPR1B", "RAMP1", "CPEB2", "MYO1G"], "KDM5B-21448134-MESC-MOUSE": ["TMPRSS5", "ONECUT3", "CHRM4", "TAT", "CISD1", "ABCB11", "CHRDL2", "CSAD", "CLINT1", "HERPUD1", "GLRA3", "SOX1", "CDH1", "CCL6", "NRAP", "NPTN", "VTI1A", "METTL5", "DHX38", "SLC38A2", "GM7334", "AI314180", "CYB5B", "FOXB2", "NOP58", "HNRNPA3", "WSB1", "ARG1", "TOP3A", "FRMD4B", "MT1", "ELL2", "FH1", "TMCO1", "RAET1A", "DHFR", "ALDH3A2", "MAFB", "BCL6", "VAPB", "CTH", "QPCT", "NMU", "HNRNPD", "PDCD4", "DLD", "ZFP330"], "TP63-23658742-EP156T-HUMAN": ["BTG2", "ORM1", "SLC2A2", "CXCL1", "CTGF", "HERPUD1", "NSDHL", "CDH1", "TOP1MT", "CDK5RAP1", "UPP2", "KIF21A", "ANKRD2", "AASS", "FADS1", "GPR37", "ELOVL6", "FRMD4B", "SYN3", "ETV6", "PPARA", "PFKFB3", "INSIG2", "PRKDC", "GMPR", "FITM1", "ABCB11", "LRRC16A", "ACACB", "FOXO1", "SOCS2", "KRT33A", "SFN", "KCNN3", "SLC38A2", "REPS1", "FARP2", "FOXB2", "EGR1", "YTHDF3", "LY86", "TTC39C", "ELL2", "ASS1", "PEX5L", "DNMBP", "UCK1", "ARTN", "FASN", "QPCT", "BHLHE40", "ID3", "SPRR1B"], "TP63-17297297-HaCaT-human": ["FASN", "SFN"], "VDR-23849224-CD4+-HUMAN": ["HSD17B11", "TMEM140", "MRPL12", "HERPUD1", "CDK5RAP1", "STAP1", "PIM3", "SLC38A2", "RRP15", "PLK3", "NOP58", "ATP6V1G1", "WSB1", "YTHDF3", "DUSP1", "SPAG4", "GINS4", "ARID5A", "MRPS21", "COQ9", "TMCO1", "EEPD1", "TBL3", "FKBP7", "NDUFAF1", "CPEB2", "BLZF1"]}