{"SP4 (human)": ["PLLP"], "SOX2 (human)": ["NHSL1"], "REST (human)": ["TNXB"], "INSM1 (human)": ["TNXB"], "PLAG1 (human)": ["TNXB"], "NR1H2::RXRA (human)": ["TNXB"], "MYC::MAX (human)": ["TNXB"], "RXRA::VDR (human)": ["TNXB"], "TAL1::TCF3 (human)": ["TNXB"], "RXR::RAR_DR5 (human)": ["TNXB"], "CTCF (human)": ["TNXB"], "RREB1 (human)": ["TNXB"], "CPEB1 (human)": ["GAMT"], "IRF1 (human)": ["TNXB"], "CBX5 (human)": ["FARP2"], "NME2 (human)": ["CAMK1D"], "TLX1::NFIC (human)": ["TNXB"], "NHLH1 (human)": ["TNXB"], "HNF1B (mouse)": ["GUCA1A"], "EWSR1-FLI1 (human)": ["TNXB"]}