{"H3K36me3 Colon Smooth Muscle": ["RAMP1", "ACACB"], "H3K9ac Skeletal Muscle": ["BHLHE40", "CCDC106", "MAP3K6", "CPEB2"], "H3K36me3 Brain Mid Frontal Lobe": ["DHX38", "MYO1G"], "H3K36me3 Colonic Mucosa": ["TGM1", "PFKFB3", "MYO1G"], "H3K36me3 Duodenum Mucosa": ["ABCG8", "ABCG5", "ACACB"], "H3K9me3 Breast Myoepithelial Cells": ["NSDHL", "NKX2-6", "RDH16"], "H3K36me3 Muscle Satellite Cultured Cells": ["CDK5RAP1"], "H3K27me3 Penis Foreskin Keratinocyte Primary Cells": ["SNTG2", "RELN", "PAX4", "GRIA4", "HS6ST3"], "H3K36me3 Penis Foreskin Fibroblast Primary Cells": ["TEX264", "PPY", "DHX38", "FITM1"], "H3K9me3 Brain Mid Frontal Lobe": ["NKX2-6"], "H3K36me3 Rectal Smooth Muscle": ["MYO1G"], "H3K36me3 Breast Myoepithelial Cells": ["TMPRSS5", "MYO1G"], "H3K36me3 Stomach Mucosa": ["CTGF"], "H3K36me3 Brain Inferior Temporal Lobe": ["HIGD1C", "FITM1", "HDHD2"], "H3K36me3 CD8 Memory Primary Cells": ["BTG2"], "H3K36me3 Chondrocytes from Bone Marrow Derived Mesenchymal Stem Cell Cultured Cells": ["METTL20"], "H3K9me3 Neurosphere Cultured Cells Cortex Derived": ["AFF2"], "H3K36me3 CD4 Memory Primary Cells": ["TYW5"], "H3K27me3 Brain Mid Frontal Lobe": ["SPRR3", "SNTG2", "GPR37", "PLLP", "GRIK5", "BHMT2", "CTGF", "HS6ST3"], "H3K27me3 Stomach Smooth Muscle": ["PEX5L", "SHC3", "COL2A1", "SMAGP", "AQP8", "TAT", "NMU", "ST8SIA3", "GPR83", "FRMD4B", "FOXA3"]}