{"AGTCAGC,MIR-345": ["CPEB2"], "TCTAGAG,MIR-517": ["METTL5"], "TATCTGG,MIR-488": ["YTHDF3"], "CAGGTCC,MIR-492": ["ZFP36"], "GTGTCAA,MIR-514": ["COL2A1"], "GTAGGCA,MIR-189": ["BCL6"], "ACAACCT,MIR-453": ["ARID5A"], "CTCTAGA,MIR-526C,MIR-518F,MIR-526A": ["ZFP36L1"], "ATAACCT,MIR-154": ["HDHD2"], "TCCCCAC,MIR-491": ["DMPK"], "GTACAGG,MIR-486": ["TOB1"], "CTCTATG,MIR-368": ["ZDHHC1"], "GACAGGG,MIR-339": ["BCL6"], "TAGAACC,MIR-182": ["HDHD2"], "GGGATGC,MIR-324-5P": ["SEPT3"], "CCTGAGT,MIR-510": ["CEBPB"], "CTAGGAA,MIR-384": ["GPR83"], "TAGGTCA,MIR-192,MIR-215": ["DBT"], "GGCACAT,MIR-455": ["SOCS3"], "CCATCCA,MIR-432": ["SLC22A7"]}