{"MTF2-20144788-MESC-MOUSE": ["DPAGT1", "RBM28", "CEBPB", "SLC35F2", "SHMT2", "POGK", "AMIGO2", "ATP2A3", "GATA2", "DDA1", "HHEX", "CCND2", "MYB", "PHACTR2", "PMAIP1", "SSSCA1", "PHLDA2", "PTRF", "LYN", "GABBR2", "EGR1", "ARG2", "TGFB1", "JUND", "GCH1", "IGFBP4", "DAPK1", "PLCL1", "FNDC3B", "PDE4DIP", "DGKZ", "PDIA5", "RHOB", "FOSL1", "DAB2", "TMEM158", "KRT18", "RAB31", "WT1", "ALDH1A2", "PMP22", "VIM", "ATF3"], "STAT3-18555785-MESC-MOUSE": ["ANKRD55", "ATP2A3", "SLC2A3", "GATA2", "HK2", "NUDT3", "SEL1L3", "SOCS2", "LAPTM4B", "MYC", "MYB", "PLXNA1", "IER2", "HSPA9", "GABBR2", "NQO1", "XBP1", "EGLN3", "YES1", "GOT1", "RHOG", "TRPV2", "ASNS", "ETV5", "UCK2", "GALE", "ARL4A", "NDUFAF4", "CASS4", "TFAM", "BCAT1", "FAM60A", "RAI14"], "SUZ12-20075857-MESC-MOUSE": ["DAZAP1", "POGK", "ATP2A3", "LAPTM4B", "HHEX", "CALB1", "CCND2", "PLAU", "MYC", "MYB", "DNMT3B", "CTSH", "PHACTR2", "PHLDA2", "PTRF", "CTSC", "ARG2", "PRKCB", "IGFBP4", "SYNGR3", "PDIA5", "RHOB", "RAB31", "FAM173A", "ALDH1A2", "ATF3", "RAI14", "CEBPB", "INPP1", "SHMT2", "AMIGO2", "GATA2", "SEL1L3", "RAB11FIP1", "LRRC8D", "PLXNA1", "PMAIP1", "LRRC8B", "SH2B3", "LYN", "GABBR2", "EGR1", "EGLN3", "TGFB1", "GCH1", "PLCL1", "GFPT1", "PDE4DIP", "FOSL1", "DAB2", "TMEM158", "KRT18", "WT1", "BHLHE40", "ZYX", "PMP22"], "AR-19668381-PC3-HUMAN": ["RBM28", "DAZAP1", "KIAA0020", "HK2", "IPO4", "LAPTM4B", "CCND2", "C1QBP", "MYB", "LONP1", "PHACTR2", "CTSC", "CEP55", "MEF2C", "DAPK1", "FNDC3B", "MRPS2", "DDX10", "SERPINB9", "TNFRSF1A", "RAB31", "SLCO4A1", "ALDH1A2", "BOLA2", "ATF3", "FAM60A", "ANKRD55", "SAMSN1", "RAP1B", "TAF1A", "LRRC8D", "PLTP", "SLC38A2", "MCL1", "HSPA9", "GABBR2", "TXNRD1", "PDE4DIP", "MSN", "TNFRSF10B", "YRDC", "GALE", "FABP5", "BAMBI", "PSAT1", "PMP22", "SLC25A32", "CD69", "CD24", "BCL2L1"], "SETDB1-19884257-MESC-mouse": ["IFITM3", "IDI1", "POGK", "DDX21", "SLC1A5", "CENPA", "ARHGAP22", "LIMA1", "LAPTM4B", "DNMT3B", "LRRC8D", "CTSH", "LRRC8B", "PLTP", "IER2", "RPL39L", "TGIF1", "SLC38A1", "EGLN3", "NOS3", "CMTM6", "FNDC3B", "MRPS2", "PDE4DIP", "LSR", "EBNA1BP2", "PSRC1", "RAB31", "WT1", "BAMBI", "ZYX", "SCG3", "FKBP4", "PFN1", "LY6E"], "RBPJ-21746931-IB4-LCL-HUMAN": ["IFITM3", "CBFB", "POGK", "CAPG", "CD3D", "MRPL4", "HHEX", "COTL1", "PHACTR2", "PRMT1", "PLK1", "FN1", "RHOG", "KRT10", "SYNGR3", "TNFRSF1A", "SLC7A5", "RAB31", "MTHFD2", "UBE2S", "POLR3D", "CCDC86", "TRIB3", "NAA15", "ITGA5", "BCAT1"], "RUNX2-22187159-PCA-HUMAN": ["CEBPB", "SLC20A1", "GBE1", "POGK", "ANKRD55", "CEBPG", "ITPR1", "CAPG", "ENO1", "SLC1A5", "GATA2", "SAMSN1", "HK2", "NUDT3", "SEL1L3", "MYB", "TAF1A", "PMAIP1", "SLC38A2", "S100A11", "CTSC", "SLC38A1", "EGFL7", "GOT1", "PRKCB", "DAPK1", "STARD8", "FN1", "FNDC3B", "MSN", "TNFRSF10B", "PA2G4", "ERAL1", "NOC3L", "MANF", "RHOB", "ARL4A", "SLCO4A1", "FDX1", "CKS2", "SCG3", "DHCR7", "ABCE1", "RAI14"], "REST-21632747-MESC-MOUSE": ["GATA2", "HK2", "SRM", "ARHGAP22", "CALB1", "GRPEL1", "RAC2", "PMAIP1", "HES1", "BID", "HSPA9", "EGLN3", "PRKCB", "DAPK1", "NOS3", "LRRC61", "ASNS", "KRT10", "DGKZ", "ARHGAP25", "MANF", "NME1", "UCK2", "SDPR", "SCG3", "BCAT1", "ATF3"], "AR-22383394-PROSTATE_CANCER-HUMAN": ["MEF2C", "DAPK1", "SLC20A1", "SLC35F2", "GBE1", "TXNRD1", "ANKRD55", "FN1", "FNDC3B", "TNFRSF10B", "UAP1", "SLC7A11", "PDIA5", "UCK2", "ARL4A", "FABP5", "WT1", "PSAT1", "DDIT4", "PMAIP1", "FAM3C", "BCL2L1", "RAI14"], "TCF4-23295773-U87-HUMAN": ["SLC35F2", "GBE1", "PDCD5", "PRF1", "KIAA0020", "SLC7A11", "PFAS", "LAPTM4B", "MYB", "COTL1", "KPNA2", "CD33", "MCCC2", "TGIF1", "SLC2A14", "PRKCB", "DAPK1", "WDR74", "RRAS2", "ETV5", "PDIA5", "ARL4A", "RAB31", "GARS", "SCG3", "BCAT1", "RAI14", "ANKRD55", "AMIGO2", "ITPR1", "SRM", "HSP90B1", "ARHGAP22", "SOCS2", "RAP1B", "GRPEL1", "EPB41L2", "SERF2", "RPL39L", "GABBR2", "TGFB1", "YES1", "GCH1", "PLCL1", "TXNRD1", "CMTM6", "FN1", "MSN", "ARHGAP25", "FABP5", "PSAT1", "CTH", "PMP22", "SLC25A32", "CD69", "DHCR7", "ESYT1", "INTS9"], "TP63-22573176-HFKS-HUMAN": ["DAZAP1", "ARPC5L", "SLC7A11", "HK2", "MRPL4", "LAPTM4B", "C1QBP", "ARHGDIB", "MYB", "DNMT3B", "LONP1", "CTSH", "SSSCA1", "PIM2", "IDH3A", "IER3", "ARG2", "CISH", "TPM4", "ACTR6", "FNDC3B", "MIF", "PDIA5", "TNFRSF1A", "RHOB", "GNL3", "TPST2", "SLC7A5", "PSRC1", "SLCO4A1", "ALDH1A2", "TFAM", "TAGLN2", "ITGA5", "PPIB", "LY6E", "IDI1", "INPP1", "SLC20A1", "SHMT2", "CEBPG", "SLC1A5", "CENPA", "ZMPSTE24", "EMG1", "FLNA", "S100A11", "LYN", "YARS", "GABBR2", "EGR1", "TGFB1", "JUND", "TXNRD1", "CMTM6", "PA2G4", "ERAL1", "NOC3L", "ARHGAP25", "HNRNPAB", "MLLT11", "CCT6A", "FCGR2A", "FABP5", "POLR3D", "ID1", "POLR3G", "ESYT1", "INTS9"], "BP1-19119308-Hs578T-human": ["LAPTM5"], "EZH2-22144423-EOC-HUMAN": ["GABBR2", "PRKCB"], "SMARCA4-23332759-OLIGODENDROCYTES-MOUSE": ["GBE1", "ENO1", "NUDT3", "ARHGAP22", "CCND2", "MYC", "LRRC8D", "PHACTR2", "PMAIP1", "CHAC1", "LRRC8B", "FAM3C", "SH2B3", "MCCC2", "TGIF1", "SLC38A1", "XBP1", "EGLN3", "DAPK1", "ACTR6", "PLCL1", "PLK1", "RPP40", "ASNS", "RRAS2", "IMP4", "MIR21", "ARHGAP25", "GNL3", "ARL4A", "DAB2", "KRT18", "PSAT1", "CTH", "BHLHE40", "PMP22", "VIM", "DHCR7", "BCAT1", "PPIB", "BCL2L1", "RAI14"], "SIN3B-21632747-MESC-MOUSE": ["IFITM2", "GMFG", "PAK1IP1", "PDCD5", "ARPC5L", "ATP2A3", "ENO1", "MRPL2", "CALB1", "CCND2", "DNMT3B", "PBK", "SSSCA1", "PTRF", "IER2", "CD53", "SRGN", "TGIF1", "CISH", "WDR74", "MRPS2", "DGKZ", "TNFRSF1A", "TUFM", "NME1", "EBNA1BP2", "ARL4A", "PSME3", "DDIT4", "NHP2", "CKS2", "TFAM", "CCDC86", "GARS", "SCG3", "FAM60A", "SHMT2", "INSIG1", "MAK16", "ITPR1", "NOLC1", "TIMM10", "GATA2", "MRPL12", "SRM", "SOCS2", "RAP1B", "EXOSC4", "ERI3", "PMAIP1", "MCL1", "YARS", "HSPA9", "EGLN3", "JUND", "HSPA5", "GOT1", "LRRC61", "ASNS", "HNRNPAB", "MANF", "MLLT11", "FOSL1", "UCK2", "GALE", "KRT18", "WT1", "NDUFAF4", "ID1", "BHLHE40", "MAFF", "ZYX", "CASS4", "VIM", "INTS9"], "SMAD4-21799915-A2780-HUMAN": ["SLC20A1", "ANKRD55", "AMIGO2", "ITPR1", "CALB1", "EPB41L2", "MYB", "RAC2", "LRRC8D", "LRRC8B", "SLC38A2", "S100A11", "CTSC", "CEP55", "GABBR2", "PRKCB", "DAPK1", "ACTR6", "SMAGP", "GFPT1", "LAPTM5", "PDE4DIP", "RRAS2", "DDX10", "MINA", "ETV5", "RHOB", "UCK2", "TMEM158", "WT1", "BAMBI", "CTH", "BHLHE40", "GARS", "GCLM", "BCAT1", "INTS9", "FAM60A"], "E2F7-22180533-HELA-HUMAN": ["NOLC1", "SLC1A5", "ESYT1"], "STAT3-23295773-U87-HUMAN": ["RBM28", "IFITM1", "DAZAP1", "GBE1", "HK2", "CD33", "CAP1", "MCCC2", "SLC2A14", "SLC38A1", "EGFL7", "PRKCB", "DAPK1", "FNDC3B", "WDR74", "RHOH", "ETV5", "RHOB", "RAB31", "DDIT4", "ANKRD55", "AMIGO2", "ITPR1", "TIMM10", "HMGCR", "SAMSN1", "SOCS2", "TCOF1", "EPB41L2", "TAF1A", "HES1", "LRRC8B", "GABBR2", "GCH1", "PLCL1", "TXNRD1", "FN1", "PDE4DIP", "ASNS", "MSN", "TNFRSF10B", "KRT10", "WT1", "POLR3D", "BHLHE40", "PMP22", "SLC25A32", "VIM", "INTS9", "BCL2L1", "SPC25"], "SUZ12-18974828-MESC-MOUSE": ["AMIGO2", "SLC7A11", "GATA2", "CALB1", "CCND2", "PLAU", "MYB", "PHLDA2", "PTRF", "MCL1", "LYN", "TGIF1", "GABBR2", "EGR1", "ARG2", "TGFB1", "IGFBP4", "FNDC3B", "PDE4DIP", "TNFRSF1A", "FOSL1", "RAB31", "WT1", "ALDH1A2", "PMP22", "VIM", "ATF3", "SPC25"], "TP63-17297297-HaCaT-human": ["DDIT4", "FDXR", "PMAIP1", "HES1", "ITGA5"]}