{"POLR2A_MCF-7_hg19": ["BTG2", "DAZAP1", "PGLYRP2", "CXCL14", "CTGF", "HS6ST3", "NSDHL", "NHSL1", "CDH1", "TRIM3", "NPTN", "ME1", "SLC25A42", "ATP6V1G1", "CAMK1D", "TOP3A", "HDHD2", "ALDH3A2", "SCG5", "FKBP7", "ACOT1", "PFKFB3", "INSIG2", "CCDC106", "HSD17B11", "SDSL", "HSD17B10", "SLC7A2", "HRSP12", "GLRA3", "MKNK2", "METTL5", "DVL3", "CYB5B", "MPST", "PTPN18", "PLK3", "FARP1", "HNRNPA3", "SMAGP", "TMEM132A", "COQ9", "TMCO1", "EFNA1", "MLXIPL", "EEPD1", "DNMBP", "UCK1", "GGCX", "CENPH", "SELM", "CTH", "BCL3", "NMU", "NDUFAF1", "BMPR1B"], "JUND_T47D_hg19": ["BCL3", "LMCD1"], "EP300_K562_hg19": ["BMP10", "DAZAP1", "PIGT", "CHRM4", "AQP8", "HSPB1", "HNMT", "CSAD", "CLINT1", "CDK5RAP1", "KIF21A", "MAP3K6", "SLC39A1", "LMCD1", "RRP15", "FADS1", "CAMK1D", "WSB1", "LRRC46", "DUSP1", "MRPS21", "CYBA", "HDHD2", "TLE6", "HAUS1", "NEIL3", "NME7", "TFR2", "SCG5", "IRF7", "FAM32A", "ITGB1BP1", "BLZF1", "PFKFB3", "TEX264", "PLD4", "CCDC106", "HSD17B11", "SDSL", "MRPL12", "HSD17B10", "FOXO1", "SOCS2", "MKNK2", "DHX38", "SFN", "REPS1", "NOP58", "HACE1", "YTHDF3", "GOT1", "ABCA3", "GINS4", "G0S2", "COQ7", "TBL3", "GGCX", "CENPH", "BCL6", "VAPB", "CTH", "HNRNPD", "NDUFAF1"], "CTCF_lung_hg19": ["ORM1", "PRKDC", "ABHD1", "HSD17B11", "MRPL12", "CLINT1", "HRSP12", "NPTN", "DHX38", "SLC25A42", "FADS1", "PLK3", "LRRC46", "FRMD4B", "EEPD1", "TBL3", "MRAS", "OAF", "CTH", "ETHE1", "FASN", "NMU", "FKBP7", "TSSK3", "ITGB1BP1", "LPIN1", "FOXA3"], "POLR2AphosphoS2_K562_hg19": ["DAZAP1", "CISD1", "HSPB1", "SYNE2", "NSDHL", "DBT", "CDK5RAP1", "NPTN", "PIM3", "MADCAM1", "SLC25A42", "RRP15", "ABCG8", "ABCG5", "FCER1G", "LRRC46", "PLLP", "MRPS21", "SLC25A15", "TFR2", "ETHE1", "SCG5", "TSSK6", "FAM32A", "PFKFB3", "PRKDC", "FBF1", "GMPR", "HSD17B11", "HSD17B10", "HRSP12", "SOCS3", "MKNK2", "METTL5", "DHX38", "SLC25A22", "REPS1", "FARP2", "MPST", "PTPN18", "FARP1", "EGR1", "DMPK", "G0S2", "MARCO", "MLXIPL", "FASN", "NMU", "NDUFAF1", "LPIN1"], "FOS_MCF 10A_hg19": ["PIGT", "HSPB1", "HNMT", "TMEM140", "CLINT1", "NSDHL", "CDH1", "DBT", "CDK5RAP1", "ME1", "PIM3", "JUNB", "RRP15", "AASS", "FADS1", "ATP6V1G1", "WSB1", "DUSP1", "MRPS21", "ELOVL6", "ALDH3A2", "NME7", "IRF7", "TSSK6", "DLD", "BLZF1", "HDAC3", "HSD17B11", "MRPL12", "HRSP12", "SOCS2", "RDH16", "VTI1A", "DHX38", "SLC38A2", "CYB5B", "PTPN18", "NOP58", "HACE1", "GOT1", "GINS4", "TMEM132A", "LYSMD3", "TTC39C", "ELL2", "TMCO1", "NUDT7", "DNMBP", "GGCX", "PDCD4", "NDUFAF1"], "HDAC2_K562_hg19": ["PDXK", "AQP8", "HSPB1", "CXCL1", "MRPL12", "TMEM70", "SOCS2", "NSDHL", "CDK5RAP1", "VTI1A", "SLC25A42", "ANKRD2", "JUNB", "SLC39A1", "LMCD1", "RRP15", "CYB5B", "SDS", "HSPA1L", "PLLP", "TOP3A", "PPP2R5A", "PSMB8", "INHBE", "GADD45G", "EEPD1", "NEIL3", "BCL6", "NMU", "BHLHE40", "SCG5", "ID3", "NDUFAF1", "CPEB2", "SLC22A7"], "TBP_K562_hg19": ["PFKFB3", "TEX264", "FBF1", "NENF", "GATA2", "HSD17B10", "FOXO1", "HRSP12", "TOP1MT", "SLC25A22", "FARP2", "CYB5B", "HNRNPA3", "ATP6V1G1", "YTHDF3", "SMAGP", "G0S2", "MRPS21", "CYBA", "GADD45G", "EFNA1", "NEIL3", "DNMBP", "ETHE1", "ITGB1BP1", "LPIN1", "FKBP4"], "MYC_MCF-7_hg19": ["DAZAP1", "CISD1", "CSAD", "CLINT1", "SYNE2", "ZFP36", "CDH1", "CDK5RAP1", "NPTN", "ME1", "KIF21A", "KIF21B", "SLC25A42", "NUDT14", "RRP15", "FADS1", "ATP6V1G1", "WSB1", "TOP3A", "PPP2R5A", "MRPS21", "NME5", "HDHD2", "SMC1B", "SLC25A15", "ETHE1", "SCG5", "FKBP7", "TSSK3", "FAM32A", "ITGB1BP1", "DLD", "HDAC3", "PRKDC", "SDSL", "MRPL12", "LRRC16A", "HSD17B10", "FOXO1", "SLC7A2", "ZFP36L1", "HRSP12", "GLRA3", "VTI1A", "SLC25A22", "REPS1", "CYB5B", "HNRNPA3", "HACE1", "YTHDF3", "TMEM132A", "COQ9", "LYSMD3", "ELL2", "TMCO1", "GADD45G", "NUDT7", "TBL3", "GGCX", "CENPH", "CTH", "FASN", "HNRNPD", "NDUFAF1"], "KDM5B_H1-hESC_hg19": ["BTG2", "ONECUT3", "ABHD1", "HSPB1", "CXCL14", "FSTL3", "HS6ST3", "DBT", "PIM3", "SLC39A1", "AASS", "GRIA4", "REPS1", "PLK3", "EGR1", "CAMK1D", "GPR37", "TYW5", "DIO1", "ST8SIA3", "PAX4", "G0S2", "SYN3", "EEPD1", "NMU", "HNRNPD", "ITGB1BP1"], "POLR2A_GM18526_hg19": ["INSIG2", "FBF1", "NENF", "HSD17B11", "HSD17B10", "NSDHL", "TCEAL3", "DBT", "CDK5RAP1", "VTI1A", "DVL3", "KCNN3", "FARP2", "GAMT", "MPST", "NOP58", "ATP6V1G1", "GINS4", "PPP2R5A", "MRPS21", "DNMBP", "UCK1", "MAFB", "GGCX", "ETHE1", "NDUFAF1"], "IRF3_HeLa-S3_hg19": ["CYB5B", "DAZAP1", "PIGT", "SHC3", "HSPA1L", "GOT1", "KLRC3", "GINS4", "PPP2R5A", "CCDC106", "COQ7", "TOB1", "TLE6", "HERPUD1", "INHBE", "NSDHL", "CTH", "DHX38", "SFN", "FAM32A", "SLC25A42", "SLC39A1", "SLC25A25", "ZSCAN2"], "MYC_NB4_hg19": ["PDXK", "PIGT", "PLD4", "AOAH", "SDSL", "HSD17B10", "HRSP12", "ZFP36", "CDK5RAP1", "SPP1", "STAP1", "DHX38", "PIM3", "KIF21B", "MPST", "HNRNPA3", "SMAGP", "MRPS21", "ABHD14B", "COQ9", "UCK1", "OAF", "SELM", "ETHE1", "PDCD4", "PRTN3", "FOXA3"], "ZNF143_HeLa-S3_hg19": ["PIGT", "MRPL12", "HSD17B10", "CLINT1", "CTGF", "HRSP12", "DBT", "CDK5RAP1", "ME1", "DVL3", "RRP15", "FADS1", "REPS1", "FARP2", "CYB5B", "CD74", "NOP58", "WSB1", "PPP2R5A", "ELOVL6", "DHFR", "MLXIPL", "UCK1", "NME7", "NDUFAF1", "BLZF1", "MYO1G"], "CTCF_Caco-2_hg19": ["CEBPB", "PIGT", "ABHD1", "MRPL12", "ZFP36L1", "HRSP12", "SOCS2", "TRIM3", "MKNK2", "VTI1A", "METTL5", "KIF21A", "ANKRD2", "SLC25A22", "FADS1", "REPS1", "CYB5B", "GAMT", "PTPN18", "SMAGP", "FRMD4B", "SLC25A15", "GGCX", "OAF", "FASN", "NMU", "GAS2", "TSSK3", "FOXA3"], "SMC3_GM12878_hg19": ["HSPB1", "CCDC106", "SDSL", "ZFP36L1", "SOCS2", "DBT", "CDK5RAP1", "ANKRD2", "FADS1", "GINS4", "ELOVL6", "FRMD4B", "COQ9", "HDHD2", "TMCO1", "HAUS1", "ALDH3A2", "SLC25A15", "EEPD1", "PEX5L", "DNMBP", "IRF7", "TSSK3", "NDUFAF1", "LPIN1", "FOXA3"], "MAX_HeLa-S3_hg19": ["PDXK", "HDAC3", "INSIG2", "FBF1", "CISD1", "HSPB1", "TMEM140", "FOXO1", "HRSP12", "FAM134B", "DBT", "METTL5", "DVL3", "SFN", "KCNN3", "KIF21B", "SLC39A1", "NUDT14", "SLC38A2", "RRP15", "GAMT", "MPST", "PLK3", "NOP58", "HNRNPA3", "YTHDF3", "HSPA1L", "KLRC3", "PLLP", "SMAGP", "ABCA3", "MRPS21", "LYSMD3", "TTC39C", "TLE6", "TMCO1", "MLXIPL", "TBL3", "UCK1", "CENPH", "NME7", "CTH", "NFIC", "HNRNPD", "ACOT1", "NDUFAF1", "BLZF1", "ZSCAN2"], "MAZ_GM12878_hg19": ["PIGT", "INSIG2", "HSD17B10", "TOP1MT", "CDK5RAP1", "METTL5", "DHX38", "KCNN3", "RRP15", "REPS1", "ZBP1", "GAMT", "ATP6V1G1", "YTHDF3", "TMEM132A", "G0S2", "MRPS21", "ABHD14B", "NME5", "HDHD2", "DHFR", "BCAN", "NUDT7", "UCK1", "BCL6", "ETHE1", "NDUFAF1"], "RELA_GM19099_hg19": ["PDXK", "PIGT", "CISD1", "HSD17B11", "TMEM140", "MRPL12", "HRSP12", "MKNK2", "CDK5RAP1", "ME1", "VTI1A", "METTL5", "STAP1", "PIM3", "JUNB", "SLC38A2", "RRP15", "NOP58", "HNRNPA3", "GOT1", "GINS4", "ELOVL6", "HDHD2", "TMCO1", "GGCX", "CENPH", "NDUFAF1"], "CTCF_K562_hg19": ["AQP8", "CISD1", "CXCL1", "ZDHHC1", "CSAD", "CLINT1", "SYNE2", "ZFP36", "TRIM3", "ME1", "KIF21A", "ANKRD2", "MAP3K6", "JUNB", "SLC39A1", "FADS1", "GAMT", "ATP6V1G1", "MRPS21", "FRMD4B", "SYN3", "SLC25A15", "OAF", "TFR2", "TSSK6", "DLD", "CEBPB", "PDXK", "INSIG2", "ABHD1", "HSD17B11", "MRPL12", "ZFP36L1", "HRSP12", "SOCS2", "MKNK2", "VTI1A", "METTL5", "SFN", "SLC25A22", "REPS1", "CYB5B", "PTPN18", "PLK3", "NOP58", "HACE1", "SMAGP", "ABCA3", "G0S2", "COQ9", "TMCO1", "DHFR", "NUDT7", "TBL3", "DNMBP", "GGCX", "FASN", "NMU", "NDUFAF1", "LPIN1", "CPEB2", "FOXA3"]}