{"H3K79me2_osteoblast_hg19": ["FBF1", "NENF", "HNMT", "SDSL", "TMEM140", "LRRC16A", "CSAD", "TOB1", "ZFP36L1", "TCEAL3", "TOP1MT", "DHX38", "SLC25A42", "JUNB", "MPST", "HSPA1L", "GINS4", "MRPS21", "CYBA", "COQ7", "HAUS1", "TBL3", "CENPH", "ID3", "NDUFAF1"], "H3K4me3_ES-E14_mm9": ["PIGT", "ABHD1", "CISD1", "CXCL1", "GPR83", "LRRC16A", "ZFP36L1", "HS6ST3", "FAM134B", "NSDHL", "NHSL1", "NFIL3", "TOP1MT", "CDK5RAP1", "DHX38", "SFN", "LMCD1", "STX4A", "NUDT14", "AASS", "FARP2", "PTPN18", "ZFP598", "GOT1", "ABCA8B", "BHMT2", "TOP3A", "HDHD2", "ETV6", "ALDH3A2", "SLC25A15", "NUDT7", "TBL3", "DNMBP", "GGCX", "ETHE1", "TCEA3", "NMU", "BHLHE40", "SCG5", "FKBP7", "THRSP", "PPARA", "BLZF1"], "H3K9ac_ES-E14_mm9": ["C920021L13RIK", "ABHD1", "GPR83", "HSD17B11", "KLK8", "HS6ST3", "RELN", "NFIL3", "MSANTD2", "TOP1MT", "ZFP385A", "JUNB", "PTPN18", "GPR37", "GOT1", "TYW5", "BHMT2", "ABCA3", "1810055G02RIK", "1190002N15RIK", "TMCO1", "ETV6", "ALDH3A2", "ETHE1", "THRSP", "BLZF1"], "H2AFZ_endothelial cell of umbilical vein_hg19": ["PIGT", "ZDHHC1", "MRPL12", "HERPUD1", "HS6ST3", "HRSP12", "FAM134B", "ZFP36", "NRIP2", "TOP1MT", "VTI1A", "SLC39A1", "LMCD1", "MPST", "PTPN18", "HACE1", "LRRC46", "SYT9", "COQ7", "GADD45G", "TBL3", "GGCX", "CTH", "FAM32A", "ITGB1BP1", "PPARA"], "H3K9ac_K562_hg19": ["BTG2", "ABHD1", "FBF1", "LGALSL", "CXCL1", "HNMT", "SDSL", "TMEM140", "LRP6", "RAB20", "GLRA3", "TRIM3", "CDK5RAP1", "SPIN1", "VTI1A", "DHX38", "PTPN18", "PLK3", "ABCG5", "SDS", "GPR37", "WSB1", "GOT1", "TYW5", "PLLP", "SPAG4", "ABHD14B", "APOA4", "HDHD2", "TMCO1", "ETV6", "EEPD1", "TBL3", "DNMBP", "GGCX", "CENPH", "NME7", "ETHE1", "PDCD4", "FKBP7", "MAGIX", "ITGB1BP1", "NDUFAF1", "LPIN1", "BLZF1", "ZSCAN2"], "H3K36me3_H1-hESC_hg19": ["HDAC3", "MRPL12", "HIGD1B", "CACNG8", "SPIN1", "SLC25A42", "SLC25A22", "ADIG", "MPST", "FCER1G", "YTHDF3", "HGD", "DUSP1", "DIO1", "MRPS21", "LYSMD3", "TMCO1", "DHFR", "SLC25A15", "EEPD1", "VAPB", "IGLL1", "ID3", "ITGB1BP1", "CPEB2", "ZSCAN2"], "H3K4me3_NT2-D1_hg19": ["ABHD1", "CXCL1", "GPR83", "GATA2", "LRRC16A", "KLK8", "HRSP12", "GLRA3", "VTI1A", "DHX38", "SLC39A1", "PTPN18", "EGR1", "HSPA1L", "GOT1", "SPAG4", "ABHD14B", "COQ9", "LYSMD3", "SEPT3", "TBL3", "CENPH", "NMU", "ITGB1BP1", "NDUFAF1", "ZSCAN2"], "H3K27me3_A549_hg19": ["SHC3", "CRABP2", "GRIK5", "TAT", "ABHD1", "CPNE6", "GPR83", "CHRDL2", "FAM134B", "OTOA", "RAB20", "GLRA3", "NFIL3", "AMDHD1", "STAP1", "KCNN3", "KIF21B", "SLC38A2", "AASS", "GRIA4", "FARP1", "EGR1", "CAMK1D", "PLLP", "ST8SIA3", "PAX4", "FRMD4B", "ASS1", "SEPT3", "FABP2", "TNNT1", "GAS2", "GAS6", "PPARA", "FOXA3", "ZSCAN2", "C1QC"], "H4K20me1_B cell_hg19": ["CRABP2", "TEX264", "NENF", "SOCS3", "FAM134B", "ZFP36", "RAB20", "DVL3", "JUNB", "SLC25A22", "SLC25A25", "EGR1", "ATP6V1G1", "LRRC46", "DUSP1", "PSMB8", "TMCO1", "GADD45G", "EFNA1", "COL2A1", "FASN", "MORN3", "BHLHE40", "ID3", "FAM32A", "DLD"], "H3K36me3_K562_hg19": ["BTG2", "CCDC106", "GATA2", "MRPL12", "CSAD", "SOCS2", "SOCS3", "RAB20", "DHX38", "SLC25A42", "SLC38A2", "SLC25A25", "FADS1", "MPST", "EGR1", "FCER1G", "HSPA1L", "DUSP1", "GINS4", "TOP3A", "TMEM132A", "MRPS21", "TMCO1", "INHBE", "HAUS1", "DHFR", "BCAN", "UCK1", "TFR2", "FASN", "BHLHE40", "TSSK3", "FAM32A", "FKBP4", "LPIN2"], "H3K4me3_cardiac mesoderm_hg19": ["CRABP2", "LGALSL", "CXCL1", "GPR83", "CHRDL2", "CSAD", "TOB1", "CXCL14", "SYNE2", "HERPUD1", "AFF2", "ZFP36L1", "HS6ST3", "ZFP36", "NHSL1", "CDH1", "TCEAL3", "AMDHD1", "ME1", "VTI1A", "PIM3", "MAP3K6", "JUNB", "NOP58", "CAMK1D", "GPR37", "HSPA1L", "TYW5", "ST8SIA3", "PPP2R5A", "MRPS21", "FRMD4B", "NME5", "SYT9", "POU4F3", "EFNA1", "EEPD1", "NEIL3", "COL2A1", "BCL6", "ARTN", "OAF", "BCL3", "GAS2", "ID3", "TSSK3", "FAM32A", "CPEB2"], "H3K4me3_CD14-positive monocyte_hg19": ["TEX264", "FBF1", "LGALSL", "CXCL1", "MRPL12", "LRRC16A", "CXCL14", "LRP6", "ZFP36L1", "HRSP12", "NSDHL", "CDH1", "STAP1", "DHX38", "KCNN3", "MAP3K6", "RRP15", "MPST", "PTPN18", "HNRNPA3", "GPR37", "LRRC46", "NKX2-6", "TYW5", "PLLP", "SMAGP", "ELOVL6", "COQ9", "NME5", "PSMB8", "SEPT3", "TMCO1", "SMC1B", "ALDH3A2", "TBL3", "CENPH", "NME7", "OAF", "CTH", "ID3", "TSSK3", "PRTN3", "ITGB1BP1", "NDUFAF1", "PPARA", "CPEB2", "BLZF1", "ZSCAN2"], "H4K20me1_H1-hESC_hg19": ["HDAC3", "GRIK5", "CPNE6", "CXCL14", "TMEM70", "HS6ST3", "RELN", "CDH1", "METTL5", "ANKRD2", "MPST", "GPR37", "NKX2-6", "GINS4", "ARID5A", "CYBA", "FRMD4B", "INHBE", "POU4F3", "NFIC", "TCEA3", "SCG5", "TSSK3", "RAMP1", "DLD", "C1QC"], "H3K4me3_A549_hg19": ["LGALSL", "CXCL1", "TMEM140", "CHRDL2", "ZDHHC1", "AFF2", "HS6ST3", "SLC25A42", "JUNB", "LMCD1", "TYW5", "PLLP", "ABHD14B", "ELOVL6", "FRMD4B", "SYN3", "SEPT3", "MRAS", "OAF", "FKBP7", "ITGB1BP1", "PPARA", "BLZF1", "HDAC3", "CRABP2", "PRKDC", "FGL1", "ABHD1", "FBF1", "GPR83", "SDSL", "TOB1", "GLRA3", "TCEAL3", "AMDHD1", "METTL5", "DHX38", "FARP2", "NOP58", "GOT1", "SMAGP", "G0S2", "COQ9", "TBL3", "CENPH", "CTH", "QPCT", "NMU", "NDUFAF1", "CPEB2", "ZSCAN2"], "H4K20me1_HepG2_hg19": ["PFKFB3", "PIGT", "HDAC3", "GMPR", "MRPL12", "CSAD", "TMEM70", "LRP6", "SOCS3", "CDK5RAP1", "PPY", "KIF21A", "KIF21B", "EGR1", "LRRC46", "TYW5", "ABCC8", "SEPT3", "DHFR", "MAFB", "ARTN", "ID3", "ITGB1BP1", "EPPK1", "RAMP1", "DLD"], "H3K4me3_fibroblast of lung_hg19": ["BTG2", "LGALSL", "HSPB1", "CXCL1", "TMEM140", "ZDHHC1", "CSAD", "CXCL14", "SYNE2", "CTGF", "HERPUD1", "HS6ST3", "DBT", "TRIM3", "ME1", "MAP3K6", "JUNB", "SLC39A1", "CAMK1D", "TYW5", "PLLP", "BHMT2", "TOP3A", "PPP2R5A", "ELOVL6", "FRMD4B", "NME5", "HDHD2", "ALDH3A2", "BCAN", "NEIL3", "MRAS", "COL2A1", "GAS2", "IRF7", "ACOT1", "TSSK3", "SHC3", "HDAC3", "CRABP2", "ABHD1", "FBF1", "GPR83", "SDSL", "GATA2", "TOB1", "SLC7A2", "FSTL3", "ZFP36L1", "RELN", "NRIP2", "VTI1A", "DHX38", "PTPN18", "GOT1", "SYT9", "COQ7", "TMCO1", "GADD45G", "DLK2", "MLXIPL", "PEX5L", "TBL3", "CTH", "TCEA3", "ID3", "NDUFAF1", "CPEB2", "ZSCAN2"], "H3K4me3_K562_hg19": ["BTG2", "AQP8", "CISD1", "LGALSL", "CXCL1", "TMEM140", "CSAD", "HERPUD1", "ZFP36", "CDK5RAP1", "PIM3", "MAP3K6", "LMCD1", "CAMK1D", "GPR37", "TYW5", "PLLP", "DUSP1", "TOP3A", "PPP2R5A", "MRPS21", "HDHD2", "ETV6", "OAF", "ETHE1", "SCG5", "IRF7", "FKBP7", "ITGB1BP1", "PPARA", "DLD", "BLZF1", "CRABP2", "ABHD1", "FBF1", "TOB1", "FSTL3", "RAB20", "GLRA3", "VTI1A", "KCNN3", "MPST", "PLK3", "YTHDF3", "HSPA1L", "SPAG4", "TMEM132A", "G0S2", "COQ9", "TMCO1", "EFNA1", "EEPD1", "TBL3", "DNMBP", "SELM", "BCL3", "NDUFAF1", "CPEB2", "ZSCAN2"], "H3K27ac_fibroblast of lung_hg19": ["FBF1", "CISD1", "HSPB1", "CXCL1", "NENF", "HNMT", "HSD17B11", "TMEM140", "ZDHHC1", "MRPL12", "LRRC16A", "HERPUD1", "ZFP36L1", "NSDHL", "DBT", "TRIM3", "VTI1A", "DHX38", "MAP3K6", "JUNB", "SLC39A1", "RRP15", "SLC25A25", "AASS", "EGR1", "YTHDF3", "DMPK", "HSPA1L", "GOT1", "TYW5", "SMAGP", "SPAG4", "MRPS21", "HDHD2", "COQ7", "TBL3", "CENPH", "HNRNPD", "FKBP7", "ID3", "ACOT1", "ITGB1BP1", "NDUFAF1", "LPIN1", "CPEB2", "ZSCAN2"], "H3K27ac_K562_hg19": ["PFKFB3", "FBF1", "CXCL1", "HNMT", "SDSL", "TMEM140", "HSD17B10", "RELN", "CDK5RAP1", "CYB5B", "MPST", "PLK3", "FCER1G", "YTHDF3", "TOP3A", "MRPS21", "ABHD14B", "CYBA", "COQ9", "LYSMD3", "HDHD2", "TMCO1", "SLC25A15", "TBL3", "CENPH", "ZSCAN2"], "H3K9ac_myotube_hg19": ["PFKFB3", "FITM1", "HSD17B11", "TMEM140", "ZDHHC1", "MRPL12", "LRRC16A", "NRAP", "VTI1A", "DHX38", "GGT1", "SLC25A25", "MPST", "PTPN18", "YTHDF3", "GOT1", "TYW5", "SPAG4", "TOP3A", "LYSMD3", "HDHD2", "ALDH3A2", "OAF", "CTH", "ITGB1BP1", "PPARA"]}