{"MTF2-20144788-MESC-MOUSE": ["KHDRBS2", "ZFP367", "COL12A1", "FHL2", "EFNA5", "SLC7A1", "SLC22A17", "UAP1L1", "HS1BP3", "ACAD11", "RAB6B", "ZFP612", "ABCC3", "FBXW4", "EPHA7", "OSBPL6", "MECR", "ANKRD27", "SIAH2", "PCDH7", "VPS13C", "KCNJ14", "KLHDC1", "PDE4DIP", "UBE2W", "TBC1D1", "SLC26A8", "TMCC2", "JDP2"], "EBNA2-21746931-IB4-LCL-HUMAN": ["HERPUD2", "ABCD4", "SUV39H2", "HELQ", "C2CD3", "SEMA3B", "EIF2AK3", "FUT2", "TAZ", "DISP1", "SLC7A5", "KLHL5", "IRAK2", "LCN2", "TRIB3", "GPR155", "ZKSCAN1", "GPR19"], "GATA2-20887958-HPC-7-MOUSE": ["USP6NL", "CARS", "SEC16B", "OPN3", "ZER1", "ANKRD27", "ZFP202", "FHL2", "DARS2", "SLC30A1", "BRCA1", "TBC1D1", "CEP70", "SLC26A8", "TMCC2", "HS1BP3", "CHAC1", "PIGL", "RHEBL1"], "SUZ12-20075857-MESC-MOUSE": ["OTUB2", "KHDRBS2", "COL12A1", "SEMA3B", "ANKRD12", "LAMA3", "FHL2", "SLC1A4", "EFNA5", "SLC7A1", "SLC22A17", "MYC", "UAP1L1", "TIMP3", "PHACTR1", "UGGT2", "GPR155", "RAB6B", "SH2B2", "PLS1", "ABCC3", "IQCB1", "FBXW4", "ABCA2", "EPHA7", "OSBPL6", "MECR", "ANKRD27", "SIAH2", "PCDH7", "EPHX2", "KLHDC1", "PDE4DIP", "SLC4A7", "TBC1D1", "CYP2U1", "ITGA8", "TMCC2", "MET", "JDP2"], "SCL-21571218-MEGAKARYOCYTES-HUMAN": ["ABCC3", "MECR", "ANKRD27", "C1S", "DENND4A", "SIAH2", "IFRD1", "KLHDC1", "ATG10", "PASK", "ST7L", "DCTD", "TBC1D1", "DGUOK", "SENP7", "FAM167A", "SLC6A9", "NME6", "MTHFD2", "TMCC2", "HS1BP3", "PCMTD1", "GPR19"], "RUNX1-20887958-HPC-7-MOUSE": ["CARS", "SEC16B", "ABCA2", "ANKRD27", "DARS2", "TMEM53", "BRCA1", "LIAS", "TBC1D1", "DDIT3", "UAP1L1", "CEP70", "FLOT1", "ZFP692", "PIGL"], "SRY-25088423-EMBRYONIC GONADS-MOUSE": ["INVS", "SUV420H2", "OTUB2", "RNF31", "MUS81", "PLAG1", "GRIK5", "SEMA3B", "ANKRD12", "ZC3H8", "TAZ", "EFNA5", "GMPPB", "FAM122A", "FAM120C", "UAP1L1", "CEP70", "TIMP3", "NUDT18", "EIF4EBP3", "FAM55B", "SH2B2", "ANKRD28", "FBXW4", "YIPF2", "PCDH7", "RHBDF2", "PDE4DIP", "SLC30A1", "WWP2", "NR1D2", "ALG1", "SMARCA1", "INHBE", "LYRM1", "SLC7A5", "IRF3", "APLF", "LCN2", "TMCC2", "BCAT1", "ZFP451"], "SOX9-22984422-TESTIS-RAT": ["MARS", "PASK"], "RBPJ-21746931-IB4-LCL-HUMAN": ["HERPUD2", "ABCD4", "SUV39H2", "C2CD3", "SEMA3B", "FUT2", "TAZ", "SLC7A1", "PHACTR1", "EIF4EBP3", "GPR155", "HELQ", "IFT140", "KCNJ14", "ZFYVE20", "EIF2AK3", "CTNS", "DISP1", "SLC7A5", "IFT88", "KLHL5", "MTHFD2", "TRIB3", "FAM76B", "BCAT1", "GPR19"], "RUNX2-22187159-PCA-HUMAN": ["PRKAA2", "AASDH", "ZAK", "FAM13A", "CEBPG", "COL12A1", "FHL2", "ZBTB20", "CHD2", "EFNA5", "SLC7A1", "LPP", "ENOX2", "EEA1", "SENP7", "SACS", "NEK1", "PHACTR1", "AP3S1", "SH2B2", "PCMTD1", "PRMT6", "SEC16B", "ARHGEF10", "HELQ", "TSTD2", "PCDH7", "VPS13C", "EPHX2", "ZFYVE20", "SETMAR", "OCRL", "SMARCA1", "GRHL1", "DCTD", "SLC4A7", "TBC1D1", "FAM167A", "ARHGEF9", "IFT88", "ZZZ3", "SLTM", "KLHL8", "WDR5B", "MDM4", "FAM76B", "MPHOSPH8"], "LMO2-20887958-HPC-7-MOUSE": ["DCLRE1B", "CARS", "OTUB2", "SEC16B", "HELQ", "ANKRD27", "USP33", "OCRL", "BRCA1", "LPP", "TBC1D1", "SENP7", "CEP70", "FLOT1", "SLC26A8", "HS1BP3", "PIGL"], "TP63-22573176-HFKS-HUMAN": ["ABCD4", "MDC1", "SLC46A1", "SLC7A11", "BRCA1", "PHF7", "HERPUD1", "SLC22A17", "NARS2", "FLOT1", "NEK1", "TIMP3", "PWWP2A", "NUDT18", "EID2B", "ABCC3", "HEMK1", "IFT140", "RHBDF2", "ATG10", "OCRL", "ST7L", "TBC1D1", "SLC7A5", "MET", "CEBPG", "SEMA3B", "FAM35A", "CDCA7", "SLC1A4", "KRCC1", "LPP", "IRAK2", "THEM4", "SMYD4", "HS1BP3", "UGGT2", "VARS2", "ZKSCAN1", "NHEJ1", "YARS", "CCDC134", "SEC16B", "OSBPL6", "CEP152", "EPHX2", "TMCO4", "GRHL1", "SLC4A7", "ADCK2", "ZFP62", "XPNPEP3", "ADCK4", "CCDC62"], "EGR1-19374776-THP-1-human": ["BRCA1", "ATF4"], "REST-21632747-MESC-MOUSE": ["SUV420H2", "C2CD3", "GRIK5", "TULP4", "EFNA5", "KRCC1", "STYXL1", "EEA1", "GJA1", "FAM178A", "IRAK2", "SESN2", "ZXDC", "CEP70", "PLCE1", "FAM55B", "SH2B2", "SEC16B", "SHPRH", "VPS13C", "HAGHL", "EIF2AK3", "ASNS", "PARP14", "CPPED1", "KLHL7", "GOLGB1", "TCEA3", "BCAT1"], "JUN-21703547-K562-HUMAN": ["PRMT6", "KHDRBS2", "IDUA", "GRIK5", "COL12A1", "EIF2AK3", "MCM10", "EFNA5", "LPP", "DCTD", "EEA1", "NME6", "PRKD3", "MYC", "NARS2", "CEP70", "FAM55B", "GPR19"], "SPI1-20517297-HL60-HUMAN": ["HEMK1", "ANKRD12", "ZFYVE20", "ZBTB20", "MCM10", "FUT2", "PALB2", "EEA1", "SENP7", "ZBTB6", "PACS2", "CYP2U1", "SLC22A17", "SGSM2", "CC2D2A", "RAB6B"], "GATA1-22025678-K562-HUMAN": ["NPRL3"], "ZNF263-19887448-K562-human": ["SLC7A5", "SLC3A2", "SUPT3H"], "E2F7-22180533-HELA-HUMAN": ["RIF1", "CDCA7", "BRCA1"], "EZH2-22144423-EOC-HUMAN": ["ITGA8"]}