{"SP4 (human)": ["SLC30A1"], "MYC::MAX (human)": ["FLOT1"], "REST (human)": ["FLOT1"], "INSM1 (human)": ["FLOT1"], "PLAG1 (human)": ["FLOT1"], "NR1H2::RXRA (human)": ["FLOT1"], "NFYB (human)": ["DDIT3"], "MIZF (human)": ["FLOT1"], "TAL1::TCF3 (human)": ["FLOT1"], "RXR::RAR_DR5 (human)": ["FLOT1"], "CTCF (human)": ["FLOT1"], "RREB1 (human)": ["FLOT1"], "TLX1::NFIC (human)": ["FLOT1"], "RXRA::VDR (human)": ["FLOT1"], "Evi1 (mouse)": ["SLTM"], "NME2 (human)": ["MYC", "WWP2"], "RORA_2 (human)": ["FLOT1"], "NHLH1 (human)": ["FLOT1"], "IRF1 (human)": ["FLOT1"], "EWSR1-FLI1 (human)": ["FLOT1"]}