{"H3K79me2 H9": ["HERPUD2", "RNF31", "LRSAM1", "ANKRD12", "SLC3A2", "PHF7", "NUDT6", "STYXL1", "MBTD1", "FAM178A", "SLC22A17", "DVL2", "SLC38A9", "PRMT6", "CTC1", "XBP1", "HELQ", "YIPF2", "TSTD2", "METTL1", "SECISBP2", "ZFYVE20", "DCTD", "IRF3", "ATF4"], "H3K36me3 iPS DF 19.11": ["USP6NL", "INVS", "SETD2", "COL12A1", "FHL2", "FAM208A", "ZC3H6", "BRCA2", "DHTKD1", "HERPUD1", "FAM178A", "C1QTNF5", "PWWP2A", "ACAD11", "EID2B", "ABCC3", "ZER1", "TSTD2", "SLC30A1", "ST7L", "DCTD", "LATS1", "TBC1D1", "PACS2", "SLTM", "MTHFD2", "JDP2", "STX16", "CEBPG", "ANKRD12", "LAMA3", "CDCA7", "FUT2", "LPP", "STYXL1", "MBTD1", "DVL2", "FNIP1", "UGGT2", "GPR155", "RAB6B", "PURG", "YARS", "ANKRD28", "CTC1", "OSBPL6", "ANKRD27", "SLC10A7", "SIAH2", "PCDH7", "EIF2AK3", "PDE4DIP", "ASNS", "WWP2", "NR1D2", "MERTK", "TMCO4", "PALB2", "MYO9A", "TTC17", "PSAT1", "TCEA3", "CAPRIN2", "POLR3F", "TMCC2", "FBXL4"], "H3K4me1 Stomach Mucosa": ["DCLRE1B", "SUV420H2", "SUV39H2", "SAMD9L", "RIF1", "COL12A1", "DHTKD1", "SLC22A17", "NARS2", "CC2D2A", "SLC35A5", "EID2B", "PRMT6", "ABCC3", "IQCB1", "CCDC39", "EPHA7", "SZT2", "TBCCD1", "TSTD2", "METTL1", "IFT140", "SECISBP2", "IFRD1", "TINF2", "SPICE1", "DARS2", "PASK", "SIRT3", "PACS2", "CYP2U1", "PLAG1", "AASDH", "IDUA", "SLC3A2", "EFNA5", "MBTD1", "FIGNL1", "CEP70", "SMYD4", "CAMTA2", "GPR155", "RAB6B", "PURG", "PCK2", "ANKRD28", "CCDC134", "CTC1", "SEC16B", "ABCA2", "OPN3", "OSBPL6", "HELQ", "SLC10A7", "CEP152", "PCDH7", "KLHDC1", "IFT122", "CTNS", "PARP14", "PALB2", "TTC17", "ALDH6A1", "ZBTB6", "ADCK2", "PSAT1", "CTH", "APLF", "POLR3F", "WDR5B", "TMCC2", "RHEBL1", "DZIP3", "CCDC62"], "H2BK15ac H1": ["USP6NL", "HERPUD2", "MDC1", "SETD2", "DGKE", "C2CD3", "SLC7A11", "BRCA2", "HERPUD1", "EEA1", "ACAD11", "PRMT6", "DYNC2H1", "FBXW4", "HEMK1", "METTL1", "TMEM198B", "TINF2", "DARS2", "ACOT13", "TBC1D2B", "GPCPD1", "SUPT3H", "ST7L", "TBC1D1", "PACS2", "SLTM", "NME6", "MTHFD2", "BCAT1", "OTUB2", "RNF31", "C1S", "SEMA3B", "FAM35A", "LAMA3", "CDCA7", "KLHL12", "SLC3A2", "SLC7A1", "LPP", "MBTD1", "RNF213", "CEP70", "THEM4", "TMEM209", "CAMTA2", "FNIP1", "YARS", "CCDC134", "ANKRD27", "MBD6", "DENND4A", "SIAH2", "PCDH7", "NR1D2", "MYO9A", "CPPED1", "INHBE", "FAM167A", "IBTK", "ADCK2", "KLHL7", "CAPRIN2", "SGSM2", "LCN2", "SLC26A8", "ADCK4"], "H3K36me3 Colonic Mucosa": ["ST7L", "INVS", "CARS", "GMPPB", "FBXW4", "SZT2", "DVL2", "THEM4", "SLC30A1", "CAMTA2", "ACAD11"], "H2BK12ac IMR90": ["CARS", "HERPUD2", "MUS81", "SAMD9L", "PTPRQ", "TMEM53", "IKZF2", "BRCA2", "CHD2", "HERPUD1", "EEA1", "GJA1", "MYC", "SESN2", "NARS2", "CASP4", "AP3S1", "ACAD11", "NUDT13", "PLS1", "SZT2", "IFRD1", "ATG10", "ACOT13", "GPCPD1", "SUPT3H", "DISP1", "ST7L", "IFT88", "DDIT3", "MET", "C1S", "SEMA3B", "FAM35A", "SLC3A2", "LPP", "FXR1", "IRAK2", "YARS", "OPN3", "PCDH7", "WWP2", "NR1D2", "TMCO4", "PARP14", "INHBE", "IBTK", "CAPRIN2", "ADCK4"], "H3K79me2 H1": ["RNF31", "THUMPD2", "BRCA1", "LIAS", "KRCC1", "MBTD1", "MYC", "DVL2", "AP3S1", "ACAD11", "UGGT2", "MORC2", "ZSWIM3", "SZT2", "XBP1", "HELQ", "TBCCD1", "TSTD2", "SECISBP2", "SLC33A1", "TOP3A", "ZFYVE20", "IFT122", "ALG1", "MYO9A", "INHBE", "ALDH6A1", "MARS", "WDR5B", "ATF4"], "H3K4me1 Peripheral Blood Mononuclear Primary Cells": ["USP6NL", "GRAMD1C", "RIF1", "ZAK", "CDCA7", "ZBTB20", "MCM10", "ZC3H6", "BRCA2", "TAZ", "NUDT6", "FXR1", "HINT3", "FAM120C", "MYC", "CEP70", "THEM4", "NEK1", "AP3S1", "ACAD11", "FNIP1", "SLC35A5", "MORC2", "ZRANB3", "DYNC2H1", "CCDC39", "SHPRH", "CEP152", "VPS13C", "WDR19", "ATG10", "SPICE1", "PDE4DIP", "ASNS", "WWP2", "SUPT3H", "DISP1", "DCTD", "IFT88", "CYP2U1", "CTH", "PIGA", "GOLGB1", "APLF", "BCAT1", "DZIP3", "ATF4"], "H3K4me1 Pancreatic Islets": ["DCLRE1B", "SUV39H2", "LRSAM1", "AASDH", "MBTD1", "FAM178A", "FIGNL1", "ZMYM6", "NARS2", "CEP70", "SACS", "NEK1", "PLCE1", "CC2D2A", "MORC2", "ZSWIM3", "PLS1", "CCDC134", "EPHA7", "MECR", "HELQ", "EPHX2", "IFRD1", "SPICE1", "ASNS", "WWP2", "TBC1D2B", "PARP14", "SUPT3H", "DCTD", "ALDH6A1", "IBTK", "KLHL5", "NME6", "ZFP62", "MARS", "DDIT3", "APLF", "MET", "GPR19"], "H3K9me3 Colon Smooth Muscle": ["ZMYM6", "ARHGAP39"], "H3K36me3 H9": ["DCLRE1B", "CARS", "HERPUD2", "SUV39H2", "KHDRBS2", "RIF1", "STX16", "SEMA3B", "ANKRD12", "CDCA7", "TULP4", "TMEM180", "BRCA1", "LIAS", "FUT2", "LPP", "STYXL1", "DHTKD1", "SNAPC5", "FAM122A", "CEP70", "DVL2", "FNIP1", "DYNC2H1", "CCDC134", "ABCA2", "TBCCD1", "DENND4A", "PCDH7", "SECISBP2", "SLC33A1", "DARS2", "PDE4DIP", "PASK", "FAM167A", "ZZZ3", "CYP2U1", "NME6", "MTHFD2", "ADCK4", "PIGL", "ATF5"], "H3K9me3 Adult Kidney": ["ZMYM6", "ARHGAP39", "THNSL2"], "H4K20me1 IMR90": ["RECQL4", "MUS81", "CTC1", "SZT2", "PACS2", "KCNJ14", "TOP3A", "ANKRD12", "ATF4"], "H2AK5ac H9": ["SUV420H2", "RIF1", "CSTF3", "CDCA7", "SLC3A2", "TMEM53", "SLC7A11", "LIAS", "BRCA2", "STYXL1", "DHTKD1", "SNAPC5", "MBTD1", "GJA1", "SLC22A17", "SACS", "HS1BP3", "PCK2", "PRMT6", "YARS", "CCDC134", "CTC1", "ABCA2", "TIA1", "XBP1", "TMEM198B", "IFRD1", "ATG10", "SETMAR", "NR1D2", "ALDH6A1", "SLC6A9", "IRF3", "MTHFD2", "CTH", "DDIT3", "MDM4", "ADCK4", "AARS"], "H3K9me3 CD8 Naive Primary Cells": ["PTPRQ", "THEM4", "ARHGAP39"], "H3K36me3 iPS DF 6.9": ["USP6NL", "HERPUD2", "MUS81", "SETD2", "DGKE", "ZAK", "ZC3H8", "FAM208A", "BRCA1", "SESN2", "PWWP2A", "PCMTD1", "PRMT6", "TSTD2", "TOP3A", "SLC30A1", "PASK", "THNSL2", "ST7L", "DCTD", "TBC1D1", "PACS2", "CYP2U1", "SLTM", "MTHFD2", "PRKD3", "TRIB3", "FAM76B", "BCAT1", "JDP2", "ATF4", "OTUB2", "STX16", "FAM35A", "ANKRD12", "LAMA3", "CDCA7", "TULP4", "EFNA5", "MBTD1", "IRAK2", "FIGNL1", "SMYD4", "CAMTA2", "EIF4EBP3", "RAB6B", "OSBPL6", "SLC10A7", "YIPF2", "PCDH7", "EPHX2", "KLHDC1", "HAGHL", "EIF2AK3", "CTNS", "NR1D2", "MERTK", "TMCO4", "PALB2", "MYO9A", "FAM167A", "ZZZ3", "PSAT1", "GOLGB1", "SGSM2", "ADCK4"], "H3K36me3 Fetal Lung": ["DCLRE1B", "SETD2", "ZZZ3", "SLC10A7", "CEP152", "GOLGB1", "MIER1", "ZFYVE20", "CTNS", "LIAS", "UGGT2", "MYO9A"], "H3K79me2 IMR90": ["DCLRE1B", "INVS", "HERPUD2", "RNF31", "LRSAM1", "PLAG1", "SLC3A2", "LIAS", "TAZ", "NUDT6", "BPHL", "STYXL1", "GMPPB", "CAMTA2", "AP3S1", "UGGT2", "MORC2", "PCMTD1", "ZSWIM3", "PCK2", "XBP1", "HELQ", "TBCCD1", "YIPF2", "TSTD2", "TOP3A", "ZFYVE20", "OCRL", "NR1D1", "DISP1", "IRF3", "PSAT1", "XPNPEP3", "MET", "DZIP3", "ATF4"], "H3K4me1 Adult Liver": ["SUV420H2", "SUV39H2", "C2CD3", "ZBTB20", "MCM10", "ZC3H6", "SLC7A11", "PHF7", "IKZF2", "NUDT6", "GMPPB", "SLC22A17", "NARS2", "PWWP2A", "NUDT18", "PLCE1", "PRMT6", "DYNC2H1", "IQCB1", "CCDC39", "ARHGEF10", "SZT2", "SHPRH", "TBCCD1", "TSTD2", "ATG10", "PASK", "SUPT3H", "LATS1", "SLC7A5", "PACS2", "PIGA", "DDIT3", "ITGA8", "BCAT1", "PLAG1", "AASDH", "LAMA3", "SLC3A2", "EFNA5", "SLC7A1", "ENOX2", "CEP70", "THEM4", "TMEM209", "CAMTA2", "EIF4EBP3", "UGGT2", "RAB6B", "MORC2", "ZSWIM3", "PURG", "ZRANB3", "YARS", "CTC1", "ABCA2", "OSBPL6", "SLC10A7", "YIPF2", "CEP152", "PCDH7", "WDR19", "KLHDC1", "ASNS", "CTNS", "TMCO4", "ZBTB6", "XPNPEP3", "APLF", "LCN2", "POLR3F", "TMCC2", "RHEBL1", "DZIP3", "CCDC62", "GPR19"], "H3K9me3 CD4+ CD25- Th Primary Cells": ["PLCE1", "ARHGAP39"]}