{"GTGGTGA,MIR-197": ["BRCA1"], "TATCTGG,MIR-488": ["MIER1"], "GCAAGGA,MIR-502": ["RNF31"], "CAGGTCC,MIR-492": ["UBE2W"], "GTGTCAA,MIR-514": ["ARHGEF9"], "AGTTCTC,MIR-146A,MIR-146B": ["RNF31"], "CAGTCAC,MIR-134": ["EPHA7"], "GTGTGAG,MIR-342": ["ZAK"], "ATAACCT,MIR-154": ["BRCA1"], "GGTGAAG,MIR-412": ["BRCA1"], "TCCCCAC,MIR-491": ["MBD6"], "TCTGGAC,MIR-198": ["MET"], "CTCAAGA,MIR-526B": ["GMPPB"], "CAAGGAT,MIR-362": ["PIGA"], "GTATGAT,MIR-154,MIR-487": ["ABCD4"], "TAGGTCA,MIR-192,MIR-215": ["GRHL1"], "GCAAGAC,MIR-431": ["COL12A1"], "ACAACCT,MIR-453": ["MYC"], "GTAAGAT,MIR-200A": ["SHPRH"], "GCTCTTG,MIR-335": ["AP3S1"]}