{"TEAD4_MCF-7_hg19": ["TIA1", "KLHL5", "SEMA3B", "ZC3H6", "ACAD11"], "NANOG_H1-hESC_hg19": ["RIF1", "GOLGB1", "DVL2", "RHEBL1"], "POLR2AphosphoS2_HeLa-S3_hg19": ["USP6NL", "INVS", "SUV420H2", "PRKAA2", "AASDH", "ZAK", "FAM13A", "BRCA1", "LIAS", "PLS1", "ZRANB3", "IQCB1", "HEMK1", "OSBPL6", "MECR", "YIPF2", "RHBDF2", "WDR19", "IFRD1", "EIF2AK3", "IFT122", "WWP2", "DISP1", "IFT88", "CYP2U1", "SLTM", "PIGA", "KLHL8", "APLF", "LCN2", "ADCK4", "MET", "MPHOSPH8"], "RAD21_K562_hg19": ["DCLRE1B", "GRAMD1C", "SETD2", "C1S", "ZAK", "COL12A1", "KLHL12", "FXR1", "SNAPC5", "EEA1", "HINT3", "IRAK2", "MYC", "CEP70", "NEK1", "CAMTA2", "HS1BP3", "EIF4EBP3", "FNIP1", "NHEJ1", "EID2B", "DYNC2H1", "ABCA2", "OSBPL6", "VPS13C", "ACOT13", "OCRL", "NR1D2", "MERTK", "PARP14", "SUPT3H", "SIRT3", "IFT81", "TRIB3"], "MAX_GM12878_hg19": ["INVS", "KHDRBS2", "SLC46A1", "AASDH", "ZAK", "CEBPG", "TMEM53", "CHD2", "BPHL", "SNAPC5", "RECQL4", "FAM122A", "GPR155", "ZKSCAN1", "ZRANB3", "FBXW4", "CCDC39", "SZT2", "TIA1", "SHPRH", "TBCCD1", "TOP3A", "TINF2", "ZFYVE20", "MED9", "PASK", "MYO9A", "SUPT3H", "IFT81", "PSAT1", "DDIT3", "PIGL", "RHEBL1", "AARS"], "POLR3A_K562_hg19": ["TIA1", "ZBTB6", "CTH", "MDM4", "NUDT13"], "CTCF_CH12.LX_mm9": ["HERPUD2", "MUS81", "SAMD9L", "DGKE", "ZFP202", "RNF14", "THUMPD2", "ARHGAP39", "SNAPC5", "FAM122A", "HINT3", "MYC", "EID2B", "FBXW4", "HEMK1", "SECISBP2", "RHBDF2", "TINF2", "SLC30A1", "OCRL", "GPCPD1", "ST7L", "TBC1D1", "CYP2U1", "NME6", "MTHFD2", "ITGA8", "TRIB3", "PRKAA2", "C1S", "IDUA", "SLC1A4", "IRAK2", "CEP70", "DVL2", "HS1BP3", "VARS2", "NHEJ1", "AAMDC", "CTC1", "ABCA2", "OSBPL6", "CEP152", "SIAH2", "IFT122", "WWP2", "INHBE", "IBTK", "ZZZ3", "MARS", "GOLGB1", "APLF", "POLR3F", "TMCC2", "ADCK4", "PAXBP1"], "TBP_K562_hg19": ["LRSAM1", "AASDH", "CSTF3", "FAM13A", "BRCA1", "GMPPB", "ENOX2", "RECQL4", "FIGNL1", "NARS2", "SMYD4", "AP3S1", "RAB6B", "IQCB1", "SHPRH", "HELQ", "RHBDF2", "IFRD1", "TINF2", "CTNS", "ACOT13", "TBC1D2B", "OCRL", "MERTK", "SLC6A9", "IRF3", "SLTM", "NME6", "PIGA", "SGSM2", "POLR3F", "PIGL", "RHEBL1"], "ARID3A_K562_hg19": ["USP6NL", "ABCD4", "RIF1", "STX16", "ZAK", "BRCA1", "NUDT6", "RECQL4", "DGUOK", "HINT3", "FIGNL1", "NEK1", "CAMTA2", "FNIP1", "ZKSCAN1", "ZSWIM3", "PLS1", "IQCB1", "OPN3", "OSBPL6", "ANKRD27", "CEP152", "ASNS", "NR1D1", "GPCPD1", "PALB2", "UBE2W", "SLC7A5", "MTHFD2", "KLHL7", "MARS", "TMCC2", "MDM4", "AARS"], "POLR2A_cortical plate_mm9": ["KHDRBS2", "DGKE", "FAM13A", "THUMPD2", "KLHL12", "CHD2", "GMPPB", "ENOX2", "NMRK1", "UAP1L1", "CEP70", "SACS", "PWWP2A", "TMEM209", "UGGT2", "ZKSCAN1", "SH2B2", "DYNC2H1", "ARL14EP", "OPN3", "MECR", "DARS2", "OCRL", "GRHL1", "THNSL2", "ALDH6A1", "CTH", "XPNPEP3", "SGSM2", "MDM4", "PIGL", "DZIP3"], "TBP_GM12878_hg19": ["CARS", "HERPUD2", "RIF1", "STX16", "SLC1A4", "ZC3H6", "BRCA1", "STYXL1", "DGUOK", "HINT3", "EIF4EBP3", "CHAC1", "EID2B", "ZSWIM3", "BBS2", "MECR", "HELQ", "MBD6", "WDR19", "KLHDC1", "TINF2", "ZFYVE20", "SPICE1", "CTNS", "ALG1", "FAM167A", "IBTK", "ZZZ3", "KLHL7", "PIGA", "DDIT3", "PIGL"], "MYBL2_HepG2_hg19": ["INVS", "CARS", "HERPUD2", "MUS81", "LRSAM1", "CSTF3", "THUMPD2", "CHD2", "STYXL1", "SNAPC5", "DGUOK", "DVL2", "SMYD4", "PCMTD1", "SZT2", "CEP152", "SLC33A1", "IFT122", "DARS2", "ACOT13", "GPCPD1", "RC3H2", "TTC17", "IRF3", "SLTM", "DDIT3", "MDM4", "PIGL"], "CTCF_medulloblastoma_hg19": ["DCLRE1B", "ABCD4", "GRAMD1C", "MUS81", "SUV39H2", "C1S", "C2CD3", "ZAK", "LAMA3", "CDCA7", "MCM10", "FXR1", "SNAPC5", "EEA1", "HINT3", "IRAK2", "SLC22A17", "PLCE1", "CAMTA2", "HS1BP3", "EID2B", "DYNC2H1", "IQCB1", "ABCA2", "OSBPL6", "MECR", "VPS13C", "ACOT13", "OCRL", "GPCPD1", "MYO9A", "SIRT3", "ALDH6A1", "MARS"], "RAD21_MEL cell line_mm9": ["ABCD4", "MUS81", "MDC1", "SAMD9L", "SETD2", "C2CD3", "RNF14", "THUMPD2", "ARHGAP39", "SNAPC5", "FAM122A", "MYC", "EID2B", "SHPRH", "IFT140", "SECISBP2", "RHBDF2", "TINF2", "SETMAR", "SLC30A1", "OCRL", "GPCPD1", "NME6", "ITGA8", "TRIB3", "FAM76B", "C1S", "IDUA", "SLC1A4", "IRAK2", "CEP70", "CAMTA2", "HS1BP3", "NHEJ1", "AAMDC", "CTC1", "ABCA2", "OPN3", "CEP152", "IFT122", "ASNS", "GRHL1", "INHBE", "ZZZ3", "MARS", "GOLGB1", "NABP1", "TMCC2", "RHEBL1", "PAXBP1"], "MAFK_GM12878_hg19": ["INVS", "MUS81", "ARHGEF9", "SLC10A7", "TBC1D2B", "NUDT6"], "TAF1_GM12891_hg19": ["HERPUD2", "MUS81", "RIF1", "CSTF3", "NPRL3", "SLC7A11", "BRCA2", "CHD2", "KRCC1", "STYXL1", "DHTKD1", "DGUOK", "NUDT18", "EIF4EBP3", "FNIP1", "ZKSCAN1", "IQCB1", "HEMK1", "XBP1", "MECR", "HELQ", "TSTD2", "SECISBP2", "TINF2", "MED9", "PALB2", "ZZZ3", "SLTM", "MTHFD2", "CTH", "KLHL7", "DDIT3", "PIGL"], "ESRRA_HepG2_hg19": ["ABCA2", "MED9", "GPCPD1", "BPHL"], "JUND_T47D_hg19": ["SUV420H2", "PLCE1", "PLS1"], "RAD21_IMR-90_hg19": ["GRAMD1C", "C1S", "C2CD3", "KLHL12", "SLC7A11", "DHTKD1", "ENOX2", "GJA1", "FAM178A", "SLC22A17", "SESN2", "PWWP2A", "PLCE1", "HS1BP3", "EIF4EBP3", "FNIP1", "DYNC2H1", "ABCA2", "SZT2", "VPS13C", "WDR19", "TINF2", "ATG10", "IFT122", "DARS2", "CTNS", "ACOT13", "OCRL", "NR1D2", "GRHL1", "SUPT3H", "DCTD", "ALDH6A1", "PIGL", "MET", "JDP2"], "REST_PFSK-1_hg19": ["SUV39H2", "LRSAM1", "C2CD3", "STX16", "AASDH", "KLHL12", "SLC3A2", "ZC3H6", "LIAS", "CHD2", "KRCC1", "STYXL1", "EEA1", "SENP7", "RNF213", "DVL2", "SMYD4", "TMEM209", "ZKSCAN1", "TIA1", "HELQ", "YIPF2", "SECISBP2", "ACOT13", "MERTK", "GPCPD1", "PALB2", "TTC17", "UBE2W", "ZZZ3", "SLTM", "MTHFD2", "KLHL7", "POLR3F", "MDM4", "FAM76B", "PIGL", "ATF4"]}