{"H4K20me1_mammary epithelial cell_hg19": ["RNF31", "DGKE", "GRIK5", "FAM35A", "SLC3A2", "SNAPC5", "MBTD1", "HINT3", "SLC22A17", "SESN2", "NEK1", "AP3S1", "PRMT6", "BBS2", "ARHGEF10", "SHPRH", "XBP1", "VPS13C", "NR1D2", "SLC4A7", "SLTM", "TRIB3", "ADCK4", "ATF5", "JDP2", "ATF4"], "H3K4me3_foreskin fibroblast_hg19": ["OTUB2", "SAMD9L", "SETD2", "LAMA3", "ZBTB20", "SLC1A4", "TMEM53", "FXR1", "SENP7", "FAM178A", "FIGNL1", "UAP1L1", "THEM4", "AP3S1", "ACAD11", "GPR155", "CC2D2A", "NHEJ1", "PLS1", "CCDC39", "SHPRH", "ANKRD27", "MBD6", "YIPF2", "METTL1", "PCDH7", "SECISBP2", "EPHX2", "SPICE1", "SETMAR", "MED9", "OCRL", "NR1D2", "SUPT3H", "ST7L", "TBC1D1", "FAM167A", "ARHGEF9", "ZBTB6", "KLHL5", "ITGA8", "TRIB3", "FAM76B", "MPHOSPH8", "ATF4"], "H2AFZ_HepG2_hg19": ["DGKE", "FAM13A", "FHL2", "BRCA2", "BPHL", "FXR1", "DGUOK", "IRAK2", "THEM4", "NEK1", "SLC38A9", "ACAD11", "DYNC2H1", "CCDC134", "IQCB1", "FBXW4", "ZER1", "HELQ", "TSTD2", "TOP3A", "ZFYVE20", "RC3H2", "DISP1", "CYP2U1", "NME6", "GOLGB1", "APLF", "PIGL"], "H3K4me1_megakaryocyte_mm9": ["KHDRBS2", "SLC46A1", "FHL2", "ZC3H8", "MCM10", "CASP12", "ZXDC", "C1QTNF5", "SACS", "ZFP280D", "UGGT2", "CC2D2A", "RAB6B", "PURG", "ZFP612", "DYNC2H1", "ABCC3", "IQCB1", "CCDC39", "ARHGEF10", "OSBPL6", "HELQ", "PDE4DIP", "MERTK", "TBC1D1", "FAM167A", "IFT88", "CYP4F17", "ADCK2", "CYP2U1", "IFT81", "PRKD3", "ADCK4", "MET"], "H3K9me1_keratinocyte_hg19": ["OTUB2", "SUV39H2", "SLC46A1", "DGKE", "GRIK5", "SEMA3B", "TMEM180", "TMEM53", "RECQL4", "SLC22A17", "SESN2", "HS1BP3", "CHAC1", "ACAD11", "XBP1", "MBD6", "DENND4A", "CEP152", "VPS13C", "ZFYVE20", "TBC1D2B", "PARP14", "PALB2", "UBE2W", "NME6", "PRKD3", "MARS", "APLF", "TMCC2"], "H3K4me1_K562_hg19": ["DCLRE1B", "GRAMD1C", "LRSAM1", "PRKAA2", "RIF1", "USP33", "GRIK5", "CEBPG", "FHL2", "TMEM180", "MCM10", "SLC3A2", "FAM208A", "BRCA2", "SNAPC5", "IRAK2", "FIGNL1", "CEP70", "PLCE1", "CAMTA2", "HS1BP3", "ACAD11", "UGGT2", "SH2B2", "NHEJ1", "YARS", "OSBPL6", "IFT140", "RHBDF2", "KLHDC1", "HAGHL", "OCRL", "MERTK", "TMCO4", "SUPT3H", "DISP1", "TBC1D1", "CYP2U1", "SLC6A9", "PSAT1", "CAPRIN2", "LCN2", "MDM4", "ATF5", "RHEBL1", "GPR19"], "H3K27me3_brain_mm9": ["LAMA3", "FHL2", "TULP4", "EFNA5", "LPP", "CHAC1", "ZFP280D", "RAB6B", "SH2B2", "ABCC3", "ANKRD28", "IQCB1", "FBXW4", "OSBPL6", "EPHX2", "PDE4DIP", "ASNS", "OCRL", "MERTK", "TMCO4", "SMARCA1", "TBC1D1", "SLC6A9", "PRKD3", "TRIB3", "BCAT1", "MET"], "H3K4me1_H1-hESC_hg19": ["RIF1", "COL12A1", "FHL2", "SLC1A4", "BRCA2", "FUT2", "NUDT6", "HERPUD1", "SENP7", "FAM178A", "IRAK2", "FIGNL1", "PLCE1", "UGGT2", "GPR155", "CC2D2A", "SLC35A5", "ZSWIM3", "CCDC134", "ABCA2", "OSBPL6", "MECR", "EPHX2", "KLHDC1", "TINF2", "CYP2U1", "PSAT1", "ADCK4"], "H3K36me3_cardiac mesoderm_hg19": ["DCLRE1B", "SUV420H2", "RNF31", "MUS81", "LRSAM1", "TULP4", "SLC3A2", "PHF7", "LIAS", "SNAPC5", "GMPPB", "RECQL4", "SLC22A17", "MIER1", "DVL2", "THEM4", "EIF4EBP3", "NUDT13", "PRMT6", "IQCB1", "HELQ", "YIPF2", "METTL1", "SECISBP2", "KCNJ14", "ACOT13", "ZBTB6", "ZFP62", "PRKD3", "MARS", "TCEA3", "MDM4", "ATF5", "ATF4"], "H4K20me1_keratinocyte_hg19": ["GRIK5", "SEMA3B", "FAM35A", "SLC3A2", "STYXL1", "RECQL4", "FAM122A", "FAM178A", "SLC22A17", "MYC", "C1QTNF5", "DVL2", "PLCE1", "CHAC1", "ACAD11", "SLC35A5", "BBS2", "ARHGEF10", "SZT2", "SLC30A1", "MYO9A", "RC3H2", "ST7L", "UBE2W", "IRF3", "MTHFD2", "DDIT3", "CAPRIN2"], "H3K36me3_K562_hg19": ["SUV420H2", "RNF31", "MUS81", "LRSAM1", "CSTF3", "NPRL3", "ZC3H8", "SLC3A2", "BRCA1", "PHF7", "SLC7A1", "KRCC1", "MYC", "DVL2", "THEM4", "CHAC1", "GPR155", "NUDT13", "PCK2", "FBXW4", "CTC1", "HEMK1", "XBP1", "METTL1", "SLC33A1", "KCNJ14", "TOP3A", "IFRD1", "DARS2", "MED9", "ALG1", "PALB2", "INHBE", "ST7L", "IRF3", "TRIB3", "ATF5", "ATF4"], "H2AFZ_endothelial cell of umbilical vein_hg19": ["USP6NL", "DGKE", "PLAG1", "MCM10", "BPHL", "LPP", "HERPUD1", "RECQL4", "SENP7", "NARS2", "NEK1", "PWWP2A", "PLCE1", "TMEM209", "AP3S1", "ACAD11", "FNIP1", "ZSWIM3", "PLS1", "SZT2", "YIPF2", "RHBDF2", "CTNS", "PALB2", "DCTD", "CTH", "GOLGB1", "APLF", "MDM4", "RHEBL1"], "H3K4me3_brain microvascular endothelial cell_hg19": ["OTUB2", "RNF31", "LAMA3", "ZBTB20", "TMEM53", "EFNA5", "KRCC1", "HERPUD1", "FXR1", "FAM178A", "UAP1L1", "THEM4", "NUDT18", "CCDC134", "SHPRH", "ANKRD27", "MBD6", "SIAH2", "PCDH7", "EPHX2", "KLHDC1", "SETMAR", "THNSL2", "RC3H2", "SLC16A13", "LATS1", "TBC1D1", "PACS2", "FAM76B", "JDP2"], "H3K4me2_keratinocyte_hg19": ["SUV39H2", "PRKAA2", "C1S", "PLAG1", "BRCA1", "TAZ", "NUDT6", "BPHL", "PLCE1", "CHAC1", "CC2D2A", "ZRANB3", "HELQ", "ANKRD27", "METTL1", "EPHX2", "TMEM198B", "ATG10", "PASK", "TMCO4", "PALB2", "SLC16A13", "TBC1D1", "CYP2U1", "NME6", "POLR3F", "WDR5B", "SLC26A8", "TMCC2"], "H3K4me3_SK-N-SH_hg19": ["ZAK", "LAMA3", "ZBTB20", "FAM208A", "TMEM53", "TAZ", "LPP", "HERPUD1", "FXR1", "FAM178A", "UAP1L1", "ZMYM6", "THEM4", "CTC1", "SHPRH", "MBD6", "PCDH7", "RHBDF2", "KLHDC1", "PDE4DIP", "SETMAR", "CTNS", "OCRL", "SLC16A13", "LATS1", "TBC1D1", "PACS2", "NME6", "JDP2"], "H3K4me3_fibroblast of villous mesenchyme_hg19": ["FAM35A", "LAMA3", "TMEM180", "ZBTB20", "TMEM53", "SLC7A1", "LPP", "FAM178A", "UAP1L1", "SACS", "THEM4", "CAMTA2", "CC2D2A", "CTC1", "MBD6", "SIAH2", "SETMAR", "OCRL", "GRHL1", "CPPED1", "SUPT3H", "SLC16A13", "TBC1D1", "TRIB3", "FAM76B", "FBXL4", "MPHOSPH8", "JDP2", "GPR19"], "H3K9me1_K562_hg19": ["MUS81", "MDC1", "FHL2", "TMEM180", "TMEM53", "BRCA2", "KRCC1", "BPHL", "HERPUD1", "CEP70", "PWWP2A", "TMEM209", "AP3S1", "ZKSCAN1", "ARHGEF10", "HELQ", "DARS2", "SETMAR", "OCRL", "NR1D1", "INHBE", "DISP1", "DCTD", "LATS1", "PACS2", "IRF3", "PIGL", "ATF5", "ATF4"], "H4K20me1_osteoblast_hg19": ["RNF31", "RIF1", "IDUA", "TULP4", "PHF7", "FUT2", "TAZ", "SNAPC5", "DVL2", "PLCE1", "ACAD11", "ZKSCAN1", "NHEJ1", "EID2B", "PRMT6", "CCDC134", "ZER1", "YIPF2", "IFT140", "KCNJ14", "NR1D1", "PASK", "MERTK", "ALDH6A1", "PACS2", "IRF3", "FAM76B", "MPHOSPH8", "ATF4"], "H3K4me3_WERI-Rb-1_hg19": ["INVS", "CCDC39", "LRSAM1", "ZAK", "PCDH7", "TMEM198B", "COL12A1", "KLHDC1", "MED9", "OCRL", "SLC1A4", "PASK", "PARP14", "BPHL", "SLC16A13", "TBC1D1", "ZZZ3", "SLC6A9", "TRIB3", "ACAD11", "MPHOSPH8", "JDP2", "ATF4"], "H3K4me1_HeLa-S3_hg19": ["CARS", "OTUB2", "SAMD9L", "C2CD3", "USP33", "THUMPD2", "LIAS", "FUT2", "KRCC1", "FAM178A", "NARS2", "FAM55B", "CC2D2A", "MORC2", "ZKSCAN1", "NHEJ1", "NUDT13", "SEC16B", "IFT140", "ASNS", "SETMAR", "ALG1", "INHBE", "FAM167A", "MTHFD2", "LCN2", "MDM4", "PIGL"]}