{"MYC::MAX (human)": ["VARS"], "REST (human)": ["VARS"], "PBX1 (human)": ["LYN", "VARS"], "INSM1 (human)": ["VARS"], "NR1H2::RXRA (human)": ["VARS"], "EBF1 (mouse)": ["SLC2A3"], "NFYB (human)": ["FCGR2A", "ID1"], "MIZF (human)": ["VARS"], "SOX2 (human)": ["C21ORF59", "TRIB3"], "RXR::RAR_DR5 (human)": ["VARS"], "CTCF (human)": ["VARS"], "HNRNPK (human)": ["INPP1"], "RXRA::VDR (human)": ["VARS"], "ESR2 (mouse)": ["SOCS2", "SEL1L3"], "RREB1 (human)": ["VARS"], "PLAG1 (human)": ["VARS"], "NHLH1 (human)": ["VARS"], "EWSR1-FLI1 (human)": ["VARS"], "IRF1 (human)": ["VARS"], "TLX1::NFIC (human)": ["VARS"]}