{"SPI1-22790984-ERYTHROLEUKEMIA-MOUSE": ["GTF3C1", "ANKRD37", "TGIF2", "NARF", "ELOVL5", "OSGIN1", "ELOVL6", "HMGCR", "FADS2", "C1QTNF1", "RABEP2", "PQLC1", "COTL1", "FDXR", "PHLDA2", "PCDH1", "JUNB"], "FOXP3-21729870-TREG-HUMAN": ["INO80C", "HEXIM2", "CCDC12", "STARD10", "PIK3R3", "TMEM170B", "ATAD3A", "DNM2", "TMEM71", "PIKFYVE", "GALE", "POC1A", "TXNIP", "PAFAH1B3"], "VDR-23849224-CD4+-HUMAN": ["INO80C", "ANKRD37", "ENDOG", "NARF", "DUSP1", "URM1", "ARRDC2", "C1GALT1", "WDR4", "ALG13", "TMEM71", "LBH", "GFOD2", "S100A13", "NFKBIE", "LDLR"], "ZFX-18555785-MESC-mouse": ["PANK3", "TTYH2", "INSIG1", "ZFAND2A", "CDCA7L", "HMGCR", "SOCS3", "CHST10", "SC5D", "CLSPN", "JUNB", "GLUL", "PDK1", "HES6", "FAHD1", "ENDOG", "ARRDC2", "TREX1", "MCRS1", "APEX2", "ATAD3A", "ACLY", "PFKL", "TST", "FASN", "GFOD2", "GAS8", "TMEM45A"], "POU5F1-18347094-MESC-mouse": ["EOMES", "HES6", "RBM14", "TGIF2", "DUSP1", "URM1", "C1GALT1", "ZFP608", "ELOVL6", "HMGCR", "HSD17B7", "DHRS3", "HK2", "SOCS3", "FASN", "CHST10", "GLUL", "PHLDA1", "YPEL2"], "RUNX2-22187159-PCA-HUMAN": ["NRN1", "WDR4", "VTCN1", "AACS", "HK2", "MYLK", "LFNG", "SNTG2", "DACT2", "CYP1B1", "NINL", "WNT4", "STARD4", "ENDOG", "DUSP1", "BNIP3", "MX2", "SIGMAR1", "OSGIN1", "ALG13", "APEX2", "TMEM170B", "SORCS2", "TGFBR2", "DAP", "BDH1", "DHCR7", "RCOR2"], "REST-21632747-MESC-MOUSE": ["ARRDC4", "RIPK3", "FAM46C", "ZFAND2A", "KRT10", "GTF2E1", "DHRS3", "HK2", "CYP51", "ADAMTS4", "GCHFR", "MSRA", "DAP", "RABEP2", "OPA3", "RRAGD", "SC5D", "CYP1B1", "ROPN1L", "PCDH1", "FADS1"], "DCP1A-22483619-CHIP-SEQ-HELA": ["ANG"], "JARID1A-20064375-MESC-MOUSE": ["NDRG4", "NDUFA7", "FAHD1", "MVK", "URM1", "ZFAND2A", "MCRS1", "WDR4", "ATAD3A", "DEDD2", "DHODH", "GALE", "RABEP2", "MORN4", "MTF1", "RNF113A1"], "FOXO3-22982991-MACROPHAGES-MOUSE": ["GTF3C1", "SLC25A1", "IDI1", "STARD4", "DUSP1", "PIK3R1", "TMEM170B", "FAM213A", "GTF2E1", "ACAT2", "DHODH", "DAP", "RABEP2", "MTF1", "OPA3", "RRAGD", "POC1A", "FDXR", "FAM64A", "GLUL"], "FOXP1-22492998-STRATIUM-MOUSE": ["LDLR"], "TCF4-23295773-U87-HUMAN": ["INO80C", "SLC2A1", "TGFA", "VTCN1", "HIGD1A", "GTF2E1", "SH3RF1", "WISP2", "MYLK", "NKAIN1", "SNN", "SNTG2", "LBH", "TP53INP1", "COTL1", "NDN", "PGM1", "SNTA1", "GCH1", "FAM46C", "DUSP1", "SORCS2", "TGFBR2", "MSRA", "DAP", "PIKFYVE", "MGP", "PMP22", "ANG", "DHCR7", "LCP1", "YPEL2", "TMEM45A"], "AR-20517297-VCAP-HUMAN": ["MVK", "CITED1", "FBXO27", "STARD10", "KRT10", "HAPLN3", "TMEM170B", "TM7SF2", "SOCS3", "CLDN15", "BDH1", "GPRIN1", "CHST10", "RRAGD", "TP53INP1", "CYP1A1", "POC1A", "TXNIP", "PGM1", "PDK1"], "BCL11B-21912641-STHDH STRIATAL CELLS-MOUSE": ["LDLR"], "CEBPB-20176806-THIOMACROPHAGE-MOUSE": ["HEXIM2", "NDRG4", "DUSP1", "JMJD6", "LFNG", "GCHFR", "SLC9A3R1", "C1QTNF1", "TST", "PRR15L", "FDXR", "RAB17", "GBP2", "PHLDA1", "FADS1"], "SMARCA4-23332759-OLIGODENDROCYTES-MOUSE": ["ARRDC4", "SLC25A1", "ELOVL5", "URM1", "CDCA7L", "C1GALT1", "TGFA", "ZFP608", "ELOVL6", "SH3RF1", "MYLK", "SQLE", "DAP", "SNTG2", "ADAMTS1", "CYP1A1", "PMP22", "RGD1310769", "CYP1B1", "DHCR7", "HIST1H2AF", "PHLDA1", "PDK1", "SNTA1"], "KDM5B-21448134-MESC-MOUSE": ["GTF3C1", "PANK3", "NRN1", "ZFAND2A", "SLC2A1", "TCHH", "TGFA", "HMGCR", "HOXD10", "GTF2E1", "FADS2", "CSRP2", "NAMPT", "CLSPN", "LDLR", "PDK1", "FDFT1", "EOMES", "HEXIM2", "NDUFA7", "STARD4", "ARG1", "BNIP3", "TREX1", "ALG13", "LSS", "DHRS3", "CYP51", "JMJD6", "ACLY", "ARL4D", "MSRA", "SQLE", "PIKFYVE", "PTRH2", "PMP22"], "STAT3-23295773-U87-HUMAN": ["INO80C", "ACSS2", "PANK3", "ZFAND2A", "MGST1", "PIK3R3", "HMGCR", "HK2", "SH3RF1", "TMEM71", "LFNG", "NKAIN1", "SNTG2", "LBH", "OPA3", "NAMPT", "GBP2", "PGM1", "PDK1", "RBM14", "TGIF2", "CCDC12", "GCH1", "ELOVL5", "C1GALT1", "KRT10", "TMEM170B", "SORCS2", "MYL4", "MSRA", "DAP", "PMP22"], "STAT6-21828071-BEAS2B-HUMAN": ["ARRDC2"], "TP63-17297297-HaCaT-human": ["FASN", "FDXR"]}