{"SMAD3 (human)": ["NDRG4"], "NFE2L1 (human)": ["CHST10"], "TBX5 (human)": ["TM7SF2"], "STAT1 (mouse)": ["OPA3"], "NFE2L2 (human)": ["STARD10"], "IRF9 (human)": ["ISG15"], "MYCN (human)": ["ROPN1L"], "RORA_1 (human)": ["ROPN1L"], "CEBPE (human)": ["COTL1"], "PPARG::RXRA (mouse)": ["MYLK"], "RUNX1 (mouse)": ["POC1A"], "HNRNPK (human)": ["OSGIN1"], "PBX1 (human)": ["MCRS1"], "MAFB (human)": ["SQLE"], "Myf (human)": ["TNFRSF25"], "Hand1::Tcfe2a (mouse)": ["BTG2"], "SMAD3 (mouse)": ["PRR15L"], "NFATC2 (human)": ["MVD"], "MIR210 (human)": ["NRN1"], "NME2 (human)": ["CLDN15"]}