{"H3K4me1 Neurosphere Cultured Cells Cortex Derived": ["ANKRD37", "CITED1", "HSPB8", "ZFAND2A", "FBXO27", "WDR4", "ECI2", "HSPB2", "CELSR2", "WFDC2", "MYLK", "ADAMTS4", "NSDHL", "DACT2", "CYP1B1", "ROPN1L", "PHLDA2", "PHLDA1", "PGM1", "SCN1B", "FADS1", "EOMES", "HES6", "STARD4", "TGIF2", "RIPK3", "ARRDC2", "ALG13", "ATAD3A", "LSS", "PRM3", "TGFBR2", "TST", "PRR15L", "PTRH2", "RRAGD", "GFOD2", "FAM64A", "ANG", "TMEM45A", "GTF3C1", "INO80C", "NDRG4", "ACSS2", "MVK", "RWDD2A", "TGFA", "HSD17B7", "GTF2E1", "NKAIN1", "EBP", "SNTG2", "POC1A", "NDN", "KCNMB4", "CLSPN", "DUOX2", "NDUFA7", "FAHD1", "GCH1", "FAM46C", "MCRS1", "OSGIN1", "APEX2", "DHRS3", "PTRHD1", "DHODH", "KBTBD3", "GALE", "MGP", "CYP1A1", "PXMP4", "RAB17", "NFKBIE", "RCOR2"], "H3K27me3 Adipose Nuclei": ["TSLP", "PMP22", "CYP1B1", "SORCS2"], "H3K27ac Brain Mid Frontal Lobe": ["SLC25A1", "ANKRD37", "NARF", "FBXO27", "WDR4", "ECI2", "HMGCR", "HSD17B7", "GTF2E1", "WFDC2", "ACAT2", "EBP", "CSRP2", "POC1A", "KCNMB4", "CYP1B1", "CLSPN", "S1PR5", "PGM1", "DENND2D", "HEXIM2", "NDUFA7", "TGIF2", "DUSP1", "MX2", "ALG13", "APEX2", "TMEM170B", "ATAD3A", "PTRHD1", "KBTBD3", "MYL4", "RABEP2", "DDAH2", "MGP", "MVD", "ANG", "CCNO", "TMEM45A"], "H3K27ac Brain Inferior Temporal Lobe": ["IDI1", "NDRG4", "PANK3", "FBXO27", "WDR4", "ECI2", "HSPB2", "PIK3R3", "TGFA", "HMGCR", "HSD17B7", "GTF2E1", "WFDC2", "NSDHL", "CSRP2", "POC1A", "S1PR5", "PGM1", "PDK1", "DUSP1", "APEX2", "ATAD3A", "SLC25A38", "MSRA", "GFOD2", "PXMP4", "ALDOC", "ANG", "TMEM45A"], "H3K36me3 Mesenchymal Stem Cell Derived Adipocyte Cultured Cells": ["CLDN15"], "H3K9me3 CD4+ CD25+ CD127- Treg Primary Cells": ["MGST1"], "H3K9me3 Brain Anterior Caudate": ["NSDHL", "HOXD10"], "H3K9ac Brain Mid Frontal Lobe": ["FBXO27", "WDR4", "ECI2", "HSD17B7", "NSDHL", "CSRP2", "LBH", "S100A13", "ROPN1L", "CLSPN", "NINL", "PGM1", "TGIF2", "GCH1", "FAM46C", "DUSP1", "ARRDC2", "C1GALT1", "ISG15", "FAM213A", "ATAD3A", "DHRS3", "PTRHD1", "KBTBD3", "SLC25A38", "DAP", "CLDN15", "RABEP2", "TST", "MGP", "CYP1A1", "FAM64A", "DHCR7", "TMEM45A"], "H3K9me3 H1": ["BTG2", "ENDOG", "HOXD10"], "H3K27me3 Brain Anterior Caudate": ["TSLP", "TCHH", "CYP1A1", "TGFA", "CYP1B1", "PHLDA2", "PLCD1"], "H3K36me3 CD4+ CD25- CD45RA+ Naive Primary Cells": ["PCYT2"], "H3K27me3 Breast Myoepithelial Cells": ["EOMES", "HES6", "BTG2", "PHLDA2", "DUOX2"], "H3K9me3 Duodenum Smooth Muscle": ["NRN1"], "H3K27me3 Chondrocytes from Bone Marrow Derived Mesenchymal Stem Cell Cultured Cells": ["NKAIN1"], "H3K9me3 IMR90": ["SLC10A4", "CYP1B1"], "H3K79me2 IMR90": ["KBTBD3", "SQLE", "NDUFA7", "DUSP1", "SIGMAR1", "PAFAH1B3", "PHLDA1", "GTF2E1", "ACAT2", "PDK1", "DEDD2"], "H3K36me3 Fetal Heart": ["HOXD10"], "H3K36me3 CD4 Memory Primary Cells": ["PCYT2"], "H3K9me3 Stomach Mucosa": ["DUOX2"], "H3K27ac Brain Hippocampus Middle": ["SLC25A1", "ANKRD37", "PANK3", "CITED1", "ZFAND2A", "FBXO27", "WDR4", "ECI2", "HSPB2", "MSMO1", "AACS", "SH3RF1", "WISP2", "NSDHL", "CSRP2", "C1QTNF1", "LBH", "ADAMTS1", "OPA3", "NAMPT", "FDXR", "DACT2", "CYP1B1", "ROPN1L", "GLUL", "NINL", "PHLDA1", "PGM1", "PDK1", "SNTA1", "HES6", "STARD4", "TGIF2", "RIPK3", "HMGCS1", "ARRDC2", "ALG13", "TMEM170B", "ATAD3A", "SORCS2", "TGFBR2", "RABEP2", "MTF1", "RRAGD", "GFOD2", "MVD", "FAM64A", "ALDOC", "TLCD1", "CCNO", "TMEM45A", "GTF3C1", "INO80C", "ACSS2", "MVK", "PIK3R3", "HMGCR", "HSD17B7", "HIGD1A", "GTF2E1", "ACAT2", "DEDD2", "NKAIN1", "EBP", "POC1A", "HIST1H3F", "KCNMB4", "CLSPN", "LDLR", "FDPS", "NDUFA7", "FAHD1", "GCH1", "FAM46C", "BNIP3", "MX2", "STARD10", "OSGIN1", "APEX2", "ISG15", "PTRHD1", "DHODH", "SLC25A38", "MSRA", "SQLE", "DAP", "PIKFYVE", "GALE", "PQLC1", "CYP1A1", "PXMP4", "PLCD1"]}