{"CCAGGGG,MIR-331": ["SLC25A1"], "CCACACA,MIR-147": ["ACLY"], "GGCAGTG,MIR-324-3P": ["ADAMTS4"], "ATCTTGC,MIR-31": ["RBM14"], "AAACCAC,MIR-140": ["TTYH2"], "CAGGTCC,MIR-492": ["ADAMTS1"], "AGTTCTC,MIR-146A,MIR-146B": ["PCDH1"], "GTTAAAG,MIR-302B": ["TMEM45A"], "GCTGAGT,MIR-512-5P": ["PIK3R1"], "TCCCCAC,MIR-491": ["ARL4D"], "GTACAGG,MIR-486": ["PIK3R1"], "ATCATGA,MIR-433": ["ARRDC4"], "GGCCAGT,MIR-193A,MIR-193B": ["CELSR2"], "TCTGGAC,MIR-198": ["SLC2A1"], "GACAGGG,MIR-339": ["SLC9A3R1"], "ACATATC,MIR-190": ["TP53INP1"], "AGGGCCA,MIR-328": ["SLC2A1"], "CTCTATG,MIR-368": ["MYLK"], "GGCACAT,MIR-455": ["SOCS3"], "TTCCGTT,MIR-191": ["PLCD1"]}