{"POLR2A_thymus_mm9": ["GTF3C1", "ENDOG", "MVK", "GCH1", "RIPK3", "DUSP1", "INSIG1", "FAM213A", "LSS", "DHRS3", "LFNG", "PFKL", "LBH", "PRR15L", "TXNIP", "CLSPN", "HIST1H2AF", "NFKBIE", "FADS1"], "RXRA_H1-hESC_hg19": ["FASN", "CDCA7L"], "JUND_T47D_hg19": ["INO80C"], "ZKSCAN1_HeLa-S3_hg19": ["FDPS", "ANKRD34A", "IDI1", "ENDOG", "PANK3", "ARRDC2", "MGST1", "PIK3R3", "LSS", "DHODH", "KBTBD3", "ARL4D", "SQLE", "PQLC1", "MTF1", "OPA3", "COTL1", "CLSPN", "JUNB"], "BCL11A_H1-hESC_hg19": ["INO80C", "DHRS3"], "CUX1_GM12878_hg19": ["FDPS", "ANKRD34A", "HEXIM2", "RBM14", "CCDC12", "HMGCS1", "ARRDC2", "SLC2A1", "ELOVL6", "DHODH", "SQLE", "MTF1", "TP53INP1", "POC1A", "TXNIP", "MVD", "FAM64A", "JUNB", "FADS1"], "POLR3A_K562_hg19": ["FDPS", "ANG"], "E2F4_GM12878_hg19": ["FDPS", "IDI1", "RBM14", "FAM46C", "URM1", "CDCA7L", "DHCR24", "GTF2E1", "SQLE", "DAP", "GALE", "CSRP2", "LBH", "GFOD2", "POC1A", "PXMP4", "MVD", "NFKBIE", "PAFAH1B3"], "NR2F2_HepG2_hg19": ["BDH1", "ARG1"], "POLR2A_GM12891_hg19": ["RWDD2A", "NARF", "HSD17B7", "HIGD1A", "GTF2E1", "AACS", "SLC9A3R1", "SOCS3", "NSDHL", "S100A13", "COTL1", "POC1A", "JUNB", "FDPS", "ANKRD34A", "NDUFA7", "STARD4", "FAHD1", "GCH1", "RIPK3", "DUSP1", "ARRDC2", "MCRS1", "APEX2", "DHODH", "KBTBD3", "ACLY", "PTRH2", "ALDOC"], "FLI1_megakaryocyte_mm9": ["GTF3C1", "INO80C", "STARD4", "ZFP758", "URM1", "ZFAND2A", "MCRS1", "WDR4", "AACS", "PTRHD1", "JMJD6", "SLC25A38", "MYL4", "GALE", "MTF1", "PTRH2", "POC1A", "TXNIP", "CLSPN", "JUNB"], "CTCF_pancreas_hg19": ["EOMES", "HES6", "NDUFA7", "ENDOG", "CITED1", "TTYH2", "CD80", "ALG13", "SH3RF1", "GCHFR", "SLC25A38", "TST", "MORN4", "ADAMTS1", "DDAH2", "OPA3", "FASN", "TLCD1", "FADS1"], "GABPA_MEL cell line_mm9": ["BNIP3", "FDXR"], "ARID3A_K562_hg19": ["HES6", "FAHD1", "STARD10", "ALG13", "ELOVL6", "KRT10", "HIGD1A", "GCHFR", "FASN", "S100A13", "HIST1H3F", "PXMP4", "LCP1", "GBP2", "JUNB", "PAFAH1B3", "LDLR", "PHLDA1"], "STAT1_GM12878_hg19": ["SLC25A1", "ELOVL5", "URM1", "ARRDC2", "C1GALT1", "ISG15", "MSMO1", "DHODH", "JMJD6", "SLC9A3R1", "DDAH2", "OPA3", "S100A13", "POC1A", "LCP1", "CLEC2D", "LDLR", "SNTA1"], "TEAD4_MCF-7_hg19": ["POC1A", "ANG"], "HCFC1_CH12.LX_mm9": ["HOMEZ", "NDUFA7", "RBM14", "ZFAND2A", "ECI2", "ALG13", "HMGCR", "GTF2E1", "SYNE3", "AACS", "HK2", "TM7SF2", "DAP", "OPA3", "POC1A", "JUNB", "NINL", "PAFAH1B3", "PDK1"], "REST_HL-60_hg19": ["GPRIN1", "KRT10"], "RAD21_IMR-90_hg19": ["FDPS", "ELOVL5", "TREX1", "CD80", "STARD10", "ALG13", "ISG15", "FAM213A", "AACS", "PTRHD1", "GCHFR", "SOCS3", "ARL4D", "GALE", "CSRP2", "GPRIN1", "TP53INP1", "TLCD1", "FADS1"], "CTCF_GM10248_hg19": ["EOMES", "HES6", "ANKRD34A", "HEXIM2", "NDUFA7", "ENDOG", "CD80", "STARD10", "ECI2", "ALG13", "SH3RF1", "GCHFR", "SLC25A38", "ARMC5", "FASN", "COTL1", "TLCD1", "GAS8", "FADS1"]}