{"H3K79me2_GM12878_hg19": ["ANKRD34A", "ANKRD37", "NDUFA7", "MVK", "RWDD2A", "NARF", "RIPK3", "STARD10", "SIGMAR1", "HSD17B7", "ATAD3A", "DEDD2", "GCHFR", "GALE", "ARMC5", "DDAH2", "GFOD2", "PXMP4", "JUNB"], "H3K36me3_HepG2_hg19": ["HOMEZ", "SLC25A1", "IDI1", "CERS4", "ENDOG", "MTFP1", "DUSP1", "TREX1", "HIGD1A", "HK2", "ACAT2", "GCHFR", "SLC25A38", "ACLY", "ARL4D", "CLDN15", "ARMC5", "TST", "BDH1", "DDAH2", "DHCR7", "SCN1B"], "H3K9ac_NT2-D1_hg19": ["GTF3C1", "ANKRD34A", "IDI1", "NARF", "CITED1", "URM1", "SIGMAR1", "SLC2A1", "APEX2", "HIGD1A", "TMEM170B", "CELSR2", "SLC25A38", "CSRP2", "TST", "PTRH2", "ROPN1L", "S100A3"], "H3K9me1_K562_hg19": ["ACSS2", "NARF", "PANK3", "PCYT2", "FAM46C", "TREX1", "OSGIN1", "HSPB2", "VTCN1", "KRT10", "PRM3", "ARL4D", "EBP", "MTF1", "OPA3", "GPRIN1", "PADI3", "ALDOC", "ANG", "PHLDA2"], "H3K36me3_kidney epithelial cell_hg19": ["DDAH2", "TXNIP", "PHLDA1"], "H3K4me1_megakaryocyte_mm9": ["ARRDC4", "EOMES", "RWDD2A", "RIPK3", "ELOVL6", "AKR1B8", "ACAT2", "TM7SF2", "ADAMTS4", "EBP", "SNTG2", "MORN4", "GPRIN1", "S100A13", "CYP1A1", "DACT2", "RNF113A1", "ALDOC", "TLCD1", "LCP1", "CLEC2D", "LDLR", "GAS8", "YPEL2"], "H2AFZ_H1-hESC_hg19": ["IDI1", "ENDOG", "ELOVL5", "HSPB8", "MX2", "AK1", "MGST1", "HSPB2", "ELOVL6", "DHCR24", "AK4", "SH3RF1", "PTRHD1", "TGFBR2", "EBP", "C1QTNF1", "CHST10", "GFOD2", "PXMP4", "LCP1"], "H3K27ac_MCF-7_hg19": ["HEXIM2", "NARF", "ZFAND2A", "MCRS1", "ALG13", "ISG15", "DEDD2", "JMJD6", "KBTBD3", "SLC25A38", "ARMC5", "PRR15L", "MTF1", "MGP", "GFOD2", "S100A13", "S100A3", "GBP2", "GLUL", "LDLR"], "H2AFZ_T-cell acute lymphoblastic leukemia_hg19": ["HOMEZ", "SLC25A1", "NDUFA7", "ENDOG", "TGIF2", "MVK", "NARF", "CCDC12", "TTYH2", "ARRDC2", "CD80", "WDR4", "PIK3R1", "TMEM71", "ACLY", "ARL4D", "FADS2", "GALE", "NSDHL", "PHLDA1"], "H3K4me2_endothelial cell of umbilical vein_hg19": ["ARRDC4", "HES6", "CITED1", "MCRS1", "TGFA", "ACAT2", "DHODH", "MYLK", "CSRP2", "CLDN15", "DDAH2", "FDXR", "NDN", "FAM64A", "ALDOC", "ROPN1L", "S100A3", "PDK1", "SNTA1"], "H2AFZ_endothelial cell of umbilical vein_hg19": ["GTF3C1", "CITED1", "BNIP3", "SIGMAR1", "C1GALT1", "WDR4", "SORCS2", "DHRS3", "WISP2", "DHODH", "TMEM71", "MYLK", "ACLY", "SQLE", "EBP", "MGP", "MVD", "S1PR5", "SNTA1"], "H3K9me3_ES-E14_mm9": ["CSRP2", "SNTA1"], "H3K27me3_cardiac mesoderm_hg19": ["NRN1", "CITED1", "TTYH2", "CDCA7L", "AK1", "TGFA", "AK4", "HAPLN3", "CELSR2", "WFDC2", "NKAIN1", "DACT2", "CYP1B1", "PHLDA2", "S1PR5", "PCDH1", "DUOX2", "SLC10A4", "EOMES", "RIPK3", "TSLP", "ARRDC2", "TMEM170B", "SORCS2", "DHRS3", "CYP1A1", "PMP22", "CDC42EP2", "TXNIP", "TNFRSF25", "PLCD1", "CCNO"], "H3K79me3_C2C12_mm9": ["NDUFA7", "STARD4", "PCYT2", "TTYH2", "HSPB8", "ZFAND2A", "MCRS1", "CD80", "OSGIN1", "APEX2", "JMJD6", "SOCS3", "MTF1", "OPA3", "FAM64A", "PCDH1", "JUNB", "FADS1"], "H3K27me3_HepG2_hg19": ["SLC10A4", "GTF3C1", "MX2", "SLC2A1", "AK4", "MR1", "PTRHD1", "DEDD2", "DHODH", "KBTBD3", "SLC25A38", "ACLY", "CSRP2", "OPA3", "MGP", "S100A13", "PMP22", "YPEL2"], "H3K9ac_HepG2_hg19": ["EOMES", "ANKRD34A", "ANKRD37", "FAM46C", "TREX1", "MX2", "SIGMAR1", "WDR4", "CELSR2", "KBTBD3", "GALE", "CSRP2", "PTRH2", "FDXR", "ALDOC", "TLCD1", "JUNB", "RCOR2", "SCN1B", "TMEM45A"], "H3K36me3_astrocyte_hg19": ["ANKRD34A", "NDUFA7", "ENDOG", "ZFAND2A", "SIGMAR1", "MSMO1", "HIGD1A", "ACAT2", "GCHFR", "ACLY", "GALE", "RABEP2", "ADAMTS1", "DDAH2", "FAM64A", "DHCR7", "LDLR", "SCN1B"], "H4K20me1_T-cell acute lymphoblastic leukemia_hg19": ["GTF3C1", "SLC25A1", "HEXIM2", "FAHD1", "ACSS2", "HSPB8", "MCRS1", "CELSR2", "GTF2E1", "C1QTNF1", "RABEP2", "MGP", "CYP1A1", "CDC42EP2", "TXNIP", "KCNMB4", "JUNB", "SCN1B", "CCNO"], "H2AFZ_skeletal muscle myoblast_hg19": ["ARRDC4", "HOMEZ", "RBM14", "MVK", "BNIP3", "SIGMAR1", "C1GALT1", "TGFA", "GTF2E1", "DHODH", "FADS2", "EBP", "SNTG2", "GFOD2", "MVD", "ROPN1L", "DHCR7", "LDLR", "SCN1B"], "H3K4me3_small intestine_mm9": ["INO80C", "IDI1", "NDRG4", "MTFP1", "ARG1", "CDCA7L", "ISG15", "TMEM170B", "SORCS2", "ELP6", "DHODH", "GCHFR", "FADS2", "FASN", "GPRIN1", "GFOD2", "PXMP4", "RNF113A1", "GBP2"]}