{"HOXC9-25013753-NEUROBLASTOMA BE2-C-HUMAN": ["ATF7IP", "MPP2", "NRP2", "RAB5C", "MED12L", "CELSR3", "ZDHHC4", "GGA1", "NHSL1", "NPLOC4", "FASTK", "SEC61G", "ID1", "EXOSC8", "HES1", "POLR2H", "SEPHS2"], "TEAD4-22529382-TROPHECTODERM-MOUSE": ["SPEN", "NRP2", "CLSTN2", "SRC", "PLEKHA2", "USP22", "CTNND2", "MKL1", "AGAP1", "ARHGAP39", "TENC1", "SIPA1L2", "SREBF2", "LRRC1", "FOXP1", "SLC6A6", "EHD4", "FXR2", "EXOSC8", "LPPR2", "MAPT", "PAIP1"], "ASH2L-23239880-MESC-MOUSE": ["NRP2", "WDR1", "CCNT1", "SRC", "MPV17L", "ATP10A", "CABP1", "PKD2", "SIPA1L2", "HS6ST1", "CELSR3", "LRRC1", "SLC9A1", "TRIM8", "RPS14", "EFEMP2", "KLC2", "NHSL1", "SEC61G", "PSMD3", "TSPAN4", "SPEN", "ATF7IP", "MANBA", "PHC1", "FAM46C", "PLEKHA2", "PLEKHG5", "MED25", "EHD4", "LPHN1", "TRIM35", "HAP1", "MAPT", "PRR12", "FAM60A", "NFE2L2"], "VDR-23849224-CD4+-HUMAN": ["CCNK", "WDR1", "CCNT1", "MYO9B", "LRRC41", "EPN1", "SREBF2", "RPS14", "MED25", "TMEM223", "KLC2", "TRIM39", "PCF11", "FASTK", "ASNA1", "C1QBP", "PFN1", "NFE2L1"], "RUNX2-22187159-PCA-HUMAN": ["ATF7IP", "PHC1", "WDR1", "CLSTN2", "TMEM63B", "SRC", "TSTD2", "CTNND2", "MICAL2", "GRIN2C", "OPLAH", "HS6ST1", "MID1", "FGFRL1", "LRRC1", "SLC6A6", "TRIM39", "NIPAL2", "TAB3", "S100A9", "WNT3"], "JARID1A-20064375-MESC-MOUSE": ["CCNK", "RBM15", "CCNT1", "LAMB2", "MAZ", "LENG8", "EPN1", "ZDHHC4", "LSM2", "RNF167", "NPLOC4", "TRIM39", "FASTK", "ASNA1", "SEC61G", "C1QBP", "PSMD3", "MAN1B1", "2310011J03RIK", "POLR2K", "MAP3K11"], "AR-20517297-VCAP-HUMAN": ["NRP2", "ALAS2", "CTNND2", "KCNA2", "SAMD4B", "WIZ", "LRRC1", "FAM178A", "PCF11", "NIPAL2", "CHST10", "BHLHE40", "PALM", "NFE2L1", "MAP3K11", "DPEP3"], "FOXO3-22982991-MACROPHAGES-MOUSE": ["CCNT1", "SUPT6", "ATP10A", "HNRNPL", "ZMYM1", "MED25", "FAM178A", "FXR2", "MIS18A", "FASTK", "ZMIZ2", "SEC61G", "MOB2", "PSMD3", "TSPAN4", "TRIM35", "2310011J03RIK", "NFE2L1"], "TCF4-23295773-U87-HUMAN": ["NRP2", "CCNK", "CLSTN2", "CTNND2", "CLSTN1", "AGAP1", "ATP10A", "NENF", "CABP1", "SLC1A6", "MED12L", "LRRC1", "RPGR", "ZMYM1", "RASSF2", "SEC14L1", "PRKAR2A", "ZMIZ2", "SLC16A2", "PDLIM4", "ATF7IP", "MPP2", "CPT1A", "MANBA", "RBM15", "FAM46C", "MKL1", "MICAL2", "MYO9B", "PLXDC1", "FOXP1", "NCOR2", "NPLOC4", "FAM131B", "MGP", "HAP1", "LY6H", "SHANK3"], "FOXA2-19822575-HepG2-human": ["NRP2", "RAB5C", "WDR1", "CLSTN2", "SRC", "CTNND2", "MAZ", "AGAP1", "TENC1", "ZDHHC8", "LRRC1", "RPGR", "KLC2", "PCF11", "HES1", "SYNPO", "SEPHS2", "WNT3", "CPT1A", "MANBA", "MKL1", "MICAL2", "NR1D1", "PLXDC1", "FOXP1", "ID1", "TYRO3", "MAPT", "RIN1", "BLVRA", "NFE2L1", "NFE2L2"], "OLIG2-23332759-OLIGODENDROCYTES-MOUSE": ["MANBA", "WDR1", "CLSTN2", "FAM46C", "MICAL2", "ATP10A", "ARHGAP39", "LRRC1", "GNG13", "EFNB3", "SEC61G", "NIPAL2", "MOB2", "PALM", "HES1"], "BCL11B-21912641-STHDH STRIATAL CELLS-MOUSE": ["FOXP1"], "YY1-23942234-MYOBLASTS AND MYOTUBES-MOUSE": ["ATF7IP", "CCNK", "RBM15", "PRDM4", "WIZ", "PPRC1", "AHI1", "MED25", "PCF11", "FASTK", "ASNA1", "HIVEP1", "TAB3", "NFE2L1", "2310067B10RIK"], "SMARCA4-23332759-OLIGODENDROCYTES-MOUSE": ["NUMBL", "NRP2", "WDR1", "CLSTN2", "PDGFA", "ARHGAP39", "NENF", "SIPA1L2", "FGFRL1", "LRRC1", "RASSF2", "SEC61G", "NIPAL2", "WNT3", "MANBA", "MICAL2", "SAMD4B", "PLXDC1", "FOXP1", "GNG13", "SLC6A6", "AHI1", "EHD4", "MOB2", "BHLHE40", "MAPT"], "SMAD4-21799915-A2780-HUMAN": ["ATF7IP", "NRP2", "MANBA", "RBM15", "SVOP", "CLSTN2", "CTNND2", "MICAL2", "ATP10A", "DTX3", "SIPA1L2", "MID1", "LRRC1", "FOXP1", "RPGR", "FAM189B", "AHI1", "PER1", "BHLHE40", "HIVEP1", "SLC16A2", "SYNPO", "FAM60A"], "STAT3-23295773-U87-HUMAN": ["NRP2", "WDR1", "CTNND2", "CLSTN1", "AGAP1", "PDGFA", "ATP10A", "CABP1", "MED12L", "CELSR3", "LRRC1", "SEC14L1", "PRKAR2A", "HES1", "CPT1A", "PLA2G4F", "MANBA", "SVOP", "TMEM184B", "MKL1", "MICAL2", "SAMD4B", "MYO9B", "FOXP1", "NCOR2", "AHI1", "BHLHE40", "SYCP3"], "FOXP1-22492998-STRATIUM-MOUSE": ["FOXP1"], "STAT6-21828071-BEAS2B-HUMAN": ["WNT3"], "TP63-23658742-EP156T-HUMAN": ["NRP2", "CCNK", "WDR1", "SRC", "CTNND2", "CLSTN1", "PDGFA", "NRGN", "RASD2", "SEC61G", "C1QBP", "NIPAL2", "PSMD3", "FAM65A", "SLC16A2", "SPEN", "ATF7IP", "SEMA6B", "MPP2", "MANBA", "PLEKHA2", "PLEKHG5", "MKL1", "MICAL2", "MID1", "SREBF2", "NCOR2", "SLC6A6", "EHD4", "BHLHE40", "MGP", "TAB3", "LY6H", "RIN1", "FAM60A", "NFE2L2"], "TP63-17297297-HaCaT-human": ["HES1"]}