{"SP4 (human)": ["GPC1", "TBC1D24"], "MYC::MAX (human)": ["LSM2"], "REST (human)": ["LSM2"], "HNRNPK (human)": ["NRP2", "SRC"], "PLAG1 (human)": ["LSM2"], "NR1H2::RXRA (human)": ["LSM2"], "Tal1::Gata1 (mouse)": ["SHANK3"], "NFYB (human)": ["ID1", "SREBF2"], "RXRA::VDR (human)": ["LSM2"], "MIZF (human)": ["LSM2"], "RXR::RAR_DR5 (human)": ["LSM2"], "CTCF (human)": ["LSM2"], "INSM1 (human)": ["LSM2"], "HNF1B (mouse)": ["HIVEP1"], "RREB1 (human)": ["LSM2"], "NME2 (human)": ["GGA1", "CTNND2"], "EWSR1-FLI1 (human)": ["LSM2"], "NHLH1 (human)": ["LSM2"], "IRF1 (human)": ["LSM2"], "TLX1::NFIC (human)": ["LSM2"]}