{"H3K9me3 Brain Germinal Matrix": ["ARHGAP39"], "H3K36me3 Brain Inferior Temporal Lobe": ["SIPA1L2"], "H3K9me3 Breast Myoepithelial Cells": ["TAB3", "ARHGAP39", "SLC16A2"], "H3K36me3 Muscle Satellite Cultured Cells": ["ID1", "LENG8"], "H3K9me3 Mesenchymal Stem Cell Derived Adipocyte Cultured Cells": ["ARHGAP39"], "H3K36me3 Brain Substantia Nigra": ["RNF167", "SIPA1L2"], "H3K36me3 Rectal Smooth Muscle": ["WIZ"], "H3K9me3 Brain Hippocampus Middle": ["TAB3", "ARHGAP39"], "H3K36me3 Brain Hippocampus Middle": ["NUMBL", "WIZ", "SIPA1L2"], "H3K36me3 CD3 Primary Cells": ["RIN1"], "H3K27me3 Penis Foreskin Keratinocyte Primary Cells": ["APBB1IP", "SALL2", "CTNND2"], "H3K9me3 Brain Mid Frontal Lobe": ["ARHGAP39"], "H3K27me3 Fetal Heart": ["APBB1IP", "SLC6A6", "SYT3", "FAM131B", "CTNND2", "HAP1", "TUBB4A"], "H3K36me3 Adult Kidney": ["SIPA1L2", "SEPHS2", "POLR2K"], "H3K36me3 Stomach Mucosa": ["RNF167", "ZMIZ2", "ID1"], "H3K9me3 Neurosphere Cultured Cells Ganglionic Eminence Derived": ["TAB3", "ARHGAP39", "SLC16A2"], "H3K9me3 Rectal Smooth Muscle": ["ZDHHC9", "ARHGAP39"], "H3K9me3 Adult Liver": ["ARHGAP39"], "H3K9me3 Bone Marrow Derived Mesenchymal Stem Cell Cultured Cells": ["ARHGAP39"], "H3K36me3 Chondrocytes from Bone Marrow Derived Mesenchymal Stem Cell Cultured Cells": ["ID1"]}