{"H3K27ac Brain Mid Frontal Lobe": ["SLC35F2", "WDR3", "PAK1IP1", "CXCL3", "LAPTM4B", "DNMT3B", "PBK", "LONP1", "CTSH", "FAM3C", "KPNA2", "CTSC", "CEP55", "IDH3A", "MCCC2", "ARG2", "LSR", "SLC39A14", "ARL4A", "LSG1", "SDPR", "MTHFD2", "FAM173A", "FDX1", "GARS", "FAM60A", "RAI14", "CBFB", "SLC20A1", "MAK16", "AMIGO2", "ITPR1", "HMGCR", "SEL1L3", "LIMA1", "EPB41L2", "TAF1A", "EIF4EBP1", "FLNA", "HES1", "YARS", "PPP1R26", "GABBR2", "YES1", "SDF2L1", "CMTM6", "RPP40", "TNFRSF10B", "HN1", "ERAL1", "MLLT11", "CCT6A", "UCK2", "TMEM158", "UBE2S", "CTH", "CYCS", "POLR3G", "IARS", "ITM2A"], "H3K27me3 CD4+ CD25int CD127+ Tmem Primary Cells": ["FOSL1", "EGLN3", "CALB1", "PMP22", "BCAT1", "PTRF"], "H3K36me3 Peripheral Blood Mononuclear Primary Cells": ["TMSB4X"], "H3K27me3 Mobilized CD34 Primary Cells": ["SHMT2", "ANKRD55", "ARHGAP22", "CALB1", "TMSB4X", "CTSH", "PMAIP1", "CHAC1", "PIM2", "PHLDA2", "GABRE", "IER3", "GABBR2", "SLC2A14", "SLC38A1", "EGLN3", "ARG2", "IGFBP4", "NOS3", "SMAGP", "STARD8", "FN1", "PDE4DIP", "RRAS2", "LSR", "KRT10", "SYNGR3", "DGKZ", "RHOB", "FOSL1", "TMEM158", "KRT18", "RAB31", "WT1", "BAMBI", "PSAT1", "SCD", "ID1", "PMP22", "SCG3", "CD24", "ITM2A", "RAI14"], "H3K36me3 Breast vHMEC": ["MIR21"], "H3K36me3 Rectal Smooth Muscle": ["MIR21"], "H3K27me3 IMR90": ["TGIF1", "GABBR2", "SLC2A14", "EGLN3", "CALB1", "FCGR2A", "DAPK1", "PLCL1", "GMFG", "LRRC61", "CD24", "CD3D"], "H3K27me3 Breast vHMEC": ["SLC2A14", "IFITM1", "DAPK1", "WT1", "ANKRD55", "MYB", "DNMT3B", "TRPV2", "CTSH", "FKBP4", "PLTP", "ITM2A"], "H3K36me3 CD4+ CD25- IL17+ PMA-Ionomcyin stimulated Th17 Primary Cells": ["MIR21"], "H3K27me3 Brain Hippocampus Middle": ["LYN", "SLC2A14", "SLC38A1", "EGFL7", "IFITM1", "TGFB1", "ANKRD55", "ATP2A3", "RHOH", "TNFRSF10B", "LSR", "FOSL1", "WT1", "PIM2"], "H3K4me1 H1": ["DPAGT1", "POGK", "PDCD5", "PRF1", "ENO1", "CCND2", "PLAU", "MYB", "PHLDA2", "IER2", "IER3", "MCCC2", "SLC38A1", "CISH", "TPM4", "DDX10", "PDIA5", "TUFM", "ACLY", "RAB31", "SDPR", "PSME3", "DDIT4", "NHP2", "CCDC86", "TAGLN2", "SCG3", "PPIB", "CBFB", "SLC1A5", "GATA2", "ARHGAP22", "SOCS2", "EPB41L2", "WBSCR22", "PMAIP1", "SLC38A2", "SERF2", "S100A11", "MCL1", "PCK2", "FDFT1", "RPL39L", "HSPA9", "PPP1R26", "XBP1", "TGFB1", "SDF2L1", "GOT1", "YRDC", "UBE2S", "CYCS", "DHCR7", "NFE2L2", "ECM1", "DAZAP1", "CXCL3", "MRPL4", "HHEX", "C1QBP", "RAC2", "PBK", "CTSH", "PHACTR2", "CEP55", "TGIF1", "SLC2A14", "ARG2", "WARS", "HMGCS1", "MRPS2", "RHOH", "RRAS2", "SYNGR3", "RHOB", "SLC7A5", "ARL4A", "PSRC1", "ALDH1A2", "SNRPA1", "INPP1", "SLC20A1", "HMGCR", "CENPA", "LIMA1", "EXOSC4", "TCOF1", "LRRC8D", "FLNA", "BID", "GABRE", "GABBR2", "NQO1", "GCH1", "SMAGP", "PLCL1", "CMTM6", "PDE4DIP", "HN1", "BOP1", "GALE", "TMEM158", "FABP5", "WT1", "PSAT1", "POLR3G", "PTPN7", "VIM", "NAA15", "ESYT1", "ABCE1"], "H3K36me3 Duodenum Smooth Muscle": ["MIR21"], "H3K4me3 Penis Foreskin Fibroblast Primary Cells": ["LAPTM4B", "RUVBL1", "MYB", "FDXR", "LONP1", "FAM3C", "PIM2", "MCCC2", "PRKCB", "DAPK1", "STARD8", "C21ORF59", "DDX10", "IMP4", "DGKZ", "PDIA5", "TUFM", "TPST2", "RAB31", "TFAM", "SCG3", "FKBP4", "CFH", "ITPR1", "ZMPSTE24", "SEL1L3", "STIP1", "RAB11FIP1", "ERI3", "SERF2", "LYN", "RPL39L", "PPP1R26", "YES1", "SDF2L1", "GOT1", "GFPT1", "RPP40", "LRRC61", "TNFRSF10B", "CCT6A", "NDUFAF4", "CASS4", "CYCS", "INTS9", "CD24", "ITM2A", "SLC35F2", "WDR3", "CXCL3", "DDA1", "HHEX", "CALB1", "IMPA1", "RAC2", "PBK", "CTSH", "IDH3A", "CAP1", "TGIF1", "SLC2A14", "ARG2", "WARS", "ACTR6", "AHSA1", "LSR", "MIR21", "TFB2M", "NME1", "PSRC1", "ALDH1A2", "SNRPA1", "FAM60A", "INPP1", "MAK16", "AMIGO2", "SRM", "LIMA1", "TAF1A", "LRRC8D", "LRRC8B", "GABBR2", "NQO1", "EGLN3", "GCH1", "PLCL1", "TXNRD1", "CMTM6", "LAPTM5", "BOP1", "KRT18", "FABP5", "PSAT1", "POLR3D", "CTH", "POLR3G", "SPC25"], "H3K4me2 H1 BMP4 Derived Mesendoderm Cultured Cells": ["DPAGT1", "IFITM1", "IFITM2", "POGK", "NOC2L", "PLAU", "RUVBL2", "RUVBL1", "MYB", "COTL1", "FDXR", "LONP1", "CHAC1", "PIM2", "PHLDA2", "KPNA2", "PTRF", "MCCC2", "PRKCB", "IGFBP4", "STARD8", "C21ORF59", "WDR74", "IMP4", "DGKZ", "PDIA5", "TUFM", "TPST2", "MTHFD2", "FAM173A", "MRTO4", "DDIT4", "NHP2", "TFAM", "SCG3", "FKBP4", "PFN1", "RAI14", "LY6E", "CBFB", "SHMT2", "INSIG1", "ITPR1", "NOLC1", "MRPL12", "ZMPSTE24", "SEL1L3", "ARHGAP22", "RAP1B", "STIP1", "GRPEL1", "ERI3", "WBSCR22", "EIF4EBP1", "PMAIP1", "SERF2", "PCK2", "LYN", "RPL39L", "YES1", "SDF2L1", "HSPA5", "GOT1", "GFPT1", "RPP40", "ASNS", "TNFRSF10B", "PA2G4", "ERAL1", "MINA", "CCT6A", "YRDC", "DAB2", "UBE2S", "NDUFAF4", "MAFF", "CYCS", "DHCR7", "IARS", "GCLM", "INTS9", "CD24", "ITM2A", "NFE2L2", "DAZAP1", "SLC35F2", "GBE1", "WDR3", "PAK1IP1", "ATP2A3", "SLC7A11", "CXCL3", "PFAS", "HK2", "MRPL4", "MRPL2", "HHEX", "CALB1", "IMPA1", "PBK", "CTSH", "CTSC", "CEP55", "IDH3A", "CAP1", "ACTR6", "MRPS2", "RHOH", "AHSA1", "LSR", "TFB2M", "SLC39A14", "ETV5", "NME1", "ARL4A", "LSG1", "PSRC1", "SLCO4A1", "ALDH1A2", "SNRPA1", "BCAT1", "INPP1", "SLC20A1", "MAK16", "AMIGO2", "DDX21", "TIMM10", "SRM", "LIMA1", "TAF1A", "HES1", "LRRC8B", "BID", "GABRE", "GABBR2", "NQO1", "GCH1", "SMAGP", "PLCL1", "TXNRD1", "CMTM6", "PDE4DIP", "NOC3L", "BOP1", "GALE", "TMEM158", "PSAT1", "POLR3D", "POLR3G", "PTPN7", "SPC25"], "H3K36me3 Brain Cingulate Gyrus": ["MIR21"], "H3K9me3 IMR90": ["SLC2A14", "EGLN3", "NOS3"], "H3K4me3 Chondrocytes from Bone Marrow Derived Mesenchymal Stem Cell Cultured Cells": ["POGK", "PDCD5", "NOC2L", "NUDT3", "LAPTM4B", "CCND2", "RUVBL2", "RUVBL1", "ARHGDIB", "MYB", "COTL1", "FDXR", "LONP1", "FAM3C", "PIM2", "PHLDA2", "KPNA2", "MCCC2", "CISH", "DAPK1", "STARD8", "C21ORF59", "WDR74", "DDX10", "MIF", "DGKZ", "PDIA5", "TUFM", "TPST2", "EBNA1BP2", "SDPR", "FAM173A", "MRTO4", "NHP2", "TFAM", "TRIB3", "LY6E", "IDI1", "ITPR1", "NOLC1", "MRPL12", "ZMPSTE24", "SEL1L3", "HSP90B1", "ARHGAP22", "STIP1", "EMG1", "RAB11FIP1", "GRPEL1", "ERI3", "WBSCR22", "EIF4EBP1", "PLTP", "SERF2", "PCK2", "LYN", "RPL39L", "HSPA9", "PPP1R26", "YES1", "SDF2L1", "GOT1", "RPP40", "LRRC61", "DNAJC12", "PA2G4", "ERAL1", "MANF", "MLLT11", "CCT6A", "YRDC", "NDUFAF4", "CYCS", "CD24", "RBM28", "ECM1", "SLC35F2", "ATP2A3", "CXCL3", "PFAS", "MRPL4", "MRPL2", "HHEX", "IMPA1", "RAC2", "DNMT3B", "PBK", "CTSH", "CTSC", "CEP55", "IDH3A", "SRGN", "TGIF1", "SLC2A14", "WARS", "ACTR6", "RHOG", "MRPS2", "AHSA1", "SERPINB9", "MIR21", "TFB2M", "NME1", "GNL3", "PSRC1", "SLCO4A1", "ALDH1A2", "SNRPA1", "MAK16", "DDX21", "TIMM10", "CENPA", "SRM", "LIMA1", "TCOF1", "TAF1A", "LRRC8D", "LRRC8B", "BID", "NQO1", "EGLN3", "SMAGP", "PLCL1", "TXNRD1", "LAPTM5", "HN1", "NOC3L", "BOP1", "GALE", "TMEM158", "KRT18", "PSAT1", "POLR3D", "CTH", "ZYX", "POLR3G", "SPC25"], "H3K36me3 Fetal Heart": ["NOLC1"], "H3K4me1 Penis Foreskin Fibroblast Primary Cells": ["IFITM3", "WDR3", "PAK1IP1", "ITPR1", "SLC1A5", "CXCL3", "PFAS", "IPO4", "SEL1L3", "STIP1", "LIMA1", "CALB1", "IMPA1", "RUVBL2", "MYB", "TAF1A", "CTSH", "SERF2", "SRGN", "GABBR2", "SLC2A14", "EGLN3", "GCH1", "PRKCB", "DAPK1", "ACTR6", "PLCL1", "C21ORF59", "RPP40", "LRRC61", "AHSA1", "TNFRSF10B", "LSR", "HN1", "KRT10", "TUFM", "GALE", "PSAT1", "NDUFAF4", "ALDH1A2", "SNRPA1", "SCG3", "IARS"], "H3K27me3 CD3 Primary Cells": ["GABBR2", "SLC2A14", "IGFBP4", "STARD8", "FN1", "PDE4DIP", "LSR", "ETV5", "LIMA1", "DAB2", "ID1", "PMP22", "PHLDA2", "GABRE", "CD24", "PTRF", "CD33"]}